TimeQuest Timing Analyzer report for pfs_simplified_ula
Wed Jun 10 15:13:53 2026
Quartus II 64-Bit Version 13.1.0 Build 162 10/23/2013 SJ Web Edition


---------------------
; Table of Contents ;
---------------------
  1. Legal Notice
  2. TimeQuest Timing Analyzer Summary
  3. Parallel Compilation
  4. Clocks
  5. Slow 1200mV 85C Model Fmax Summary
  6. Timing Closure Recommendations
  7. Slow 1200mV 85C Model Setup Summary
  8. Slow 1200mV 85C Model Hold Summary
  9. Slow 1200mV 85C Model Recovery Summary
 10. Slow 1200mV 85C Model Removal Summary
 11. Slow 1200mV 85C Model Minimum Pulse Width Summary
 12. Propagation Delay
 13. Minimum Propagation Delay
 14. Slow 1200mV 85C Model Metastability Report
 15. Slow 1200mV 0C Model Fmax Summary
 16. Slow 1200mV 0C Model Setup Summary
 17. Slow 1200mV 0C Model Hold Summary
 18. Slow 1200mV 0C Model Recovery Summary
 19. Slow 1200mV 0C Model Removal Summary
 20. Slow 1200mV 0C Model Minimum Pulse Width Summary
 21. Propagation Delay
 22. Minimum Propagation Delay
 23. Slow 1200mV 0C Model Metastability Report
 24. Fast 1200mV 0C Model Setup Summary
 25. Fast 1200mV 0C Model Hold Summary
 26. Fast 1200mV 0C Model Recovery Summary
 27. Fast 1200mV 0C Model Removal Summary
 28. Fast 1200mV 0C Model Minimum Pulse Width Summary
 29. Propagation Delay
 30. Minimum Propagation Delay
 31. Fast 1200mV 0C Model Metastability Report
 32. Multicorner Timing Analysis Summary
 33. Propagation Delay
 34. Minimum Propagation Delay
 35. Board Trace Model Assignments
 36. Input Transition Times
 37. Signal Integrity Metrics (Slow 1200mv 0c Model)
 38. Signal Integrity Metrics (Slow 1200mv 85c Model)
 39. Signal Integrity Metrics (Fast 1200mv 0c Model)
 40. Clock Transfers
 41. Report TCCS
 42. Report RSKM
 43. Unconstrained Paths
 44. TimeQuest Timing Analyzer Messages



----------------
; Legal Notice ;
----------------
Copyright (C) 1991-2013 Altera Corporation
Your use of Altera Corporation's design tools, logic functions 
and other software and tools, and its AMPP partner logic 
functions, and any output files from any of the foregoing 
(including device programming or simulation files), and any 
associated documentation or information are expressly subject 
to the terms and conditions of the Altera Program License 
Subscription Agreement, Altera MegaCore Function License 
Agreement, or other applicable license agreement, including, 
without limitation, that your use is for the sole purpose of 
programming logic devices manufactured by Altera and sold by 
Altera or its authorized distributors.  Please refer to the 
applicable agreement for further details.



+-------------------------------------------------------------------------+
; TimeQuest Timing Analyzer Summary                                       ;
+--------------------+----------------------------------------------------+
; Quartus II Version ; Version 13.1.0 Build 162 10/23/2013 SJ Web Edition ;
; Revision Name      ; pfs_simplified_ula                                 ;
; Device Family      ; Cyclone IV GX                                      ;
; Device Name        ; EP4CGX15BF14C6                                     ;
; Timing Models      ; Final                                              ;
; Delay Model        ; Combined                                           ;
; Rise/Fall Delays   ; Enabled                                            ;
+--------------------+----------------------------------------------------+


Parallel compilation was disabled, but you have multiple processors available. Enable parallel compilation to reduce compilation time.
+-------------------------------------+
; Parallel Compilation                ;
+----------------------------+--------+
; Processors                 ; Number ;
+----------------------------+--------+
; Number detected on machine ; 4      ;
; Maximum allowed            ; 1      ;
+----------------------------+--------+


----------
; Clocks ;
----------
No clocks to report.


--------------------------------------
; Slow 1200mV 85C Model Fmax Summary ;
--------------------------------------
No paths to report.


----------------------------------
; Timing Closure Recommendations ;
----------------------------------
HTML report is unavailable in plain text report export.


---------------------------------------
; Slow 1200mV 85C Model Setup Summary ;
---------------------------------------
No paths to report.


--------------------------------------
; Slow 1200mV 85C Model Hold Summary ;
--------------------------------------
No paths to report.


------------------------------------------
; Slow 1200mV 85C Model Recovery Summary ;
------------------------------------------
No paths to report.


-----------------------------------------
; Slow 1200mV 85C Model Removal Summary ;
-----------------------------------------
No paths to report.


-----------------------------------------------------
; Slow 1200mV 85C Model Minimum Pulse Width Summary ;
-----------------------------------------------------
No paths to report.


+--------------------------------------------------------------+
; Propagation Delay                                            ;
+------------+-------------+--------+--------+--------+--------+
; Input Port ; Output Port ; RR     ; RF     ; FR     ; FF     ;
+------------+-------------+--------+--------+--------+--------+
; sel[0]     ; n           ; 19.110 ; 19.008 ; 19.564 ; 19.462 ;
; sel[0]     ; s[0]        ; 10.589 ; 10.488 ; 11.018 ; 10.917 ;
; sel[0]     ; s[1]        ; 9.149  ; 9.080  ; 9.603  ; 9.534  ;
; sel[0]     ; s[2]        ; 12.039 ; 12.031 ; 12.493 ; 12.485 ;
; sel[0]     ; s[3]        ; 12.832 ; 12.713 ; 13.286 ; 13.167 ;
; sel[0]     ; s[4]        ; 14.446 ; 14.358 ; 14.900 ; 14.812 ;
; sel[0]     ; s[5]        ; 15.241 ; 15.147 ; 15.695 ; 15.601 ;
; sel[0]     ; s[6]        ; 18.367 ; 18.291 ; 18.821 ; 18.745 ;
; sel[0]     ; s[7]        ; 19.946 ; 19.909 ; 20.400 ; 20.363 ;
; sel[0]     ; z           ; 20.125 ; 20.024 ; 20.579 ; 20.478 ;
; sel[1]     ; n           ; 19.893 ; 19.791 ; 20.381 ; 20.279 ;
; sel[1]     ; s[0]        ; 10.716 ; 10.615 ; 11.184 ; 11.083 ;
; sel[1]     ; s[1]        ; 9.880  ; 9.811  ; 10.420 ; 10.351 ;
; sel[1]     ; s[2]        ; 12.822 ; 12.814 ; 13.310 ; 13.302 ;
; sel[1]     ; s[3]        ; 13.615 ; 13.496 ; 14.103 ; 13.984 ;
; sel[1]     ; s[4]        ; 15.229 ; 15.141 ; 15.717 ; 15.629 ;
; sel[1]     ; s[5]        ; 16.024 ; 15.930 ; 16.512 ; 16.418 ;
; sel[1]     ; s[6]        ; 19.150 ; 19.074 ; 19.638 ; 19.562 ;
; sel[1]     ; s[7]        ; 20.729 ; 20.692 ; 21.217 ; 21.180 ;
; sel[1]     ; z           ; 20.908 ; 20.807 ; 21.396 ; 21.295 ;
; sel[2]     ; n           ; 17.552 ; 17.450 ; 17.662 ; 17.560 ;
; sel[2]     ; s[0]        ; 8.672  ; 8.571  ; 8.662  ; 8.561  ;
; sel[2]     ; s[1]        ; 7.921  ; 7.852  ; 7.916  ; 7.861  ;
; sel[2]     ; s[2]        ; 10.481 ; 10.473 ; 10.591 ; 10.583 ;
; sel[2]     ; s[3]        ; 11.274 ; 11.155 ; 11.384 ; 11.265 ;
; sel[2]     ; s[4]        ; 12.888 ; 12.800 ; 12.998 ; 12.910 ;
; sel[2]     ; s[5]        ; 13.683 ; 13.589 ; 13.793 ; 13.699 ;
; sel[2]     ; s[6]        ; 16.809 ; 16.733 ; 16.919 ; 16.843 ;
; sel[2]     ; s[7]        ; 18.388 ; 18.351 ; 18.498 ; 18.461 ;
; sel[2]     ; z           ; 18.567 ; 18.466 ; 18.677 ; 18.576 ;
; x[0]       ; n           ; 19.470 ; 19.368 ; 19.965 ; 19.863 ;
; x[0]       ; s[0]        ; 9.386  ; 9.285  ; 9.899  ; 9.798  ;
; x[0]       ; s[1]        ; 9.509  ; 9.440  ; 10.004 ; 9.935  ;
; x[0]       ; s[2]        ; 12.399 ; 12.391 ; 12.894 ; 12.886 ;
; x[0]       ; s[3]        ; 13.192 ; 13.073 ; 13.687 ; 13.568 ;
; x[0]       ; s[4]        ; 14.806 ; 14.718 ; 15.301 ; 15.213 ;
; x[0]       ; s[5]        ; 15.601 ; 15.507 ; 16.096 ; 16.002 ;
; x[0]       ; s[6]        ; 18.727 ; 18.651 ; 19.222 ; 19.146 ;
; x[0]       ; s[7]        ; 20.306 ; 20.269 ; 20.801 ; 20.764 ;
; x[0]       ; z           ; 20.485 ; 20.384 ; 20.980 ; 20.879 ;
; x[1]       ; n           ; 17.917 ; 17.824 ; 18.806 ; 18.704 ;
; x[1]       ; s[0]        ; 9.245  ; 9.144  ; 9.747  ; 9.646  ;
; x[1]       ; s[1]        ; 8.820  ; 8.765  ; 9.340  ; 9.271  ;
; x[1]       ; s[2]        ; 11.237 ; 11.238 ; 11.735 ; 11.727 ;
; x[1]       ; s[3]        ; 11.948 ; 11.829 ; 12.528 ; 12.409 ;
; x[1]       ; s[4]        ; 13.534 ; 13.437 ; 14.142 ; 14.054 ;
; x[1]       ; s[5]        ; 14.207 ; 14.113 ; 14.937 ; 14.843 ;
; x[1]       ; s[6]        ; 17.275 ; 17.199 ; 18.063 ; 17.987 ;
; x[1]       ; s[7]        ; 18.753 ; 18.725 ; 19.642 ; 19.605 ;
; x[1]       ; z           ; 19.033 ; 18.932 ; 19.821 ; 19.720 ;
; x[2]       ; n           ; 18.550 ; 18.457 ; 19.495 ; 19.393 ;
; x[2]       ; s[1]        ; 9.322  ; 9.267  ; 9.864  ; 9.795  ;
; x[2]       ; s[2]        ; 11.870 ; 11.871 ; 12.424 ; 12.416 ;
; x[2]       ; s[3]        ; 12.581 ; 12.462 ; 13.217 ; 13.098 ;
; x[2]       ; s[4]        ; 14.167 ; 14.070 ; 14.831 ; 14.743 ;
; x[2]       ; s[5]        ; 14.840 ; 14.746 ; 15.626 ; 15.532 ;
; x[2]       ; s[6]        ; 17.908 ; 17.832 ; 18.752 ; 18.676 ;
; x[2]       ; s[7]        ; 19.386 ; 19.358 ; 20.331 ; 20.294 ;
; x[2]       ; z           ; 19.666 ; 19.565 ; 20.510 ; 20.409 ;
; x[3]       ; n           ; 16.536 ; 16.443 ; 17.401 ; 17.299 ;
; x[3]       ; s[2]        ; 10.129 ; 10.099 ; 10.661 ; 10.665 ;
; x[3]       ; s[3]        ; 10.567 ; 10.448 ; 11.123 ; 11.004 ;
; x[3]       ; s[4]        ; 12.153 ; 12.056 ; 12.737 ; 12.649 ;
; x[3]       ; s[5]        ; 12.826 ; 12.732 ; 13.532 ; 13.438 ;
; x[3]       ; s[6]        ; 15.894 ; 15.818 ; 16.658 ; 16.582 ;
; x[3]       ; s[7]        ; 17.372 ; 17.344 ; 18.237 ; 18.200 ;
; x[3]       ; z           ; 17.652 ; 17.551 ; 18.416 ; 18.315 ;
; x[4]       ; n           ; 12.930 ; 12.837 ; 13.309 ; 13.207 ;
; x[4]       ; s[3]        ; 6.980  ; 6.861  ; 7.088  ; 6.973  ;
; x[4]       ; s[4]        ; 8.547  ; 8.450  ; 8.645  ; 8.557  ;
; x[4]       ; s[5]        ; 9.220  ; 9.126  ; 9.440  ; 9.346  ;
; x[4]       ; s[6]        ; 12.288 ; 12.212 ; 12.566 ; 12.490 ;
; x[4]       ; s[7]        ; 13.766 ; 13.738 ; 14.145 ; 14.108 ;
; x[4]       ; z           ; 14.046 ; 13.945 ; 14.324 ; 14.223 ;
; x[5]       ; n           ; 13.432 ; 13.339 ; 14.169 ; 14.067 ;
; x[5]       ; s[4]        ; 8.882  ; 8.785  ; 9.380  ; 9.291  ;
; x[5]       ; s[5]        ; 9.722  ; 9.628  ; 10.300 ; 10.206 ;
; x[5]       ; s[6]        ; 12.790 ; 12.714 ; 13.426 ; 13.350 ;
; x[5]       ; s[7]        ; 14.268 ; 14.240 ; 15.005 ; 14.968 ;
; x[5]       ; z           ; 14.548 ; 14.447 ; 15.184 ; 15.083 ;
; x[6]       ; n           ; 12.933 ; 12.840 ; 13.539 ; 13.437 ;
; x[6]       ; s[5]        ; 9.335  ; 9.241  ; 9.805  ; 9.715  ;
; x[6]       ; s[6]        ; 12.291 ; 12.215 ; 12.796 ; 12.720 ;
; x[6]       ; s[7]        ; 13.769 ; 13.741 ; 14.375 ; 14.338 ;
; x[6]       ; z           ; 14.049 ; 13.948 ; 14.554 ; 14.453 ;
; x[7]       ; n           ; 11.088 ; 10.986 ; 11.638 ; 11.536 ;
; x[7]       ; s[6]        ; 10.324 ; 10.287 ; 10.810 ; 10.764 ;
; x[7]       ; s[7]        ; 11.924 ; 11.887 ; 12.474 ; 12.437 ;
; x[7]       ; z           ; 12.121 ; 11.981 ; 12.598 ; 12.467 ;
; y[0]       ; n           ; 19.265 ; 19.163 ; 19.696 ; 19.594 ;
; y[0]       ; s[0]        ; 8.829  ; 8.751  ; 9.273  ; 9.255  ;
; y[0]       ; s[1]        ; 9.304  ; 9.235  ; 9.735  ; 9.666  ;
; y[0]       ; s[2]        ; 12.194 ; 12.186 ; 12.625 ; 12.617 ;
; y[0]       ; s[3]        ; 12.987 ; 12.868 ; 13.418 ; 13.299 ;
; y[0]       ; s[4]        ; 14.601 ; 14.513 ; 15.032 ; 14.944 ;
; y[0]       ; s[5]        ; 15.396 ; 15.302 ; 15.827 ; 15.733 ;
; y[0]       ; s[6]        ; 18.522 ; 18.446 ; 18.953 ; 18.877 ;
; y[0]       ; s[7]        ; 20.101 ; 20.064 ; 20.532 ; 20.495 ;
; y[0]       ; z           ; 20.280 ; 20.179 ; 20.711 ; 20.610 ;
; y[1]       ; n           ; 17.853 ; 17.751 ; 18.591 ; 18.489 ;
; y[1]       ; s[1]        ; 8.012  ; 7.955  ; 8.509  ; 8.443  ;
; y[1]       ; s[2]        ; 10.968 ; 10.969 ; 11.520 ; 11.512 ;
; y[1]       ; s[3]        ; 11.679 ; 11.560 ; 12.313 ; 12.194 ;
; y[1]       ; s[4]        ; 13.265 ; 13.168 ; 13.927 ; 13.839 ;
; y[1]       ; s[5]        ; 13.984 ; 13.890 ; 14.722 ; 14.628 ;
; y[1]       ; s[6]        ; 17.110 ; 17.034 ; 17.848 ; 17.772 ;
; y[1]       ; s[7]        ; 18.689 ; 18.652 ; 19.427 ; 19.390 ;
; y[1]       ; z           ; 18.868 ; 18.767 ; 19.606 ; 19.505 ;
; y[2]       ; n           ; 16.540 ; 16.438 ; 16.923 ; 16.821 ;
; y[2]       ; s[2]        ; 9.864  ; 9.853  ; 10.330 ; 10.319 ;
; y[2]       ; s[3]        ; 10.262 ; 10.143 ; 10.645 ; 10.526 ;
; y[2]       ; s[4]        ; 11.876 ; 11.788 ; 12.259 ; 12.171 ;
; y[2]       ; s[5]        ; 12.671 ; 12.577 ; 13.054 ; 12.960 ;
; y[2]       ; s[6]        ; 15.797 ; 15.721 ; 16.180 ; 16.104 ;
; y[2]       ; s[7]        ; 17.376 ; 17.339 ; 17.759 ; 17.722 ;
; y[2]       ; z           ; 17.555 ; 17.454 ; 17.938 ; 17.837 ;
; y[3]       ; n           ; 14.873 ; 14.771 ; 15.038 ; 14.942 ;
; y[3]       ; s[3]        ; 9.146  ; 9.057  ; 9.627  ; 9.560  ;
; y[3]       ; s[4]        ; 10.209 ; 10.121 ; 10.652 ; 10.555 ;
; y[3]       ; s[5]        ; 11.004 ; 10.910 ; 11.325 ; 11.231 ;
; y[3]       ; s[6]        ; 14.130 ; 14.054 ; 14.393 ; 14.317 ;
; y[3]       ; s[7]        ; 15.709 ; 15.672 ; 15.874 ; 15.843 ;
; y[3]       ; z           ; 15.888 ; 15.787 ; 16.151 ; 16.050 ;
; y[4]       ; n           ; 13.452 ; 13.350 ; 13.758 ; 13.656 ;
; y[4]       ; s[4]        ; 9.201  ; 9.134  ; 9.629  ; 9.601  ;
; y[4]       ; s[5]        ; 9.583  ; 9.489  ; 9.985  ; 9.891  ;
; y[4]       ; s[6]        ; 12.709 ; 12.633 ; 13.053 ; 12.977 ;
; y[4]       ; s[7]        ; 14.288 ; 14.251 ; 14.594 ; 14.557 ;
; y[4]       ; z           ; 14.467 ; 14.366 ; 14.811 ; 14.710 ;
; y[5]       ; n           ; 12.768 ; 12.675 ; 13.493 ; 13.391 ;
; y[5]       ; s[5]        ; 9.161  ; 9.055  ; 9.703  ; 9.604  ;
; y[5]       ; s[6]        ; 12.126 ; 12.050 ; 12.750 ; 12.674 ;
; y[5]       ; s[7]        ; 13.604 ; 13.576 ; 14.329 ; 14.292 ;
; y[5]       ; z           ; 13.884 ; 13.783 ; 14.508 ; 14.407 ;
; y[6]       ; n           ; 10.359 ; 10.266 ; 10.910 ; 10.808 ;
; y[6]       ; s[6]        ; 9.683  ; 9.607  ; 10.172 ; 10.096 ;
; y[6]       ; s[7]        ; 11.195 ; 11.167 ; 11.746 ; 11.709 ;
; y[6]       ; z           ; 11.441 ; 11.340 ; 11.930 ; 11.829 ;
; y[7]       ; n           ; 8.403  ; 8.308  ; 8.836  ; 8.788  ;
; y[7]       ; s[7]        ; 9.239  ; 9.209  ; 9.672  ; 9.689  ;
; y[7]       ; z           ; 9.255  ; 9.148  ; 9.720  ; 9.581  ;
+------------+-------------+--------+--------+--------+--------+


+--------------------------------------------------------------+
; Minimum Propagation Delay                                    ;
+------------+-------------+--------+--------+--------+--------+
; Input Port ; Output Port ; RR     ; RF     ; FR     ; FF     ;
+------------+-------------+--------+--------+--------+--------+
; sel[0]     ; n           ; 7.737  ; 7.728  ; 8.243  ; 8.105  ;
; sel[0]     ; s[0]        ; 8.143  ; 8.052  ; 8.551  ; 8.460  ;
; sel[0]     ; s[1]        ; 7.670  ; 7.587  ; 8.078  ; 7.995  ;
; sel[0]     ; s[2]        ; 9.018  ; 8.992  ; 9.455  ; 9.423  ;
; sel[0]     ; s[3]        ; 8.147  ; 8.041  ; 8.586  ; 8.489  ;
; sel[0]     ; s[4]        ; 8.322  ; 8.255  ; 8.771  ; 8.704  ;
; sel[0]     ; s[5]        ; 8.170  ; 8.090  ; 8.585  ; 8.501  ;
; sel[0]     ; s[6]        ; 8.096  ; 8.007  ; 8.552  ; 8.493  ;
; sel[0]     ; s[7]        ; 8.573  ; 8.629  ; 9.079  ; 9.006  ;
; sel[0]     ; z           ; 8.710  ; 8.242  ; 8.788  ; 9.042  ;
; sel[1]     ; n           ; 8.556  ; 8.827  ; 9.437  ; 8.982  ;
; sel[1]     ; s[0]        ; 8.706  ; 8.615  ; 9.193  ; 9.096  ;
; sel[1]     ; s[1]        ; 8.302  ; 8.219  ; 8.816  ; 8.724  ;
; sel[1]     ; s[2]        ; 9.456  ; 9.430  ; 9.972  ; 9.937  ;
; sel[1]     ; s[3]        ; 8.995  ; 8.886  ; 9.510  ; 9.430  ;
; sel[1]     ; s[4]        ; 9.169  ; 9.102  ; 9.695  ; 9.628  ;
; sel[1]     ; s[5]        ; 8.898  ; 8.808  ; 9.382  ; 9.297  ;
; sel[1]     ; s[6]        ; 8.295  ; 8.234  ; 8.821  ; 8.728  ;
; sel[1]     ; s[7]        ; 9.392  ; 9.728  ; 10.273 ; 9.883  ;
; sel[1]     ; z           ; 9.614  ; 9.088  ; 9.681  ; 9.947  ;
; sel[2]     ; n           ; 6.394  ; 6.758  ; 6.825  ; 6.363  ;
; sel[2]     ; s[0]        ; 6.977  ; 6.772  ; 6.931  ; 6.975  ;
; sel[2]     ; s[1]        ; 6.412  ; 6.329  ; 6.506  ; 6.414  ;
; sel[2]     ; s[2]        ; 7.717  ; 7.689  ; 7.803  ; 7.773  ;
; sel[2]     ; s[3]        ; 6.698  ; 6.594  ; 6.715  ; 6.606  ;
; sel[2]     ; s[4]        ; 6.519  ; 6.426  ; 6.619  ; 6.530  ;
; sel[2]     ; s[5]        ; 6.445  ; 6.356  ; 6.519  ; 6.434  ;
; sel[2]     ; s[6]        ; 6.711  ; 6.047  ; 6.166  ; 6.704  ;
; sel[2]     ; s[7]        ; 7.230  ; 7.659  ; 7.661  ; 7.264  ;
; sel[2]     ; z           ; 7.441  ; 6.944  ; 7.072  ; 7.330  ;
; x[0]       ; n           ; 14.958 ; 14.840 ; 15.448 ; 15.330 ;
; x[0]       ; s[0]        ; 8.590  ; 8.503  ; 9.072  ; 8.994  ;
; x[0]       ; s[1]        ; 9.043  ; 8.974  ; 9.533  ; 9.464  ;
; x[0]       ; s[2]        ; 11.302 ; 11.275 ; 11.792 ; 11.765 ;
; x[0]       ; s[3]        ; 11.594 ; 11.484 ; 12.084 ; 11.974 ;
; x[0]       ; s[4]        ; 12.821 ; 12.723 ; 13.311 ; 13.213 ;
; x[0]       ; s[5]        ; 13.326 ; 13.237 ; 13.816 ; 13.727 ;
; x[0]       ; s[6]        ; 15.249 ; 15.284 ; 15.739 ; 15.774 ;
; x[0]       ; s[7]        ; 15.794 ; 15.741 ; 16.284 ; 16.231 ;
; x[0]       ; z           ; 11.596 ; 11.531 ; 12.087 ; 12.013 ;
; x[1]       ; n           ; 14.210 ; 14.064 ; 14.475 ; 14.357 ;
; x[1]       ; s[0]        ; 8.872  ; 8.781  ; 9.358  ; 9.267  ;
; x[1]       ; s[1]        ; 8.455  ; 8.386  ; 8.923  ; 8.854  ;
; x[1]       ; s[2]        ; 10.375 ; 10.357 ; 10.819 ; 10.792 ;
; x[1]       ; s[3]        ; 10.685 ; 10.575 ; 11.111 ; 11.001 ;
; x[1]       ; s[4]        ; 11.943 ; 11.854 ; 12.338 ; 12.240 ;
; x[1]       ; s[5]        ; 12.484 ; 12.399 ; 12.843 ; 12.754 ;
; x[1]       ; s[6]        ; 14.517 ; 14.426 ; 14.766 ; 14.801 ;
; x[1]       ; s[7]        ; 15.046 ; 14.965 ; 15.311 ; 15.258 ;
; x[1]       ; z           ; 11.651 ; 11.607 ; 12.119 ; 12.075 ;
; x[2]       ; n           ; 13.104 ; 12.966 ; 13.398 ; 13.280 ;
; x[2]       ; s[1]        ; 8.936  ; 8.867  ; 9.426  ; 9.357  ;
; x[2]       ; s[2]        ; 9.862  ; 9.832  ; 10.368 ; 10.346 ;
; x[2]       ; s[3]        ; 9.587  ; 9.477  ; 10.034 ; 9.924  ;
; x[2]       ; s[4]        ; 10.845 ; 10.756 ; 11.261 ; 11.163 ;
; x[2]       ; s[5]        ; 11.386 ; 11.301 ; 11.766 ; 11.677 ;
; x[2]       ; s[6]        ; 13.395 ; 13.328 ; 13.689 ; 13.724 ;
; x[2]       ; s[7]        ; 13.940 ; 13.867 ; 14.234 ; 14.181 ;
; x[2]       ; z           ; 11.338 ; 11.320 ; 11.852 ; 11.826 ;
; x[3]       ; n           ; 11.848 ; 11.702 ; 12.162 ; 12.044 ;
; x[3]       ; s[2]        ; 9.753  ; 9.723  ; 10.260 ; 10.238 ;
; x[3]       ; s[3]        ; 8.939  ; 8.829  ; 9.450  ; 9.331  ;
; x[3]       ; s[4]        ; 9.581  ; 9.492  ; 10.025 ; 9.927  ;
; x[3]       ; s[5]        ; 10.122 ; 10.037 ; 10.530 ; 10.441 ;
; x[3]       ; s[6]        ; 12.155 ; 12.064 ; 12.453 ; 12.488 ;
; x[3]       ; s[7]        ; 12.684 ; 12.603 ; 12.998 ; 12.945 ;
; x[3]       ; z           ; 11.070 ; 11.026 ; 11.505 ; 11.470 ;
; x[4]       ; n           ; 8.802  ; 8.684  ; 8.970  ; 8.852  ;
; x[4]       ; s[3]        ; 6.738  ; 6.628  ; 6.857  ; 6.742  ;
; x[4]       ; s[4]        ; 7.307  ; 7.218  ; 7.412  ; 7.314  ;
; x[4]       ; s[5]        ; 7.170  ; 7.081  ; 7.323  ; 7.238  ;
; x[4]       ; s[6]        ; 9.093  ; 9.128  ; 9.261  ; 9.265  ;
; x[4]       ; s[7]        ; 9.638  ; 9.585  ; 9.806  ; 9.753  ;
; x[4]       ; z           ; 8.796  ; 8.743  ; 8.892  ; 8.857  ;
; x[5]       ; n           ; 9.645  ; 9.499  ; 10.066 ; 9.948  ;
; x[5]       ; s[4]        ; 8.569  ; 8.480  ; 9.060  ; 8.962  ;
; x[5]       ; s[5]        ; 8.344  ; 8.259  ; 8.820  ; 8.735  ;
; x[5]       ; s[6]        ; 9.952  ; 9.861  ; 10.357 ; 10.392 ;
; x[5]       ; s[7]        ; 10.481 ; 10.400 ; 10.902 ; 10.849 ;
; x[5]       ; z           ; 9.980  ; 9.917  ; 10.456 ; 10.393 ;
; x[6]       ; n           ; 9.221  ; 9.103  ; 9.725  ; 9.579  ;
; x[6]       ; s[5]        ; 9.000  ; 8.915  ; 9.464  ; 9.374  ;
; x[6]       ; s[6]        ; 8.553  ; 8.465  ; 9.022  ; 8.925  ;
; x[6]       ; s[7]        ; 10.057 ; 10.004 ; 10.561 ; 10.480 ;
; x[6]       ; z           ; 10.231 ; 10.142 ; 10.691 ; 10.611 ;
; x[7]       ; n           ; 8.181  ; 8.064  ; 8.643  ; 8.535  ;
; x[7]       ; s[6]        ; 8.425  ; 8.337  ; 8.906  ; 8.809  ;
; x[7]       ; s[7]        ; 9.017  ; 8.965  ; 9.479  ; 9.436  ;
; x[7]       ; z           ; 9.260  ; 9.109  ; 9.712  ; 9.584  ;
; y[0]       ; n           ; 14.719 ; 14.601 ; 15.222 ; 15.104 ;
; y[0]       ; s[0]        ; 8.382  ; 8.261  ; 8.807  ; 8.752  ;
; y[0]       ; s[1]        ; 8.804  ; 8.735  ; 9.307  ; 9.238  ;
; y[0]       ; s[2]        ; 11.063 ; 11.036 ; 11.560 ; 11.539 ;
; y[0]       ; s[3]        ; 11.355 ; 11.245 ; 11.858 ; 11.748 ;
; y[0]       ; s[4]        ; 12.582 ; 12.484 ; 13.085 ; 12.987 ;
; y[0]       ; s[5]        ; 13.087 ; 12.998 ; 13.590 ; 13.501 ;
; y[0]       ; s[6]        ; 15.010 ; 15.045 ; 15.513 ; 15.548 ;
; y[0]       ; s[7]        ; 15.555 ; 15.502 ; 16.058 ; 16.005 ;
; y[0]       ; z           ; 11.354 ; 11.323 ; 11.845 ; 11.748 ;
; y[1]       ; n           ; 14.207 ; 14.061 ; 14.502 ; 14.384 ;
; y[1]       ; s[1]        ; 7.623  ; 7.540  ; 8.107  ; 8.018  ;
; y[1]       ; s[2]        ; 10.372 ; 10.354 ; 10.846 ; 10.819 ;
; y[1]       ; s[3]        ; 10.682 ; 10.572 ; 11.138 ; 11.028 ;
; y[1]       ; s[4]        ; 11.940 ; 11.851 ; 12.365 ; 12.267 ;
; y[1]       ; s[5]        ; 12.481 ; 12.396 ; 12.870 ; 12.781 ;
; y[1]       ; s[6]        ; 14.514 ; 14.423 ; 14.793 ; 14.828 ;
; y[1]       ; s[7]        ; 15.043 ; 14.962 ; 15.338 ; 15.285 ;
; y[1]       ; z           ; 10.805 ; 10.775 ; 11.283 ; 11.259 ;
; y[2]       ; n           ; 13.130 ; 13.012 ; 13.556 ; 13.438 ;
; y[2]       ; s[2]        ; 9.272  ; 9.246  ; 9.698  ; 9.672  ;
; y[2]       ; s[3]        ; 9.766  ; 9.656  ; 10.192 ; 10.082 ;
; y[2]       ; s[4]        ; 10.993 ; 10.895 ; 11.419 ; 11.321 ;
; y[2]       ; s[5]        ; 11.498 ; 11.409 ; 11.924 ; 11.835 ;
; y[2]       ; s[6]        ; 13.421 ; 13.456 ; 13.847 ; 13.882 ;
; y[2]       ; s[7]        ; 13.966 ; 13.913 ; 14.392 ; 14.339 ;
; y[2]       ; z           ; 10.752 ; 10.730 ; 11.178 ; 11.156 ;
; y[3]       ; n           ; 11.654 ; 11.536 ; 12.233 ; 12.087 ;
; y[3]       ; s[3]        ; 8.642  ; 8.533  ; 9.144  ; 9.064  ;
; y[3]       ; s[4]        ; 9.517  ; 9.419  ; 9.966  ; 9.877  ;
; y[3]       ; s[5]        ; 10.022 ; 9.933  ; 10.507 ; 10.422 ;
; y[3]       ; s[6]        ; 11.945 ; 11.980 ; 12.540 ; 12.449 ;
; y[3]       ; s[7]        ; 12.490 ; 12.437 ; 13.069 ; 12.988 ;
; y[3]       ; z           ; 10.781 ; 10.748 ; 11.312 ; 11.250 ;
; y[4]       ; n           ; 10.671 ; 10.553 ; 11.218 ; 11.072 ;
; y[4]       ; s[4]        ; 8.763  ; 8.696  ; 9.223  ; 9.156  ;
; y[4]       ; s[5]        ; 9.039  ; 8.950  ; 9.492  ; 9.407  ;
; y[4]       ; s[6]        ; 10.962 ; 10.997 ; 11.511 ; 11.434 ;
; y[4]       ; s[7]        ; 11.507 ; 11.454 ; 12.054 ; 11.973 ;
; y[4]       ; z           ; 10.274 ; 10.208 ; 10.734 ; 10.668 ;
; y[5]       ; n           ; 10.554 ; 10.408 ; 11.014 ; 10.896 ;
; y[5]       ; s[5]        ; 8.700  ; 8.618  ; 9.227  ; 9.154  ;
; y[5]       ; s[6]        ; 10.861 ; 10.770 ; 11.305 ; 11.340 ;
; y[5]       ; s[7]        ; 11.390 ; 11.309 ; 11.850 ; 11.797 ;
; y[5]       ; z           ; 10.339 ; 10.273 ; 10.875 ; 10.800 ;
; y[6]       ; n           ; 8.481  ; 8.335  ; 8.900  ; 8.782  ;
; y[6]       ; s[6]        ; 8.172  ; 9.190  ; 9.723  ; 8.571  ;
; y[6]       ; s[7]        ; 9.317  ; 9.236  ; 9.736  ; 9.683  ;
; y[6]       ; z           ; 9.622  ; 9.572  ; 10.069 ; 9.991  ;
; y[7]       ; n           ; 8.034  ; 8.012  ; 8.528  ; 8.419  ;
; y[7]       ; s[7]        ; 8.870  ; 8.913  ; 9.364  ; 9.320  ;
; y[7]       ; z           ; 8.937  ; 8.539  ; 9.102  ; 9.252  ;
+------------+-------------+--------+--------+--------+--------+


----------------------------------------------
; Slow 1200mV 85C Model Metastability Report ;
----------------------------------------------
No synchronizer chains to report.


-------------------------------------
; Slow 1200mV 0C Model Fmax Summary ;
-------------------------------------
No paths to report.


--------------------------------------
; Slow 1200mV 0C Model Setup Summary ;
--------------------------------------
No paths to report.


-------------------------------------
; Slow 1200mV 0C Model Hold Summary ;
-------------------------------------
No paths to report.


-----------------------------------------
; Slow 1200mV 0C Model Recovery Summary ;
-----------------------------------------
No paths to report.


----------------------------------------
; Slow 1200mV 0C Model Removal Summary ;
----------------------------------------
No paths to report.


----------------------------------------------------
; Slow 1200mV 0C Model Minimum Pulse Width Summary ;
----------------------------------------------------
No paths to report.


+--------------------------------------------------------------+
; Propagation Delay                                            ;
+------------+-------------+--------+--------+--------+--------+
; Input Port ; Output Port ; RR     ; RF     ; FR     ; FF     ;
+------------+-------------+--------+--------+--------+--------+
; sel[0]     ; n           ; 16.957 ; 16.837 ; 17.321 ; 17.201 ;
; sel[0]     ; s[0]        ; 9.430  ; 9.276  ; 9.806  ; 9.652  ;
; sel[0]     ; s[1]        ; 8.119  ; 8.004  ; 8.483  ; 8.368  ;
; sel[0]     ; s[2]        ; 10.678 ; 10.623 ; 11.042 ; 10.987 ;
; sel[0]     ; s[3]        ; 11.376 ; 11.261 ; 11.740 ; 11.625 ;
; sel[0]     ; s[4]        ; 12.853 ; 12.736 ; 13.217 ; 13.100 ;
; sel[0]     ; s[5]        ; 13.542 ; 13.403 ; 13.906 ; 13.767 ;
; sel[0]     ; s[6]        ; 16.352 ; 16.202 ; 16.716 ; 16.566 ;
; sel[0]     ; s[7]        ; 17.689 ; 17.608 ; 18.053 ; 17.972 ;
; sel[0]     ; z           ; 17.909 ; 17.809 ; 18.273 ; 18.173 ;
; sel[1]     ; n           ; 17.674 ; 17.554 ; 18.048 ; 17.928 ;
; sel[1]     ; s[0]        ; 9.552  ; 9.398  ; 9.955  ; 9.801  ;
; sel[1]     ; s[1]        ; 8.786  ; 8.671  ; 9.210  ; 9.095  ;
; sel[1]     ; s[2]        ; 11.395 ; 11.340 ; 11.769 ; 11.714 ;
; sel[1]     ; s[3]        ; 12.093 ; 11.978 ; 12.467 ; 12.352 ;
; sel[1]     ; s[4]        ; 13.570 ; 13.453 ; 13.944 ; 13.827 ;
; sel[1]     ; s[5]        ; 14.259 ; 14.120 ; 14.633 ; 14.494 ;
; sel[1]     ; s[6]        ; 17.069 ; 16.919 ; 17.443 ; 17.293 ;
; sel[1]     ; s[7]        ; 18.406 ; 18.325 ; 18.780 ; 18.699 ;
; sel[1]     ; z           ; 18.626 ; 18.526 ; 19.000 ; 18.900 ;
; sel[2]     ; n           ; 15.655 ; 15.535 ; 15.797 ; 15.677 ;
; sel[2]     ; s[0]        ; 7.807  ; 7.653  ; 7.876  ; 7.722  ;
; sel[2]     ; s[1]        ; 7.111  ; 6.991  ; 7.198  ; 7.092  ;
; sel[2]     ; s[2]        ; 9.413  ; 9.366  ; 9.518  ; 9.463  ;
; sel[2]     ; s[3]        ; 10.079 ; 9.970  ; 10.216 ; 10.101 ;
; sel[2]     ; s[4]        ; 11.551 ; 11.434 ; 11.693 ; 11.576 ;
; sel[2]     ; s[5]        ; 12.240 ; 12.101 ; 12.382 ; 12.243 ;
; sel[2]     ; s[6]        ; 15.050 ; 14.900 ; 15.192 ; 15.042 ;
; sel[2]     ; s[7]        ; 16.387 ; 16.306 ; 16.529 ; 16.448 ;
; sel[2]     ; z           ; 16.607 ; 16.507 ; 16.749 ; 16.649 ;
; x[0]       ; n           ; 17.295 ; 17.175 ; 17.670 ; 17.550 ;
; x[0]       ; s[0]        ; 8.381  ; 8.227  ; 8.759  ; 8.605  ;
; x[0]       ; s[1]        ; 8.457  ; 8.342  ; 8.832  ; 8.717  ;
; x[0]       ; s[2]        ; 11.016 ; 10.961 ; 11.391 ; 11.336 ;
; x[0]       ; s[3]        ; 11.714 ; 11.599 ; 12.089 ; 11.974 ;
; x[0]       ; s[4]        ; 13.191 ; 13.074 ; 13.566 ; 13.449 ;
; x[0]       ; s[5]        ; 13.880 ; 13.741 ; 14.255 ; 14.116 ;
; x[0]       ; s[6]        ; 16.690 ; 16.540 ; 17.065 ; 16.915 ;
; x[0]       ; s[7]        ; 18.027 ; 17.946 ; 18.402 ; 18.321 ;
; x[0]       ; z           ; 18.247 ; 18.147 ; 18.622 ; 18.522 ;
; x[1]       ; n           ; 16.165 ; 16.053 ; 16.648 ; 16.528 ;
; x[1]       ; s[0]        ; 8.245  ; 8.091  ; 8.627  ; 8.473  ;
; x[1]       ; s[1]        ; 7.858  ; 7.752  ; 8.243  ; 8.123  ;
; x[1]       ; s[2]        ; 10.029 ; 9.982  ; 10.369 ; 10.314 ;
; x[1]       ; s[3]        ; 10.695 ; 10.586 ; 11.067 ; 10.952 ;
; x[1]       ; s[4]        ; 12.158 ; 12.033 ; 12.544 ; 12.427 ;
; x[1]       ; s[5]        ; 12.775 ; 12.636 ; 13.233 ; 13.094 ;
; x[1]       ; s[6]        ; 15.584 ; 15.434 ; 16.043 ; 15.893 ;
; x[1]       ; s[7]        ; 16.897 ; 16.824 ; 17.380 ; 17.299 ;
; x[1]       ; z           ; 17.141 ; 17.041 ; 17.600 ; 17.500 ;
; x[2]       ; n           ; 16.733 ; 16.621 ; 17.262 ; 17.142 ;
; x[2]       ; s[1]        ; 8.311  ; 8.205  ; 8.718  ; 8.598  ;
; x[2]       ; s[2]        ; 10.597 ; 10.550 ; 10.983 ; 10.928 ;
; x[2]       ; s[3]        ; 11.263 ; 11.154 ; 11.681 ; 11.566 ;
; x[2]       ; s[4]        ; 12.726 ; 12.601 ; 13.158 ; 13.041 ;
; x[2]       ; s[5]        ; 13.343 ; 13.204 ; 13.847 ; 13.708 ;
; x[2]       ; s[6]        ; 16.152 ; 16.002 ; 16.657 ; 16.507 ;
; x[2]       ; s[7]        ; 17.465 ; 17.392 ; 17.994 ; 17.913 ;
; x[2]       ; z           ; 17.709 ; 17.609 ; 18.214 ; 18.114 ;
; x[3]       ; n           ; 14.890 ; 14.778 ; 15.410 ; 15.290 ;
; x[3]       ; s[2]        ; 8.995  ; 8.927  ; 9.415  ; 9.377  ;
; x[3]       ; s[3]        ; 9.420  ; 9.311  ; 9.829  ; 9.714  ;
; x[3]       ; s[4]        ; 10.883 ; 10.758 ; 11.306 ; 11.189 ;
; x[3]       ; s[5]        ; 11.500 ; 11.361 ; 11.995 ; 11.856 ;
; x[3]       ; s[6]        ; 14.309 ; 14.159 ; 14.805 ; 14.655 ;
; x[3]       ; s[7]        ; 15.622 ; 15.549 ; 16.142 ; 16.061 ;
; x[3]       ; z           ; 15.866 ; 15.766 ; 16.362 ; 16.262 ;
; x[4]       ; n           ; 11.718 ; 11.606 ; 11.913 ; 11.793 ;
; x[4]       ; s[3]        ; 6.264  ; 6.153  ; 6.386  ; 6.279  ;
; x[4]       ; s[4]        ; 7.711  ; 7.586  ; 7.809  ; 7.692  ;
; x[4]       ; s[5]        ; 8.328  ; 8.189  ; 8.498  ; 8.359  ;
; x[4]       ; s[6]        ; 11.137 ; 10.987 ; 11.308 ; 11.158 ;
; x[4]       ; s[7]        ; 12.450 ; 12.377 ; 12.645 ; 12.564 ;
; x[4]       ; z           ; 12.694 ; 12.594 ; 12.865 ; 12.765 ;
; x[5]       ; n           ; 12.062 ; 11.950 ; 12.530 ; 12.410 ;
; x[5]       ; s[4]        ; 7.915  ; 7.798  ; 8.318  ; 8.201  ;
; x[5]       ; s[5]        ; 8.672  ; 8.533  ; 9.115  ; 8.976  ;
; x[5]       ; s[6]        ; 11.481 ; 11.331 ; 11.925 ; 11.775 ;
; x[5]       ; s[7]        ; 12.794 ; 12.721 ; 13.262 ; 13.181 ;
; x[5]       ; z           ; 13.038 ; 12.938 ; 13.482 ; 13.382 ;
; x[6]       ; n           ; 11.612 ; 11.500 ; 11.971 ; 11.851 ;
; x[6]       ; s[5]        ; 8.330  ; 8.195  ; 8.681  ; 8.550  ;
; x[6]       ; s[6]        ; 11.031 ; 10.881 ; 11.366 ; 11.216 ;
; x[6]       ; s[7]        ; 12.344 ; 12.271 ; 12.703 ; 12.622 ;
; x[6]       ; z           ; 12.588 ; 12.488 ; 12.923 ; 12.823 ;
; x[7]       ; n           ; 9.899  ; 9.787  ; 10.280 ; 10.164 ;
; x[7]       ; s[6]        ; 9.252  ; 9.124  ; 9.614  ; 9.478  ;
; x[7]       ; s[7]        ; 10.631 ; 10.558 ; 11.012 ; 10.935 ;
; x[7]       ; z           ; 10.831 ; 10.709 ; 11.185 ; 11.071 ;
; y[0]       ; n           ; 17.101 ; 16.981 ; 17.443 ; 17.323 ;
; y[0]       ; s[0]        ; 7.871  ; 7.728  ; 8.227  ; 8.135  ;
; y[0]       ; s[1]        ; 8.263  ; 8.148  ; 8.624  ; 8.504  ;
; y[0]       ; s[2]        ; 10.822 ; 10.767 ; 11.164 ; 11.109 ;
; y[0]       ; s[3]        ; 11.520 ; 11.405 ; 11.862 ; 11.747 ;
; y[0]       ; s[4]        ; 12.997 ; 12.880 ; 13.339 ; 13.222 ;
; y[0]       ; s[5]        ; 13.686 ; 13.547 ; 14.028 ; 13.889 ;
; y[0]       ; s[6]        ; 16.496 ; 16.346 ; 16.838 ; 16.688 ;
; y[0]       ; s[7]        ; 17.833 ; 17.752 ; 18.175 ; 18.094 ;
; y[0]       ; z           ; 18.053 ; 17.953 ; 18.395 ; 18.295 ;
; y[1]       ; n           ; 15.909 ; 15.797 ; 16.460 ; 16.340 ;
; y[1]       ; s[1]        ; 7.116  ; 7.001  ; 7.524  ; 7.401  ;
; y[1]       ; s[2]        ; 9.773  ; 9.726  ; 10.181 ; 10.126 ;
; y[1]       ; s[3]        ; 10.439 ; 10.330 ; 10.879 ; 10.764 ;
; y[1]       ; s[4]        ; 11.902 ; 11.777 ; 12.356 ; 12.239 ;
; y[1]       ; s[5]        ; 12.519 ; 12.380 ; 13.045 ; 12.906 ;
; y[1]       ; s[6]        ; 15.328 ; 15.178 ; 15.855 ; 15.705 ;
; y[1]       ; s[7]        ; 16.641 ; 16.568 ; 17.192 ; 17.111 ;
; y[1]       ; z           ; 16.885 ; 16.785 ; 17.412 ; 17.312 ;
; y[2]       ; n           ; 14.682 ; 14.562 ; 14.977 ; 14.857 ;
; y[2]       ; s[2]        ; 8.739  ; 8.687  ; 9.109  ; 9.057  ;
; y[2]       ; s[3]        ; 9.101  ; 8.986  ; 9.420  ; 9.311  ;
; y[2]       ; s[4]        ; 10.578 ; 10.461 ; 10.883 ; 10.758 ;
; y[2]       ; s[5]        ; 11.267 ; 11.128 ; 11.562 ; 11.423 ;
; y[2]       ; s[6]        ; 14.077 ; 13.927 ; 14.372 ; 14.222 ;
; y[2]       ; s[7]        ; 15.414 ; 15.333 ; 15.709 ; 15.628 ;
; y[2]       ; z           ; 15.634 ; 15.534 ; 15.929 ; 15.829 ;
; y[3]       ; n           ; 13.205 ; 13.085 ; 13.457 ; 13.345 ;
; y[3]       ; s[3]        ; 8.141  ; 8.040  ; 8.486  ; 8.421  ;
; y[3]       ; s[4]        ; 9.101  ; 8.984  ; 9.450  ; 9.325  ;
; y[3]       ; s[5]        ; 9.790  ; 9.651  ; 10.067 ; 9.928  ;
; y[3]       ; s[6]        ; 12.600 ; 12.450 ; 12.876 ; 12.726 ;
; y[3]       ; s[7]        ; 13.937 ; 13.856 ; 14.189 ; 14.116 ;
; y[3]       ; z           ; 14.157 ; 14.057 ; 14.433 ; 14.333 ;
; y[4]       ; n           ; 11.945 ; 11.825 ; 12.249 ; 12.137 ;
; y[4]       ; s[4]        ; 8.191  ; 8.087  ; 8.524  ; 8.455  ;
; y[4]       ; s[5]        ; 8.530  ; 8.391  ; 8.859  ; 8.720  ;
; y[4]       ; s[6]        ; 11.340 ; 11.190 ; 11.668 ; 11.518 ;
; y[4]       ; s[7]        ; 12.677 ; 12.596 ; 12.981 ; 12.908 ;
; y[4]       ; z           ; 12.897 ; 12.797 ; 13.225 ; 13.125 ;
; y[5]       ; n           ; 11.454 ; 11.342 ; 11.938 ; 11.818 ;
; y[5]       ; s[5]        ; 8.161  ; 8.023  ; 8.592  ; 8.462  ;
; y[5]       ; s[6]        ; 10.873 ; 10.723 ; 11.333 ; 11.183 ;
; y[5]       ; s[7]        ; 12.186 ; 12.113 ; 12.670 ; 12.589 ;
; y[5]       ; z           ; 12.430 ; 12.330 ; 12.890 ; 12.790 ;
; y[6]       ; n           ; 9.242  ; 9.130  ; 9.639  ; 9.519  ;
; y[6]       ; s[6]        ; 8.641  ; 8.499  ; 9.039  ; 8.889  ;
; y[6]       ; s[7]        ; 9.974  ; 9.901  ; 10.371 ; 10.290 ;
; y[6]       ; z           ; 10.206 ; 10.098 ; 10.596 ; 10.496 ;
; y[7]       ; n           ; 7.459  ; 7.345  ; 7.800  ; 7.724  ;
; y[7]       ; s[7]        ; 8.191  ; 8.116  ; 8.532  ; 8.495  ;
; y[7]       ; z           ; 8.243  ; 8.111  ; 8.613  ; 8.452  ;
+------------+-------------+--------+--------+--------+--------+


+--------------------------------------------------------------+
; Minimum Propagation Delay                                    ;
+------------+-------------+--------+--------+--------+--------+
; Input Port ; Output Port ; RR     ; RF     ; FR     ; FF     ;
+------------+-------------+--------+--------+--------+--------+
; sel[0]     ; n           ; 6.850  ; 6.817  ; 7.265  ; 7.118  ;
; sel[0]     ; s[0]        ; 7.253  ; 7.103  ; 7.582  ; 7.438  ;
; sel[0]     ; s[1]        ; 6.817  ; 6.681  ; 7.144  ; 7.014  ;
; sel[0]     ; s[2]        ; 7.991  ; 7.923  ; 8.337  ; 8.267  ;
; sel[0]     ; s[3]        ; 7.217  ; 7.119  ; 7.572  ; 7.480  ;
; sel[0]     ; s[4]        ; 7.398  ; 7.306  ; 7.760  ; 7.667  ;
; sel[0]     ; s[5]        ; 7.264  ; 7.144  ; 7.609  ; 7.479  ;
; sel[0]     ; s[6]        ; 7.212  ; 7.071  ; 7.577  ; 7.464  ;
; sel[0]     ; s[7]        ; 7.582  ; 7.588  ; 7.997  ; 7.889  ;
; sel[0]     ; z           ; 7.755  ; 7.290  ; 7.784  ; 7.968  ;
; sel[1]     ; n           ; 7.598  ; 7.834  ; 8.326  ; 7.900  ;
; sel[1]     ; s[0]        ; 7.777  ; 7.628  ; 8.146  ; 7.996  ;
; sel[1]     ; s[1]        ; 7.392  ; 7.262  ; 7.793  ; 7.657  ;
; sel[1]     ; s[2]        ; 8.385  ; 8.321  ; 8.787  ; 8.717  ;
; sel[1]     ; s[3]        ; 8.004  ; 7.898  ; 8.392  ; 8.313  ;
; sel[1]     ; s[4]        ; 8.178  ; 8.086  ; 8.581  ; 8.486  ;
; sel[1]     ; s[5]        ; 7.935  ; 7.799  ; 8.334  ; 8.201  ;
; sel[1]     ; s[6]        ; 7.398  ; 7.287  ; 7.810  ; 7.669  ;
; sel[1]     ; s[7]        ; 8.330  ; 8.605  ; 9.058  ; 8.671  ;
; sel[1]     ; z           ; 8.567  ; 8.062  ; 8.575  ; 8.781  ;
; sel[2]     ; n           ; 5.739  ; 6.035  ; 6.165  ; 5.727  ;
; sel[2]     ; s[0]        ; 6.302  ; 6.058  ; 6.296  ; 6.270  ;
; sel[2]     ; s[1]        ; 5.777  ; 5.647  ; 5.895  ; 5.759  ;
; sel[2]     ; s[2]        ; 6.914  ; 6.855  ; 7.026  ; 6.958  ;
; sel[2]     ; s[3]        ; 6.018  ; 5.922  ; 6.067  ; 5.961  ;
; sel[2]     ; s[4]        ; 5.872  ; 5.749  ; 6.000  ; 5.883  ;
; sel[2]     ; s[5]        ; 5.809  ; 5.673  ; 5.905  ; 5.775  ;
; sel[2]     ; s[6]        ; 6.063  ; 5.411  ; 5.599  ; 6.018  ;
; sel[2]     ; s[7]        ; 6.471  ; 6.806  ; 6.897  ; 6.498  ;
; sel[2]     ; z           ; 6.701  ; 6.221  ; 6.420  ; 6.605  ;
; x[0]       ; n           ; 13.455 ; 13.347 ; 13.829 ; 13.715 ;
; x[0]       ; s[0]        ; 7.668  ; 7.532  ; 8.036  ; 7.906  ;
; x[0]       ; s[1]        ; 8.073  ; 7.962  ; 8.447  ; 8.336  ;
; x[0]       ; s[2]        ; 10.064 ; 10.011 ; 10.432 ; 10.379 ;
; x[0]       ; s[3]        ; 10.357 ; 10.251 ; 10.725 ; 10.619 ;
; x[0]       ; s[4]        ; 11.503 ; 11.386 ; 11.871 ; 11.754 ;
; x[0]       ; s[5]        ; 11.978 ; 11.848 ; 12.346 ; 12.216 ;
; x[0]       ; s[6]        ; 13.767 ; 13.642 ; 14.141 ; 14.010 ;
; x[0]       ; s[7]        ; 14.187 ; 14.118 ; 14.561 ; 14.486 ;
; x[0]       ; z           ; 10.362 ; 10.275 ; 10.736 ; 10.643 ;
; x[1]       ; n           ; 12.609 ; 12.485 ; 12.950 ; 12.852 ;
; x[1]       ; s[0]        ; 7.917  ; 7.773  ; 8.295  ; 8.151  ;
; x[1]       ; s[1]        ; 7.532  ; 7.421  ; 7.886  ; 7.775  ;
; x[1]       ; s[2]        ; 9.202  ; 9.149  ; 9.586  ; 9.527  ;
; x[1]       ; s[3]        ; 9.495  ; 9.389  ; 9.895  ; 9.783  ;
; x[1]       ; s[4]        ; 10.641 ; 10.524 ; 11.023 ; 10.900 ;
; x[1]       ; s[5]        ; 11.116 ; 10.986 ; 11.498 ; 11.362 ;
; x[1]       ; s[6]        ; 12.952 ; 12.780 ; 13.262 ; 13.205 ;
; x[1]       ; s[7]        ; 13.341 ; 13.256 ; 13.682 ; 13.623 ;
; x[1]       ; z           ; 10.404 ; 10.330 ; 10.758 ; 10.684 ;
; x[2]       ; n           ; 11.619 ; 11.495 ; 11.964 ; 11.866 ;
; x[2]       ; s[1]        ; 7.966  ; 7.855  ; 8.339  ; 8.228  ;
; x[2]       ; s[2]        ; 8.750  ; 8.682  ; 9.150  ; 9.095  ;
; x[2]       ; s[3]        ; 8.505  ; 8.399  ; 8.909  ; 8.797  ;
; x[2]       ; s[4]        ; 9.651  ; 9.534  ; 10.037 ; 9.914  ;
; x[2]       ; s[5]        ; 10.126 ; 9.996  ; 10.512 ; 10.376 ;
; x[2]       ; s[6]        ; 11.962 ; 11.790 ; 12.276 ; 12.219 ;
; x[2]       ; s[7]        ; 12.351 ; 12.266 ; 12.696 ; 12.637 ;
; x[2]       ; z           ; 10.116 ; 10.062 ; 10.529 ; 10.462 ;
; x[3]       ; n           ; 10.504 ; 10.380 ; 10.817 ; 10.719 ;
; x[3]       ; s[2]        ; 8.660  ; 8.592  ; 9.059  ; 9.004  ;
; x[3]       ; s[3]        ; 7.943  ; 7.837  ; 8.329  ; 8.217  ;
; x[3]       ; s[4]        ; 8.536  ; 8.419  ; 8.890  ; 8.767  ;
; x[3]       ; s[5]        ; 9.011  ; 8.881  ; 9.365  ; 9.229  ;
; x[3]       ; s[6]        ; 10.847 ; 10.675 ; 11.129 ; 11.072 ;
; x[3]       ; s[7]        ; 11.236 ; 11.151 ; 11.549 ; 11.490 ;
; x[3]       ; z           ; 9.886  ; 9.795  ; 10.234 ; 10.149 ;
; x[4]       ; n           ; 7.924  ; 7.826  ; 8.107  ; 7.997  ;
; x[4]       ; s[3]        ; 6.055  ; 5.946  ; 6.177  ; 6.065  ;
; x[4]       ; s[4]        ; 6.601  ; 6.484  ; 6.685  ; 6.562  ;
; x[4]       ; s[5]        ; 6.472  ; 6.336  ; 6.628  ; 6.498  ;
; x[4]       ; s[6]        ; 8.236  ; 8.179  ; 8.419  ; 8.292  ;
; x[4]       ; s[7]        ; 8.656  ; 8.597  ; 8.839  ; 8.768  ;
; x[4]       ; z           ; 7.933  ; 7.840  ; 8.029  ; 7.944  ;
; x[5]       ; n           ; 8.543  ; 8.419  ; 8.921  ; 8.823  ;
; x[5]       ; s[4]        ; 7.628  ; 7.505  ; 8.015  ; 7.892  ;
; x[5]       ; s[5]        ; 7.438  ; 7.302  ; 7.820  ; 7.690  ;
; x[5]       ; s[6]        ; 8.886  ; 8.714  ; 9.233  ; 9.176  ;
; x[5]       ; s[7]        ; 9.275  ; 9.190  ; 9.653  ; 9.594  ;
; x[5]       ; z           ; 8.899  ; 8.806  ; 9.287  ; 9.188  ;
; x[6]       ; n           ; 8.186  ; 8.088  ; 8.572  ; 8.448  ;
; x[6]       ; s[5]        ; 8.039  ; 7.906  ; 8.383  ; 8.247  ;
; x[6]       ; s[6]        ; 7.627  ; 7.488  ; 7.988  ; 7.843  ;
; x[6]       ; s[7]        ; 8.918  ; 8.859  ; 9.304  ; 9.219  ;
; x[6]       ; z           ; 9.129  ; 9.018  ; 9.484  ; 9.379  ;
; x[7]       ; n           ; 7.246  ; 7.148  ; 7.613  ; 7.521  ;
; x[7]       ; s[6]        ; 7.513  ; 7.374  ; 7.889  ; 7.744  ;
; x[7]       ; s[7]        ; 7.978  ; 7.919  ; 8.345  ; 8.292  ;
; x[7]       ; z           ; 8.249  ; 8.081  ; 8.597  ; 8.449  ;
; y[0]       ; n           ; 13.227 ; 13.129 ; 13.621 ; 13.497 ;
; y[0]       ; s[0]        ; 7.467  ; 7.302  ; 7.810  ; 7.702  ;
; y[0]       ; s[1]        ; 7.845  ; 7.734  ; 8.239  ; 8.127  ;
; y[0]       ; s[2]        ; 9.863  ; 9.804  ; 10.214 ; 10.161 ;
; y[0]       ; s[3]        ; 10.172 ; 10.060 ; 10.507 ; 10.401 ;
; y[0]       ; s[4]        ; 11.300 ; 11.177 ; 11.653 ; 11.536 ;
; y[0]       ; s[5]        ; 11.775 ; 11.639 ; 12.128 ; 11.998 ;
; y[0]       ; s[6]        ; 13.539 ; 13.457 ; 13.952 ; 13.792 ;
; y[0]       ; s[7]        ; 13.959 ; 13.900 ; 14.353 ; 14.268 ;
; y[0]       ; z           ; 10.132 ; 10.074 ; 10.532 ; 10.417 ;
; y[1]       ; n           ; 12.594 ; 12.470 ; 12.978 ; 12.880 ;
; y[1]       ; s[1]        ; 6.771  ; 6.637  ; 7.164  ; 7.028  ;
; y[1]       ; s[2]        ; 9.187  ; 9.134  ; 9.614  ; 9.555  ;
; y[1]       ; s[3]        ; 9.480  ; 9.374  ; 9.923  ; 9.811  ;
; y[1]       ; s[4]        ; 10.626 ; 10.509 ; 11.051 ; 10.928 ;
; y[1]       ; s[5]        ; 11.101 ; 10.971 ; 11.526 ; 11.390 ;
; y[1]       ; s[6]        ; 12.937 ; 12.765 ; 13.290 ; 13.233 ;
; y[1]       ; s[7]        ; 13.326 ; 13.241 ; 13.710 ; 13.651 ;
; y[1]       ; z           ; 9.620  ; 9.569  ; 10.011 ; 9.962  ;
; y[2]       ; n           ; 11.760 ; 11.662 ; 12.096 ; 11.998 ;
; y[2]       ; s[2]        ; 8.221  ; 8.151  ; 8.557  ; 8.493  ;
; y[2]       ; s[3]        ; 8.674  ; 8.568  ; 9.033  ; 8.927  ;
; y[2]       ; s[4]        ; 9.820  ; 9.703  ; 10.169 ; 10.046 ;
; y[2]       ; s[5]        ; 10.295 ; 10.165 ; 10.644 ; 10.508 ;
; y[2]       ; s[6]        ; 12.072 ; 11.959 ; 12.408 ; 12.318 ;
; y[2]       ; s[7]        ; 12.492 ; 12.433 ; 12.828 ; 12.769 ;
; y[2]       ; z           ; 9.585  ; 9.533  ; 9.927  ; 9.869  ;
; y[3]       ; n           ; 10.416 ; 10.318 ; 10.797 ; 10.673 ;
; y[3]       ; s[3]        ; 7.686  ; 7.580  ; 8.067  ; 7.988  ;
; y[3]       ; s[4]        ; 8.489  ; 8.366  ; 8.829  ; 8.712  ;
; y[3]       ; s[5]        ; 8.964  ; 8.828  ; 9.304  ; 9.174  ;
; y[3]       ; s[6]        ; 10.728 ; 10.671 ; 11.140 ; 10.968 ;
; y[3]       ; s[7]        ; 11.148 ; 11.089 ; 11.529 ; 11.444 ;
; y[3]       ; z           ; 9.640  ; 9.554  ; 10.048 ; 9.935  ;
; y[4]       ; n           ; 9.515  ; 9.417  ; 9.904  ; 9.780  ;
; y[4]       ; s[4]        ; 7.803  ; 7.711  ; 8.165  ; 8.073  ;
; y[4]       ; s[5]        ; 8.063  ; 7.927  ; 8.411  ; 8.281  ;
; y[4]       ; s[6]        ; 9.827  ; 9.770  ; 10.247 ; 10.075 ;
; y[4]       ; s[7]        ; 10.247 ; 10.188 ; 10.636 ; 10.551 ;
; y[4]       ; z           ; 9.178  ; 9.062  ; 9.540  ; 9.424  ;
; y[5]       ; n           ; 9.369  ; 9.245  ; 9.771  ; 9.673  ;
; y[5]       ; s[5]        ; 7.762  ; 7.640  ; 8.183  ; 8.067  ;
; y[5]       ; s[6]        ; 9.712  ; 9.540  ; 10.083 ; 10.026 ;
; y[5]       ; s[7]        ; 10.101 ; 10.016 ; 10.503 ; 10.444 ;
; y[5]       ; z           ; 9.237  ; 9.130  ; 9.664  ; 9.551  ;
; y[6]       ; n           ; 7.500  ; 7.376  ; 7.852  ; 7.754  ;
; y[6]       ; s[6]        ; 7.270  ; 8.122  ; 8.666  ; 7.532  ;
; y[6]       ; s[7]        ; 8.232  ; 8.147  ; 8.584  ; 8.525  ;
; y[6]       ; z           ; 8.581  ; 8.472  ; 8.959  ; 8.824  ;
; y[7]       ; n           ; 7.122  ; 7.083  ; 7.529  ; 7.400  ;
; y[7]       ; s[7]        ; 7.854  ; 7.854  ; 8.261  ; 8.171  ;
; y[7]       ; z           ; 7.956  ; 7.562  ; 8.066  ; 8.159  ;
+------------+-------------+--------+--------+--------+--------+


---------------------------------------------
; Slow 1200mV 0C Model Metastability Report ;
---------------------------------------------
No synchronizer chains to report.


--------------------------------------
; Fast 1200mV 0C Model Setup Summary ;
--------------------------------------
No paths to report.


-------------------------------------
; Fast 1200mV 0C Model Hold Summary ;
-------------------------------------
No paths to report.


-----------------------------------------
; Fast 1200mV 0C Model Recovery Summary ;
-----------------------------------------
No paths to report.


----------------------------------------
; Fast 1200mV 0C Model Removal Summary ;
----------------------------------------
No paths to report.


----------------------------------------------------
; Fast 1200mV 0C Model Minimum Pulse Width Summary ;
----------------------------------------------------
No paths to report.


+--------------------------------------------------------------+
; Propagation Delay                                            ;
+------------+-------------+--------+--------+--------+--------+
; Input Port ; Output Port ; RR     ; RF     ; FR     ; FF     ;
+------------+-------------+--------+--------+--------+--------+
; sel[0]     ; n           ; 10.886 ; 10.929 ; 11.512 ; 11.555 ;
; sel[0]     ; s[0]        ; 6.187  ; 6.199  ; 6.722  ; 6.734  ;
; sel[0]     ; s[1]        ; 5.330  ; 5.319  ; 5.923  ; 5.912  ;
; sel[0]     ; s[2]        ; 7.029  ; 7.145  ; 7.655  ; 7.771  ;
; sel[0]     ; s[3]        ; 7.371  ; 7.424  ; 7.997  ; 8.050  ;
; sel[0]     ; s[4]        ; 8.274  ; 8.356  ; 8.900  ; 8.982  ;
; sel[0]     ; s[5]        ; 8.777  ; 8.785  ; 9.403  ; 9.411  ;
; sel[0]     ; s[6]        ; 10.548 ; 10.598 ; 11.174 ; 11.224 ;
; sel[0]     ; s[7]        ; 11.515 ; 11.570 ; 12.141 ; 12.196 ;
; sel[0]     ; z           ; 11.530 ; 11.557 ; 12.156 ; 12.183 ;
; sel[1]     ; n           ; 11.376 ; 11.419 ; 11.990 ; 12.033 ;
; sel[1]     ; s[0]        ; 6.278  ; 6.290  ; 6.834  ; 6.846  ;
; sel[1]     ; s[1]        ; 5.760  ; 5.749  ; 6.434  ; 6.423  ;
; sel[1]     ; s[2]        ; 7.519  ; 7.635  ; 8.133  ; 8.249  ;
; sel[1]     ; s[3]        ; 7.861  ; 7.914  ; 8.475  ; 8.528  ;
; sel[1]     ; s[4]        ; 8.764  ; 8.846  ; 9.378  ; 9.460  ;
; sel[1]     ; s[5]        ; 9.267  ; 9.275  ; 9.881  ; 9.889  ;
; sel[1]     ; s[6]        ; 11.038 ; 11.088 ; 11.652 ; 11.702 ;
; sel[1]     ; s[7]        ; 12.005 ; 12.060 ; 12.619 ; 12.674 ;
; sel[1]     ; z           ; 12.020 ; 12.047 ; 12.634 ; 12.661 ;
; sel[2]     ; n           ; 10.108 ; 10.151 ; 10.393 ; 10.436 ;
; sel[2]     ; s[0]        ; 5.187  ; 5.199  ; 5.323  ; 5.335  ;
; sel[2]     ; s[1]        ; 4.732  ; 4.721  ; 4.881  ; 4.872  ;
; sel[2]     ; s[2]        ; 6.251  ; 6.367  ; 6.536  ; 6.652  ;
; sel[2]     ; s[3]        ; 6.593  ; 6.646  ; 6.878  ; 6.931  ;
; sel[2]     ; s[4]        ; 7.496  ; 7.578  ; 7.781  ; 7.863  ;
; sel[2]     ; s[5]        ; 7.999  ; 8.007  ; 8.284  ; 8.292  ;
; sel[2]     ; s[6]        ; 9.770  ; 9.820  ; 10.055 ; 10.105 ;
; sel[2]     ; s[7]        ; 10.737 ; 10.792 ; 11.022 ; 11.077 ;
; sel[2]     ; z           ; 10.752 ; 10.779 ; 11.037 ; 11.064 ;
; x[0]       ; n           ; 11.110 ; 11.153 ; 11.748 ; 11.791 ;
; x[0]       ; s[0]        ; 5.474  ; 5.486  ; 6.136  ; 6.148  ;
; x[0]       ; s[1]        ; 5.554  ; 5.543  ; 6.192  ; 6.181  ;
; x[0]       ; s[2]        ; 7.253  ; 7.369  ; 7.891  ; 8.007  ;
; x[0]       ; s[3]        ; 7.595  ; 7.648  ; 8.233  ; 8.286  ;
; x[0]       ; s[4]        ; 8.498  ; 8.580  ; 9.136  ; 9.218  ;
; x[0]       ; s[5]        ; 9.001  ; 9.009  ; 9.639  ; 9.647  ;
; x[0]       ; s[6]        ; 10.772 ; 10.822 ; 11.410 ; 11.460 ;
; x[0]       ; s[7]        ; 11.739 ; 11.794 ; 12.377 ; 12.432 ;
; x[0]       ; z           ; 11.754 ; 11.781 ; 12.392 ; 12.419 ;
; x[1]       ; n           ; 10.163 ; 10.206 ; 11.070 ; 11.113 ;
; x[1]       ; s[0]        ; 5.378  ; 5.390  ; 6.024  ; 6.036  ;
; x[1]       ; s[1]        ; 5.134  ; 5.128  ; 5.790  ; 5.779  ;
; x[1]       ; s[2]        ; 6.534  ; 6.650  ; 7.213  ; 7.329  ;
; x[1]       ; s[3]        ; 6.749  ; 6.802  ; 7.555  ; 7.608  ;
; x[1]       ; s[4]        ; 7.608  ; 7.690  ; 8.458  ; 8.540  ;
; x[1]       ; s[5]        ; 8.054  ; 8.062  ; 8.961  ; 8.969  ;
; x[1]       ; s[6]        ; 9.825  ; 9.875  ; 10.732 ; 10.782 ;
; x[1]       ; s[7]        ; 10.792 ; 10.847 ; 11.699 ; 11.754 ;
; x[1]       ; z           ; 10.807 ; 10.834 ; 11.714 ; 11.741 ;
; x[2]       ; n           ; 10.271 ; 10.314 ; 11.479 ; 11.522 ;
; x[2]       ; s[1]        ; 5.411  ; 5.402  ; 6.103  ; 6.092  ;
; x[2]       ; s[2]        ; 6.882  ; 6.998  ; 7.622  ; 7.738  ;
; x[2]       ; s[3]        ; 7.097  ; 7.150  ; 7.964  ; 8.017  ;
; x[2]       ; s[4]        ; 7.956  ; 8.038  ; 8.867  ; 8.949  ;
; x[2]       ; s[5]        ; 8.362  ; 8.370  ; 9.370  ; 9.378  ;
; x[2]       ; s[6]        ; 10.043 ; 10.093 ; 11.141 ; 11.191 ;
; x[2]       ; s[7]        ; 10.900 ; 10.955 ; 12.108 ; 12.163 ;
; x[2]       ; z           ; 11.025 ; 11.052 ; 12.123 ; 12.150 ;
; x[3]       ; n           ; 9.214  ; 9.257  ; 10.283 ; 10.326 ;
; x[3]       ; s[2]        ; 5.968  ; 6.065  ; 6.619  ; 6.735  ;
; x[3]       ; s[3]        ; 6.040  ; 6.093  ; 6.768  ; 6.821  ;
; x[3]       ; s[4]        ; 6.899  ; 6.981  ; 7.671  ; 7.753  ;
; x[3]       ; s[5]        ; 7.305  ; 7.313  ; 8.174  ; 8.182  ;
; x[3]       ; s[6]        ; 8.986  ; 9.036  ; 9.945  ; 9.995  ;
; x[3]       ; s[7]        ; 9.843  ; 9.898  ; 10.912 ; 10.967 ;
; x[3]       ; z           ; 9.968  ; 9.995  ; 10.927 ; 10.954 ;
; x[4]       ; n           ; 7.249  ; 7.292  ; 7.853  ; 7.896  ;
; x[4]       ; s[3]        ; 4.085  ; 4.138  ; 4.367  ; 4.420  ;
; x[4]       ; s[4]        ; 4.934  ; 5.016  ; 5.241  ; 5.323  ;
; x[4]       ; s[5]        ; 5.340  ; 5.348  ; 5.744  ; 5.752  ;
; x[4]       ; s[6]        ; 7.021  ; 7.071  ; 7.515  ; 7.565  ;
; x[4]       ; s[7]        ; 7.878  ; 7.933  ; 8.482  ; 8.537  ;
; x[4]       ; z           ; 8.003  ; 8.030  ; 8.497  ; 8.524  ;
; x[5]       ; n           ; 7.567  ; 7.610  ; 8.464  ; 8.507  ;
; x[5]       ; s[4]        ; 5.160  ; 5.242  ; 5.786  ; 5.868  ;
; x[5]       ; s[5]        ; 5.658  ; 5.666  ; 6.355  ; 6.363  ;
; x[5]       ; s[6]        ; 7.339  ; 7.389  ; 8.126  ; 8.176  ;
; x[5]       ; s[7]        ; 8.196  ; 8.251  ; 9.093  ; 9.148  ;
; x[5]       ; z           ; 8.321  ; 8.348  ; 9.108  ; 9.135  ;
; x[6]       ; n           ; 7.270  ; 7.313  ; 8.106  ; 8.149  ;
; x[6]       ; s[5]        ; 5.415  ; 5.423  ; 6.070  ; 6.078  ;
; x[6]       ; s[6]        ; 7.042  ; 7.092  ; 7.768  ; 7.818  ;
; x[6]       ; s[7]        ; 7.899  ; 7.954  ; 8.735  ; 8.790  ;
; x[6]       ; z           ; 8.024  ; 8.051  ; 8.750  ; 8.777  ;
; x[7]       ; n           ; 6.362  ; 6.405  ; 7.025  ; 7.068  ;
; x[7]       ; s[6]        ; 5.969  ; 6.050  ; 6.628  ; 6.702  ;
; x[7]       ; s[7]        ; 6.991  ; 7.046  ; 7.654  ; 7.709  ;
; x[7]       ; z           ; 6.982  ; 6.978  ; 7.634  ; 7.637  ;
; y[0]       ; n           ; 11.010 ; 11.053 ; 11.595 ; 11.638 ;
; y[0]       ; s[0]        ; 5.187  ; 5.219  ; 5.781  ; 5.845  ;
; y[0]       ; s[1]        ; 5.454  ; 5.443  ; 6.039  ; 6.028  ;
; y[0]       ; s[2]        ; 7.153  ; 7.269  ; 7.738  ; 7.854  ;
; y[0]       ; s[3]        ; 7.495  ; 7.548  ; 8.080  ; 8.133  ;
; y[0]       ; s[4]        ; 8.398  ; 8.480  ; 8.983  ; 9.065  ;
; y[0]       ; s[5]        ; 8.901  ; 8.909  ; 9.486  ; 9.494  ;
; y[0]       ; s[6]        ; 10.672 ; 10.722 ; 11.257 ; 11.307 ;
; y[0]       ; s[7]        ; 11.639 ; 11.694 ; 12.224 ; 12.279 ;
; y[0]       ; z           ; 11.654 ; 11.681 ; 12.239 ; 12.266 ;
; y[1]       ; n           ; 10.209 ; 10.252 ; 10.964 ; 11.007 ;
; y[1]       ; s[1]        ; 4.703  ; 4.709  ; 5.320  ; 5.326  ;
; y[1]       ; s[2]        ; 6.406  ; 6.522  ; 7.107  ; 7.223  ;
; y[1]       ; s[3]        ; 6.694  ; 6.747  ; 7.449  ; 7.502  ;
; y[1]       ; s[4]        ; 7.597  ; 7.679  ; 8.352  ; 8.434  ;
; y[1]       ; s[5]        ; 8.100  ; 8.108  ; 8.855  ; 8.863  ;
; y[1]       ; s[6]        ; 9.871  ; 9.921  ; 10.626 ; 10.676 ;
; y[1]       ; s[7]        ; 10.838 ; 10.893 ; 11.593 ; 11.648 ;
; y[1]       ; z           ; 10.853 ; 10.880 ; 11.608 ; 11.635 ;
; y[2]       ; n           ; 9.438  ; 9.481  ; 9.999  ; 10.042 ;
; y[2]       ; s[2]        ; 5.820  ; 5.919  ; 6.431  ; 6.530  ;
; y[2]       ; s[3]        ; 5.923  ; 5.976  ; 6.484  ; 6.537  ;
; y[2]       ; s[4]        ; 6.826  ; 6.908  ; 7.387  ; 7.469  ;
; y[2]       ; s[5]        ; 7.329  ; 7.337  ; 7.890  ; 7.898  ;
; y[2]       ; s[6]        ; 9.100  ; 9.150  ; 9.661  ; 9.711  ;
; y[2]       ; s[7]        ; 10.067 ; 10.122 ; 10.628 ; 10.683 ;
; y[2]       ; z           ; 10.082 ; 10.109 ; 10.643 ; 10.670 ;
; y[3]       ; n           ; 8.483  ; 8.526  ; 8.931  ; 8.974  ;
; y[3]       ; s[3]        ; 5.285  ; 5.361  ; 5.922  ; 5.999  ;
; y[3]       ; s[4]        ; 5.871  ; 5.953  ; 6.442  ; 6.524  ;
; y[3]       ; s[5]        ; 6.374  ; 6.382  ; 6.848  ; 6.856  ;
; y[3]       ; s[6]        ; 8.145  ; 8.195  ; 8.593  ; 8.643  ;
; y[3]       ; s[7]        ; 9.112  ; 9.167  ; 9.560  ; 9.615  ;
; y[3]       ; z           ; 9.127  ; 9.154  ; 9.575  ; 9.602  ;
; y[4]       ; n           ; 7.700  ; 7.743  ; 8.224  ; 8.267  ;
; y[4]       ; s[4]        ; 5.313  ; 5.411  ; 5.911  ; 6.032  ;
; y[4]       ; s[5]        ; 5.591  ; 5.599  ; 6.142  ; 6.150  ;
; y[4]       ; s[6]        ; 7.362  ; 7.412  ; 7.886  ; 7.936  ;
; y[4]       ; s[7]        ; 8.329  ; 8.384  ; 8.853  ; 8.908  ;
; y[4]       ; z           ; 8.344  ; 8.371  ; 8.868  ; 8.895  ;
; y[5]       ; n           ; 7.316  ; 7.359  ; 8.134  ; 8.177  ;
; y[5]       ; s[5]        ; 5.392  ; 5.391  ; 6.072  ; 6.071  ;
; y[5]       ; s[6]        ; 7.016  ; 7.066  ; 7.796  ; 7.846  ;
; y[5]       ; s[7]        ; 7.945  ; 8.000  ; 8.763  ; 8.818  ;
; y[5]       ; z           ; 7.998  ; 8.025  ; 8.778  ; 8.805  ;
; y[6]       ; n           ; 5.910  ; 5.953  ; 6.608  ; 6.651  ;
; y[6]       ; s[6]        ; 5.665  ; 5.715  ; 6.274  ; 6.324  ;
; y[6]       ; s[7]        ; 6.539  ; 6.594  ; 7.237  ; 7.292  ;
; y[6]       ; z           ; 6.647  ; 6.674  ; 7.256  ; 7.283  ;
; y[7]       ; n           ; 4.831  ; 4.874  ; 5.419  ; 5.490  ;
; y[7]       ; s[7]        ; 5.460  ; 5.515  ; 6.048  ; 6.131  ;
; y[7]       ; z           ; 5.357  ; 5.426  ; 5.967  ; 6.018  ;
+------------+-------------+--------+--------+--------+--------+


+----------------------------------------------------------+
; Minimum Propagation Delay                                ;
+------------+-------------+-------+-------+-------+-------+
; Input Port ; Output Port ; RR    ; RF    ; FR    ; FF    ;
+------------+-------------+-------+-------+-------+-------+
; sel[0]     ; n           ; 4.453 ; 4.538 ; 5.075 ; 5.085 ;
; sel[0]     ; s[0]        ; 4.753 ; 4.770 ; 5.318 ; 5.335 ;
; sel[0]     ; s[1]        ; 4.474 ; 4.464 ; 5.039 ; 5.029 ;
; sel[0]     ; s[2]        ; 5.318 ; 5.415 ; 5.905 ; 6.002 ;
; sel[0]     ; s[3]        ; 4.700 ; 4.753 ; 5.288 ; 5.342 ;
; sel[0]     ; s[4]        ; 4.802 ; 4.894 ; 5.391 ; 5.483 ;
; sel[0]     ; s[5]        ; 4.775 ; 4.784 ; 5.340 ; 5.349 ;
; sel[0]     ; s[6]        ; 4.735 ; 4.752 ; 5.328 ; 5.364 ;
; sel[0]     ; s[7]        ; 5.082 ; 5.179 ; 5.704 ; 5.726 ;
; sel[0]     ; z           ; 5.025 ; 4.905 ; 5.414 ; 5.696 ;
; sel[1]     ; n           ; 4.923 ; 5.157 ; 5.781 ; 5.622 ;
; sel[1]     ; s[0]        ; 5.089 ; 5.106 ; 5.731 ; 5.748 ;
; sel[1]     ; s[1]        ; 4.853 ; 4.843 ; 5.513 ; 5.496 ;
; sel[1]     ; s[2]        ; 5.582 ; 5.679 ; 6.229 ; 6.319 ;
; sel[1]     ; s[3]        ; 5.192 ; 5.245 ; 5.853 ; 5.925 ;
; sel[1]     ; s[4]        ; 5.294 ; 5.387 ; 5.960 ; 6.052 ;
; sel[1]     ; s[5]        ; 5.202 ; 5.211 ; 5.801 ; 5.814 ;
; sel[1]     ; s[6]        ; 4.868 ; 4.896 ; 5.504 ; 5.519 ;
; sel[1]     ; s[7]        ; 5.552 ; 5.798 ; 6.410 ; 6.263 ;
; sel[1]     ; z           ; 5.549 ; 5.391 ; 5.962 ; 6.233 ;
; sel[2]     ; n           ; 3.774 ; 4.061 ; 4.209 ; 4.046 ;
; sel[2]     ; s[0]        ; 4.184 ; 4.133 ; 4.357 ; 4.450 ;
; sel[2]     ; s[1]        ; 3.860 ; 3.850 ; 4.109 ; 4.094 ;
; sel[2]     ; s[2]        ; 4.663 ; 4.755 ; 4.890 ; 4.982 ;
; sel[2]     ; s[3]        ; 3.965 ; 4.018 ; 4.169 ; 4.222 ;
; sel[2]     ; s[4]        ; 3.831 ; 3.917 ; 4.086 ; 4.172 ;
; sel[2]     ; s[5]        ; 3.869 ; 3.882 ; 4.100 ; 4.113 ;
; sel[2]     ; s[6]        ; 4.034 ; 3.723 ; 3.937 ; 4.295 ;
; sel[2]     ; s[7]        ; 4.403 ; 4.702 ; 4.838 ; 4.687 ;
; sel[2]     ; z           ; 4.390 ; 4.248 ; 4.386 ; 4.661 ;
; x[0]       ; n           ; 8.352 ; 8.323 ; 8.987 ; 8.958 ;
; x[0]       ; s[0]        ; 5.034 ; 5.041 ; 5.663 ; 5.677 ;
; x[0]       ; s[1]        ; 5.248 ; 5.237 ; 5.883 ; 5.872 ;
; x[0]       ; s[2]        ; 6.560 ; 6.652 ; 7.195 ; 7.287 ;
; x[0]       ; s[3]        ; 6.542 ; 6.599 ; 7.177 ; 7.234 ;
; x[0]       ; s[4]        ; 7.201 ; 7.287 ; 7.836 ; 7.922 ;
; x[0]       ; s[5]        ; 7.522 ; 7.535 ; 8.157 ; 8.170 ;
; x[0]       ; s[6]        ; 8.544 ; 8.659 ; 9.179 ; 9.294 ;
; x[0]       ; s[7]        ; 8.981 ; 8.964 ; 9.616 ; 9.599 ;
; x[0]       ; z           ; 6.699 ; 6.734 ; 7.335 ; 7.363 ;
; x[1]       ; n           ; 7.972 ; 7.943 ; 8.435 ; 8.406 ;
; x[1]       ; s[0]        ; 5.158 ; 5.175 ; 5.793 ; 5.810 ;
; x[1]       ; s[1]        ; 4.916 ; 4.905 ; 5.540 ; 5.529 ;
; x[1]       ; s[2]        ; 6.104 ; 6.196 ; 6.643 ; 6.735 ;
; x[1]       ; s[3]        ; 6.150 ; 6.207 ; 6.625 ; 6.682 ;
; x[1]       ; s[4]        ; 6.821 ; 6.907 ; 7.284 ; 7.370 ;
; x[1]       ; s[5]        ; 7.142 ; 7.155 ; 7.605 ; 7.618 ;
; x[1]       ; s[6]        ; 8.164 ; 8.279 ; 8.627 ; 8.742 ;
; x[1]       ; s[7]        ; 8.601 ; 8.584 ; 9.064 ; 9.047 ;
; x[1]       ; z           ; 6.671 ; 6.728 ; 7.295 ; 7.352 ;
; x[2]       ; n           ; 7.376 ; 7.347 ; 7.884 ; 7.855 ;
; x[2]       ; s[1]        ; 5.180 ; 5.169 ; 5.837 ; 5.826 ;
; x[2]       ; s[2]        ; 5.803 ; 5.895 ; 6.452 ; 6.547 ;
; x[2]       ; s[3]        ; 5.537 ; 5.594 ; 6.074 ; 6.131 ;
; x[2]       ; s[4]        ; 6.225 ; 6.311 ; 6.733 ; 6.819 ;
; x[2]       ; s[5]        ; 6.546 ; 6.559 ; 7.054 ; 7.067 ;
; x[2]       ; s[6]        ; 7.568 ; 7.683 ; 8.076 ; 8.191 ;
; x[2]       ; s[7]        ; 8.005 ; 7.988 ; 8.513 ; 8.496 ;
; x[2]       ; z           ; 6.506 ; 6.585 ; 7.158 ; 7.234 ;
; x[3]       ; n           ; 6.777 ; 6.748 ; 7.234 ; 7.205 ;
; x[3]       ; s[2]        ; 5.750 ; 5.842 ; 6.387 ; 6.480 ;
; x[3]       ; s[3]        ; 5.150 ; 5.207 ; 5.800 ; 5.850 ;
; x[3]       ; s[4]        ; 5.516 ; 5.602 ; 6.083 ; 6.169 ;
; x[3]       ; s[5]        ; 5.891 ; 5.904 ; 6.404 ; 6.417 ;
; x[3]       ; s[6]        ; 6.969 ; 7.056 ; 7.426 ; 7.541 ;
; x[3]       ; s[7]        ; 7.406 ; 7.389 ; 7.863 ; 7.846 ;
; x[3]       ; z           ; 6.344 ; 6.441 ; 6.917 ; 7.008 ;
; x[4]       ; n           ; 5.053 ; 5.024 ; 5.371 ; 5.342 ;
; x[4]       ; s[3]        ; 3.928 ; 3.985 ; 4.221 ; 4.278 ;
; x[4]       ; s[4]        ; 4.227 ; 4.313 ; 4.550 ; 4.630 ;
; x[4]       ; s[5]        ; 4.223 ; 4.236 ; 4.541 ; 4.554 ;
; x[4]       ; s[6]        ; 5.245 ; 5.360 ; 5.563 ; 5.678 ;
; x[4]       ; s[7]        ; 5.682 ; 5.665 ; 6.000 ; 5.983 ;
; x[4]       ; z           ; 5.061 ; 5.152 ; 5.378 ; 5.475 ;
; x[5]       ; n           ; 5.604 ; 5.556 ; 6.121 ; 6.092 ;
; x[5]       ; s[4]        ; 4.948 ; 5.034 ; 5.571 ; 5.657 ;
; x[5]       ; s[5]        ; 4.889 ; 4.902 ; 5.501 ; 5.514 ;
; x[5]       ; s[6]        ; 5.792 ; 5.835 ; 6.313 ; 6.428 ;
; x[5]       ; s[7]        ; 6.233 ; 6.197 ; 6.750 ; 6.733 ;
; x[5]       ; z           ; 5.753 ; 5.829 ; 6.365 ; 6.441 ;
; x[6]       ; n           ; 5.285 ; 5.256 ; 5.928 ; 5.880 ;
; x[6]       ; s[5]        ; 5.207 ; 5.220 ; 5.858 ; 5.871 ;
; x[6]       ; s[6]        ; 4.963 ; 4.984 ; 5.581 ; 5.595 ;
; x[6]       ; s[7]        ; 5.914 ; 5.897 ; 6.557 ; 6.521 ;
; x[6]       ; z           ; 5.880 ; 5.929 ; 6.491 ; 6.547 ;
; x[7]       ; n           ; 4.756 ; 4.723 ; 5.361 ; 5.335 ;
; x[7]       ; s[6]        ; 4.919 ; 4.940 ; 5.547 ; 5.561 ;
; x[7]       ; s[7]        ; 5.385 ; 5.364 ; 5.990 ; 5.976 ;
; x[7]       ; z           ; 5.350 ; 5.395 ; 5.958 ; 6.014 ;
; y[0]       ; n           ; 8.238 ; 8.209 ; 8.865 ; 8.836 ;
; y[0]       ; s[0]        ; 4.932 ; 4.925 ; 5.511 ; 5.545 ;
; y[0]       ; s[1]        ; 5.134 ; 5.123 ; 5.761 ; 5.750 ;
; y[0]       ; s[2]        ; 6.446 ; 6.538 ; 7.073 ; 7.165 ;
; y[0]       ; s[3]        ; 6.428 ; 6.485 ; 7.055 ; 7.112 ;
; y[0]       ; s[4]        ; 7.087 ; 7.173 ; 7.714 ; 7.800 ;
; y[0]       ; s[5]        ; 7.408 ; 7.421 ; 8.035 ; 8.048 ;
; y[0]       ; s[6]        ; 8.430 ; 8.545 ; 9.057 ; 9.172 ;
; y[0]       ; s[7]        ; 8.867 ; 8.850 ; 9.494 ; 9.477 ;
; y[0]       ; z           ; 6.583 ; 6.632 ; 7.203 ; 7.211 ;
; y[1]       ; n           ; 7.961 ; 7.932 ; 8.464 ; 8.435 ;
; y[1]       ; s[1]        ; 4.470 ; 4.460 ; 5.085 ; 5.075 ;
; y[1]       ; s[2]        ; 6.123 ; 6.215 ; 6.672 ; 6.764 ;
; y[1]       ; s[3]        ; 6.151 ; 6.208 ; 6.654 ; 6.711 ;
; y[1]       ; s[4]        ; 6.810 ; 6.896 ; 7.313 ; 7.399 ;
; y[1]       ; s[5]        ; 7.131 ; 7.144 ; 7.634 ; 7.647 ;
; y[1]       ; s[6]        ; 8.153 ; 8.268 ; 8.656 ; 8.771 ;
; y[1]       ; s[7]        ; 8.590 ; 8.573 ; 9.093 ; 9.076 ;
; y[1]       ; z           ; 6.226 ; 6.282 ; 6.841 ; 6.897 ;
; y[2]       ; n           ; 7.369 ; 7.340 ; 7.957 ; 7.928 ;
; y[2]       ; s[2]        ; 5.465 ; 5.562 ; 6.050 ; 6.147 ;
; y[2]       ; s[3]        ; 5.559 ; 5.616 ; 6.147 ; 6.204 ;
; y[2]       ; s[4]        ; 6.218 ; 6.304 ; 6.806 ; 6.892 ;
; y[2]       ; s[5]        ; 6.539 ; 6.552 ; 7.127 ; 7.140 ;
; y[2]       ; s[6]        ; 7.561 ; 7.676 ; 8.149 ; 8.264 ;
; y[2]       ; s[7]        ; 7.998 ; 7.981 ; 8.586 ; 8.569 ;
; y[2]       ; z           ; 6.173 ; 6.247 ; 6.758 ; 6.832 ;
; y[3]       ; n           ; 6.584 ; 6.555 ; 7.301 ; 7.272 ;
; y[3]       ; s[3]        ; 4.994 ; 5.047 ; 5.634 ; 5.706 ;
; y[3]       ; s[4]        ; 5.433 ; 5.519 ; 6.067 ; 6.153 ;
; y[3]       ; s[5]        ; 5.754 ; 5.767 ; 6.442 ; 6.455 ;
; y[3]       ; s[6]        ; 6.776 ; 6.891 ; 7.493 ; 7.607 ;
; y[3]       ; s[7]        ; 7.213 ; 7.196 ; 7.930 ; 7.913 ;
; y[3]       ; z           ; 6.184 ; 6.290 ; 6.843 ; 6.930 ;
; y[4]       ; n           ; 6.075 ; 6.046 ; 6.735 ; 6.706 ;
; y[4]       ; s[4]        ; 5.049 ; 5.142 ; 5.666 ; 5.758 ;
; y[4]       ; s[5]        ; 5.245 ; 5.258 ; 5.878 ; 5.891 ;
; y[4]       ; s[6]        ; 6.267 ; 6.382 ; 6.927 ; 7.042 ;
; y[4]       ; s[7]        ; 6.704 ; 6.687 ; 7.364 ; 7.347 ;
; y[4]       ; z           ; 5.890 ; 5.974 ; 6.506 ; 6.591 ;
; y[5]       ; n           ; 6.122 ; 6.074 ; 6.699 ; 6.670 ;
; y[5]       ; s[5]        ; 5.110 ; 5.119 ; 5.785 ; 5.794 ;
; y[5]       ; s[6]        ; 6.310 ; 6.353 ; 6.891 ; 7.006 ;
; y[5]       ; s[7]        ; 6.751 ; 6.715 ; 7.328 ; 7.311 ;
; y[5]       ; z           ; 5.970 ; 6.050 ; 6.645 ; 6.725 ;
; y[6]       ; n           ; 4.920 ; 4.872 ; 5.478 ; 5.449 ;
; y[6]       ; s[6]        ; 4.795 ; 5.435 ; 5.970 ; 5.415 ;
; y[6]       ; s[7]        ; 5.549 ; 5.513 ; 6.107 ; 6.090 ;
; y[6]       ; z           ; 5.534 ; 5.688 ; 6.111 ; 6.246 ;
; y[7]       ; n           ; 4.624 ; 4.699 ; 5.237 ; 5.274 ;
; y[7]       ; s[7]        ; 5.253 ; 5.340 ; 5.866 ; 5.915 ;
; y[7]       ; z           ; 5.167 ; 5.076 ; 5.603 ; 5.816 ;
+------------+-------------+-------+-------+-------+-------+


---------------------------------------------
; Fast 1200mV 0C Model Metastability Report ;
---------------------------------------------
No synchronizer chains to report.


+----------------------------------------------------------------------------+
; Multicorner Timing Analysis Summary                                        ;
+------------------+-------+------+----------+---------+---------------------+
; Clock            ; Setup ; Hold ; Recovery ; Removal ; Minimum Pulse Width ;
+------------------+-------+------+----------+---------+---------------------+
; Worst-case Slack ; N/A   ; N/A  ; N/A      ; N/A     ; N/A                 ;
; Design-wide TNS  ; 0.0   ; 0.0  ; 0.0      ; 0.0     ; 0.0                 ;
+------------------+-------+------+----------+---------+---------------------+


+--------------------------------------------------------------+
; Propagation Delay                                            ;
+------------+-------------+--------+--------+--------+--------+
; Input Port ; Output Port ; RR     ; RF     ; FR     ; FF     ;
+------------+-------------+--------+--------+--------+--------+
; sel[0]     ; n           ; 19.110 ; 19.008 ; 19.564 ; 19.462 ;
; sel[0]     ; s[0]        ; 10.589 ; 10.488 ; 11.018 ; 10.917 ;
; sel[0]     ; s[1]        ; 9.149  ; 9.080  ; 9.603  ; 9.534  ;
; sel[0]     ; s[2]        ; 12.039 ; 12.031 ; 12.493 ; 12.485 ;
; sel[0]     ; s[3]        ; 12.832 ; 12.713 ; 13.286 ; 13.167 ;
; sel[0]     ; s[4]        ; 14.446 ; 14.358 ; 14.900 ; 14.812 ;
; sel[0]     ; s[5]        ; 15.241 ; 15.147 ; 15.695 ; 15.601 ;
; sel[0]     ; s[6]        ; 18.367 ; 18.291 ; 18.821 ; 18.745 ;
; sel[0]     ; s[7]        ; 19.946 ; 19.909 ; 20.400 ; 20.363 ;
; sel[0]     ; z           ; 20.125 ; 20.024 ; 20.579 ; 20.478 ;
; sel[1]     ; n           ; 19.893 ; 19.791 ; 20.381 ; 20.279 ;
; sel[1]     ; s[0]        ; 10.716 ; 10.615 ; 11.184 ; 11.083 ;
; sel[1]     ; s[1]        ; 9.880  ; 9.811  ; 10.420 ; 10.351 ;
; sel[1]     ; s[2]        ; 12.822 ; 12.814 ; 13.310 ; 13.302 ;
; sel[1]     ; s[3]        ; 13.615 ; 13.496 ; 14.103 ; 13.984 ;
; sel[1]     ; s[4]        ; 15.229 ; 15.141 ; 15.717 ; 15.629 ;
; sel[1]     ; s[5]        ; 16.024 ; 15.930 ; 16.512 ; 16.418 ;
; sel[1]     ; s[6]        ; 19.150 ; 19.074 ; 19.638 ; 19.562 ;
; sel[1]     ; s[7]        ; 20.729 ; 20.692 ; 21.217 ; 21.180 ;
; sel[1]     ; z           ; 20.908 ; 20.807 ; 21.396 ; 21.295 ;
; sel[2]     ; n           ; 17.552 ; 17.450 ; 17.662 ; 17.560 ;
; sel[2]     ; s[0]        ; 8.672  ; 8.571  ; 8.662  ; 8.561  ;
; sel[2]     ; s[1]        ; 7.921  ; 7.852  ; 7.916  ; 7.861  ;
; sel[2]     ; s[2]        ; 10.481 ; 10.473 ; 10.591 ; 10.583 ;
; sel[2]     ; s[3]        ; 11.274 ; 11.155 ; 11.384 ; 11.265 ;
; sel[2]     ; s[4]        ; 12.888 ; 12.800 ; 12.998 ; 12.910 ;
; sel[2]     ; s[5]        ; 13.683 ; 13.589 ; 13.793 ; 13.699 ;
; sel[2]     ; s[6]        ; 16.809 ; 16.733 ; 16.919 ; 16.843 ;
; sel[2]     ; s[7]        ; 18.388 ; 18.351 ; 18.498 ; 18.461 ;
; sel[2]     ; z           ; 18.567 ; 18.466 ; 18.677 ; 18.576 ;
; x[0]       ; n           ; 19.470 ; 19.368 ; 19.965 ; 19.863 ;
; x[0]       ; s[0]        ; 9.386  ; 9.285  ; 9.899  ; 9.798  ;
; x[0]       ; s[1]        ; 9.509  ; 9.440  ; 10.004 ; 9.935  ;
; x[0]       ; s[2]        ; 12.399 ; 12.391 ; 12.894 ; 12.886 ;
; x[0]       ; s[3]        ; 13.192 ; 13.073 ; 13.687 ; 13.568 ;
; x[0]       ; s[4]        ; 14.806 ; 14.718 ; 15.301 ; 15.213 ;
; x[0]       ; s[5]        ; 15.601 ; 15.507 ; 16.096 ; 16.002 ;
; x[0]       ; s[6]        ; 18.727 ; 18.651 ; 19.222 ; 19.146 ;
; x[0]       ; s[7]        ; 20.306 ; 20.269 ; 20.801 ; 20.764 ;
; x[0]       ; z           ; 20.485 ; 20.384 ; 20.980 ; 20.879 ;
; x[1]       ; n           ; 17.917 ; 17.824 ; 18.806 ; 18.704 ;
; x[1]       ; s[0]        ; 9.245  ; 9.144  ; 9.747  ; 9.646  ;
; x[1]       ; s[1]        ; 8.820  ; 8.765  ; 9.340  ; 9.271  ;
; x[1]       ; s[2]        ; 11.237 ; 11.238 ; 11.735 ; 11.727 ;
; x[1]       ; s[3]        ; 11.948 ; 11.829 ; 12.528 ; 12.409 ;
; x[1]       ; s[4]        ; 13.534 ; 13.437 ; 14.142 ; 14.054 ;
; x[1]       ; s[5]        ; 14.207 ; 14.113 ; 14.937 ; 14.843 ;
; x[1]       ; s[6]        ; 17.275 ; 17.199 ; 18.063 ; 17.987 ;
; x[1]       ; s[7]        ; 18.753 ; 18.725 ; 19.642 ; 19.605 ;
; x[1]       ; z           ; 19.033 ; 18.932 ; 19.821 ; 19.720 ;
; x[2]       ; n           ; 18.550 ; 18.457 ; 19.495 ; 19.393 ;
; x[2]       ; s[1]        ; 9.322  ; 9.267  ; 9.864  ; 9.795  ;
; x[2]       ; s[2]        ; 11.870 ; 11.871 ; 12.424 ; 12.416 ;
; x[2]       ; s[3]        ; 12.581 ; 12.462 ; 13.217 ; 13.098 ;
; x[2]       ; s[4]        ; 14.167 ; 14.070 ; 14.831 ; 14.743 ;
; x[2]       ; s[5]        ; 14.840 ; 14.746 ; 15.626 ; 15.532 ;
; x[2]       ; s[6]        ; 17.908 ; 17.832 ; 18.752 ; 18.676 ;
; x[2]       ; s[7]        ; 19.386 ; 19.358 ; 20.331 ; 20.294 ;
; x[2]       ; z           ; 19.666 ; 19.565 ; 20.510 ; 20.409 ;
; x[3]       ; n           ; 16.536 ; 16.443 ; 17.401 ; 17.299 ;
; x[3]       ; s[2]        ; 10.129 ; 10.099 ; 10.661 ; 10.665 ;
; x[3]       ; s[3]        ; 10.567 ; 10.448 ; 11.123 ; 11.004 ;
; x[3]       ; s[4]        ; 12.153 ; 12.056 ; 12.737 ; 12.649 ;
; x[3]       ; s[5]        ; 12.826 ; 12.732 ; 13.532 ; 13.438 ;
; x[3]       ; s[6]        ; 15.894 ; 15.818 ; 16.658 ; 16.582 ;
; x[3]       ; s[7]        ; 17.372 ; 17.344 ; 18.237 ; 18.200 ;
; x[3]       ; z           ; 17.652 ; 17.551 ; 18.416 ; 18.315 ;
; x[4]       ; n           ; 12.930 ; 12.837 ; 13.309 ; 13.207 ;
; x[4]       ; s[3]        ; 6.980  ; 6.861  ; 7.088  ; 6.973  ;
; x[4]       ; s[4]        ; 8.547  ; 8.450  ; 8.645  ; 8.557  ;
; x[4]       ; s[5]        ; 9.220  ; 9.126  ; 9.440  ; 9.346  ;
; x[4]       ; s[6]        ; 12.288 ; 12.212 ; 12.566 ; 12.490 ;
; x[4]       ; s[7]        ; 13.766 ; 13.738 ; 14.145 ; 14.108 ;
; x[4]       ; z           ; 14.046 ; 13.945 ; 14.324 ; 14.223 ;
; x[5]       ; n           ; 13.432 ; 13.339 ; 14.169 ; 14.067 ;
; x[5]       ; s[4]        ; 8.882  ; 8.785  ; 9.380  ; 9.291  ;
; x[5]       ; s[5]        ; 9.722  ; 9.628  ; 10.300 ; 10.206 ;
; x[5]       ; s[6]        ; 12.790 ; 12.714 ; 13.426 ; 13.350 ;
; x[5]       ; s[7]        ; 14.268 ; 14.240 ; 15.005 ; 14.968 ;
; x[5]       ; z           ; 14.548 ; 14.447 ; 15.184 ; 15.083 ;
; x[6]       ; n           ; 12.933 ; 12.840 ; 13.539 ; 13.437 ;
; x[6]       ; s[5]        ; 9.335  ; 9.241  ; 9.805  ; 9.715  ;
; x[6]       ; s[6]        ; 12.291 ; 12.215 ; 12.796 ; 12.720 ;
; x[6]       ; s[7]        ; 13.769 ; 13.741 ; 14.375 ; 14.338 ;
; x[6]       ; z           ; 14.049 ; 13.948 ; 14.554 ; 14.453 ;
; x[7]       ; n           ; 11.088 ; 10.986 ; 11.638 ; 11.536 ;
; x[7]       ; s[6]        ; 10.324 ; 10.287 ; 10.810 ; 10.764 ;
; x[7]       ; s[7]        ; 11.924 ; 11.887 ; 12.474 ; 12.437 ;
; x[7]       ; z           ; 12.121 ; 11.981 ; 12.598 ; 12.467 ;
; y[0]       ; n           ; 19.265 ; 19.163 ; 19.696 ; 19.594 ;
; y[0]       ; s[0]        ; 8.829  ; 8.751  ; 9.273  ; 9.255  ;
; y[0]       ; s[1]        ; 9.304  ; 9.235  ; 9.735  ; 9.666  ;
; y[0]       ; s[2]        ; 12.194 ; 12.186 ; 12.625 ; 12.617 ;
; y[0]       ; s[3]        ; 12.987 ; 12.868 ; 13.418 ; 13.299 ;
; y[0]       ; s[4]        ; 14.601 ; 14.513 ; 15.032 ; 14.944 ;
; y[0]       ; s[5]        ; 15.396 ; 15.302 ; 15.827 ; 15.733 ;
; y[0]       ; s[6]        ; 18.522 ; 18.446 ; 18.953 ; 18.877 ;
; y[0]       ; s[7]        ; 20.101 ; 20.064 ; 20.532 ; 20.495 ;
; y[0]       ; z           ; 20.280 ; 20.179 ; 20.711 ; 20.610 ;
; y[1]       ; n           ; 17.853 ; 17.751 ; 18.591 ; 18.489 ;
; y[1]       ; s[1]        ; 8.012  ; 7.955  ; 8.509  ; 8.443  ;
; y[1]       ; s[2]        ; 10.968 ; 10.969 ; 11.520 ; 11.512 ;
; y[1]       ; s[3]        ; 11.679 ; 11.560 ; 12.313 ; 12.194 ;
; y[1]       ; s[4]        ; 13.265 ; 13.168 ; 13.927 ; 13.839 ;
; y[1]       ; s[5]        ; 13.984 ; 13.890 ; 14.722 ; 14.628 ;
; y[1]       ; s[6]        ; 17.110 ; 17.034 ; 17.848 ; 17.772 ;
; y[1]       ; s[7]        ; 18.689 ; 18.652 ; 19.427 ; 19.390 ;
; y[1]       ; z           ; 18.868 ; 18.767 ; 19.606 ; 19.505 ;
; y[2]       ; n           ; 16.540 ; 16.438 ; 16.923 ; 16.821 ;
; y[2]       ; s[2]        ; 9.864  ; 9.853  ; 10.330 ; 10.319 ;
; y[2]       ; s[3]        ; 10.262 ; 10.143 ; 10.645 ; 10.526 ;
; y[2]       ; s[4]        ; 11.876 ; 11.788 ; 12.259 ; 12.171 ;
; y[2]       ; s[5]        ; 12.671 ; 12.577 ; 13.054 ; 12.960 ;
; y[2]       ; s[6]        ; 15.797 ; 15.721 ; 16.180 ; 16.104 ;
; y[2]       ; s[7]        ; 17.376 ; 17.339 ; 17.759 ; 17.722 ;
; y[2]       ; z           ; 17.555 ; 17.454 ; 17.938 ; 17.837 ;
; y[3]       ; n           ; 14.873 ; 14.771 ; 15.038 ; 14.942 ;
; y[3]       ; s[3]        ; 9.146  ; 9.057  ; 9.627  ; 9.560  ;
; y[3]       ; s[4]        ; 10.209 ; 10.121 ; 10.652 ; 10.555 ;
; y[3]       ; s[5]        ; 11.004 ; 10.910 ; 11.325 ; 11.231 ;
; y[3]       ; s[6]        ; 14.130 ; 14.054 ; 14.393 ; 14.317 ;
; y[3]       ; s[7]        ; 15.709 ; 15.672 ; 15.874 ; 15.843 ;
; y[3]       ; z           ; 15.888 ; 15.787 ; 16.151 ; 16.050 ;
; y[4]       ; n           ; 13.452 ; 13.350 ; 13.758 ; 13.656 ;
; y[4]       ; s[4]        ; 9.201  ; 9.134  ; 9.629  ; 9.601  ;
; y[4]       ; s[5]        ; 9.583  ; 9.489  ; 9.985  ; 9.891  ;
; y[4]       ; s[6]        ; 12.709 ; 12.633 ; 13.053 ; 12.977 ;
; y[4]       ; s[7]        ; 14.288 ; 14.251 ; 14.594 ; 14.557 ;
; y[4]       ; z           ; 14.467 ; 14.366 ; 14.811 ; 14.710 ;
; y[5]       ; n           ; 12.768 ; 12.675 ; 13.493 ; 13.391 ;
; y[5]       ; s[5]        ; 9.161  ; 9.055  ; 9.703  ; 9.604  ;
; y[5]       ; s[6]        ; 12.126 ; 12.050 ; 12.750 ; 12.674 ;
; y[5]       ; s[7]        ; 13.604 ; 13.576 ; 14.329 ; 14.292 ;
; y[5]       ; z           ; 13.884 ; 13.783 ; 14.508 ; 14.407 ;
; y[6]       ; n           ; 10.359 ; 10.266 ; 10.910 ; 10.808 ;
; y[6]       ; s[6]        ; 9.683  ; 9.607  ; 10.172 ; 10.096 ;
; y[6]       ; s[7]        ; 11.195 ; 11.167 ; 11.746 ; 11.709 ;
; y[6]       ; z           ; 11.441 ; 11.340 ; 11.930 ; 11.829 ;
; y[7]       ; n           ; 8.403  ; 8.308  ; 8.836  ; 8.788  ;
; y[7]       ; s[7]        ; 9.239  ; 9.209  ; 9.672  ; 9.689  ;
; y[7]       ; z           ; 9.255  ; 9.148  ; 9.720  ; 9.581  ;
+------------+-------------+--------+--------+--------+--------+


+----------------------------------------------------------+
; Minimum Propagation Delay                                ;
+------------+-------------+-------+-------+-------+-------+
; Input Port ; Output Port ; RR    ; RF    ; FR    ; FF    ;
+------------+-------------+-------+-------+-------+-------+
; sel[0]     ; n           ; 4.453 ; 4.538 ; 5.075 ; 5.085 ;
; sel[0]     ; s[0]        ; 4.753 ; 4.770 ; 5.318 ; 5.335 ;
; sel[0]     ; s[1]        ; 4.474 ; 4.464 ; 5.039 ; 5.029 ;
; sel[0]     ; s[2]        ; 5.318 ; 5.415 ; 5.905 ; 6.002 ;
; sel[0]     ; s[3]        ; 4.700 ; 4.753 ; 5.288 ; 5.342 ;
; sel[0]     ; s[4]        ; 4.802 ; 4.894 ; 5.391 ; 5.483 ;
; sel[0]     ; s[5]        ; 4.775 ; 4.784 ; 5.340 ; 5.349 ;
; sel[0]     ; s[6]        ; 4.735 ; 4.752 ; 5.328 ; 5.364 ;
; sel[0]     ; s[7]        ; 5.082 ; 5.179 ; 5.704 ; 5.726 ;
; sel[0]     ; z           ; 5.025 ; 4.905 ; 5.414 ; 5.696 ;
; sel[1]     ; n           ; 4.923 ; 5.157 ; 5.781 ; 5.622 ;
; sel[1]     ; s[0]        ; 5.089 ; 5.106 ; 5.731 ; 5.748 ;
; sel[1]     ; s[1]        ; 4.853 ; 4.843 ; 5.513 ; 5.496 ;
; sel[1]     ; s[2]        ; 5.582 ; 5.679 ; 6.229 ; 6.319 ;
; sel[1]     ; s[3]        ; 5.192 ; 5.245 ; 5.853 ; 5.925 ;
; sel[1]     ; s[4]        ; 5.294 ; 5.387 ; 5.960 ; 6.052 ;
; sel[1]     ; s[5]        ; 5.202 ; 5.211 ; 5.801 ; 5.814 ;
; sel[1]     ; s[6]        ; 4.868 ; 4.896 ; 5.504 ; 5.519 ;
; sel[1]     ; s[7]        ; 5.552 ; 5.798 ; 6.410 ; 6.263 ;
; sel[1]     ; z           ; 5.549 ; 5.391 ; 5.962 ; 6.233 ;
; sel[2]     ; n           ; 3.774 ; 4.061 ; 4.209 ; 4.046 ;
; sel[2]     ; s[0]        ; 4.184 ; 4.133 ; 4.357 ; 4.450 ;
; sel[2]     ; s[1]        ; 3.860 ; 3.850 ; 4.109 ; 4.094 ;
; sel[2]     ; s[2]        ; 4.663 ; 4.755 ; 4.890 ; 4.982 ;
; sel[2]     ; s[3]        ; 3.965 ; 4.018 ; 4.169 ; 4.222 ;
; sel[2]     ; s[4]        ; 3.831 ; 3.917 ; 4.086 ; 4.172 ;
; sel[2]     ; s[5]        ; 3.869 ; 3.882 ; 4.100 ; 4.113 ;
; sel[2]     ; s[6]        ; 4.034 ; 3.723 ; 3.937 ; 4.295 ;
; sel[2]     ; s[7]        ; 4.403 ; 4.702 ; 4.838 ; 4.687 ;
; sel[2]     ; z           ; 4.390 ; 4.248 ; 4.386 ; 4.661 ;
; x[0]       ; n           ; 8.352 ; 8.323 ; 8.987 ; 8.958 ;
; x[0]       ; s[0]        ; 5.034 ; 5.041 ; 5.663 ; 5.677 ;
; x[0]       ; s[1]        ; 5.248 ; 5.237 ; 5.883 ; 5.872 ;
; x[0]       ; s[2]        ; 6.560 ; 6.652 ; 7.195 ; 7.287 ;
; x[0]       ; s[3]        ; 6.542 ; 6.599 ; 7.177 ; 7.234 ;
; x[0]       ; s[4]        ; 7.201 ; 7.287 ; 7.836 ; 7.922 ;
; x[0]       ; s[5]        ; 7.522 ; 7.535 ; 8.157 ; 8.170 ;
; x[0]       ; s[6]        ; 8.544 ; 8.659 ; 9.179 ; 9.294 ;
; x[0]       ; s[7]        ; 8.981 ; 8.964 ; 9.616 ; 9.599 ;
; x[0]       ; z           ; 6.699 ; 6.734 ; 7.335 ; 7.363 ;
; x[1]       ; n           ; 7.972 ; 7.943 ; 8.435 ; 8.406 ;
; x[1]       ; s[0]        ; 5.158 ; 5.175 ; 5.793 ; 5.810 ;
; x[1]       ; s[1]        ; 4.916 ; 4.905 ; 5.540 ; 5.529 ;
; x[1]       ; s[2]        ; 6.104 ; 6.196 ; 6.643 ; 6.735 ;
; x[1]       ; s[3]        ; 6.150 ; 6.207 ; 6.625 ; 6.682 ;
; x[1]       ; s[4]        ; 6.821 ; 6.907 ; 7.284 ; 7.370 ;
; x[1]       ; s[5]        ; 7.142 ; 7.155 ; 7.605 ; 7.618 ;
; x[1]       ; s[6]        ; 8.164 ; 8.279 ; 8.627 ; 8.742 ;
; x[1]       ; s[7]        ; 8.601 ; 8.584 ; 9.064 ; 9.047 ;
; x[1]       ; z           ; 6.671 ; 6.728 ; 7.295 ; 7.352 ;
; x[2]       ; n           ; 7.376 ; 7.347 ; 7.884 ; 7.855 ;
; x[2]       ; s[1]        ; 5.180 ; 5.169 ; 5.837 ; 5.826 ;
; x[2]       ; s[2]        ; 5.803 ; 5.895 ; 6.452 ; 6.547 ;
; x[2]       ; s[3]        ; 5.537 ; 5.594 ; 6.074 ; 6.131 ;
; x[2]       ; s[4]        ; 6.225 ; 6.311 ; 6.733 ; 6.819 ;
; x[2]       ; s[5]        ; 6.546 ; 6.559 ; 7.054 ; 7.067 ;
; x[2]       ; s[6]        ; 7.568 ; 7.683 ; 8.076 ; 8.191 ;
; x[2]       ; s[7]        ; 8.005 ; 7.988 ; 8.513 ; 8.496 ;
; x[2]       ; z           ; 6.506 ; 6.585 ; 7.158 ; 7.234 ;
; x[3]       ; n           ; 6.777 ; 6.748 ; 7.234 ; 7.205 ;
; x[3]       ; s[2]        ; 5.750 ; 5.842 ; 6.387 ; 6.480 ;
; x[3]       ; s[3]        ; 5.150 ; 5.207 ; 5.800 ; 5.850 ;
; x[3]       ; s[4]        ; 5.516 ; 5.602 ; 6.083 ; 6.169 ;
; x[3]       ; s[5]        ; 5.891 ; 5.904 ; 6.404 ; 6.417 ;
; x[3]       ; s[6]        ; 6.969 ; 7.056 ; 7.426 ; 7.541 ;
; x[3]       ; s[7]        ; 7.406 ; 7.389 ; 7.863 ; 7.846 ;
; x[3]       ; z           ; 6.344 ; 6.441 ; 6.917 ; 7.008 ;
; x[4]       ; n           ; 5.053 ; 5.024 ; 5.371 ; 5.342 ;
; x[4]       ; s[3]        ; 3.928 ; 3.985 ; 4.221 ; 4.278 ;
; x[4]       ; s[4]        ; 4.227 ; 4.313 ; 4.550 ; 4.630 ;
; x[4]       ; s[5]        ; 4.223 ; 4.236 ; 4.541 ; 4.554 ;
; x[4]       ; s[6]        ; 5.245 ; 5.360 ; 5.563 ; 5.678 ;
; x[4]       ; s[7]        ; 5.682 ; 5.665 ; 6.000 ; 5.983 ;
; x[4]       ; z           ; 5.061 ; 5.152 ; 5.378 ; 5.475 ;
; x[5]       ; n           ; 5.604 ; 5.556 ; 6.121 ; 6.092 ;
; x[5]       ; s[4]        ; 4.948 ; 5.034 ; 5.571 ; 5.657 ;
; x[5]       ; s[5]        ; 4.889 ; 4.902 ; 5.501 ; 5.514 ;
; x[5]       ; s[6]        ; 5.792 ; 5.835 ; 6.313 ; 6.428 ;
; x[5]       ; s[7]        ; 6.233 ; 6.197 ; 6.750 ; 6.733 ;
; x[5]       ; z           ; 5.753 ; 5.829 ; 6.365 ; 6.441 ;
; x[6]       ; n           ; 5.285 ; 5.256 ; 5.928 ; 5.880 ;
; x[6]       ; s[5]        ; 5.207 ; 5.220 ; 5.858 ; 5.871 ;
; x[6]       ; s[6]        ; 4.963 ; 4.984 ; 5.581 ; 5.595 ;
; x[6]       ; s[7]        ; 5.914 ; 5.897 ; 6.557 ; 6.521 ;
; x[6]       ; z           ; 5.880 ; 5.929 ; 6.491 ; 6.547 ;
; x[7]       ; n           ; 4.756 ; 4.723 ; 5.361 ; 5.335 ;
; x[7]       ; s[6]        ; 4.919 ; 4.940 ; 5.547 ; 5.561 ;
; x[7]       ; s[7]        ; 5.385 ; 5.364 ; 5.990 ; 5.976 ;
; x[7]       ; z           ; 5.350 ; 5.395 ; 5.958 ; 6.014 ;
; y[0]       ; n           ; 8.238 ; 8.209 ; 8.865 ; 8.836 ;
; y[0]       ; s[0]        ; 4.932 ; 4.925 ; 5.511 ; 5.545 ;
; y[0]       ; s[1]        ; 5.134 ; 5.123 ; 5.761 ; 5.750 ;
; y[0]       ; s[2]        ; 6.446 ; 6.538 ; 7.073 ; 7.165 ;
; y[0]       ; s[3]        ; 6.428 ; 6.485 ; 7.055 ; 7.112 ;
; y[0]       ; s[4]        ; 7.087 ; 7.173 ; 7.714 ; 7.800 ;
; y[0]       ; s[5]        ; 7.408 ; 7.421 ; 8.035 ; 8.048 ;
; y[0]       ; s[6]        ; 8.430 ; 8.545 ; 9.057 ; 9.172 ;
; y[0]       ; s[7]        ; 8.867 ; 8.850 ; 9.494 ; 9.477 ;
; y[0]       ; z           ; 6.583 ; 6.632 ; 7.203 ; 7.211 ;
; y[1]       ; n           ; 7.961 ; 7.932 ; 8.464 ; 8.435 ;
; y[1]       ; s[1]        ; 4.470 ; 4.460 ; 5.085 ; 5.075 ;
; y[1]       ; s[2]        ; 6.123 ; 6.215 ; 6.672 ; 6.764 ;
; y[1]       ; s[3]        ; 6.151 ; 6.208 ; 6.654 ; 6.711 ;
; y[1]       ; s[4]        ; 6.810 ; 6.896 ; 7.313 ; 7.399 ;
; y[1]       ; s[5]        ; 7.131 ; 7.144 ; 7.634 ; 7.647 ;
; y[1]       ; s[6]        ; 8.153 ; 8.268 ; 8.656 ; 8.771 ;
; y[1]       ; s[7]        ; 8.590 ; 8.573 ; 9.093 ; 9.076 ;
; y[1]       ; z           ; 6.226 ; 6.282 ; 6.841 ; 6.897 ;
; y[2]       ; n           ; 7.369 ; 7.340 ; 7.957 ; 7.928 ;
; y[2]       ; s[2]        ; 5.465 ; 5.562 ; 6.050 ; 6.147 ;
; y[2]       ; s[3]        ; 5.559 ; 5.616 ; 6.147 ; 6.204 ;
; y[2]       ; s[4]        ; 6.218 ; 6.304 ; 6.806 ; 6.892 ;
; y[2]       ; s[5]        ; 6.539 ; 6.552 ; 7.127 ; 7.140 ;
; y[2]       ; s[6]        ; 7.561 ; 7.676 ; 8.149 ; 8.264 ;
; y[2]       ; s[7]        ; 7.998 ; 7.981 ; 8.586 ; 8.569 ;
; y[2]       ; z           ; 6.173 ; 6.247 ; 6.758 ; 6.832 ;
; y[3]       ; n           ; 6.584 ; 6.555 ; 7.301 ; 7.272 ;
; y[3]       ; s[3]        ; 4.994 ; 5.047 ; 5.634 ; 5.706 ;
; y[3]       ; s[4]        ; 5.433 ; 5.519 ; 6.067 ; 6.153 ;
; y[3]       ; s[5]        ; 5.754 ; 5.767 ; 6.442 ; 6.455 ;
; y[3]       ; s[6]        ; 6.776 ; 6.891 ; 7.493 ; 7.607 ;
; y[3]       ; s[7]        ; 7.213 ; 7.196 ; 7.930 ; 7.913 ;
; y[3]       ; z           ; 6.184 ; 6.290 ; 6.843 ; 6.930 ;
; y[4]       ; n           ; 6.075 ; 6.046 ; 6.735 ; 6.706 ;
; y[4]       ; s[4]        ; 5.049 ; 5.142 ; 5.666 ; 5.758 ;
; y[4]       ; s[5]        ; 5.245 ; 5.258 ; 5.878 ; 5.891 ;
; y[4]       ; s[6]        ; 6.267 ; 6.382 ; 6.927 ; 7.042 ;
; y[4]       ; s[7]        ; 6.704 ; 6.687 ; 7.364 ; 7.347 ;
; y[4]       ; z           ; 5.890 ; 5.974 ; 6.506 ; 6.591 ;
; y[5]       ; n           ; 6.122 ; 6.074 ; 6.699 ; 6.670 ;
; y[5]       ; s[5]        ; 5.110 ; 5.119 ; 5.785 ; 5.794 ;
; y[5]       ; s[6]        ; 6.310 ; 6.353 ; 6.891 ; 7.006 ;
; y[5]       ; s[7]        ; 6.751 ; 6.715 ; 7.328 ; 7.311 ;
; y[5]       ; z           ; 5.970 ; 6.050 ; 6.645 ; 6.725 ;
; y[6]       ; n           ; 4.920 ; 4.872 ; 5.478 ; 5.449 ;
; y[6]       ; s[6]        ; 4.795 ; 5.435 ; 5.970 ; 5.415 ;
; y[6]       ; s[7]        ; 5.549 ; 5.513 ; 6.107 ; 6.090 ;
; y[6]       ; z           ; 5.534 ; 5.688 ; 6.111 ; 6.246 ;
; y[7]       ; n           ; 4.624 ; 4.699 ; 5.237 ; 5.274 ;
; y[7]       ; s[7]        ; 5.253 ; 5.340 ; 5.866 ; 5.915 ;
; y[7]       ; z           ; 5.167 ; 5.076 ; 5.603 ; 5.816 ;
+------------+-------------+-------+-------+-------+-------+


+------------------------------------------------------------------------------------------------------------------------------------------------------------------------------------------------------------------------------------------------------------------------------------------------------------------------------------------------------------------------------------------------------------------+
; Board Trace Model Assignments                                                                                                                                                                                                                                                                                                                                                                                    ;
+---------------+--------------+-------------------+-------------------------+-------------------------+---------------+---------------------+----------------+------------------+--------+------------------+------------------------+------------------------+--------------+---------------+-----------------+-------+---------------------+--------------------+---------------+-----------------+-------------+
; Pin           ; I/O Standard ; Near Tline Length ; Near Tline L per Length ; Near Tline C per Length ; Near Series R ; Near Differential R ; Near Pull-up R ; Near Pull-down R ; Near C ; Far Tline Length ; Far Tline L per Length ; Far Tline C per Length ; Far Series R ; Far Pull-up R ; Far Pull-down R ; Far C ; Termination Voltage ; Far Differential R ; EBD File Name ; EBD Signal Name ; EBD Far-end ;
+---------------+--------------+-------------------+-------------------------+-------------------------+---------------+---------------------+----------------+------------------+--------+------------------+------------------------+------------------------+--------------+---------------+-----------------+-------+---------------------+--------------------+---------------+-----------------+-------------+
; z             ; 2.5 V        ; 0 in              ; 0 H/in                  ; 0 F/in                  ; short         ; -                   ; open           ; open             ; open   ; 0 in             ; 0 H/in                 ; 0 F/in                 ; short        ; open          ; open            ; open  ; 0 V                 ; -                  ; n/a           ; n/a             ; n/a         ;
; s[7]          ; 2.5 V        ; 0 in              ; 0 H/in                  ; 0 F/in                  ; short         ; -                   ; open           ; open             ; open   ; 0 in             ; 0 H/in                 ; 0 F/in                 ; short        ; open          ; open            ; open  ; 0 V                 ; -                  ; n/a           ; n/a             ; n/a         ;
; s[6]          ; 2.5 V        ; 0 in              ; 0 H/in                  ; 0 F/in                  ; short         ; -                   ; open           ; open             ; open   ; 0 in             ; 0 H/in                 ; 0 F/in                 ; short        ; open          ; open            ; open  ; 0 V                 ; -                  ; n/a           ; n/a             ; n/a         ;
; s[5]          ; 2.5 V        ; 0 in              ; 0 H/in                  ; 0 F/in                  ; short         ; -                   ; open           ; open             ; open   ; 0 in             ; 0 H/in                 ; 0 F/in                 ; short        ; open          ; open            ; open  ; 0 V                 ; -                  ; n/a           ; n/a             ; n/a         ;
; s[4]          ; 2.5 V        ; 0 in              ; 0 H/in                  ; 0 F/in                  ; short         ; -                   ; open           ; open             ; open   ; 0 in             ; 0 H/in                 ; 0 F/in                 ; short        ; open          ; open            ; open  ; 0 V                 ; -                  ; n/a           ; n/a             ; n/a         ;
; s[3]          ; 2.5 V        ; 0 in              ; 0 H/in                  ; 0 F/in                  ; short         ; -                   ; open           ; open             ; open   ; 0 in             ; 0 H/in                 ; 0 F/in                 ; short        ; open          ; open            ; open  ; 0 V                 ; -                  ; n/a           ; n/a             ; n/a         ;
; s[2]          ; 2.5 V        ; 0 in              ; 0 H/in                  ; 0 F/in                  ; short         ; -                   ; open           ; open             ; open   ; 0 in             ; 0 H/in                 ; 0 F/in                 ; short        ; open          ; open            ; open  ; 0 V                 ; -                  ; n/a           ; n/a             ; n/a         ;
; s[1]          ; 2.5 V        ; 0 in              ; 0 H/in                  ; 0 F/in                  ; short         ; -                   ; open           ; open             ; open   ; 0 in             ; 0 H/in                 ; 0 F/in                 ; short        ; open          ; open            ; open  ; 0 V                 ; -                  ; n/a           ; n/a             ; n/a         ;
; s[0]          ; 2.5 V        ; 0 in              ; 0 H/in                  ; 0 F/in                  ; short         ; -                   ; open           ; open             ; open   ; 0 in             ; 0 H/in                 ; 0 F/in                 ; short        ; open          ; open            ; open  ; 0 V                 ; -                  ; n/a           ; n/a             ; n/a         ;
; n             ; 2.5 V        ; 0 in              ; 0 H/in                  ; 0 F/in                  ; short         ; -                   ; open           ; open             ; open   ; 0 in             ; 0 H/in                 ; 0 F/in                 ; short        ; open          ; open            ; open  ; 0 V                 ; -                  ; n/a           ; n/a             ; n/a         ;
; ~ALTERA_NCEO~ ; 2.5 V        ; 0 in              ; 0 H/in                  ; 0 F/in                  ; short         ; -                   ; open           ; open             ; open   ; 0 in             ; 0 H/in                 ; 0 F/in                 ; short        ; open          ; open            ; open  ; 0 V                 ; -                  ; n/a           ; n/a             ; n/a         ;
; ~ALTERA_DCLK~ ; 2.5 V        ; 0 in              ; 0 H/in                  ; 0 F/in                  ; short         ; -                   ; open           ; open             ; open   ; 0 in             ; 0 H/in                 ; 0 F/in                 ; short        ; open          ; open            ; open  ; 0 V                 ; -                  ; n/a           ; n/a             ; n/a         ;
+---------------+--------------+-------------------+-------------------------+-------------------------+---------------+---------------------+----------------+------------------+--------+------------------+------------------------+------------------------+--------------+---------------+-----------------+-------+---------------------+--------------------+---------------+-----------------+-------------+


+-------------------------------------------------------------------+
; Input Transition Times                                            ;
+----------------+--------------+-----------------+-----------------+
; Pin            ; I/O Standard ; 10-90 Rise Time ; 90-10 Fall Time ;
+----------------+--------------+-----------------+-----------------+
; x[4]           ; 2.5 V        ; 2000 ps         ; 2000 ps         ;
; sel[2]         ; 2.5 V        ; 2000 ps         ; 2000 ps         ;
; sel[1]         ; 2.5 V        ; 2000 ps         ; 2000 ps         ;
; sel[0]         ; 2.5 V        ; 2000 ps         ; 2000 ps         ;
; x[3]           ; 2.5 V        ; 2000 ps         ; 2000 ps         ;
; x[2]           ; 2.5 V        ; 2000 ps         ; 2000 ps         ;
; x[1]           ; 2.5 V        ; 2000 ps         ; 2000 ps         ;
; x[0]           ; 2.5 V        ; 2000 ps         ; 2000 ps         ;
; y[0]           ; 2.5 V        ; 2000 ps         ; 2000 ps         ;
; y[1]           ; 2.5 V        ; 2000 ps         ; 2000 ps         ;
; y[2]           ; 2.5 V        ; 2000 ps         ; 2000 ps         ;
; y[3]           ; 2.5 V        ; 2000 ps         ; 2000 ps         ;
; y[6]           ; 2.5 V        ; 2000 ps         ; 2000 ps         ;
; x[7]           ; 2.5 V        ; 2000 ps         ; 2000 ps         ;
; x[6]           ; 2.5 V        ; 2000 ps         ; 2000 ps         ;
; x[5]           ; 2.5 V        ; 2000 ps         ; 2000 ps         ;
; y[4]           ; 2.5 V        ; 2000 ps         ; 2000 ps         ;
; y[5]           ; 2.5 V        ; 2000 ps         ; 2000 ps         ;
; y[7]           ; 2.5 V        ; 2000 ps         ; 2000 ps         ;
; ~ALTERA_DATA0~ ; 2.5 V        ; 2000 ps         ; 2000 ps         ;
; ~ALTERA_ASDO~  ; 2.5 V        ; 2000 ps         ; 2000 ps         ;
; ~ALTERA_NCSO~  ; 2.5 V        ; 2000 ps         ; 2000 ps         ;
+----------------+--------------+-----------------+-----------------+


+--------------------------------------------------------------------------------------------------------------------------------------------------------------------------------------------------------------------------------------------------------------------------------------------------------------------------------------------------------------------------------------------------------------------------------------------------------------------------------------------------------------------------------------------------------------------------------------------------------------------------------------------------------------------------------------------+
; Signal Integrity Metrics (Slow 1200mv 0c Model)                                                                                                                                                                                                                                                                                                                                                                                                                                                                                                                                                                                                                                            ;
+---------------+--------------+---------------------+---------------------+------------------------------+------------------------------+---------------------+---------------------+--------------------------------------+--------------------------------------+-----------------------------+-----------------------------+----------------------------+----------------------------+-----------------------------+-----------------------------+--------------------+--------------------+-------------------------------------+-------------------------------------+----------------------------+----------------------------+---------------------------+---------------------------+
; Pin           ; I/O Standard ; Board Delay on Rise ; Board Delay on Fall ; Steady State Voh at FPGA Pin ; Steady State Vol at FPGA Pin ; Voh Max at FPGA Pin ; Vol Min at FPGA Pin ; Ringback Voltage on Rise at FPGA Pin ; Ringback Voltage on Fall at FPGA Pin ; 10-90 Rise Time at FPGA Pin ; 90-10 Fall Time at FPGA Pin ; Monotonic Rise at FPGA Pin ; Monotonic Fall at FPGA Pin ; Steady State Voh at Far-end ; Steady State Vol at Far-end ; Voh Max at Far-end ; Vol Min at Far-end ; Ringback Voltage on Rise at Far-end ; Ringback Voltage on Fall at Far-end ; 10-90 Rise Time at Far-end ; 90-10 Fall Time at Far-end ; Monotonic Rise at Far-end ; Monotonic Fall at Far-end ;
+---------------+--------------+---------------------+---------------------+------------------------------+------------------------------+---------------------+---------------------+--------------------------------------+--------------------------------------+-----------------------------+-----------------------------+----------------------------+----------------------------+-----------------------------+-----------------------------+--------------------+--------------------+-------------------------------------+-------------------------------------+----------------------------+----------------------------+---------------------------+---------------------------+
; z             ; 2.5 V        ; 0 s                 ; 0 s                 ; 2.32 V                       ; 7.29e-09 V                   ; 2.39 V              ; -0.00317 V          ; 0.179 V                              ; 0.007 V                              ; 4.7e-10 s                   ; 4.72e-10 s                  ; No                         ; Yes                        ; 2.32 V                      ; 7.29e-09 V                  ; 2.39 V             ; -0.00317 V         ; 0.179 V                             ; 0.007 V                             ; 4.7e-10 s                  ; 4.72e-10 s                 ; No                        ; Yes                       ;
; s[7]          ; 2.5 V        ; 0 s                 ; 0 s                 ; 2.32 V                       ; 5.16e-09 V                   ; 2.34 V              ; -0.00633 V          ; 0.232 V                              ; 0.083 V                              ; 1.94e-09 s                  ; 1.83e-09 s                  ; No                         ; Yes                        ; 2.32 V                      ; 5.16e-09 V                  ; 2.34 V             ; -0.00633 V         ; 0.232 V                             ; 0.083 V                             ; 1.94e-09 s                 ; 1.83e-09 s                 ; No                        ; Yes                       ;
; s[6]          ; 2.5 V        ; 0 s                 ; 0 s                 ; 2.32 V                       ; 5.16e-09 V                   ; 2.37 V              ; -0.00861 V          ; 0.168 V                              ; 0.038 V                              ; 6.79e-10 s                  ; 6.49e-10 s                  ; No                         ; Yes                        ; 2.32 V                      ; 5.16e-09 V                  ; 2.37 V             ; -0.00861 V         ; 0.168 V                             ; 0.038 V                             ; 6.79e-10 s                 ; 6.49e-10 s                 ; No                        ; Yes                       ;
; s[5]          ; 2.5 V        ; 0 s                 ; 0 s                 ; 2.32 V                       ; 5.16e-09 V                   ; 2.37 V              ; -0.00861 V          ; 0.168 V                              ; 0.038 V                              ; 6.79e-10 s                  ; 6.49e-10 s                  ; No                         ; Yes                        ; 2.32 V                      ; 5.16e-09 V                  ; 2.37 V             ; -0.00861 V         ; 0.168 V                             ; 0.038 V                             ; 6.79e-10 s                 ; 6.49e-10 s                 ; No                        ; Yes                       ;
; s[4]          ; 2.5 V        ; 0 s                 ; 0 s                 ; 2.32 V                       ; 7.29e-09 V                   ; 2.39 V              ; -0.00317 V          ; 0.179 V                              ; 0.007 V                              ; 4.7e-10 s                   ; 4.72e-10 s                  ; No                         ; Yes                        ; 2.32 V                      ; 7.29e-09 V                  ; 2.39 V             ; -0.00317 V         ; 0.179 V                             ; 0.007 V                             ; 4.7e-10 s                  ; 4.72e-10 s                 ; No                        ; Yes                       ;
; s[3]          ; 2.5 V        ; 0 s                 ; 0 s                 ; 2.32 V                       ; 5.16e-09 V                   ; 2.4 V               ; -0.00557 V          ; 0.238 V                              ; 0.014 V                              ; 2.9e-10 s                   ; 3.48e-10 s                  ; No                         ; Yes                        ; 2.32 V                      ; 5.16e-09 V                  ; 2.4 V              ; -0.00557 V         ; 0.238 V                             ; 0.014 V                             ; 2.9e-10 s                  ; 3.48e-10 s                 ; No                        ; Yes                       ;
; s[2]          ; 2.5 V        ; 0 s                 ; 0 s                 ; 2.32 V                       ; 7.29e-09 V                   ; 2.34 V              ; -0.00668 V          ; 0.218 V                              ; 0.076 V                              ; 1.92e-09 s                  ; 1.81e-09 s                  ; No                         ; Yes                        ; 2.32 V                      ; 7.29e-09 V                  ; 2.34 V             ; -0.00668 V         ; 0.218 V                             ; 0.076 V                             ; 1.92e-09 s                 ; 1.81e-09 s                 ; No                        ; Yes                       ;
; s[1]          ; 2.5 V        ; 0 s                 ; 0 s                 ; 2.32 V                       ; 5.16e-09 V                   ; 2.37 V              ; -0.00861 V          ; 0.168 V                              ; 0.038 V                              ; 6.79e-10 s                  ; 6.49e-10 s                  ; No                         ; Yes                        ; 2.32 V                      ; 5.16e-09 V                  ; 2.37 V             ; -0.00861 V         ; 0.168 V                             ; 0.038 V                             ; 6.79e-10 s                 ; 6.49e-10 s                 ; No                        ; Yes                       ;
; s[0]          ; 2.5 V        ; 0 s                 ; 0 s                 ; 2.32 V                       ; 5.16e-09 V                   ; 2.37 V              ; -0.00861 V          ; 0.168 V                              ; 0.038 V                              ; 6.79e-10 s                  ; 6.49e-10 s                  ; No                         ; Yes                        ; 2.32 V                      ; 5.16e-09 V                  ; 2.37 V             ; -0.00861 V         ; 0.168 V                             ; 0.038 V                             ; 6.79e-10 s                 ; 6.49e-10 s                 ; No                        ; Yes                       ;
; n             ; 2.5 V        ; 0 s                 ; 0 s                 ; 2.32 V                       ; 5.16e-09 V                   ; 2.4 V               ; -0.00557 V          ; 0.238 V                              ; 0.014 V                              ; 2.9e-10 s                   ; 3.48e-10 s                  ; No                         ; Yes                        ; 2.32 V                      ; 5.16e-09 V                  ; 2.4 V              ; -0.00557 V         ; 0.238 V                             ; 0.014 V                             ; 2.9e-10 s                  ; 3.48e-10 s                 ; No                        ; Yes                       ;
; ~ALTERA_NCEO~ ; 2.5 V        ; 0 s                 ; 0 s                 ; 2.32 V                       ; 4.76e-09 V                   ; 2.4 V               ; -0.034 V            ; 0.102 V                              ; 0.065 V                              ; 2.49e-10 s                  ; 3.49e-10 s                  ; Yes                        ; Yes                        ; 2.32 V                      ; 4.76e-09 V                  ; 2.4 V              ; -0.034 V           ; 0.102 V                             ; 0.065 V                             ; 2.49e-10 s                 ; 3.49e-10 s                 ; Yes                       ; Yes                       ;
; ~ALTERA_DCLK~ ; 2.5 V        ; 0 s                 ; 0 s                 ; 2.32 V                       ; 5.94e-09 V                   ; 2.39 V              ; -0.0344 V           ; 0.156 V                              ; 0.089 V                              ; 2.68e-10 s                  ; 2.6e-10 s                   ; Yes                        ; Yes                        ; 2.32 V                      ; 5.94e-09 V                  ; 2.39 V             ; -0.0344 V          ; 0.156 V                             ; 0.089 V                             ; 2.68e-10 s                 ; 2.6e-10 s                  ; Yes                       ; Yes                       ;
+---------------+--------------+---------------------+---------------------+------------------------------+------------------------------+---------------------+---------------------+--------------------------------------+--------------------------------------+-----------------------------+-----------------------------+----------------------------+----------------------------+-----------------------------+-----------------------------+--------------------+--------------------+-------------------------------------+-------------------------------------+----------------------------+----------------------------+---------------------------+---------------------------+


+--------------------------------------------------------------------------------------------------------------------------------------------------------------------------------------------------------------------------------------------------------------------------------------------------------------------------------------------------------------------------------------------------------------------------------------------------------------------------------------------------------------------------------------------------------------------------------------------------------------------------------------------------------------------------------------------+
; Signal Integrity Metrics (Slow 1200mv 85c Model)                                                                                                                                                                                                                                                                                                                                                                                                                                                                                                                                                                                                                                           ;
+---------------+--------------+---------------------+---------------------+------------------------------+------------------------------+---------------------+---------------------+--------------------------------------+--------------------------------------+-----------------------------+-----------------------------+----------------------------+----------------------------+-----------------------------+-----------------------------+--------------------+--------------------+-------------------------------------+-------------------------------------+----------------------------+----------------------------+---------------------------+---------------------------+
; Pin           ; I/O Standard ; Board Delay on Rise ; Board Delay on Fall ; Steady State Voh at FPGA Pin ; Steady State Vol at FPGA Pin ; Voh Max at FPGA Pin ; Vol Min at FPGA Pin ; Ringback Voltage on Rise at FPGA Pin ; Ringback Voltage on Fall at FPGA Pin ; 10-90 Rise Time at FPGA Pin ; 90-10 Fall Time at FPGA Pin ; Monotonic Rise at FPGA Pin ; Monotonic Fall at FPGA Pin ; Steady State Voh at Far-end ; Steady State Vol at Far-end ; Voh Max at Far-end ; Vol Min at Far-end ; Ringback Voltage on Rise at Far-end ; Ringback Voltage on Fall at Far-end ; 10-90 Rise Time at Far-end ; 90-10 Fall Time at Far-end ; Monotonic Rise at Far-end ; Monotonic Fall at Far-end ;
+---------------+--------------+---------------------+---------------------+------------------------------+------------------------------+---------------------+---------------------+--------------------------------------+--------------------------------------+-----------------------------+-----------------------------+----------------------------+----------------------------+-----------------------------+-----------------------------+--------------------+--------------------+-------------------------------------+-------------------------------------+----------------------------+----------------------------+---------------------------+---------------------------+
; z             ; 2.5 V        ; 0 s                 ; 0 s                 ; 2.32 V                       ; 1.21e-06 V                   ; 2.36 V              ; -0.00833 V          ; 0.113 V                              ; 0.035 V                              ; 6.32e-10 s                  ; 5.89e-10 s                  ; No                         ; Yes                        ; 2.32 V                      ; 1.21e-06 V                  ; 2.36 V             ; -0.00833 V         ; 0.113 V                             ; 0.035 V                             ; 6.32e-10 s                 ; 5.89e-10 s                 ; No                        ; Yes                       ;
; s[7]          ; 2.5 V        ; 0 s                 ; 0 s                 ; 2.32 V                       ; 8.13e-07 V                   ; 2.33 V              ; -0.00252 V          ; 0.203 V                              ; 0.046 V                              ; 2.34e-09 s                  ; 2.24e-09 s                  ; Yes                        ; Yes                        ; 2.32 V                      ; 8.13e-07 V                  ; 2.33 V             ; -0.00252 V         ; 0.203 V                             ; 0.046 V                             ; 2.34e-09 s                 ; 2.24e-09 s                 ; Yes                       ; Yes                       ;
; s[6]          ; 2.5 V        ; 0 s                 ; 0 s                 ; 2.32 V                       ; 8.13e-07 V                   ; 2.35 V              ; -0.00662 V          ; 0.129 V                              ; 0.049 V                              ; 8.55e-10 s                  ; 8.01e-10 s                  ; No                         ; Yes                        ; 2.32 V                      ; 8.13e-07 V                  ; 2.35 V             ; -0.00662 V         ; 0.129 V                             ; 0.049 V                             ; 8.55e-10 s                 ; 8.01e-10 s                 ; No                        ; Yes                       ;
; s[5]          ; 2.5 V        ; 0 s                 ; 0 s                 ; 2.32 V                       ; 8.13e-07 V                   ; 2.35 V              ; -0.00662 V          ; 0.129 V                              ; 0.049 V                              ; 8.55e-10 s                  ; 8.01e-10 s                  ; No                         ; Yes                        ; 2.32 V                      ; 8.13e-07 V                  ; 2.35 V             ; -0.00662 V         ; 0.129 V                             ; 0.049 V                             ; 8.55e-10 s                 ; 8.01e-10 s                 ; No                        ; Yes                       ;
; s[4]          ; 2.5 V        ; 0 s                 ; 0 s                 ; 2.32 V                       ; 1.21e-06 V                   ; 2.36 V              ; -0.00833 V          ; 0.113 V                              ; 0.035 V                              ; 6.32e-10 s                  ; 5.89e-10 s                  ; No                         ; Yes                        ; 2.32 V                      ; 1.21e-06 V                  ; 2.36 V             ; -0.00833 V         ; 0.113 V                             ; 0.035 V                             ; 6.32e-10 s                 ; 5.89e-10 s                 ; No                        ; Yes                       ;
; s[3]          ; 2.5 V        ; 0 s                 ; 0 s                 ; 2.32 V                       ; 8.13e-07 V                   ; 2.36 V              ; -0.00623 V          ; 0.121 V                              ; 0.03 V                               ; 4.4e-10 s                   ; 4.28e-10 s                  ; Yes                        ; Yes                        ; 2.32 V                      ; 8.13e-07 V                  ; 2.36 V             ; -0.00623 V         ; 0.121 V                             ; 0.03 V                              ; 4.4e-10 s                  ; 4.28e-10 s                 ; Yes                       ; Yes                       ;
; s[2]          ; 2.5 V        ; 0 s                 ; 0 s                 ; 2.32 V                       ; 1.21e-06 V                   ; 2.33 V              ; -0.00286 V          ; 0.193 V                              ; 0.042 V                              ; 2.32e-09 s                  ; 2.21e-09 s                  ; Yes                        ; Yes                        ; 2.32 V                      ; 1.21e-06 V                  ; 2.33 V             ; -0.00286 V         ; 0.193 V                             ; 0.042 V                             ; 2.32e-09 s                 ; 2.21e-09 s                 ; Yes                       ; Yes                       ;
; s[1]          ; 2.5 V        ; 0 s                 ; 0 s                 ; 2.32 V                       ; 8.13e-07 V                   ; 2.35 V              ; -0.00662 V          ; 0.129 V                              ; 0.049 V                              ; 8.55e-10 s                  ; 8.01e-10 s                  ; No                         ; Yes                        ; 2.32 V                      ; 8.13e-07 V                  ; 2.35 V             ; -0.00662 V         ; 0.129 V                             ; 0.049 V                             ; 8.55e-10 s                 ; 8.01e-10 s                 ; No                        ; Yes                       ;
; s[0]          ; 2.5 V        ; 0 s                 ; 0 s                 ; 2.32 V                       ; 8.13e-07 V                   ; 2.35 V              ; -0.00662 V          ; 0.129 V                              ; 0.049 V                              ; 8.55e-10 s                  ; 8.01e-10 s                  ; No                         ; Yes                        ; 2.32 V                      ; 8.13e-07 V                  ; 2.35 V             ; -0.00662 V         ; 0.129 V                             ; 0.049 V                             ; 8.55e-10 s                 ; 8.01e-10 s                 ; No                        ; Yes                       ;
; n             ; 2.5 V        ; 0 s                 ; 0 s                 ; 2.32 V                       ; 8.13e-07 V                   ; 2.36 V              ; -0.00623 V          ; 0.121 V                              ; 0.03 V                               ; 4.4e-10 s                   ; 4.28e-10 s                  ; Yes                        ; Yes                        ; 2.32 V                      ; 8.13e-07 V                  ; 2.36 V             ; -0.00623 V         ; 0.121 V                             ; 0.03 V                              ; 4.4e-10 s                  ; 4.28e-10 s                 ; Yes                       ; Yes                       ;
; ~ALTERA_NCEO~ ; 2.5 V        ; 0 s                 ; 0 s                 ; 2.32 V                       ; 7.93e-07 V                   ; 2.37 V              ; -0.0278 V           ; 0.106 V                              ; 0.115 V                              ; 2.69e-10 s                  ; 4.05e-10 s                  ; Yes                        ; Yes                        ; 2.32 V                      ; 7.93e-07 V                  ; 2.37 V             ; -0.0278 V          ; 0.106 V                             ; 0.115 V                             ; 2.69e-10 s                 ; 4.05e-10 s                 ; Yes                       ; Yes                       ;
; ~ALTERA_DCLK~ ; 2.5 V        ; 0 s                 ; 0 s                 ; 2.32 V                       ; 9.76e-07 V                   ; 2.36 V              ; -0.00439 V          ; 0.088 V                              ; 0.007 V                              ; 4.05e-10 s                  ; 3.35e-10 s                  ; Yes                        ; Yes                        ; 2.32 V                      ; 9.76e-07 V                  ; 2.36 V             ; -0.00439 V         ; 0.088 V                             ; 0.007 V                             ; 4.05e-10 s                 ; 3.35e-10 s                 ; Yes                       ; Yes                       ;
+---------------+--------------+---------------------+---------------------+------------------------------+------------------------------+---------------------+---------------------+--------------------------------------+--------------------------------------+-----------------------------+-----------------------------+----------------------------+----------------------------+-----------------------------+-----------------------------+--------------------+--------------------+-------------------------------------+-------------------------------------+----------------------------+----------------------------+---------------------------+---------------------------+


+--------------------------------------------------------------------------------------------------------------------------------------------------------------------------------------------------------------------------------------------------------------------------------------------------------------------------------------------------------------------------------------------------------------------------------------------------------------------------------------------------------------------------------------------------------------------------------------------------------------------------------------------------------------------------------------------+
; Signal Integrity Metrics (Fast 1200mv 0c Model)                                                                                                                                                                                                                                                                                                                                                                                                                                                                                                                                                                                                                                            ;
+---------------+--------------+---------------------+---------------------+------------------------------+------------------------------+---------------------+---------------------+--------------------------------------+--------------------------------------+-----------------------------+-----------------------------+----------------------------+----------------------------+-----------------------------+-----------------------------+--------------------+--------------------+-------------------------------------+-------------------------------------+----------------------------+----------------------------+---------------------------+---------------------------+
; Pin           ; I/O Standard ; Board Delay on Rise ; Board Delay on Fall ; Steady State Voh at FPGA Pin ; Steady State Vol at FPGA Pin ; Voh Max at FPGA Pin ; Vol Min at FPGA Pin ; Ringback Voltage on Rise at FPGA Pin ; Ringback Voltage on Fall at FPGA Pin ; 10-90 Rise Time at FPGA Pin ; 90-10 Fall Time at FPGA Pin ; Monotonic Rise at FPGA Pin ; Monotonic Fall at FPGA Pin ; Steady State Voh at Far-end ; Steady State Vol at Far-end ; Voh Max at Far-end ; Vol Min at Far-end ; Ringback Voltage on Rise at Far-end ; Ringback Voltage on Fall at Far-end ; 10-90 Rise Time at Far-end ; 90-10 Fall Time at Far-end ; Monotonic Rise at Far-end ; Monotonic Fall at Far-end ;
+---------------+--------------+---------------------+---------------------+------------------------------+------------------------------+---------------------+---------------------+--------------------------------------+--------------------------------------+-----------------------------+-----------------------------+----------------------------+----------------------------+-----------------------------+-----------------------------+--------------------+--------------------+-------------------------------------+-------------------------------------+----------------------------+----------------------------+---------------------------+---------------------------+
; z             ; 2.5 V        ; 0 s                 ; 0 s                 ; 2.62 V                       ; 4.66e-08 V                   ; 2.72 V              ; -0.0215 V           ; 0.161 V                              ; 0.061 V                              ; 4.44e-10 s                  ; 4.06e-10 s                  ; No                         ; Yes                        ; 2.62 V                      ; 4.66e-08 V                  ; 2.72 V             ; -0.0215 V          ; 0.161 V                             ; 0.061 V                             ; 4.44e-10 s                 ; 4.06e-10 s                 ; No                        ; Yes                       ;
; s[7]          ; 2.5 V        ; 0 s                 ; 0 s                 ; 2.62 V                       ; 3.16e-08 V                   ; 2.65 V              ; -0.0109 V           ; 0.234 V                              ; 0.125 V                              ; 1.64e-09 s                  ; 1.59e-09 s                  ; No                         ; Yes                        ; 2.62 V                      ; 3.16e-08 V                  ; 2.65 V             ; -0.0109 V          ; 0.234 V                             ; 0.125 V                             ; 1.64e-09 s                 ; 1.59e-09 s                 ; No                        ; Yes                       ;
; s[6]          ; 2.5 V        ; 0 s                 ; 0 s                 ; 2.62 V                       ; 3.16e-08 V                   ; 2.71 V              ; -0.0171 V           ; 0.273 V                              ; 0.065 V                              ; 4.95e-10 s                  ; 5.37e-10 s                  ; No                         ; Yes                        ; 2.62 V                      ; 3.16e-08 V                  ; 2.71 V             ; -0.0171 V          ; 0.273 V                             ; 0.065 V                             ; 4.95e-10 s                 ; 5.37e-10 s                 ; No                        ; Yes                       ;
; s[5]          ; 2.5 V        ; 0 s                 ; 0 s                 ; 2.62 V                       ; 3.16e-08 V                   ; 2.71 V              ; -0.0171 V           ; 0.273 V                              ; 0.065 V                              ; 4.95e-10 s                  ; 5.37e-10 s                  ; No                         ; Yes                        ; 2.62 V                      ; 3.16e-08 V                  ; 2.71 V             ; -0.0171 V          ; 0.273 V                             ; 0.065 V                             ; 4.95e-10 s                 ; 5.37e-10 s                 ; No                        ; Yes                       ;
; s[4]          ; 2.5 V        ; 0 s                 ; 0 s                 ; 2.62 V                       ; 4.66e-08 V                   ; 2.72 V              ; -0.0215 V           ; 0.161 V                              ; 0.061 V                              ; 4.44e-10 s                  ; 4.06e-10 s                  ; No                         ; Yes                        ; 2.62 V                      ; 4.66e-08 V                  ; 2.72 V             ; -0.0215 V          ; 0.161 V                             ; 0.061 V                             ; 4.44e-10 s                 ; 4.06e-10 s                 ; No                        ; Yes                       ;
; s[3]          ; 2.5 V        ; 0 s                 ; 0 s                 ; 2.62 V                       ; 3.16e-08 V                   ; 2.72 V              ; -0.0199 V           ; 0.186 V                              ; 0.027 V                              ; 2.63e-10 s                  ; 2.76e-10 s                  ; Yes                        ; Yes                        ; 2.62 V                      ; 3.16e-08 V                  ; 2.72 V             ; -0.0199 V          ; 0.186 V                             ; 0.027 V                             ; 2.63e-10 s                 ; 2.76e-10 s                 ; Yes                       ; Yes                       ;
; s[2]          ; 2.5 V        ; 0 s                 ; 0 s                 ; 2.62 V                       ; 4.66e-08 V                   ; 2.65 V              ; -0.0115 V           ; 0.219 V                              ; 0.115 V                              ; 1.64e-09 s                  ; 1.57e-09 s                  ; No                         ; Yes                        ; 2.62 V                      ; 4.66e-08 V                  ; 2.65 V             ; -0.0115 V          ; 0.219 V                             ; 0.115 V                             ; 1.64e-09 s                 ; 1.57e-09 s                 ; No                        ; Yes                       ;
; s[1]          ; 2.5 V        ; 0 s                 ; 0 s                 ; 2.62 V                       ; 3.16e-08 V                   ; 2.71 V              ; -0.0171 V           ; 0.273 V                              ; 0.065 V                              ; 4.95e-10 s                  ; 5.37e-10 s                  ; No                         ; Yes                        ; 2.62 V                      ; 3.16e-08 V                  ; 2.71 V             ; -0.0171 V          ; 0.273 V                             ; 0.065 V                             ; 4.95e-10 s                 ; 5.37e-10 s                 ; No                        ; Yes                       ;
; s[0]          ; 2.5 V        ; 0 s                 ; 0 s                 ; 2.62 V                       ; 3.16e-08 V                   ; 2.71 V              ; -0.0171 V           ; 0.273 V                              ; 0.065 V                              ; 4.95e-10 s                  ; 5.37e-10 s                  ; No                         ; Yes                        ; 2.62 V                      ; 3.16e-08 V                  ; 2.71 V             ; -0.0171 V          ; 0.273 V                             ; 0.065 V                             ; 4.95e-10 s                 ; 5.37e-10 s                 ; No                        ; Yes                       ;
; n             ; 2.5 V        ; 0 s                 ; 0 s                 ; 2.62 V                       ; 3.16e-08 V                   ; 2.72 V              ; -0.0199 V           ; 0.186 V                              ; 0.027 V                              ; 2.63e-10 s                  ; 2.76e-10 s                  ; Yes                        ; Yes                        ; 2.62 V                      ; 3.16e-08 V                  ; 2.72 V             ; -0.0199 V          ; 0.186 V                             ; 0.027 V                             ; 2.63e-10 s                 ; 2.76e-10 s                 ; Yes                       ; Yes                       ;
; ~ALTERA_NCEO~ ; 2.5 V        ; 0 s                 ; 0 s                 ; 2.62 V                       ; 3.06e-08 V                   ; 2.86 V              ; -0.0341 V           ; 0.364 V                              ; 0.046 V                              ; 1.17e-10 s                  ; 2.6e-10 s                   ; No                         ; Yes                        ; 2.62 V                      ; 3.06e-08 V                  ; 2.86 V             ; -0.0341 V          ; 0.364 V                             ; 0.046 V                             ; 1.17e-10 s                 ; 2.6e-10 s                  ; No                        ; Yes                       ;
; ~ALTERA_DCLK~ ; 2.5 V        ; 0 s                 ; 0 s                 ; 2.62 V                       ; 3.81e-08 V                   ; 2.72 V              ; -0.0542 V           ; 0.144 V                              ; 0.087 V                              ; 2.55e-10 s                  ; 2.14e-10 s                  ; Yes                        ; Yes                        ; 2.62 V                      ; 3.81e-08 V                  ; 2.72 V             ; -0.0542 V          ; 0.144 V                             ; 0.087 V                             ; 2.55e-10 s                 ; 2.14e-10 s                 ; Yes                       ; Yes                       ;
+---------------+--------------+---------------------+---------------------+------------------------------+------------------------------+---------------------+---------------------+--------------------------------------+--------------------------------------+-----------------------------+-----------------------------+----------------------------+----------------------------+-----------------------------+-----------------------------+--------------------+--------------------+-------------------------------------+-------------------------------------+----------------------------+----------------------------+---------------------------+---------------------------+


-------------------
; Clock Transfers ;
-------------------
Nothing to report.


---------------
; Report TCCS ;
---------------
No dedicated SERDES Transmitter circuitry present in device or used in design


---------------
; Report RSKM ;
---------------
No non-DPA dedicated SERDES Receiver circuitry present in device or used in design


+------------------------------------------------+
; Unconstrained Paths                            ;
+---------------------------------+-------+------+
; Property                        ; Setup ; Hold ;
+---------------------------------+-------+------+
; Illegal Clocks                  ; 0     ; 0    ;
; Unconstrained Clocks            ; 0     ; 0    ;
; Unconstrained Input Ports       ; 19    ; 19   ;
; Unconstrained Input Port Paths  ; 141   ; 141  ;
; Unconstrained Output Ports      ; 10    ; 10   ;
; Unconstrained Output Port Paths ; 141   ; 141  ;
+---------------------------------+-------+------+


+------------------------------------+
; TimeQuest Timing Analyzer Messages ;
+------------------------------------+
Info: *******************************************************************
Info: Running Quartus II 64-Bit TimeQuest Timing Analyzer
    Info: Version 13.1.0 Build 162 10/23/2013 SJ Web Edition
    Info: Processing started: Wed Jun 10 15:13:51 2026
Info: Command: quartus_sta pfs_simplified_ula -c pfs_simplified_ula
Info: qsta_default_script.tcl version: #1
Warning (20028): Parallel compilation is not licensed and has been disabled
Info (21076): High junction temperature operating condition is not set. Assuming a default value of '85'.
Info (21076): Low junction temperature operating condition is not set. Assuming a default value of '0'.
Critical Warning (332012): Synopsys Design Constraints File file not found: 'pfs_simplified_ula.sdc'. A Synopsys Design Constraints File is required by the TimeQuest Timing Analyzer to get proper timing constraints. Without it, the Compiler will not properly optimize the design.
Info (332142): No user constrained base clocks found in the design. Calling "derive_clocks -period 1.0"
Info (332096): The command derive_clocks did not find any clocks to derive.  No clocks were created or changed.
Warning (332068): No clocks defined in design.
Info (332143): No user constrained clock uncertainty found in the design. Calling "derive_clock_uncertainty"
Info (332154): The derive_clock_uncertainty command did not apply clock uncertainty to any clock-to-clock transfers.
Info: Found TIMEQUEST_REPORT_SCRIPT_INCLUDE_DEFAULT_ANALYSIS = ON
Info (332159): No clocks to report
Info: Analyzing Slow 1200mV 85C Model
Info (332140): No fmax paths to report
Info (332140): No Setup paths to report
Info (332140): No Hold paths to report
Info (332140): No Recovery paths to report
Info (332140): No Removal paths to report
Info (332140): No Minimum Pulse Width paths to report
Info: Analyzing Slow 1200mV 0C Model
Info (334003): Started post-fitting delay annotation
Info (334004): Delay annotation completed successfully
Info (332142): No user constrained base clocks found in the design. Calling "derive_clocks -period 1.0"
Info (332096): The command derive_clocks did not find any clocks to derive.  No clocks were created or changed.
Warning (332068): No clocks defined in design.
Info (332154): The derive_clock_uncertainty command did not apply clock uncertainty to any clock-to-clock transfers.
Info (332140): No fmax paths to report
Info (332140): No Setup paths to report
Info (332140): No Hold paths to report
Info (332140): No Recovery paths to report
Info (332140): No Removal paths to report
Info (332140): No Minimum Pulse Width paths to report
Info: Analyzing Fast 1200mV 0C Model
Info (332142): No user constrained base clocks found in the design. Calling "derive_clocks -period 1.0"
Info (332096): The command derive_clocks did not find any clocks to derive.  No clocks were created or changed.
Warning (332068): No clocks defined in design.
Info (332154): The derive_clock_uncertainty command did not apply clock uncertainty to any clock-to-clock transfers.
Info (332140): No Setup paths to report
Info (332140): No Hold paths to report
Info (332140): No Recovery paths to report
Info (332140): No Removal paths to report
Info (332140): No Minimum Pulse Width paths to report
Info (332102): Design is not fully constrained for setup requirements
Info (332102): Design is not fully constrained for hold requirements
Info: Quartus II 64-Bit TimeQuest Timing Analyzer was successful. 0 errors, 5 warnings
    Info: Peak virtual memory: 4637 megabytes
    Info: Processing ended: Wed Jun 10 15:13:53 2026
    Info: Elapsed time: 00:00:02
    Info: Total CPU time (on all processors): 00:00:03


