TimeQuest Timing Analyzer report for pfs_ula_4bits
Mon Apr 20 20:11:01 2026
Quartus II 64-Bit Version 13.1.0 Build 162 10/23/2013 SJ Web Edition


---------------------
; Table of Contents ;
---------------------
  1. Legal Notice
  2. TimeQuest Timing Analyzer Summary
  3. Parallel Compilation
  4. Clocks
  5. Slow 1200mV 85C Model Fmax Summary
  6. Timing Closure Recommendations
  7. Slow 1200mV 85C Model Setup Summary
  8. Slow 1200mV 85C Model Hold Summary
  9. Slow 1200mV 85C Model Recovery Summary
 10. Slow 1200mV 85C Model Removal Summary
 11. Slow 1200mV 85C Model Minimum Pulse Width Summary
 12. Propagation Delay
 13. Minimum Propagation Delay
 14. Slow 1200mV 85C Model Metastability Report
 15. Slow 1200mV 0C Model Fmax Summary
 16. Slow 1200mV 0C Model Setup Summary
 17. Slow 1200mV 0C Model Hold Summary
 18. Slow 1200mV 0C Model Recovery Summary
 19. Slow 1200mV 0C Model Removal Summary
 20. Slow 1200mV 0C Model Minimum Pulse Width Summary
 21. Propagation Delay
 22. Minimum Propagation Delay
 23. Slow 1200mV 0C Model Metastability Report
 24. Fast 1200mV 0C Model Setup Summary
 25. Fast 1200mV 0C Model Hold Summary
 26. Fast 1200mV 0C Model Recovery Summary
 27. Fast 1200mV 0C Model Removal Summary
 28. Fast 1200mV 0C Model Minimum Pulse Width Summary
 29. Propagation Delay
 30. Minimum Propagation Delay
 31. Fast 1200mV 0C Model Metastability Report
 32. Multicorner Timing Analysis Summary
 33. Propagation Delay
 34. Minimum Propagation Delay
 35. Board Trace Model Assignments
 36. Input Transition Times
 37. Signal Integrity Metrics (Slow 1200mv 0c Model)
 38. Signal Integrity Metrics (Slow 1200mv 85c Model)
 39. Signal Integrity Metrics (Fast 1200mv 0c Model)
 40. Clock Transfers
 41. Report TCCS
 42. Report RSKM
 43. Unconstrained Paths
 44. TimeQuest Timing Analyzer Messages



----------------
; Legal Notice ;
----------------
Copyright (C) 1991-2013 Altera Corporation
Your use of Altera Corporation's design tools, logic functions 
and other software and tools, and its AMPP partner logic 
functions, and any output files from any of the foregoing 
(including device programming or simulation files), and any 
associated documentation or information are expressly subject 
to the terms and conditions of the Altera Program License 
Subscription Agreement, Altera MegaCore Function License 
Agreement, or other applicable license agreement, including, 
without limitation, that your use is for the sole purpose of 
programming logic devices manufactured by Altera and sold by 
Altera or its authorized distributors.  Please refer to the 
applicable agreement for further details.



+-------------------------------------------------------------------------+
; TimeQuest Timing Analyzer Summary                                       ;
+--------------------+----------------------------------------------------+
; Quartus II Version ; Version 13.1.0 Build 162 10/23/2013 SJ Web Edition ;
; Revision Name      ; pfs_ula_4bits                                      ;
; Device Family      ; Cyclone IV GX                                      ;
; Device Name        ; EP4CGX15BF14C6                                     ;
; Timing Models      ; Final                                              ;
; Delay Model        ; Combined                                           ;
; Rise/Fall Delays   ; Enabled                                            ;
+--------------------+----------------------------------------------------+


Parallel compilation was disabled, but you have multiple processors available. Enable parallel compilation to reduce compilation time.
+-------------------------------------+
; Parallel Compilation                ;
+----------------------------+--------+
; Processors                 ; Number ;
+----------------------------+--------+
; Number detected on machine ; 4      ;
; Maximum allowed            ; 1      ;
+----------------------------+--------+


----------
; Clocks ;
----------
No clocks to report.


--------------------------------------
; Slow 1200mV 85C Model Fmax Summary ;
--------------------------------------
No paths to report.


----------------------------------
; Timing Closure Recommendations ;
----------------------------------
HTML report is unavailable in plain text report export.


---------------------------------------
; Slow 1200mV 85C Model Setup Summary ;
---------------------------------------
No paths to report.


--------------------------------------
; Slow 1200mV 85C Model Hold Summary ;
--------------------------------------
No paths to report.


------------------------------------------
; Slow 1200mV 85C Model Recovery Summary ;
------------------------------------------
No paths to report.


-----------------------------------------
; Slow 1200mV 85C Model Removal Summary ;
-----------------------------------------
No paths to report.


-----------------------------------------------------
; Slow 1200mV 85C Model Minimum Pulse Width Summary ;
-----------------------------------------------------
No paths to report.


+--------------------------------------------------------------+
; Propagation Delay                                            ;
+------------+-------------+--------+--------+--------+--------+
; Input Port ; Output Port ; RR     ; RF     ; FR     ; FF     ;
+------------+-------------+--------+--------+--------+--------+
; sel[0]     ; b           ; 12.082 ; 11.756 ; 11.989 ; 11.952 ;
; sel[0]     ; c           ; 12.032 ; 12.316 ; 12.228 ; 12.223 ;
; sel[0]     ; n           ; 12.817 ; 12.821 ; 12.724 ; 12.728 ;
; sel[0]     ; s[0]        ; 8.569  ; 8.475  ; 8.639  ; 8.545  ;
; sel[0]     ; s[1]        ; 8.581  ; 8.482  ; 8.643  ; 8.544  ;
; sel[0]     ; s[2]        ; 12.692 ; 12.734 ; 12.611 ; 12.653 ;
; sel[0]     ; s[3]        ; 12.641 ; 12.590 ; 12.548 ; 12.497 ;
; sel[0]     ; v           ; 12.979 ; 12.841 ; 12.886 ; 12.748 ;
; sel[0]     ; z           ; 14.524 ; 14.379 ; 14.431 ; 14.286 ;
; sel[1]     ; b           ; 14.438 ; 13.228 ; 13.979 ; 14.714 ;
; sel[1]     ; c           ; 13.504 ; 14.672 ; 14.990 ; 14.213 ;
; sel[1]     ; n           ; 15.173 ; 15.177 ; 15.405 ; 15.409 ;
; sel[1]     ; s[0]        ; 10.505 ; 10.411 ; 10.944 ; 10.850 ;
; sel[1]     ; s[1]        ; 10.937 ; 10.838 ; 11.405 ; 11.306 ;
; sel[1]     ; s[2]        ; 15.048 ; 15.090 ; 15.373 ; 15.415 ;
; sel[1]     ; s[3]        ; 14.997 ; 14.946 ; 15.229 ; 15.178 ;
; sel[1]     ; v           ; 15.335 ; 15.197 ; 15.567 ; 15.429 ;
; sel[1]     ; z           ; 16.880 ; 16.735 ; 17.112 ; 16.967 ;
; sel[2]     ; b           ; 11.714 ; 11.465 ; 11.682 ; 11.622 ;
; sel[2]     ; c           ; 11.741 ; 11.948 ; 11.898 ; 11.916 ;
; sel[2]     ; n           ; 12.449 ; 12.453 ; 12.417 ; 12.421 ;
; sel[2]     ; s[0]        ; 8.193  ; 8.099  ; 8.282  ; 8.188  ;
; sel[2]     ; s[1]        ; 8.213  ; 8.114  ; 8.313  ; 8.214  ;
; sel[2]     ; s[2]        ; 12.324 ; 12.366 ; 12.292 ; 12.334 ;
; sel[2]     ; s[3]        ; 12.273 ; 12.222 ; 12.241 ; 12.190 ;
; sel[2]     ; v           ; 12.611 ; 12.473 ; 12.579 ; 12.441 ;
; sel[2]     ; z           ; 14.156 ; 14.011 ; 14.124 ; 13.979 ;
; x[0]       ; b           ; 13.231 ; 12.888 ; 13.563 ; 13.390 ;
; x[0]       ; c           ; 13.164 ; 13.465 ; 13.666 ; 13.797 ;
; x[0]       ; n           ; 13.966 ; 13.970 ; 14.298 ; 14.302 ;
; x[0]       ; s[0]        ; 8.357  ; 8.263  ; 8.830  ; 8.736  ;
; x[0]       ; s[1]        ; 9.695  ; 9.605  ; 10.076 ; 9.977  ;
; x[0]       ; s[2]        ; 13.841 ; 13.883 ; 14.173 ; 14.215 ;
; x[0]       ; s[3]        ; 13.790 ; 13.739 ; 14.122 ; 14.071 ;
; x[0]       ; v           ; 14.128 ; 13.990 ; 14.460 ; 14.322 ;
; x[0]       ; z           ; 15.673 ; 15.528 ; 16.005 ; 15.860 ;
; x[1]       ; b           ; 12.025 ; 12.346 ; 12.987 ; 12.342 ;
; x[1]       ; c           ; 12.622 ; 12.259 ; 12.618 ; 13.221 ;
; x[1]       ; n           ; 13.037 ; 13.041 ; 13.722 ; 13.726 ;
; x[1]       ; s[0]        ; 8.341  ; 8.247  ; 8.796  ; 8.702  ;
; x[1]       ; s[1]        ; 9.000  ; 8.901  ; 9.488  ; 9.395  ;
; x[1]       ; s[2]        ; 13.005 ; 13.047 ; 13.597 ; 13.639 ;
; x[1]       ; s[3]        ; 12.861 ; 12.810 ; 13.546 ; 13.495 ;
; x[1]       ; v           ; 13.199 ; 13.061 ; 13.884 ; 13.746 ;
; x[1]       ; z           ; 14.744 ; 14.599 ; 15.429 ; 15.284 ;
; x[2]       ; b           ; 9.745  ; 13.415 ; 14.071 ; 10.149 ;
; x[2]       ; c           ; 13.691 ; 9.979  ; 10.425 ; 14.305 ;
; x[2]       ; n           ; 14.106 ; 14.110 ; 14.806 ; 14.810 ;
; x[2]       ; s[1]        ; 10.106 ; 10.007 ; 10.570 ; 10.471 ;
; x[2]       ; s[2]        ; 14.074 ; 14.116 ; 14.681 ; 14.723 ;
; x[2]       ; s[3]        ; 13.930 ; 13.879 ; 14.630 ; 14.579 ;
; x[2]       ; v           ; 14.268 ; 14.130 ; 14.968 ; 14.830 ;
; x[2]       ; z           ; 15.813 ; 15.668 ; 16.513 ; 16.368 ;
; x[3]       ; b           ; 8.714  ; 10.117 ; 10.598 ; 9.204  ;
; x[3]       ; c           ; 10.393 ; 8.948  ; 9.480  ; 10.832 ;
; x[3]       ; n           ; 10.808 ; 10.812 ; 11.333 ; 11.337 ;
; x[3]       ; s[2]        ; 11.169 ; 11.189 ; 11.641 ; 11.726 ;
; x[3]       ; s[3]        ; 10.632 ; 10.581 ; 11.157 ; 11.106 ;
; x[3]       ; v           ; 10.970 ; 10.832 ; 11.495 ; 11.357 ;
; x[3]       ; z           ; 12.515 ; 12.370 ; 13.040 ; 12.895 ;
; y[0]       ; b           ; 13.166 ; 12.907 ; 13.595 ; 13.345 ;
; y[0]       ; c           ; 13.183 ; 13.400 ; 13.621 ; 13.829 ;
; y[0]       ; n           ; 13.901 ; 13.905 ; 14.330 ; 14.334 ;
; y[0]       ; s[0]        ; 8.009  ; 7.971  ; 8.448  ; 8.401  ;
; y[0]       ; s[1]        ; 9.630  ; 9.540  ; 10.059 ; 9.969  ;
; y[0]       ; s[2]        ; 13.776 ; 13.818 ; 14.205 ; 14.247 ;
; y[0]       ; s[3]        ; 13.725 ; 13.674 ; 14.154 ; 14.103 ;
; y[0]       ; v           ; 14.063 ; 13.925 ; 14.492 ; 14.354 ;
; y[0]       ; z           ; 15.608 ; 15.463 ; 16.037 ; 15.892 ;
; y[1]       ; b           ; 11.640 ; 11.617 ; 12.206 ; 11.953 ;
; y[1]       ; c           ; 11.893 ; 11.874 ; 12.229 ; 12.440 ;
; y[1]       ; n           ; 12.375 ; 12.379 ; 12.941 ; 12.945 ;
; y[1]       ; s[1]        ; 8.625  ; 8.514  ; 9.025  ; 8.922  ;
; y[1]       ; s[2]        ; 12.276 ; 12.318 ; 12.816 ; 12.858 ;
; y[1]       ; s[3]        ; 12.199 ; 12.148 ; 12.765 ; 12.714 ;
; y[1]       ; v           ; 12.537 ; 12.399 ; 13.103 ; 12.965 ;
; y[1]       ; z           ; 14.082 ; 13.937 ; 14.648 ; 14.503 ;
; y[2]       ; b           ; 9.823  ; 9.897  ; 10.357 ; 10.263 ;
; y[2]       ; c           ; 10.173 ; 10.057 ; 10.539 ; 10.591 ;
; y[2]       ; n           ; 10.588 ; 10.592 ; 11.092 ; 11.096 ;
; y[2]       ; s[2]        ; 10.932 ; 10.895 ; 11.276 ; 11.487 ;
; y[2]       ; s[3]        ; 10.412 ; 10.361 ; 10.916 ; 10.865 ;
; y[2]       ; v           ; 10.750 ; 10.612 ; 11.254 ; 11.116 ;
; y[2]       ; z           ; 12.295 ; 12.150 ; 12.799 ; 12.654 ;
; y[3]       ; b           ; 9.973  ; 9.976  ; 10.438 ; 10.441 ;
; y[3]       ; c           ; 10.252 ; 10.207 ; 10.717 ; 10.672 ;
; y[3]       ; n           ; 10.417 ; 9.306  ; 9.788  ; 10.989 ;
; y[3]       ; s[3]        ; 10.241 ; 9.075  ; 9.612  ; 10.758 ;
; y[3]       ; v           ; 10.510 ; 10.435 ; 11.147 ; 11.009 ;
; y[3]       ; z           ; 11.009 ; 11.979 ; 12.692 ; 11.350 ;
+------------+-------------+--------+--------+--------+--------+


+--------------------------------------------------------------+
; Minimum Propagation Delay                                    ;
+------------+-------------+--------+--------+--------+--------+
; Input Port ; Output Port ; RR     ; RF     ; FR     ; FF     ;
+------------+-------------+--------+--------+--------+--------+
; sel[0]     ; b           ; 7.409  ; 7.419  ; 7.494  ; 7.539  ;
; sel[0]     ; c           ; 7.643  ; 6.800  ; 6.979  ; 7.677  ;
; sel[0]     ; n           ; 7.044  ; 6.744  ; 6.897  ; 7.185  ;
; sel[0]     ; s[0]        ; 5.732  ; 5.647  ; 5.886  ; 5.801  ;
; sel[0]     ; s[1]        ; 6.474  ; 6.389  ; 6.633  ; 6.543  ;
; sel[0]     ; s[2]        ; 7.966  ; 7.964  ; 8.085  ; 8.074  ;
; sel[0]     ; s[3]        ; 6.869  ; 6.515  ; 6.722  ; 6.956  ;
; sel[0]     ; v           ; 6.151  ; 6.057  ; 6.249  ; 6.140  ;
; sel[0]     ; z           ; 7.769  ; 7.639  ; 7.923  ; 7.798  ;
; sel[1]     ; b           ; 8.919  ; 8.941  ; 9.406  ; 9.397  ;
; sel[1]     ; c           ; 9.165  ; 8.661  ; 9.214  ; 9.589  ;
; sel[1]     ; n           ; 9.013  ; 9.169  ; 9.631  ; 9.450  ;
; sel[1]     ; s[0]        ; 7.735  ; 7.650  ; 8.244  ; 8.154  ;
; sel[1]     ; s[1]        ; 8.294  ; 8.207  ; 8.746  ; 8.668  ;
; sel[1]     ; s[2]        ; 10.313 ; 10.754 ; 11.213 ; 10.771 ;
; sel[1]     ; s[3]        ; 8.838  ; 8.940  ; 9.456  ; 9.221  ;
; sel[1]     ; v           ; 9.104  ; 7.898  ; 8.459  ; 9.471  ;
; sel[1]     ; z           ; 9.587  ; 9.459  ; 10.048 ; 9.911  ;
; sel[2]     ; b           ; 7.268  ; 6.249  ; 6.293  ; 7.390  ;
; sel[2]     ; c           ; 6.473  ; 6.450  ; 6.667  ; 6.476  ;
; sel[2]     ; n           ; 6.458  ; 6.732  ; 6.841  ; 6.533  ;
; sel[2]     ; s[0]        ; 6.378  ; 6.182  ; 6.378  ; 6.428  ;
; sel[2]     ; s[1]        ; 6.800  ; 6.708  ; 6.885  ; 6.794  ;
; sel[2]     ; s[2]        ; 8.101  ; 7.944  ; 8.088  ; 8.187  ;
; sel[2]     ; s[3]        ; 6.283  ; 6.503  ; 6.666  ; 6.304  ;
; sel[2]     ; v           ; 5.794  ; 6.473  ; 6.690  ; 5.801  ;
; sel[2]     ; z           ; 7.911  ; 7.943  ; 8.154  ; 7.930  ;
; x[0]       ; b           ; 11.825 ; 11.706 ; 12.196 ; 12.152 ;
; x[0]       ; c           ; 6.855  ; 12.008 ; 12.376 ; 7.130  ;
; x[0]       ; n           ; 11.895 ; 11.851 ; 12.341 ; 12.297 ;
; x[0]       ; s[0]        ; 7.628  ; 7.497  ; 7.977  ; 7.941  ;
; x[0]       ; s[1]        ; 9.129  ; 9.029  ; 9.565  ; 9.474  ;
; x[0]       ; s[2]        ; 12.529 ; 12.553 ; 12.975 ; 12.999 ;
; x[0]       ; s[3]        ; 11.720 ; 11.622 ; 12.166 ; 12.068 ;
; x[0]       ; v           ; 11.986 ; 11.872 ; 12.432 ; 12.318 ;
; x[0]       ; z           ; 9.736  ; 9.669  ; 10.180 ; 10.018 ;
; x[1]       ; b           ; 11.228 ; 10.830 ; 11.279 ; 11.599 ;
; x[1]       ; c           ; 11.054 ; 11.411 ; 11.823 ; 11.462 ;
; x[1]       ; n           ; 11.019 ; 10.975 ; 11.515 ; 11.440 ;
; x[1]       ; s[0]        ; 7.995  ; 7.910  ; 8.432  ; 8.345  ;
; x[1]       ; s[1]        ; 8.629  ; 8.538  ; 9.076  ; 8.979  ;
; x[1]       ; s[2]        ; 11.653 ; 11.677 ; 12.127 ; 12.142 ;
; x[1]       ; s[3]        ; 10.844 ; 10.746 ; 11.340 ; 11.211 ;
; x[1]       ; v           ; 11.110 ; 10.996 ; 11.597 ; 11.461 ;
; x[1]       ; z           ; 9.918  ; 9.794  ; 10.359 ; 10.241 ;
; x[2]       ; b           ; 9.354  ; 9.359  ; 9.797  ; 9.782  ;
; x[2]       ; c           ; 9.583  ; 9.537  ; 10.006 ; 9.980  ;
; x[2]       ; n           ; 9.548  ; 9.504  ; 9.971  ; 9.927  ;
; x[2]       ; s[1]        ; 9.697  ; 9.606  ; 10.152 ; 10.052 ;
; x[2]       ; s[2]        ; 10.613 ; 10.649 ; 11.113 ; 11.095 ;
; x[2]       ; s[3]        ; 9.373  ; 9.275  ; 9.796  ; 9.698  ;
; x[2]       ; v           ; 9.639  ; 9.525  ; 10.062 ; 9.948  ;
; x[2]       ; z           ; 10.616 ; 10.455 ; 11.062 ; 10.955 ;
; x[3]       ; b           ; 8.443  ; 8.384  ; 8.790  ; 8.924  ;
; x[3]       ; c           ; 8.608  ; 8.626  ; 9.148  ; 8.973  ;
; x[3]       ; n           ; 8.464  ; 8.404  ; 8.905  ; 8.864  ;
; x[3]       ; s[2]        ; 10.517 ; 10.539 ; 10.978 ; 11.031 ;
; x[3]       ; s[3]        ; 8.289  ; 8.175  ; 8.730  ; 8.635  ;
; x[3]       ; v           ; 7.390  ; 7.309  ; 7.882  ; 7.728  ;
; x[3]       ; z           ; 10.044 ; 9.962  ; 10.504 ; 10.403 ;
; y[0]       ; b           ; 11.815 ; 11.727 ; 12.231 ; 12.152 ;
; y[0]       ; c           ; 11.951 ; 11.998 ; 12.376 ; 12.414 ;
; y[0]       ; n           ; 11.916 ; 11.872 ; 12.341 ; 12.297 ;
; y[0]       ; s[0]        ; 7.597  ; 7.517  ; 8.013  ; 7.942  ;
; y[0]       ; s[1]        ; 9.150  ; 9.050  ; 9.575  ; 9.475  ;
; y[0]       ; s[2]        ; 12.550 ; 12.574 ; 12.975 ; 12.999 ;
; y[0]       ; s[3]        ; 11.741 ; 11.643 ; 12.166 ; 12.068 ;
; y[0]       ; v           ; 12.007 ; 11.893 ; 12.432 ; 12.318 ;
; y[0]       ; z           ; 9.756  ; 9.638  ; 10.181 ; 10.054 ;
; y[1]       ; b           ; 10.810 ; 10.897 ; 11.404 ; 11.197 ;
; y[1]       ; c           ; 11.121 ; 10.993 ; 11.421 ; 11.587 ;
; y[1]       ; n           ; 11.046 ; 10.971 ; 11.386 ; 11.342 ;
; y[1]       ; s[1]        ; 8.165  ; 8.075  ; 8.576  ; 8.514  ;
; y[1]       ; s[2]        ; 11.658 ; 11.673 ; 12.020 ; 12.044 ;
; y[1]       ; s[3]        ; 10.871 ; 10.742 ; 11.211 ; 11.113 ;
; y[1]       ; v           ; 11.128 ; 10.992 ; 11.477 ; 11.363 ;
; y[1]       ; z           ; 9.455  ; 9.330  ; 9.894  ; 9.741  ;
; y[2]       ; b           ; 9.444  ; 9.544  ; 9.948  ; 9.877  ;
; y[2]       ; c           ; 9.768  ; 9.627  ; 10.101 ; 10.131 ;
; y[2]       ; n           ; 9.680  ; 9.605  ; 10.066 ; 10.022 ;
; y[2]       ; s[2]        ; 9.257  ; 10.373 ; 10.826 ; 9.652  ;
; y[2]       ; s[3]        ; 9.505  ; 9.376  ; 9.891  ; 9.793  ;
; y[2]       ; v           ; 9.762  ; 9.626  ; 10.157 ; 10.043 ;
; y[2]       ; z           ; 10.340 ; 9.099  ; 9.619  ; 10.668 ;
; y[3]       ; b           ; 9.468  ; 9.503  ; 9.917  ; 9.961  ;
; y[3]       ; c           ; 9.727  ; 9.651  ; 10.185 ; 10.100 ;
; y[3]       ; n           ; 8.829  ; 8.964  ; 9.439  ; 9.292  ;
; y[3]       ; s[3]        ; 8.654  ; 8.735  ; 9.264  ; 9.063  ;
; y[3]       ; v           ; 8.208  ; 8.101  ; 8.657  ; 8.559  ;
; y[3]       ; z           ; 10.604 ; 10.327 ; 10.932 ; 10.937 ;
+------------+-------------+--------+--------+--------+--------+


----------------------------------------------
; Slow 1200mV 85C Model Metastability Report ;
----------------------------------------------
No synchronizer chains to report.


-------------------------------------
; Slow 1200mV 0C Model Fmax Summary ;
-------------------------------------
No paths to report.


--------------------------------------
; Slow 1200mV 0C Model Setup Summary ;
--------------------------------------
No paths to report.


-------------------------------------
; Slow 1200mV 0C Model Hold Summary ;
-------------------------------------
No paths to report.


-----------------------------------------
; Slow 1200mV 0C Model Recovery Summary ;
-----------------------------------------
No paths to report.


----------------------------------------
; Slow 1200mV 0C Model Removal Summary ;
----------------------------------------
No paths to report.


----------------------------------------------------
; Slow 1200mV 0C Model Minimum Pulse Width Summary ;
----------------------------------------------------
No paths to report.


+--------------------------------------------------------------+
; Propagation Delay                                            ;
+------------+-------------+--------+--------+--------+--------+
; Input Port ; Output Port ; RR     ; RF     ; FR     ; FF     ;
+------------+-------------+--------+--------+--------+--------+
; sel[0]     ; b           ; 10.745 ; 10.608 ; 10.698 ; 10.809 ;
; sel[0]     ; c           ; 10.900 ; 10.998 ; 11.101 ; 10.951 ;
; sel[0]     ; n           ; 11.501 ; 11.421 ; 11.500 ; 11.421 ;
; sel[0]     ; s[0]        ; 7.686  ; 7.553  ; 7.826  ; 7.693  ;
; sel[0]     ; s[1]        ; 7.697  ; 7.584  ; 7.820  ; 7.707  ;
; sel[0]     ; s[2]        ; 11.371 ; 11.358 ; 11.407 ; 11.402 ;
; sel[0]     ; s[3]        ; 11.309 ; 11.233 ; 11.308 ; 11.233 ;
; sel[0]     ; v           ; 11.609 ; 11.465 ; 11.609 ; 11.464 ;
; sel[0]     ; z           ; 13.004 ; 12.879 ; 13.004 ; 12.878 ;
; sel[1]     ; b           ; 12.788 ; 11.818 ; 12.302 ; 13.114 ;
; sel[1]     ; c           ; 12.110 ; 13.041 ; 13.406 ; 12.555 ;
; sel[1]     ; n           ; 13.544 ; 13.464 ; 13.805 ; 13.726 ;
; sel[1]     ; s[0]        ; 9.339  ; 9.206  ; 9.734  ; 9.601  ;
; sel[1]     ; s[1]        ; 9.740  ; 9.627  ; 10.125 ; 10.012 ;
; sel[1]     ; s[2]        ; 13.414 ; 13.401 ; 13.712 ; 13.707 ;
; sel[1]     ; s[3]        ; 13.352 ; 13.276 ; 13.613 ; 13.538 ;
; sel[1]     ; v           ; 13.652 ; 13.508 ; 13.914 ; 13.769 ;
; sel[1]     ; z           ; 15.047 ; 14.922 ; 15.309 ; 15.183 ;
; sel[2]     ; b           ; 10.416 ; 10.347 ; 10.430 ; 10.513 ;
; sel[2]     ; c           ; 10.639 ; 10.669 ; 10.805 ; 10.683 ;
; sel[2]     ; n           ; 11.172 ; 11.092 ; 11.204 ; 11.125 ;
; sel[2]     ; s[0]        ; 7.349  ; 7.216  ; 7.515  ; 7.382  ;
; sel[2]     ; s[1]        ; 7.368  ; 7.255  ; 7.524  ; 7.411  ;
; sel[2]     ; s[2]        ; 11.042 ; 11.029 ; 11.111 ; 11.106 ;
; sel[2]     ; s[3]        ; 10.980 ; 10.904 ; 11.012 ; 10.937 ;
; sel[2]     ; v           ; 11.280 ; 11.136 ; 11.313 ; 11.168 ;
; sel[2]     ; z           ; 12.675 ; 12.550 ; 12.708 ; 12.582 ;
; x[0]       ; b           ; 11.676 ; 11.515 ; 11.926 ; 11.913 ;
; x[0]       ; c           ; 11.807 ; 11.929 ; 12.205 ; 12.179 ;
; x[0]       ; n           ; 12.432 ; 12.352 ; 12.682 ; 12.602 ;
; x[0]       ; s[0]        ; 7.426  ; 7.293  ; 7.786  ; 7.653  ;
; x[0]       ; s[1]        ; 8.604  ; 8.499  ; 8.916  ; 8.803  ;
; x[0]       ; s[2]        ; 12.302 ; 12.289 ; 12.552 ; 12.539 ;
; x[0]       ; s[3]        ; 12.240 ; 12.164 ; 12.490 ; 12.414 ;
; x[0]       ; v           ; 12.540 ; 12.396 ; 12.790 ; 12.646 ;
; x[0]       ; z           ; 13.935 ; 13.810 ; 14.185 ; 14.060 ;
; x[1]       ; b           ; 10.626 ; 11.027 ; 11.420 ; 10.962 ;
; x[1]       ; c           ; 11.319 ; 10.879 ; 11.254 ; 11.673 ;
; x[1]       ; n           ; 11.718 ; 11.639 ; 12.176 ; 12.096 ;
; x[1]       ; s[0]        ; 7.423  ; 7.290  ; 7.759  ; 7.626  ;
; x[1]       ; s[1]        ; 8.003  ; 7.895  ; 8.379  ; 8.274  ;
; x[1]       ; s[2]        ; 11.625 ; 11.620 ; 12.046 ; 12.033 ;
; x[1]       ; s[3]        ; 11.526 ; 11.451 ; 11.984 ; 11.908 ;
; x[1]       ; v           ; 11.827 ; 11.682 ; 12.284 ; 12.140 ;
; x[1]       ; z           ; 13.222 ; 13.096 ; 13.679 ; 13.554 ;
; x[2]       ; b           ; 8.571  ; 11.993 ; 12.402 ; 8.961  ;
; x[2]       ; c           ; 12.285 ; 8.824  ; 9.253  ; 12.655 ;
; x[2]       ; n           ; 12.684 ; 12.605 ; 13.158 ; 13.078 ;
; x[2]       ; s[1]        ; 9.004  ; 8.891  ; 9.354  ; 9.241  ;
; x[2]       ; s[2]        ; 12.591 ; 12.586 ; 13.028 ; 13.015 ;
; x[2]       ; s[3]        ; 12.492 ; 12.417 ; 12.966 ; 12.890 ;
; x[2]       ; v           ; 12.793 ; 12.648 ; 13.266 ; 13.122 ;
; x[2]       ; z           ; 14.188 ; 14.062 ; 14.661 ; 14.536 ;
; x[3]       ; b           ; 7.661  ; 8.978  ; 9.300  ; 8.084  ;
; x[3]       ; c           ; 9.270  ; 7.914  ; 8.376  ; 9.553  ;
; x[3]       ; n           ; 9.669  ; 9.590  ; 10.056 ; 9.976  ;
; x[3]       ; s[2]        ; 9.945  ; 9.899  ; 10.323 ; 10.328 ;
; x[3]       ; s[3]        ; 9.477  ; 9.402  ; 9.864  ; 9.788  ;
; x[3]       ; v           ; 9.778  ; 9.633  ; 10.164 ; 10.020 ;
; x[3]       ; z           ; 11.173 ; 11.047 ; 11.559 ; 11.434 ;
; y[0]       ; b           ; 11.624 ; 11.538 ; 11.958 ; 11.880 ;
; y[0]       ; c           ; 11.830 ; 11.877 ; 12.172 ; 12.211 ;
; y[0]       ; n           ; 12.380 ; 12.300 ; 12.714 ; 12.634 ;
; y[0]       ; s[0]        ; 7.123  ; 7.027  ; 7.464  ; 7.360  ;
; y[0]       ; s[1]        ; 8.552  ; 8.447  ; 8.886  ; 8.781  ;
; y[0]       ; s[2]        ; 12.250 ; 12.237 ; 12.584 ; 12.571 ;
; y[0]       ; s[3]        ; 12.188 ; 12.112 ; 12.522 ; 12.446 ;
; y[0]       ; v           ; 12.488 ; 12.344 ; 12.822 ; 12.678 ;
; y[0]       ; z           ; 13.883 ; 13.758 ; 14.217 ; 14.092 ;
; y[1]       ; b           ; 10.269 ; 10.358 ; 10.730 ; 10.613 ;
; y[1]       ; c           ; 10.650 ; 10.522 ; 10.905 ; 10.983 ;
; y[1]       ; n           ; 11.049 ; 10.970 ; 11.486 ; 11.406 ;
; y[1]       ; s[1]        ; 7.644  ; 7.524  ; 7.956  ; 7.851  ;
; y[1]       ; s[2]        ; 10.956 ; 10.951 ; 11.356 ; 11.343 ;
; y[1]       ; s[3]        ; 10.857 ; 10.782 ; 11.294 ; 11.218 ;
; y[1]       ; v           ; 11.158 ; 11.013 ; 11.594 ; 11.450 ;
; y[1]       ; z           ; 12.553 ; 12.427 ; 12.989 ; 12.864 ;
; y[2]       ; b           ; 8.654  ; 8.776  ; 9.078  ; 9.057  ;
; y[2]       ; c           ; 9.068  ; 8.907  ; 9.349  ; 9.331  ;
; y[2]       ; n           ; 9.467  ; 9.388  ; 9.834  ; 9.754  ;
; y[2]       ; s[2]        ; 9.718  ; 9.631  ; 9.978  ; 10.108 ;
; y[2]       ; s[3]        ; 9.275  ; 9.200  ; 9.642  ; 9.566  ;
; y[2]       ; v           ; 9.576  ; 9.431  ; 9.942  ; 9.798  ;
; y[2]       ; z           ; 10.971 ; 10.845 ; 11.337 ; 11.212 ;
; y[3]       ; b           ; 8.810  ; 8.847  ; 9.155  ; 9.189  ;
; y[3]       ; c           ; 9.139  ; 9.063  ; 9.481  ; 9.408  ;
; y[3]       ; n           ; 9.337  ; 8.245  ; 8.679  ; 9.659  ;
; y[3]       ; s[3]        ; 9.145  ; 8.057  ; 8.487  ; 9.471  ;
; y[3]       ; v           ; 9.409  ; 9.301  ; 9.847  ; 9.685  ;
; y[3]       ; z           ; 9.828  ; 10.715 ; 11.242 ; 10.057 ;
+------------+-------------+--------+--------+--------+--------+


+--------------------------------------------------------------+
; Minimum Propagation Delay                                    ;
+------------+-------------+--------+--------+--------+--------+
; Input Port ; Output Port ; RR     ; RF     ; FR     ; FF     ;
+------------+-------------+--------+--------+--------+--------+
; sel[0]     ; b           ; 6.577  ; 6.621  ; 6.688  ; 6.763  ;
; sel[0]     ; c           ; 6.869  ; 6.078  ; 6.303  ; 6.897  ;
; sel[0]     ; n           ; 6.360  ; 5.998  ; 6.265  ; 6.422  ;
; sel[0]     ; s[0]        ; 5.162  ; 5.032  ; 5.329  ; 5.205  ;
; sel[0]     ; s[1]        ; 5.812  ; 5.718  ; 5.989  ; 5.885  ;
; sel[0]     ; s[2]        ; 7.144  ; 7.099  ; 7.284  ; 7.233  ;
; sel[0]     ; s[3]        ; 6.169  ; 5.810  ; 6.074  ; 6.234  ;
; sel[0]     ; v           ; 5.527  ; 5.403  ; 5.652  ; 5.513  ;
; sel[0]     ; z           ; 6.995  ; 6.862  ; 7.162  ; 7.039  ;
; sel[1]     ; b           ; 7.851  ; 7.902  ; 8.245  ; 8.268  ;
; sel[1]     ; c           ; 8.150  ; 7.666  ; 8.154  ; 8.454  ;
; sel[1]     ; n           ; 8.057  ; 8.097  ; 8.563  ; 8.298  ;
; sel[1]     ; s[0]        ; 6.870  ; 6.746  ; 7.281  ; 7.151  ;
; sel[1]     ; s[1]        ; 7.356  ; 7.260  ; 7.726  ; 7.636  ;
; sel[1]     ; s[2]        ; 9.177  ; 9.514  ; 9.949  ; 9.487  ;
; sel[1]     ; s[3]        ; 7.866  ; 7.909  ; 8.372  ; 8.110  ;
; sel[1]     ; v           ; 8.126  ; 6.970  ; 7.478  ; 8.320  ;
; sel[1]     ; z           ; 8.537  ; 8.406  ; 8.913  ; 8.776  ;
; sel[2]     ; b           ; 6.443  ; 5.562  ; 5.624  ; 6.637  ;
; sel[2]     ; c           ; 5.810  ; 5.763  ; 6.031  ; 5.833  ;
; sel[2]     ; n           ; 5.839  ; 5.983  ; 6.205  ; 5.849  ;
; sel[2]     ; s[0]        ; 5.733  ; 5.510  ; 5.773  ; 5.765  ;
; sel[2]     ; s[1]        ; 6.097  ; 5.987  ; 6.220  ; 6.116  ;
; sel[2]     ; s[2]        ; 7.273  ; 7.076  ; 7.287  ; 7.332  ;
; sel[2]     ; s[3]        ; 5.648  ; 5.795  ; 6.014  ; 5.661  ;
; sel[2]     ; v           ; 5.209  ; 5.799  ; 6.033  ; 5.211  ;
; sel[2]     ; z           ; 7.113  ; 7.139  ; 7.369  ; 7.153  ;
; x[0]       ; b           ; 10.439 ; 10.449 ; 10.731 ; 10.801 ;
; x[0]       ; c           ; 6.054  ; 10.648 ; 11.049 ; 6.251  ;
; x[0]       ; n           ; 10.684 ; 10.587 ; 11.033 ; 10.908 ;
; x[0]       ; s[0]        ; 6.773  ; 6.610  ; 7.040  ; 6.965  ;
; x[0]       ; s[1]        ; 8.114  ; 8.004  ; 8.443  ; 8.339  ;
; x[0]       ; s[2]        ; 11.209 ; 11.182 ; 11.561 ; 11.532 ;
; x[0]       ; s[3]        ; 10.493 ; 10.399 ; 10.842 ; 10.720 ;
; x[0]       ; v           ; 10.753 ; 10.609 ; 11.092 ; 10.930 ;
; x[0]       ; z           ; 8.662  ; 8.604  ; 9.017  ; 8.871  ;
; x[1]       ; b           ; 9.923  ; 9.662  ; 9.918  ; 10.299 ;
; x[1]       ; c           ; 9.910  ; 10.132 ; 10.547 ; 10.127 ;
; x[1]       ; n           ; 9.897  ; 9.800  ; 10.220 ; 10.095 ;
; x[1]       ; s[0]        ; 7.119  ; 6.995  ; 7.447  ; 7.317  ;
; x[1]       ; s[1]        ; 7.674  ; 7.565  ; 8.010  ; 7.900  ;
; x[1]       ; s[2]        ; 10.422 ; 10.395 ; 10.752 ; 10.719 ;
; x[1]       ; s[3]        ; 9.706  ; 9.612  ; 10.029 ; 9.907  ;
; x[1]       ; v           ; 9.966  ; 9.822  ; 10.279 ; 10.117 ;
; x[1]       ; z           ; 8.842  ; 8.724  ; 9.177  ; 9.060  ;
; x[2]       ; b           ; 8.225  ; 8.286  ; 8.588  ; 8.635  ;
; x[2]       ; c           ; 8.534  ; 8.434  ; 8.883  ; 8.797  ;
; x[2]       ; n           ; 8.521  ; 8.402  ; 8.870  ; 8.765  ;
; x[2]       ; s[1]        ; 8.642  ; 8.538  ; 8.982  ; 8.872  ;
; x[2]       ; s[2]        ; 9.441  ; 9.419  ; 9.851  ; 9.776  ;
; x[2]       ; s[3]        ; 8.330  ; 8.214  ; 8.679  ; 8.577  ;
; x[2]       ; v           ; 8.586  ; 8.424  ; 8.939  ; 8.787  ;
; x[2]       ; z           ; 9.456  ; 9.307  ; 9.813  ; 9.717  ;
; x[3]       ; b           ; 7.422  ; 7.399  ; 7.692  ; 7.835  ;
; x[3]       ; c           ; 7.647  ; 7.631  ; 8.083  ; 7.901  ;
; x[3]       ; n           ; 7.534  ; 7.420  ; 7.876  ; 7.781  ;
; x[3]       ; s[2]        ; 9.356  ; 9.327  ; 9.726  ; 9.725  ;
; x[3]       ; s[3]        ; 7.343  ; 7.232  ; 7.685  ; 7.593  ;
; x[3]       ; v           ; 6.554  ; 6.438  ; 6.941  ; 6.767  ;
; x[3]       ; z           ; 8.940  ; 8.851  ; 9.301  ; 9.193  ;
; y[0]       ; b           ; 10.438 ; 10.473 ; 10.766 ; 10.807 ;
; y[0]       ; c           ; 10.721 ; 10.647 ; 11.055 ; 10.975 ;
; y[0]       ; n           ; 10.708 ; 10.611 ; 11.042 ; 10.943 ;
; y[0]       ; s[0]        ; 6.749  ; 6.634  ; 7.076  ; 6.967  ;
; y[0]       ; s[1]        ; 8.138  ; 8.028  ; 8.472  ; 8.362  ;
; y[0]       ; s[2]        ; 11.233 ; 11.206 ; 11.567 ; 11.540 ;
; y[0]       ; s[3]        ; 10.517 ; 10.423 ; 10.851 ; 10.755 ;
; y[0]       ; v           ; 10.777 ; 10.633 ; 11.111 ; 10.965 ;
; y[0]       ; z           ; 8.686  ; 8.580  ; 9.019  ; 8.907  ;
; y[1]       ; b           ; 9.536  ; 9.710  ; 10.026 ; 9.934  ;
; y[1]       ; c           ; 9.958  ; 9.745  ; 10.182 ; 10.235 ;
; y[1]       ; n           ; 9.838  ; 9.713  ; 10.169 ; 10.072 ;
; y[1]       ; s[1]        ; 7.246  ; 7.142  ; 7.567  ; 7.489  ;
; y[1]       ; s[2]        ; 10.370 ; 10.337 ; 10.694 ; 10.667 ;
; y[1]       ; s[3]        ; 9.647  ; 9.525  ; 9.978  ; 9.884  ;
; y[1]       ; v           ; 9.897  ; 9.735  ; 10.238 ; 10.094 ;
; y[1]       ; z           ; 8.419  ; 8.296  ; 8.766  ; 8.617  ;
; y[2]       ; b           ; 8.318  ; 8.460  ; 8.717  ; 8.712  ;
; y[2]       ; c           ; 8.708  ; 8.527  ; 8.960  ; 8.926  ;
; y[2]       ; n           ; 8.620  ; 8.495  ; 8.947  ; 8.850  ;
; y[2]       ; s[2]        ; 8.214  ; 9.178  ; 9.576  ; 8.489  ;
; y[2]       ; s[3]        ; 8.429  ; 8.307  ; 8.756  ; 8.662  ;
; y[2]       ; v           ; 8.679  ; 8.517  ; 9.016  ; 8.872  ;
; y[2]       ; z           ; 9.215  ; 8.080  ; 8.526  ; 9.442  ;
; y[3]       ; b           ; 8.363  ; 8.432  ; 8.699  ; 8.774  ;
; y[3]       ; c           ; 8.680  ; 8.572  ; 9.022  ; 8.908  ;
; y[3]       ; n           ; 7.896  ; 7.934  ; 8.370  ; 8.157  ;
; y[3]       ; s[3]        ; 7.705  ; 7.746  ; 8.179  ; 7.969  ;
; y[3]       ; v           ; 7.311  ; 7.180  ; 7.646  ; 7.521  ;
; y[3]       ; z           ; 9.454  ; 9.213  ; 9.677  ; 9.687  ;
+------------+-------------+--------+--------+--------+--------+


---------------------------------------------
; Slow 1200mV 0C Model Metastability Report ;
---------------------------------------------
No synchronizer chains to report.


--------------------------------------
; Fast 1200mV 0C Model Setup Summary ;
--------------------------------------
No paths to report.


-------------------------------------
; Fast 1200mV 0C Model Hold Summary ;
-------------------------------------
No paths to report.


-----------------------------------------
; Fast 1200mV 0C Model Recovery Summary ;
-----------------------------------------
No paths to report.


----------------------------------------
; Fast 1200mV 0C Model Removal Summary ;
----------------------------------------
No paths to report.


----------------------------------------------------
; Fast 1200mV 0C Model Minimum Pulse Width Summary ;
----------------------------------------------------
No paths to report.


+------------------------------------------------------------+
; Propagation Delay                                          ;
+------------+-------------+-------+-------+--------+--------+
; Input Port ; Output Port ; RR    ; RF    ; FR     ; FF     ;
+------------+-------------+-------+-------+--------+--------+
; sel[0]     ; b           ; 7.304 ; 6.821 ; 7.479  ; 7.153  ;
; sel[0]     ; c           ; 6.813 ; 7.347 ; 7.145  ; 7.522  ;
; sel[0]     ; n           ; 7.556 ; 7.625 ; 7.731  ; 7.800  ;
; sel[0]     ; s[0]        ; 5.084 ; 5.070 ; 5.262  ; 5.248  ;
; sel[0]     ; s[1]        ; 5.042 ; 5.119 ; 5.211  ; 5.288  ;
; sel[0]     ; s[2]        ; 7.589 ; 7.760 ; 7.764  ; 7.935  ;
; sel[0]     ; s[3]        ; 7.379 ; 7.468 ; 7.554  ; 7.643  ;
; sel[0]     ; v           ; 7.586 ; 7.596 ; 7.761  ; 7.771  ;
; sel[0]     ; z           ; 8.513 ; 8.498 ; 8.688  ; 8.673  ;
; sel[1]     ; b           ; 8.620 ; 7.652 ; 8.635  ; 8.855  ;
; sel[1]     ; c           ; 7.644 ; 8.663 ; 8.847  ; 8.678  ;
; sel[1]     ; n           ; 8.872 ; 8.941 ; 9.161  ; 9.230  ;
; sel[1]     ; s[0]        ; 6.166 ; 6.152 ; 6.679  ; 6.665  ;
; sel[1]     ; s[1]        ; 6.358 ; 6.435 ; 6.913  ; 6.990  ;
; sel[1]     ; s[2]        ; 8.905 ; 9.076 ; 9.296  ; 9.467  ;
; sel[1]     ; s[3]        ; 8.695 ; 8.784 ; 8.984  ; 9.073  ;
; sel[1]     ; v           ; 8.902 ; 8.912 ; 9.191  ; 9.201  ;
; sel[1]     ; z           ; 9.829 ; 9.814 ; 10.118 ; 10.103 ;
; sel[2]     ; b           ; 7.102 ; 6.657 ; 7.311  ; 6.976  ;
; sel[2]     ; c           ; 6.649 ; 7.145 ; 6.968  ; 7.354  ;
; sel[2]     ; n           ; 7.354 ; 7.423 ; 7.563  ; 7.632  ;
; sel[2]     ; s[0]        ; 4.876 ; 4.862 ; 5.061  ; 5.047  ;
; sel[2]     ; s[1]        ; 4.840 ; 4.917 ; 5.034  ; 5.111  ;
; sel[2]     ; s[2]        ; 7.387 ; 7.558 ; 7.596  ; 7.767  ;
; sel[2]     ; s[3]        ; 7.177 ; 7.266 ; 7.386  ; 7.475  ;
; sel[2]     ; v           ; 7.384 ; 7.394 ; 7.593  ; 7.603  ;
; sel[2]     ; z           ; 8.311 ; 8.296 ; 8.520  ; 8.505  ;
; x[0]       ; b           ; 7.854 ; 7.429 ; 8.365  ; 8.043  ;
; x[0]       ; c           ; 7.421 ; 7.897 ; 8.035  ; 8.408  ;
; x[0]       ; n           ; 8.106 ; 8.175 ; 8.617  ; 8.686  ;
; x[0]       ; s[0]        ; 4.858 ; 4.844 ; 5.460  ; 5.446  ;
; x[0]       ; s[1]        ; 5.569 ; 5.653 ; 6.099  ; 6.176  ;
; x[0]       ; s[2]        ; 8.139 ; 8.310 ; 8.650  ; 8.821  ;
; x[0]       ; s[3]        ; 7.929 ; 8.018 ; 8.440  ; 8.529  ;
; x[0]       ; v           ; 8.136 ; 8.146 ; 8.647  ; 8.657  ;
; x[0]       ; z           ; 9.063 ; 9.048 ; 9.574  ; 9.559  ;
; x[1]       ; b           ; 7.179 ; 7.139 ; 8.055  ; 7.484  ;
; x[1]       ; c           ; 7.131 ; 7.222 ; 7.476  ; 8.098  ;
; x[1]       ; n           ; 7.445 ; 7.514 ; 8.307  ; 8.376  ;
; x[1]       ; s[0]        ; 4.854 ; 4.840 ; 5.453  ; 5.439  ;
; x[1]       ; s[1]        ; 5.182 ; 5.259 ; 5.795  ; 5.872  ;
; x[1]       ; s[2]        ; 7.580 ; 7.751 ; 8.340  ; 8.511  ;
; x[1]       ; s[3]        ; 7.268 ; 7.357 ; 8.130  ; 8.219  ;
; x[1]       ; v           ; 7.475 ; 7.485 ; 8.337  ; 8.347  ;
; x[1]       ; z           ; 8.402 ; 8.387 ; 9.264  ; 9.249  ;
; x[2]       ; b           ; 5.835 ; 7.748 ; 8.744  ; 6.271  ;
; x[2]       ; c           ; 7.740 ; 5.878 ; 6.263  ; 8.787  ;
; x[2]       ; n           ; 8.054 ; 8.123 ; 8.996  ; 9.065  ;
; x[2]       ; s[1]        ; 5.806 ; 5.883 ; 6.482  ; 6.559  ;
; x[2]       ; s[2]        ; 8.189 ; 8.360 ; 9.029  ; 9.200  ;
; x[2]       ; s[3]        ; 7.877 ; 7.966 ; 8.819  ; 8.908  ;
; x[2]       ; v           ; 8.084 ; 8.094 ; 9.026  ; 9.036  ;
; x[2]       ; z           ; 9.011 ; 8.996 ; 9.953  ; 9.938  ;
; x[3]       ; b           ; 5.247 ; 5.908 ; 6.634  ; 5.762  ;
; x[3]       ; c           ; 5.900 ; 5.290 ; 5.754  ; 6.677  ;
; x[3]       ; n           ; 6.214 ; 6.283 ; 6.886  ; 6.955  ;
; x[3]       ; s[2]        ; 6.540 ; 6.730 ; 7.141  ; 7.363  ;
; x[3]       ; s[3]        ; 6.037 ; 6.126 ; 6.709  ; 6.798  ;
; x[3]       ; v           ; 6.244 ; 6.254 ; 6.916  ; 6.926  ;
; x[3]       ; z           ; 7.171 ; 7.156 ; 7.843  ; 7.828  ;
; y[0]       ; b           ; 7.827 ; 7.446 ; 8.397  ; 8.023  ;
; y[0]       ; c           ; 7.438 ; 7.870 ; 8.015  ; 8.440  ;
; y[0]       ; n           ; 8.079 ; 8.148 ; 8.649  ; 8.718  ;
; y[0]       ; s[0]        ; 4.677 ; 4.706 ; 5.254  ; 5.276  ;
; y[0]       ; s[1]        ; 5.542 ; 5.626 ; 6.112  ; 6.196  ;
; y[0]       ; s[2]        ; 8.112 ; 8.283 ; 8.682  ; 8.853  ;
; y[0]       ; s[3]        ; 7.902 ; 7.991 ; 8.472  ; 8.561  ;
; y[0]       ; v           ; 8.109 ; 8.119 ; 8.679  ; 8.689  ;
; y[0]       ; z           ; 9.036 ; 9.021 ; 9.606  ; 9.591  ;
; y[1]       ; b           ; 6.961 ; 6.733 ; 7.595  ; 7.249  ;
; y[1]       ; c           ; 6.725 ; 7.004 ; 7.241  ; 7.638  ;
; y[1]       ; n           ; 7.213 ; 7.282 ; 7.847  ; 7.916  ;
; y[1]       ; s[1]        ; 4.974 ; 5.042 ; 5.521  ; 5.589  ;
; y[1]       ; s[2]        ; 7.246 ; 7.417 ; 7.880  ; 8.051  ;
; y[1]       ; s[3]        ; 7.036 ; 7.125 ; 7.670  ; 7.759  ;
; y[1]       ; v           ; 7.243 ; 7.253 ; 7.877  ; 7.887  ;
; y[1]       ; z           ; 8.170 ; 8.155 ; 8.804  ; 8.789  ;
; y[2]       ; b           ; 5.874 ; 5.804 ; 6.517  ; 6.348  ;
; y[2]       ; c           ; 5.796 ; 5.917 ; 6.340  ; 6.560  ;
; y[2]       ; n           ; 6.126 ; 6.195 ; 6.769  ; 6.838  ;
; y[2]       ; s[2]        ; 6.438 ; 6.577 ; 6.972  ; 7.247  ;
; y[2]       ; s[3]        ; 5.949 ; 6.038 ; 6.592  ; 6.681  ;
; y[2]       ; v           ; 6.156 ; 6.166 ; 6.799  ; 6.809  ;
; y[2]       ; z           ; 7.083 ; 7.068 ; 7.726  ; 7.711  ;
; y[3]       ; b           ; 5.960 ; 5.884 ; 6.583  ; 6.507  ;
; y[3]       ; c           ; 5.876 ; 6.003 ; 6.499  ; 6.626  ;
; y[3]       ; n           ; 6.025 ; 5.492 ; 6.065  ; 6.794  ;
; y[3]       ; s[3]        ; 5.848 ; 5.335 ; 5.888  ; 6.637  ;
; y[3]       ; v           ; 5.979 ; 6.031 ; 6.755  ; 6.765  ;
; y[3]       ; z           ; 6.380 ; 6.967 ; 7.682  ; 7.007  ;
+------------+-------------+-------+-------+--------+--------+


+----------------------------------------------------------+
; Minimum Propagation Delay                                ;
+------------+-------------+-------+-------+-------+-------+
; Input Port ; Output Port ; RR    ; RF    ; FR    ; FF    ;
+------------+-------------+-------+-------+-------+-------+
; sel[0]     ; b           ; 4.503 ; 4.424 ; 4.773 ; 4.711 ;
; sel[0]     ; c           ; 4.390 ; 4.076 ; 4.265 ; 4.788 ;
; sel[0]     ; n           ; 4.142 ; 4.061 ; 4.285 ; 4.524 ;
; sel[0]     ; s[0]        ; 3.399 ; 3.391 ; 3.705 ; 3.697 ;
; sel[0]     ; s[1]        ; 3.766 ; 3.843 ; 4.072 ; 4.149 ;
; sel[0]     ; s[2]        ; 4.782 ; 4.931 ; 5.064 ; 5.206 ;
; sel[0]     ; s[3]        ; 3.967 ; 3.905 ; 4.110 ; 4.368 ;
; sel[0]     ; v           ; 3.584 ; 3.619 ; 3.856 ; 3.886 ;
; sel[0]     ; z           ; 4.547 ; 4.553 ; 4.853 ; 4.859 ;
; sel[1]     ; b           ; 5.355 ; 5.285 ; 5.981 ; 5.891 ;
; sel[1]     ; c           ; 5.251 ; 5.119 ; 5.643 ; 5.996 ;
; sel[1]     ; n           ; 5.242 ; 5.407 ; 5.933 ; 5.936 ;
; sel[1]     ; s[0]        ; 4.540 ; 4.532 ; 5.160 ; 5.152 ;
; sel[1]     ; s[1]        ; 4.801 ; 4.878 ; 5.390 ; 5.468 ;
; sel[1]     ; s[2]        ; 6.085 ; 6.486 ; 6.923 ; 6.851 ;
; sel[1]     ; s[3]        ; 5.067 ; 5.251 ; 5.758 ; 5.780 ;
; sel[1]     ; v           ; 5.197 ; 4.658 ; 5.221 ; 5.907 ;
; sel[1]     ; z           ; 5.582 ; 5.588 ; 6.172 ; 6.177 ;
; sel[2]     ; b           ; 4.438 ; 3.789 ; 4.114 ; 4.639 ;
; sel[2]     ; c           ; 3.755 ; 3.887 ; 4.094 ; 4.129 ;
; sel[2]     ; n           ; 3.818 ; 4.051 ; 4.269 ; 4.169 ;
; sel[2]     ; s[0]        ; 3.776 ; 3.703 ; 3.993 ; 4.059 ;
; sel[2]     ; s[1]        ; 3.959 ; 4.040 ; 4.215 ; 4.296 ;
; sel[2]     ; s[2]        ; 4.849 ; 4.917 ; 5.074 ; 5.282 ;
; sel[2]     ; s[3]        ; 3.643 ; 3.895 ; 4.094 ; 4.013 ;
; sel[2]     ; v           ; 3.381 ; 3.822 ; 4.131 ; 3.716 ;
; sel[2]     ; z           ; 4.636 ; 4.713 ; 5.000 ; 4.938 ;
; x[0]       ; b           ; 7.042 ; 6.759 ; 7.576 ; 7.338 ;
; x[0]       ; c           ; 3.957 ; 7.057 ; 7.304 ; 4.515 ;
; x[0]       ; n           ; 6.793 ; 6.816 ; 7.372 ; 7.395 ;
; x[0]       ; s[0]        ; 4.450 ; 4.411 ; 4.973 ; 4.988 ;
; x[0]       ; s[1]        ; 5.226 ; 5.300 ; 5.805 ; 5.879 ;
; x[0]       ; s[2]        ; 7.276 ; 7.446 ; 7.855 ; 8.025 ;
; x[0]       ; s[3]        ; 6.618 ; 6.660 ; 7.197 ; 7.239 ;
; x[0]       ; v           ; 6.748 ; 6.787 ; 7.327 ; 7.366 ;
; x[0]       ; z           ; 5.635 ; 5.670 ; 6.212 ; 6.193 ;
; x[1]       ; b           ; 6.711 ; 6.290 ; 7.078 ; 7.059 ;
; x[1]       ; c           ; 6.256 ; 6.726 ; 7.025 ; 7.093 ;
; x[1]       ; n           ; 6.324 ; 6.347 ; 7.062 ; 7.065 ;
; x[1]       ; s[0]        ; 4.647 ; 4.639 ; 5.234 ; 5.226 ;
; x[1]       ; s[1]        ; 4.950 ; 5.031 ; 5.540 ; 5.621 ;
; x[1]       ; s[2]        ; 6.807 ; 6.977 ; 7.493 ; 7.656 ;
; x[1]       ; s[3]        ; 6.149 ; 6.191 ; 6.887 ; 6.909 ;
; x[1]       ; v           ; 6.279 ; 6.318 ; 7.017 ; 7.036 ;
; x[1]       ; z           ; 5.735 ; 5.737 ; 6.325 ; 6.327 ;
; x[2]       ; b           ; 5.603 ; 5.487 ; 6.181 ; 6.056 ;
; x[2]       ; c           ; 5.453 ; 5.618 ; 6.022 ; 6.196 ;
; x[2]       ; n           ; 5.521 ; 5.544 ; 6.090 ; 6.113 ;
; x[2]       ; s[1]        ; 5.560 ; 5.641 ; 6.233 ; 6.307 ;
; x[2]       ; s[2]        ; 6.240 ; 6.417 ; 6.843 ; 7.002 ;
; x[2]       ; s[3]        ; 5.346 ; 5.388 ; 5.915 ; 5.957 ;
; x[2]       ; v           ; 5.476 ; 5.515 ; 6.045 ; 6.084 ;
; x[2]       ; z           ; 6.136 ; 6.104 ; 6.721 ; 6.707 ;
; x[3]       ; b           ; 5.087 ; 4.964 ; 5.598 ; 5.596 ;
; x[3]       ; c           ; 4.930 ; 5.102 ; 5.562 ; 5.613 ;
; x[3]       ; n           ; 4.943 ; 4.959 ; 5.520 ; 5.547 ;
; x[3]       ; s[2]        ; 6.182 ; 6.347 ; 6.773 ; 6.957 ;
; x[3]       ; s[3]        ; 4.768 ; 4.803 ; 5.345 ; 5.391 ;
; x[3]       ; v           ; 4.270 ; 4.314 ; 4.880 ; 4.880 ;
; x[3]       ; z           ; 5.812 ; 5.846 ; 6.400 ; 6.423 ;
; y[0]       ; b           ; 7.047 ; 6.775 ; 7.609 ; 7.344 ;
; y[0]       ; c           ; 6.741 ; 7.062 ; 7.310 ; 7.624 ;
; y[0]       ; n           ; 6.809 ; 6.832 ; 7.378 ; 7.401 ;
; y[0]       ; s[0]        ; 4.444 ; 4.426 ; 5.006 ; 4.995 ;
; y[0]       ; s[1]        ; 5.242 ; 5.316 ; 5.811 ; 5.885 ;
; y[0]       ; s[2]        ; 7.292 ; 7.462 ; 7.861 ; 8.031 ;
; y[0]       ; s[3]        ; 6.634 ; 6.676 ; 7.203 ; 7.245 ;
; y[0]       ; v           ; 6.764 ; 6.803 ; 7.333 ; 7.372 ;
; y[0]       ; z           ; 5.650 ; 5.664 ; 6.219 ; 6.226 ;
; y[1]       ; b           ; 6.475 ; 6.324 ; 7.124 ; 6.814 ;
; y[1]       ; c           ; 6.290 ; 6.490 ; 6.780 ; 7.139 ;
; y[1]       ; n           ; 6.358 ; 6.381 ; 6.848 ; 6.871 ;
; y[1]       ; s[1]        ; 4.697 ; 4.774 ; 5.250 ; 5.346 ;
; y[1]       ; s[2]        ; 6.841 ; 7.011 ; 7.331 ; 7.501 ;
; y[1]       ; s[3]        ; 6.183 ; 6.225 ; 6.673 ; 6.715 ;
; y[1]       ; v           ; 6.313 ; 6.352 ; 6.803 ; 6.842 ;
; y[1]       ; z           ; 5.478 ; 5.484 ; 6.050 ; 6.037 ;
; y[2]       ; b           ; 5.653 ; 5.598 ; 6.274 ; 6.118 ;
; y[2]       ; c           ; 5.564 ; 5.668 ; 6.084 ; 6.289 ;
; y[2]       ; n           ; 5.632 ; 5.640 ; 6.152 ; 6.175 ;
; y[2]       ; s[2]        ; 5.515 ; 6.261 ; 6.706 ; 6.207 ;
; y[2]       ; s[3]        ; 5.457 ; 5.484 ; 5.977 ; 6.019 ;
; y[2]       ; v           ; 5.587 ; 5.611 ; 6.107 ; 6.146 ;
; y[2]       ; z           ; 5.980 ; 5.379 ; 5.926 ; 6.570 ;
; y[3]       ; b           ; 5.658 ; 5.586 ; 6.271 ; 6.206 ;
; y[3]       ; c           ; 5.552 ; 5.673 ; 6.172 ; 6.286 ;
; y[3]       ; n           ; 5.151 ; 5.291 ; 5.861 ; 5.844 ;
; y[3]       ; s[3]        ; 4.976 ; 5.135 ; 5.686 ; 5.688 ;
; y[3]       ; v           ; 4.729 ; 4.759 ; 5.348 ; 5.378 ;
; y[3]       ; z           ; 6.144 ; 6.054 ; 6.697 ; 6.764 ;
+------------+-------------+-------+-------+-------+-------+


---------------------------------------------
; Fast 1200mV 0C Model Metastability Report ;
---------------------------------------------
No synchronizer chains to report.


+----------------------------------------------------------------------------+
; Multicorner Timing Analysis Summary                                        ;
+------------------+-------+------+----------+---------+---------------------+
; Clock            ; Setup ; Hold ; Recovery ; Removal ; Minimum Pulse Width ;
+------------------+-------+------+----------+---------+---------------------+
; Worst-case Slack ; N/A   ; N/A  ; N/A      ; N/A     ; N/A                 ;
; Design-wide TNS  ; 0.0   ; 0.0  ; 0.0      ; 0.0     ; 0.0                 ;
+------------------+-------+------+----------+---------+---------------------+


+--------------------------------------------------------------+
; Propagation Delay                                            ;
+------------+-------------+--------+--------+--------+--------+
; Input Port ; Output Port ; RR     ; RF     ; FR     ; FF     ;
+------------+-------------+--------+--------+--------+--------+
; sel[0]     ; b           ; 12.082 ; 11.756 ; 11.989 ; 11.952 ;
; sel[0]     ; c           ; 12.032 ; 12.316 ; 12.228 ; 12.223 ;
; sel[0]     ; n           ; 12.817 ; 12.821 ; 12.724 ; 12.728 ;
; sel[0]     ; s[0]        ; 8.569  ; 8.475  ; 8.639  ; 8.545  ;
; sel[0]     ; s[1]        ; 8.581  ; 8.482  ; 8.643  ; 8.544  ;
; sel[0]     ; s[2]        ; 12.692 ; 12.734 ; 12.611 ; 12.653 ;
; sel[0]     ; s[3]        ; 12.641 ; 12.590 ; 12.548 ; 12.497 ;
; sel[0]     ; v           ; 12.979 ; 12.841 ; 12.886 ; 12.748 ;
; sel[0]     ; z           ; 14.524 ; 14.379 ; 14.431 ; 14.286 ;
; sel[1]     ; b           ; 14.438 ; 13.228 ; 13.979 ; 14.714 ;
; sel[1]     ; c           ; 13.504 ; 14.672 ; 14.990 ; 14.213 ;
; sel[1]     ; n           ; 15.173 ; 15.177 ; 15.405 ; 15.409 ;
; sel[1]     ; s[0]        ; 10.505 ; 10.411 ; 10.944 ; 10.850 ;
; sel[1]     ; s[1]        ; 10.937 ; 10.838 ; 11.405 ; 11.306 ;
; sel[1]     ; s[2]        ; 15.048 ; 15.090 ; 15.373 ; 15.415 ;
; sel[1]     ; s[3]        ; 14.997 ; 14.946 ; 15.229 ; 15.178 ;
; sel[1]     ; v           ; 15.335 ; 15.197 ; 15.567 ; 15.429 ;
; sel[1]     ; z           ; 16.880 ; 16.735 ; 17.112 ; 16.967 ;
; sel[2]     ; b           ; 11.714 ; 11.465 ; 11.682 ; 11.622 ;
; sel[2]     ; c           ; 11.741 ; 11.948 ; 11.898 ; 11.916 ;
; sel[2]     ; n           ; 12.449 ; 12.453 ; 12.417 ; 12.421 ;
; sel[2]     ; s[0]        ; 8.193  ; 8.099  ; 8.282  ; 8.188  ;
; sel[2]     ; s[1]        ; 8.213  ; 8.114  ; 8.313  ; 8.214  ;
; sel[2]     ; s[2]        ; 12.324 ; 12.366 ; 12.292 ; 12.334 ;
; sel[2]     ; s[3]        ; 12.273 ; 12.222 ; 12.241 ; 12.190 ;
; sel[2]     ; v           ; 12.611 ; 12.473 ; 12.579 ; 12.441 ;
; sel[2]     ; z           ; 14.156 ; 14.011 ; 14.124 ; 13.979 ;
; x[0]       ; b           ; 13.231 ; 12.888 ; 13.563 ; 13.390 ;
; x[0]       ; c           ; 13.164 ; 13.465 ; 13.666 ; 13.797 ;
; x[0]       ; n           ; 13.966 ; 13.970 ; 14.298 ; 14.302 ;
; x[0]       ; s[0]        ; 8.357  ; 8.263  ; 8.830  ; 8.736  ;
; x[0]       ; s[1]        ; 9.695  ; 9.605  ; 10.076 ; 9.977  ;
; x[0]       ; s[2]        ; 13.841 ; 13.883 ; 14.173 ; 14.215 ;
; x[0]       ; s[3]        ; 13.790 ; 13.739 ; 14.122 ; 14.071 ;
; x[0]       ; v           ; 14.128 ; 13.990 ; 14.460 ; 14.322 ;
; x[0]       ; z           ; 15.673 ; 15.528 ; 16.005 ; 15.860 ;
; x[1]       ; b           ; 12.025 ; 12.346 ; 12.987 ; 12.342 ;
; x[1]       ; c           ; 12.622 ; 12.259 ; 12.618 ; 13.221 ;
; x[1]       ; n           ; 13.037 ; 13.041 ; 13.722 ; 13.726 ;
; x[1]       ; s[0]        ; 8.341  ; 8.247  ; 8.796  ; 8.702  ;
; x[1]       ; s[1]        ; 9.000  ; 8.901  ; 9.488  ; 9.395  ;
; x[1]       ; s[2]        ; 13.005 ; 13.047 ; 13.597 ; 13.639 ;
; x[1]       ; s[3]        ; 12.861 ; 12.810 ; 13.546 ; 13.495 ;
; x[1]       ; v           ; 13.199 ; 13.061 ; 13.884 ; 13.746 ;
; x[1]       ; z           ; 14.744 ; 14.599 ; 15.429 ; 15.284 ;
; x[2]       ; b           ; 9.745  ; 13.415 ; 14.071 ; 10.149 ;
; x[2]       ; c           ; 13.691 ; 9.979  ; 10.425 ; 14.305 ;
; x[2]       ; n           ; 14.106 ; 14.110 ; 14.806 ; 14.810 ;
; x[2]       ; s[1]        ; 10.106 ; 10.007 ; 10.570 ; 10.471 ;
; x[2]       ; s[2]        ; 14.074 ; 14.116 ; 14.681 ; 14.723 ;
; x[2]       ; s[3]        ; 13.930 ; 13.879 ; 14.630 ; 14.579 ;
; x[2]       ; v           ; 14.268 ; 14.130 ; 14.968 ; 14.830 ;
; x[2]       ; z           ; 15.813 ; 15.668 ; 16.513 ; 16.368 ;
; x[3]       ; b           ; 8.714  ; 10.117 ; 10.598 ; 9.204  ;
; x[3]       ; c           ; 10.393 ; 8.948  ; 9.480  ; 10.832 ;
; x[3]       ; n           ; 10.808 ; 10.812 ; 11.333 ; 11.337 ;
; x[3]       ; s[2]        ; 11.169 ; 11.189 ; 11.641 ; 11.726 ;
; x[3]       ; s[3]        ; 10.632 ; 10.581 ; 11.157 ; 11.106 ;
; x[3]       ; v           ; 10.970 ; 10.832 ; 11.495 ; 11.357 ;
; x[3]       ; z           ; 12.515 ; 12.370 ; 13.040 ; 12.895 ;
; y[0]       ; b           ; 13.166 ; 12.907 ; 13.595 ; 13.345 ;
; y[0]       ; c           ; 13.183 ; 13.400 ; 13.621 ; 13.829 ;
; y[0]       ; n           ; 13.901 ; 13.905 ; 14.330 ; 14.334 ;
; y[0]       ; s[0]        ; 8.009  ; 7.971  ; 8.448  ; 8.401  ;
; y[0]       ; s[1]        ; 9.630  ; 9.540  ; 10.059 ; 9.969  ;
; y[0]       ; s[2]        ; 13.776 ; 13.818 ; 14.205 ; 14.247 ;
; y[0]       ; s[3]        ; 13.725 ; 13.674 ; 14.154 ; 14.103 ;
; y[0]       ; v           ; 14.063 ; 13.925 ; 14.492 ; 14.354 ;
; y[0]       ; z           ; 15.608 ; 15.463 ; 16.037 ; 15.892 ;
; y[1]       ; b           ; 11.640 ; 11.617 ; 12.206 ; 11.953 ;
; y[1]       ; c           ; 11.893 ; 11.874 ; 12.229 ; 12.440 ;
; y[1]       ; n           ; 12.375 ; 12.379 ; 12.941 ; 12.945 ;
; y[1]       ; s[1]        ; 8.625  ; 8.514  ; 9.025  ; 8.922  ;
; y[1]       ; s[2]        ; 12.276 ; 12.318 ; 12.816 ; 12.858 ;
; y[1]       ; s[3]        ; 12.199 ; 12.148 ; 12.765 ; 12.714 ;
; y[1]       ; v           ; 12.537 ; 12.399 ; 13.103 ; 12.965 ;
; y[1]       ; z           ; 14.082 ; 13.937 ; 14.648 ; 14.503 ;
; y[2]       ; b           ; 9.823  ; 9.897  ; 10.357 ; 10.263 ;
; y[2]       ; c           ; 10.173 ; 10.057 ; 10.539 ; 10.591 ;
; y[2]       ; n           ; 10.588 ; 10.592 ; 11.092 ; 11.096 ;
; y[2]       ; s[2]        ; 10.932 ; 10.895 ; 11.276 ; 11.487 ;
; y[2]       ; s[3]        ; 10.412 ; 10.361 ; 10.916 ; 10.865 ;
; y[2]       ; v           ; 10.750 ; 10.612 ; 11.254 ; 11.116 ;
; y[2]       ; z           ; 12.295 ; 12.150 ; 12.799 ; 12.654 ;
; y[3]       ; b           ; 9.973  ; 9.976  ; 10.438 ; 10.441 ;
; y[3]       ; c           ; 10.252 ; 10.207 ; 10.717 ; 10.672 ;
; y[3]       ; n           ; 10.417 ; 9.306  ; 9.788  ; 10.989 ;
; y[3]       ; s[3]        ; 10.241 ; 9.075  ; 9.612  ; 10.758 ;
; y[3]       ; v           ; 10.510 ; 10.435 ; 11.147 ; 11.009 ;
; y[3]       ; z           ; 11.009 ; 11.979 ; 12.692 ; 11.350 ;
+------------+-------------+--------+--------+--------+--------+


+----------------------------------------------------------+
; Minimum Propagation Delay                                ;
+------------+-------------+-------+-------+-------+-------+
; Input Port ; Output Port ; RR    ; RF    ; FR    ; FF    ;
+------------+-------------+-------+-------+-------+-------+
; sel[0]     ; b           ; 4.503 ; 4.424 ; 4.773 ; 4.711 ;
; sel[0]     ; c           ; 4.390 ; 4.076 ; 4.265 ; 4.788 ;
; sel[0]     ; n           ; 4.142 ; 4.061 ; 4.285 ; 4.524 ;
; sel[0]     ; s[0]        ; 3.399 ; 3.391 ; 3.705 ; 3.697 ;
; sel[0]     ; s[1]        ; 3.766 ; 3.843 ; 4.072 ; 4.149 ;
; sel[0]     ; s[2]        ; 4.782 ; 4.931 ; 5.064 ; 5.206 ;
; sel[0]     ; s[3]        ; 3.967 ; 3.905 ; 4.110 ; 4.368 ;
; sel[0]     ; v           ; 3.584 ; 3.619 ; 3.856 ; 3.886 ;
; sel[0]     ; z           ; 4.547 ; 4.553 ; 4.853 ; 4.859 ;
; sel[1]     ; b           ; 5.355 ; 5.285 ; 5.981 ; 5.891 ;
; sel[1]     ; c           ; 5.251 ; 5.119 ; 5.643 ; 5.996 ;
; sel[1]     ; n           ; 5.242 ; 5.407 ; 5.933 ; 5.936 ;
; sel[1]     ; s[0]        ; 4.540 ; 4.532 ; 5.160 ; 5.152 ;
; sel[1]     ; s[1]        ; 4.801 ; 4.878 ; 5.390 ; 5.468 ;
; sel[1]     ; s[2]        ; 6.085 ; 6.486 ; 6.923 ; 6.851 ;
; sel[1]     ; s[3]        ; 5.067 ; 5.251 ; 5.758 ; 5.780 ;
; sel[1]     ; v           ; 5.197 ; 4.658 ; 5.221 ; 5.907 ;
; sel[1]     ; z           ; 5.582 ; 5.588 ; 6.172 ; 6.177 ;
; sel[2]     ; b           ; 4.438 ; 3.789 ; 4.114 ; 4.639 ;
; sel[2]     ; c           ; 3.755 ; 3.887 ; 4.094 ; 4.129 ;
; sel[2]     ; n           ; 3.818 ; 4.051 ; 4.269 ; 4.169 ;
; sel[2]     ; s[0]        ; 3.776 ; 3.703 ; 3.993 ; 4.059 ;
; sel[2]     ; s[1]        ; 3.959 ; 4.040 ; 4.215 ; 4.296 ;
; sel[2]     ; s[2]        ; 4.849 ; 4.917 ; 5.074 ; 5.282 ;
; sel[2]     ; s[3]        ; 3.643 ; 3.895 ; 4.094 ; 4.013 ;
; sel[2]     ; v           ; 3.381 ; 3.822 ; 4.131 ; 3.716 ;
; sel[2]     ; z           ; 4.636 ; 4.713 ; 5.000 ; 4.938 ;
; x[0]       ; b           ; 7.042 ; 6.759 ; 7.576 ; 7.338 ;
; x[0]       ; c           ; 3.957 ; 7.057 ; 7.304 ; 4.515 ;
; x[0]       ; n           ; 6.793 ; 6.816 ; 7.372 ; 7.395 ;
; x[0]       ; s[0]        ; 4.450 ; 4.411 ; 4.973 ; 4.988 ;
; x[0]       ; s[1]        ; 5.226 ; 5.300 ; 5.805 ; 5.879 ;
; x[0]       ; s[2]        ; 7.276 ; 7.446 ; 7.855 ; 8.025 ;
; x[0]       ; s[3]        ; 6.618 ; 6.660 ; 7.197 ; 7.239 ;
; x[0]       ; v           ; 6.748 ; 6.787 ; 7.327 ; 7.366 ;
; x[0]       ; z           ; 5.635 ; 5.670 ; 6.212 ; 6.193 ;
; x[1]       ; b           ; 6.711 ; 6.290 ; 7.078 ; 7.059 ;
; x[1]       ; c           ; 6.256 ; 6.726 ; 7.025 ; 7.093 ;
; x[1]       ; n           ; 6.324 ; 6.347 ; 7.062 ; 7.065 ;
; x[1]       ; s[0]        ; 4.647 ; 4.639 ; 5.234 ; 5.226 ;
; x[1]       ; s[1]        ; 4.950 ; 5.031 ; 5.540 ; 5.621 ;
; x[1]       ; s[2]        ; 6.807 ; 6.977 ; 7.493 ; 7.656 ;
; x[1]       ; s[3]        ; 6.149 ; 6.191 ; 6.887 ; 6.909 ;
; x[1]       ; v           ; 6.279 ; 6.318 ; 7.017 ; 7.036 ;
; x[1]       ; z           ; 5.735 ; 5.737 ; 6.325 ; 6.327 ;
; x[2]       ; b           ; 5.603 ; 5.487 ; 6.181 ; 6.056 ;
; x[2]       ; c           ; 5.453 ; 5.618 ; 6.022 ; 6.196 ;
; x[2]       ; n           ; 5.521 ; 5.544 ; 6.090 ; 6.113 ;
; x[2]       ; s[1]        ; 5.560 ; 5.641 ; 6.233 ; 6.307 ;
; x[2]       ; s[2]        ; 6.240 ; 6.417 ; 6.843 ; 7.002 ;
; x[2]       ; s[3]        ; 5.346 ; 5.388 ; 5.915 ; 5.957 ;
; x[2]       ; v           ; 5.476 ; 5.515 ; 6.045 ; 6.084 ;
; x[2]       ; z           ; 6.136 ; 6.104 ; 6.721 ; 6.707 ;
; x[3]       ; b           ; 5.087 ; 4.964 ; 5.598 ; 5.596 ;
; x[3]       ; c           ; 4.930 ; 5.102 ; 5.562 ; 5.613 ;
; x[3]       ; n           ; 4.943 ; 4.959 ; 5.520 ; 5.547 ;
; x[3]       ; s[2]        ; 6.182 ; 6.347 ; 6.773 ; 6.957 ;
; x[3]       ; s[3]        ; 4.768 ; 4.803 ; 5.345 ; 5.391 ;
; x[3]       ; v           ; 4.270 ; 4.314 ; 4.880 ; 4.880 ;
; x[3]       ; z           ; 5.812 ; 5.846 ; 6.400 ; 6.423 ;
; y[0]       ; b           ; 7.047 ; 6.775 ; 7.609 ; 7.344 ;
; y[0]       ; c           ; 6.741 ; 7.062 ; 7.310 ; 7.624 ;
; y[0]       ; n           ; 6.809 ; 6.832 ; 7.378 ; 7.401 ;
; y[0]       ; s[0]        ; 4.444 ; 4.426 ; 5.006 ; 4.995 ;
; y[0]       ; s[1]        ; 5.242 ; 5.316 ; 5.811 ; 5.885 ;
; y[0]       ; s[2]        ; 7.292 ; 7.462 ; 7.861 ; 8.031 ;
; y[0]       ; s[3]        ; 6.634 ; 6.676 ; 7.203 ; 7.245 ;
; y[0]       ; v           ; 6.764 ; 6.803 ; 7.333 ; 7.372 ;
; y[0]       ; z           ; 5.650 ; 5.664 ; 6.219 ; 6.226 ;
; y[1]       ; b           ; 6.475 ; 6.324 ; 7.124 ; 6.814 ;
; y[1]       ; c           ; 6.290 ; 6.490 ; 6.780 ; 7.139 ;
; y[1]       ; n           ; 6.358 ; 6.381 ; 6.848 ; 6.871 ;
; y[1]       ; s[1]        ; 4.697 ; 4.774 ; 5.250 ; 5.346 ;
; y[1]       ; s[2]        ; 6.841 ; 7.011 ; 7.331 ; 7.501 ;
; y[1]       ; s[3]        ; 6.183 ; 6.225 ; 6.673 ; 6.715 ;
; y[1]       ; v           ; 6.313 ; 6.352 ; 6.803 ; 6.842 ;
; y[1]       ; z           ; 5.478 ; 5.484 ; 6.050 ; 6.037 ;
; y[2]       ; b           ; 5.653 ; 5.598 ; 6.274 ; 6.118 ;
; y[2]       ; c           ; 5.564 ; 5.668 ; 6.084 ; 6.289 ;
; y[2]       ; n           ; 5.632 ; 5.640 ; 6.152 ; 6.175 ;
; y[2]       ; s[2]        ; 5.515 ; 6.261 ; 6.706 ; 6.207 ;
; y[2]       ; s[3]        ; 5.457 ; 5.484 ; 5.977 ; 6.019 ;
; y[2]       ; v           ; 5.587 ; 5.611 ; 6.107 ; 6.146 ;
; y[2]       ; z           ; 5.980 ; 5.379 ; 5.926 ; 6.570 ;
; y[3]       ; b           ; 5.658 ; 5.586 ; 6.271 ; 6.206 ;
; y[3]       ; c           ; 5.552 ; 5.673 ; 6.172 ; 6.286 ;
; y[3]       ; n           ; 5.151 ; 5.291 ; 5.861 ; 5.844 ;
; y[3]       ; s[3]        ; 4.976 ; 5.135 ; 5.686 ; 5.688 ;
; y[3]       ; v           ; 4.729 ; 4.759 ; 5.348 ; 5.378 ;
; y[3]       ; z           ; 6.144 ; 6.054 ; 6.697 ; 6.764 ;
+------------+-------------+-------+-------+-------+-------+


+------------------------------------------------------------------------------------------------------------------------------------------------------------------------------------------------------------------------------------------------------------------------------------------------------------------------------------------------------------------------------------------------------------------+
; Board Trace Model Assignments                                                                                                                                                                                                                                                                                                                                                                                    ;
+---------------+--------------+-------------------+-------------------------+-------------------------+---------------+---------------------+----------------+------------------+--------+------------------+------------------------+------------------------+--------------+---------------+-----------------+-------+---------------------+--------------------+---------------+-----------------+-------------+
; Pin           ; I/O Standard ; Near Tline Length ; Near Tline L per Length ; Near Tline C per Length ; Near Series R ; Near Differential R ; Near Pull-up R ; Near Pull-down R ; Near C ; Far Tline Length ; Far Tline L per Length ; Far Tline C per Length ; Far Series R ; Far Pull-up R ; Far Pull-down R ; Far C ; Termination Voltage ; Far Differential R ; EBD File Name ; EBD Signal Name ; EBD Far-end ;
+---------------+--------------+-------------------+-------------------------+-------------------------+---------------+---------------------+----------------+------------------+--------+------------------+------------------------+------------------------+--------------+---------------+-----------------+-------+---------------------+--------------------+---------------+-----------------+-------------+
; z             ; 2.5 V        ; 0 in              ; 0 H/in                  ; 0 F/in                  ; short         ; -                   ; open           ; open             ; open   ; 0 in             ; 0 H/in                 ; 0 F/in                 ; short        ; open          ; open            ; open  ; 0 V                 ; -                  ; n/a           ; n/a             ; n/a         ;
; s[3]          ; 2.5 V        ; 0 in              ; 0 H/in                  ; 0 F/in                  ; short         ; -                   ; open           ; open             ; open   ; 0 in             ; 0 H/in                 ; 0 F/in                 ; short        ; open          ; open            ; open  ; 0 V                 ; -                  ; n/a           ; n/a             ; n/a         ;
; s[2]          ; 2.5 V        ; 0 in              ; 0 H/in                  ; 0 F/in                  ; short         ; -                   ; open           ; open             ; open   ; 0 in             ; 0 H/in                 ; 0 F/in                 ; short        ; open          ; open            ; open  ; 0 V                 ; -                  ; n/a           ; n/a             ; n/a         ;
; s[1]          ; 2.5 V        ; 0 in              ; 0 H/in                  ; 0 F/in                  ; short         ; -                   ; open           ; open             ; open   ; 0 in             ; 0 H/in                 ; 0 F/in                 ; short        ; open          ; open            ; open  ; 0 V                 ; -                  ; n/a           ; n/a             ; n/a         ;
; s[0]          ; 2.5 V        ; 0 in              ; 0 H/in                  ; 0 F/in                  ; short         ; -                   ; open           ; open             ; open   ; 0 in             ; 0 H/in                 ; 0 F/in                 ; short        ; open          ; open            ; open  ; 0 V                 ; -                  ; n/a           ; n/a             ; n/a         ;
; n             ; 2.5 V        ; 0 in              ; 0 H/in                  ; 0 F/in                  ; short         ; -                   ; open           ; open             ; open   ; 0 in             ; 0 H/in                 ; 0 F/in                 ; short        ; open          ; open            ; open  ; 0 V                 ; -                  ; n/a           ; n/a             ; n/a         ;
; c             ; 2.5 V        ; 0 in              ; 0 H/in                  ; 0 F/in                  ; short         ; -                   ; open           ; open             ; open   ; 0 in             ; 0 H/in                 ; 0 F/in                 ; short        ; open          ; open            ; open  ; 0 V                 ; -                  ; n/a           ; n/a             ; n/a         ;
; b             ; 2.5 V        ; 0 in              ; 0 H/in                  ; 0 F/in                  ; short         ; -                   ; open           ; open             ; open   ; 0 in             ; 0 H/in                 ; 0 F/in                 ; short        ; open          ; open            ; open  ; 0 V                 ; -                  ; n/a           ; n/a             ; n/a         ;
; v             ; 2.5 V        ; 0 in              ; 0 H/in                  ; 0 F/in                  ; short         ; -                   ; open           ; open             ; open   ; 0 in             ; 0 H/in                 ; 0 F/in                 ; short        ; open          ; open            ; open  ; 0 V                 ; -                  ; n/a           ; n/a             ; n/a         ;
; ~ALTERA_NCEO~ ; 2.5 V        ; 0 in              ; 0 H/in                  ; 0 F/in                  ; short         ; -                   ; open           ; open             ; open   ; 0 in             ; 0 H/in                 ; 0 F/in                 ; short        ; open          ; open            ; open  ; 0 V                 ; -                  ; n/a           ; n/a             ; n/a         ;
; ~ALTERA_DCLK~ ; 2.5 V        ; 0 in              ; 0 H/in                  ; 0 F/in                  ; short         ; -                   ; open           ; open             ; open   ; 0 in             ; 0 H/in                 ; 0 F/in                 ; short        ; open          ; open            ; open  ; 0 V                 ; -                  ; n/a           ; n/a             ; n/a         ;
+---------------+--------------+-------------------+-------------------------+-------------------------+---------------+---------------------+----------------+------------------+--------+------------------+------------------------+------------------------+--------------+---------------+-----------------+-------+---------------------+--------------------+---------------+-----------------+-------------+


+-------------------------------------------------------------------+
; Input Transition Times                                            ;
+----------------+--------------+-----------------+-----------------+
; Pin            ; I/O Standard ; 10-90 Rise Time ; 90-10 Fall Time ;
+----------------+--------------+-----------------+-----------------+
; sel[2]         ; 2.5 V        ; 2000 ps         ; 2000 ps         ;
; sel[0]         ; 2.5 V        ; 2000 ps         ; 2000 ps         ;
; sel[1]         ; 2.5 V        ; 2000 ps         ; 2000 ps         ;
; y[3]           ; 2.5 V        ; 2000 ps         ; 2000 ps         ;
; x[2]           ; 2.5 V        ; 2000 ps         ; 2000 ps         ;
; x[1]           ; 2.5 V        ; 2000 ps         ; 2000 ps         ;
; x[0]           ; 2.5 V        ; 2000 ps         ; 2000 ps         ;
; y[0]           ; 2.5 V        ; 2000 ps         ; 2000 ps         ;
; y[1]           ; 2.5 V        ; 2000 ps         ; 2000 ps         ;
; y[2]           ; 2.5 V        ; 2000 ps         ; 2000 ps         ;
; x[3]           ; 2.5 V        ; 2000 ps         ; 2000 ps         ;
; ~ALTERA_DATA0~ ; 2.5 V        ; 2000 ps         ; 2000 ps         ;
; ~ALTERA_ASDO~  ; 2.5 V        ; 2000 ps         ; 2000 ps         ;
; ~ALTERA_NCSO~  ; 2.5 V        ; 2000 ps         ; 2000 ps         ;
+----------------+--------------+-----------------+-----------------+


+--------------------------------------------------------------------------------------------------------------------------------------------------------------------------------------------------------------------------------------------------------------------------------------------------------------------------------------------------------------------------------------------------------------------------------------------------------------------------------------------------------------------------------------------------------------------------------------------------------------------------------------------------------------------------------------------+
; Signal Integrity Metrics (Slow 1200mv 0c Model)                                                                                                                                                                                                                                                                                                                                                                                                                                                                                                                                                                                                                                            ;
+---------------+--------------+---------------------+---------------------+------------------------------+------------------------------+---------------------+---------------------+--------------------------------------+--------------------------------------+-----------------------------+-----------------------------+----------------------------+----------------------------+-----------------------------+-----------------------------+--------------------+--------------------+-------------------------------------+-------------------------------------+----------------------------+----------------------------+---------------------------+---------------------------+
; Pin           ; I/O Standard ; Board Delay on Rise ; Board Delay on Fall ; Steady State Voh at FPGA Pin ; Steady State Vol at FPGA Pin ; Voh Max at FPGA Pin ; Vol Min at FPGA Pin ; Ringback Voltage on Rise at FPGA Pin ; Ringback Voltage on Fall at FPGA Pin ; 10-90 Rise Time at FPGA Pin ; 90-10 Fall Time at FPGA Pin ; Monotonic Rise at FPGA Pin ; Monotonic Fall at FPGA Pin ; Steady State Voh at Far-end ; Steady State Vol at Far-end ; Voh Max at Far-end ; Vol Min at Far-end ; Ringback Voltage on Rise at Far-end ; Ringback Voltage on Fall at Far-end ; 10-90 Rise Time at Far-end ; 90-10 Fall Time at Far-end ; Monotonic Rise at Far-end ; Monotonic Fall at Far-end ;
+---------------+--------------+---------------------+---------------------+------------------------------+------------------------------+---------------------+---------------------+--------------------------------------+--------------------------------------+-----------------------------+-----------------------------+----------------------------+----------------------------+-----------------------------+-----------------------------+--------------------+--------------------+-------------------------------------+-------------------------------------+----------------------------+----------------------------+---------------------------+---------------------------+
; z             ; 2.5 V        ; 0 s                 ; 0 s                 ; 2.32 V                       ; 7.29e-09 V                   ; 2.39 V              ; -0.00317 V          ; 0.179 V                              ; 0.007 V                              ; 4.7e-10 s                   ; 4.72e-10 s                  ; No                         ; Yes                        ; 2.32 V                      ; 7.29e-09 V                  ; 2.39 V             ; -0.00317 V         ; 0.179 V                             ; 0.007 V                             ; 4.7e-10 s                  ; 4.72e-10 s                 ; No                        ; Yes                       ;
; s[3]          ; 2.5 V        ; 0 s                 ; 0 s                 ; 2.32 V                       ; 5.16e-09 V                   ; 2.4 V               ; -0.00557 V          ; 0.238 V                              ; 0.014 V                              ; 2.9e-10 s                   ; 3.48e-10 s                  ; No                         ; Yes                        ; 2.32 V                      ; 5.16e-09 V                  ; 2.4 V              ; -0.00557 V         ; 0.238 V                             ; 0.014 V                             ; 2.9e-10 s                  ; 3.48e-10 s                 ; No                        ; Yes                       ;
; s[2]          ; 2.5 V        ; 0 s                 ; 0 s                 ; 2.32 V                       ; 5.16e-09 V                   ; 2.34 V              ; -0.00633 V          ; 0.232 V                              ; 0.083 V                              ; 1.94e-09 s                  ; 1.83e-09 s                  ; No                         ; Yes                        ; 2.32 V                      ; 5.16e-09 V                  ; 2.34 V             ; -0.00633 V         ; 0.232 V                             ; 0.083 V                             ; 1.94e-09 s                 ; 1.83e-09 s                 ; No                        ; Yes                       ;
; s[1]          ; 2.5 V        ; 0 s                 ; 0 s                 ; 2.32 V                       ; 7.29e-09 V                   ; 2.39 V              ; -0.00339 V          ; 0.206 V                              ; 0.007 V                              ; 2.77e-10 s                  ; 3.24e-10 s                  ; Yes                        ; Yes                        ; 2.32 V                      ; 7.29e-09 V                  ; 2.39 V             ; -0.00339 V         ; 0.206 V                             ; 0.007 V                             ; 2.77e-10 s                 ; 3.24e-10 s                 ; Yes                       ; Yes                       ;
; s[0]          ; 2.5 V        ; 0 s                 ; 0 s                 ; 2.32 V                       ; 5.16e-09 V                   ; 2.37 V              ; -0.00861 V          ; 0.168 V                              ; 0.038 V                              ; 6.79e-10 s                  ; 6.49e-10 s                  ; No                         ; Yes                        ; 2.32 V                      ; 5.16e-09 V                  ; 2.37 V             ; -0.00861 V         ; 0.168 V                             ; 0.038 V                             ; 6.79e-10 s                 ; 6.49e-10 s                 ; No                        ; Yes                       ;
; n             ; 2.5 V        ; 0 s                 ; 0 s                 ; 2.32 V                       ; 5.16e-09 V                   ; 2.37 V              ; -0.00861 V          ; 0.168 V                              ; 0.038 V                              ; 6.79e-10 s                  ; 6.49e-10 s                  ; No                         ; Yes                        ; 2.32 V                      ; 5.16e-09 V                  ; 2.37 V             ; -0.00861 V         ; 0.168 V                             ; 0.038 V                             ; 6.79e-10 s                 ; 6.49e-10 s                 ; No                        ; Yes                       ;
; c             ; 2.5 V        ; 0 s                 ; 0 s                 ; 2.32 V                       ; 5.16e-09 V                   ; 2.4 V               ; -0.00557 V          ; 0.238 V                              ; 0.014 V                              ; 2.9e-10 s                   ; 3.48e-10 s                  ; No                         ; Yes                        ; 2.32 V                      ; 5.16e-09 V                  ; 2.4 V              ; -0.00557 V         ; 0.238 V                             ; 0.014 V                             ; 2.9e-10 s                  ; 3.48e-10 s                 ; No                        ; Yes                       ;
; b             ; 2.5 V        ; 0 s                 ; 0 s                 ; 2.32 V                       ; 7.29e-09 V                   ; 2.34 V              ; -0.00668 V          ; 0.218 V                              ; 0.076 V                              ; 1.92e-09 s                  ; 1.81e-09 s                  ; No                         ; Yes                        ; 2.32 V                      ; 7.29e-09 V                  ; 2.34 V             ; -0.00668 V         ; 0.218 V                             ; 0.076 V                             ; 1.92e-09 s                 ; 1.81e-09 s                 ; No                        ; Yes                       ;
; v             ; 2.5 V        ; 0 s                 ; 0 s                 ; 2.32 V                       ; 7.29e-09 V                   ; 2.39 V              ; -0.00317 V          ; 0.179 V                              ; 0.007 V                              ; 4.7e-10 s                   ; 4.72e-10 s                  ; No                         ; Yes                        ; 2.32 V                      ; 7.29e-09 V                  ; 2.39 V             ; -0.00317 V         ; 0.179 V                             ; 0.007 V                             ; 4.7e-10 s                  ; 4.72e-10 s                 ; No                        ; Yes                       ;
; ~ALTERA_NCEO~ ; 2.5 V        ; 0 s                 ; 0 s                 ; 2.32 V                       ; 4.76e-09 V                   ; 2.4 V               ; -0.034 V            ; 0.102 V                              ; 0.065 V                              ; 2.49e-10 s                  ; 3.49e-10 s                  ; Yes                        ; Yes                        ; 2.32 V                      ; 4.76e-09 V                  ; 2.4 V              ; -0.034 V           ; 0.102 V                             ; 0.065 V                             ; 2.49e-10 s                 ; 3.49e-10 s                 ; Yes                       ; Yes                       ;
; ~ALTERA_DCLK~ ; 2.5 V        ; 0 s                 ; 0 s                 ; 2.32 V                       ; 5.94e-09 V                   ; 2.39 V              ; -0.0344 V           ; 0.156 V                              ; 0.089 V                              ; 2.68e-10 s                  ; 2.6e-10 s                   ; Yes                        ; Yes                        ; 2.32 V                      ; 5.94e-09 V                  ; 2.39 V             ; -0.0344 V          ; 0.156 V                             ; 0.089 V                             ; 2.68e-10 s                 ; 2.6e-10 s                  ; Yes                       ; Yes                       ;
+---------------+--------------+---------------------+---------------------+------------------------------+------------------------------+---------------------+---------------------+--------------------------------------+--------------------------------------+-----------------------------+-----------------------------+----------------------------+----------------------------+-----------------------------+-----------------------------+--------------------+--------------------+-------------------------------------+-------------------------------------+----------------------------+----------------------------+---------------------------+---------------------------+


+--------------------------------------------------------------------------------------------------------------------------------------------------------------------------------------------------------------------------------------------------------------------------------------------------------------------------------------------------------------------------------------------------------------------------------------------------------------------------------------------------------------------------------------------------------------------------------------------------------------------------------------------------------------------------------------------+
; Signal Integrity Metrics (Slow 1200mv 85c Model)                                                                                                                                                                                                                                                                                                                                                                                                                                                                                                                                                                                                                                           ;
+---------------+--------------+---------------------+---------------------+------------------------------+------------------------------+---------------------+---------------------+--------------------------------------+--------------------------------------+-----------------------------+-----------------------------+----------------------------+----------------------------+-----------------------------+-----------------------------+--------------------+--------------------+-------------------------------------+-------------------------------------+----------------------------+----------------------------+---------------------------+---------------------------+
; Pin           ; I/O Standard ; Board Delay on Rise ; Board Delay on Fall ; Steady State Voh at FPGA Pin ; Steady State Vol at FPGA Pin ; Voh Max at FPGA Pin ; Vol Min at FPGA Pin ; Ringback Voltage on Rise at FPGA Pin ; Ringback Voltage on Fall at FPGA Pin ; 10-90 Rise Time at FPGA Pin ; 90-10 Fall Time at FPGA Pin ; Monotonic Rise at FPGA Pin ; Monotonic Fall at FPGA Pin ; Steady State Voh at Far-end ; Steady State Vol at Far-end ; Voh Max at Far-end ; Vol Min at Far-end ; Ringback Voltage on Rise at Far-end ; Ringback Voltage on Fall at Far-end ; 10-90 Rise Time at Far-end ; 90-10 Fall Time at Far-end ; Monotonic Rise at Far-end ; Monotonic Fall at Far-end ;
+---------------+--------------+---------------------+---------------------+------------------------------+------------------------------+---------------------+---------------------+--------------------------------------+--------------------------------------+-----------------------------+-----------------------------+----------------------------+----------------------------+-----------------------------+-----------------------------+--------------------+--------------------+-------------------------------------+-------------------------------------+----------------------------+----------------------------+---------------------------+---------------------------+
; z             ; 2.5 V        ; 0 s                 ; 0 s                 ; 2.32 V                       ; 1.21e-06 V                   ; 2.36 V              ; -0.00833 V          ; 0.113 V                              ; 0.035 V                              ; 6.32e-10 s                  ; 5.89e-10 s                  ; No                         ; Yes                        ; 2.32 V                      ; 1.21e-06 V                  ; 2.36 V             ; -0.00833 V         ; 0.113 V                             ; 0.035 V                             ; 6.32e-10 s                 ; 5.89e-10 s                 ; No                        ; Yes                       ;
; s[3]          ; 2.5 V        ; 0 s                 ; 0 s                 ; 2.32 V                       ; 8.13e-07 V                   ; 2.36 V              ; -0.00623 V          ; 0.121 V                              ; 0.03 V                               ; 4.4e-10 s                   ; 4.28e-10 s                  ; Yes                        ; Yes                        ; 2.32 V                      ; 8.13e-07 V                  ; 2.36 V             ; -0.00623 V         ; 0.121 V                             ; 0.03 V                              ; 4.4e-10 s                  ; 4.28e-10 s                 ; Yes                       ; Yes                       ;
; s[2]          ; 2.5 V        ; 0 s                 ; 0 s                 ; 2.32 V                       ; 8.13e-07 V                   ; 2.33 V              ; -0.00252 V          ; 0.203 V                              ; 0.046 V                              ; 2.34e-09 s                  ; 2.24e-09 s                  ; Yes                        ; Yes                        ; 2.32 V                      ; 8.13e-07 V                  ; 2.33 V             ; -0.00252 V         ; 0.203 V                             ; 0.046 V                             ; 2.34e-09 s                 ; 2.24e-09 s                 ; Yes                       ; Yes                       ;
; s[1]          ; 2.5 V        ; 0 s                 ; 0 s                 ; 2.32 V                       ; 1.21e-06 V                   ; 2.37 V              ; -0.00606 V          ; 0.107 V                              ; 0.021 V                              ; 4.26e-10 s                  ; 4.03e-10 s                  ; Yes                        ; Yes                        ; 2.32 V                      ; 1.21e-06 V                  ; 2.37 V             ; -0.00606 V         ; 0.107 V                             ; 0.021 V                             ; 4.26e-10 s                 ; 4.03e-10 s                 ; Yes                       ; Yes                       ;
; s[0]          ; 2.5 V        ; 0 s                 ; 0 s                 ; 2.32 V                       ; 8.13e-07 V                   ; 2.35 V              ; -0.00662 V          ; 0.129 V                              ; 0.049 V                              ; 8.55e-10 s                  ; 8.01e-10 s                  ; No                         ; Yes                        ; 2.32 V                      ; 8.13e-07 V                  ; 2.35 V             ; -0.00662 V         ; 0.129 V                             ; 0.049 V                             ; 8.55e-10 s                 ; 8.01e-10 s                 ; No                        ; Yes                       ;
; n             ; 2.5 V        ; 0 s                 ; 0 s                 ; 2.32 V                       ; 8.13e-07 V                   ; 2.35 V              ; -0.00662 V          ; 0.129 V                              ; 0.049 V                              ; 8.55e-10 s                  ; 8.01e-10 s                  ; No                         ; Yes                        ; 2.32 V                      ; 8.13e-07 V                  ; 2.35 V             ; -0.00662 V         ; 0.129 V                             ; 0.049 V                             ; 8.55e-10 s                 ; 8.01e-10 s                 ; No                        ; Yes                       ;
; c             ; 2.5 V        ; 0 s                 ; 0 s                 ; 2.32 V                       ; 8.13e-07 V                   ; 2.36 V              ; -0.00623 V          ; 0.121 V                              ; 0.03 V                               ; 4.4e-10 s                   ; 4.28e-10 s                  ; Yes                        ; Yes                        ; 2.32 V                      ; 8.13e-07 V                  ; 2.36 V             ; -0.00623 V         ; 0.121 V                             ; 0.03 V                              ; 4.4e-10 s                  ; 4.28e-10 s                 ; Yes                       ; Yes                       ;
; b             ; 2.5 V        ; 0 s                 ; 0 s                 ; 2.32 V                       ; 1.21e-06 V                   ; 2.33 V              ; -0.00286 V          ; 0.193 V                              ; 0.042 V                              ; 2.32e-09 s                  ; 2.21e-09 s                  ; Yes                        ; Yes                        ; 2.32 V                      ; 1.21e-06 V                  ; 2.33 V             ; -0.00286 V         ; 0.193 V                             ; 0.042 V                             ; 2.32e-09 s                 ; 2.21e-09 s                 ; Yes                       ; Yes                       ;
; v             ; 2.5 V        ; 0 s                 ; 0 s                 ; 2.32 V                       ; 1.21e-06 V                   ; 2.36 V              ; -0.00833 V          ; 0.113 V                              ; 0.035 V                              ; 6.32e-10 s                  ; 5.89e-10 s                  ; No                         ; Yes                        ; 2.32 V                      ; 1.21e-06 V                  ; 2.36 V             ; -0.00833 V         ; 0.113 V                             ; 0.035 V                             ; 6.32e-10 s                 ; 5.89e-10 s                 ; No                        ; Yes                       ;
; ~ALTERA_NCEO~ ; 2.5 V        ; 0 s                 ; 0 s                 ; 2.32 V                       ; 7.93e-07 V                   ; 2.37 V              ; -0.0278 V           ; 0.106 V                              ; 0.115 V                              ; 2.69e-10 s                  ; 4.05e-10 s                  ; Yes                        ; Yes                        ; 2.32 V                      ; 7.93e-07 V                  ; 2.37 V             ; -0.0278 V          ; 0.106 V                             ; 0.115 V                             ; 2.69e-10 s                 ; 4.05e-10 s                 ; Yes                       ; Yes                       ;
; ~ALTERA_DCLK~ ; 2.5 V        ; 0 s                 ; 0 s                 ; 2.32 V                       ; 9.76e-07 V                   ; 2.36 V              ; -0.00439 V          ; 0.088 V                              ; 0.007 V                              ; 4.05e-10 s                  ; 3.35e-10 s                  ; Yes                        ; Yes                        ; 2.32 V                      ; 9.76e-07 V                  ; 2.36 V             ; -0.00439 V         ; 0.088 V                             ; 0.007 V                             ; 4.05e-10 s                 ; 3.35e-10 s                 ; Yes                       ; Yes                       ;
+---------------+--------------+---------------------+---------------------+------------------------------+------------------------------+---------------------+---------------------+--------------------------------------+--------------------------------------+-----------------------------+-----------------------------+----------------------------+----------------------------+-----------------------------+-----------------------------+--------------------+--------------------+-------------------------------------+-------------------------------------+----------------------------+----------------------------+---------------------------+---------------------------+


+--------------------------------------------------------------------------------------------------------------------------------------------------------------------------------------------------------------------------------------------------------------------------------------------------------------------------------------------------------------------------------------------------------------------------------------------------------------------------------------------------------------------------------------------------------------------------------------------------------------------------------------------------------------------------------------------+
; Signal Integrity Metrics (Fast 1200mv 0c Model)                                                                                                                                                                                                                                                                                                                                                                                                                                                                                                                                                                                                                                            ;
+---------------+--------------+---------------------+---------------------+------------------------------+------------------------------+---------------------+---------------------+--------------------------------------+--------------------------------------+-----------------------------+-----------------------------+----------------------------+----------------------------+-----------------------------+-----------------------------+--------------------+--------------------+-------------------------------------+-------------------------------------+----------------------------+----------------------------+---------------------------+---------------------------+
; Pin           ; I/O Standard ; Board Delay on Rise ; Board Delay on Fall ; Steady State Voh at FPGA Pin ; Steady State Vol at FPGA Pin ; Voh Max at FPGA Pin ; Vol Min at FPGA Pin ; Ringback Voltage on Rise at FPGA Pin ; Ringback Voltage on Fall at FPGA Pin ; 10-90 Rise Time at FPGA Pin ; 90-10 Fall Time at FPGA Pin ; Monotonic Rise at FPGA Pin ; Monotonic Fall at FPGA Pin ; Steady State Voh at Far-end ; Steady State Vol at Far-end ; Voh Max at Far-end ; Vol Min at Far-end ; Ringback Voltage on Rise at Far-end ; Ringback Voltage on Fall at Far-end ; 10-90 Rise Time at Far-end ; 90-10 Fall Time at Far-end ; Monotonic Rise at Far-end ; Monotonic Fall at Far-end ;
+---------------+--------------+---------------------+---------------------+------------------------------+------------------------------+---------------------+---------------------+--------------------------------------+--------------------------------------+-----------------------------+-----------------------------+----------------------------+----------------------------+-----------------------------+-----------------------------+--------------------+--------------------+-------------------------------------+-------------------------------------+----------------------------+----------------------------+---------------------------+---------------------------+
; z             ; 2.5 V        ; 0 s                 ; 0 s                 ; 2.62 V                       ; 4.66e-08 V                   ; 2.72 V              ; -0.0215 V           ; 0.161 V                              ; 0.061 V                              ; 4.44e-10 s                  ; 4.06e-10 s                  ; No                         ; Yes                        ; 2.62 V                      ; 4.66e-08 V                  ; 2.72 V             ; -0.0215 V          ; 0.161 V                             ; 0.061 V                             ; 4.44e-10 s                 ; 4.06e-10 s                 ; No                        ; Yes                       ;
; s[3]          ; 2.5 V        ; 0 s                 ; 0 s                 ; 2.62 V                       ; 3.16e-08 V                   ; 2.72 V              ; -0.0199 V           ; 0.186 V                              ; 0.027 V                              ; 2.63e-10 s                  ; 2.76e-10 s                  ; Yes                        ; Yes                        ; 2.62 V                      ; 3.16e-08 V                  ; 2.72 V             ; -0.0199 V          ; 0.186 V                             ; 0.027 V                             ; 2.63e-10 s                 ; 2.76e-10 s                 ; Yes                       ; Yes                       ;
; s[2]          ; 2.5 V        ; 0 s                 ; 0 s                 ; 2.62 V                       ; 3.16e-08 V                   ; 2.65 V              ; -0.0109 V           ; 0.234 V                              ; 0.125 V                              ; 1.64e-09 s                  ; 1.59e-09 s                  ; No                         ; Yes                        ; 2.62 V                      ; 3.16e-08 V                  ; 2.65 V             ; -0.0109 V          ; 0.234 V                             ; 0.125 V                             ; 1.64e-09 s                 ; 1.59e-09 s                 ; No                        ; Yes                       ;
; s[1]          ; 2.5 V        ; 0 s                 ; 0 s                 ; 2.62 V                       ; 4.66e-08 V                   ; 2.73 V              ; -0.0205 V           ; 0.17 V                               ; 0.027 V                              ; 2.58e-10 s                  ; 2.57e-10 s                  ; Yes                        ; Yes                        ; 2.62 V                      ; 4.66e-08 V                  ; 2.73 V             ; -0.0205 V          ; 0.17 V                              ; 0.027 V                             ; 2.58e-10 s                 ; 2.57e-10 s                 ; Yes                       ; Yes                       ;
; s[0]          ; 2.5 V        ; 0 s                 ; 0 s                 ; 2.62 V                       ; 3.16e-08 V                   ; 2.71 V              ; -0.0171 V           ; 0.273 V                              ; 0.065 V                              ; 4.95e-10 s                  ; 5.37e-10 s                  ; No                         ; Yes                        ; 2.62 V                      ; 3.16e-08 V                  ; 2.71 V             ; -0.0171 V          ; 0.273 V                             ; 0.065 V                             ; 4.95e-10 s                 ; 5.37e-10 s                 ; No                        ; Yes                       ;
; n             ; 2.5 V        ; 0 s                 ; 0 s                 ; 2.62 V                       ; 3.16e-08 V                   ; 2.71 V              ; -0.0171 V           ; 0.273 V                              ; 0.065 V                              ; 4.95e-10 s                  ; 5.37e-10 s                  ; No                         ; Yes                        ; 2.62 V                      ; 3.16e-08 V                  ; 2.71 V             ; -0.0171 V          ; 0.273 V                             ; 0.065 V                             ; 4.95e-10 s                 ; 5.37e-10 s                 ; No                        ; Yes                       ;
; c             ; 2.5 V        ; 0 s                 ; 0 s                 ; 2.62 V                       ; 3.16e-08 V                   ; 2.72 V              ; -0.0199 V           ; 0.186 V                              ; 0.027 V                              ; 2.63e-10 s                  ; 2.76e-10 s                  ; Yes                        ; Yes                        ; 2.62 V                      ; 3.16e-08 V                  ; 2.72 V             ; -0.0199 V          ; 0.186 V                             ; 0.027 V                             ; 2.63e-10 s                 ; 2.76e-10 s                 ; Yes                       ; Yes                       ;
; b             ; 2.5 V        ; 0 s                 ; 0 s                 ; 2.62 V                       ; 4.66e-08 V                   ; 2.65 V              ; -0.0115 V           ; 0.219 V                              ; 0.115 V                              ; 1.64e-09 s                  ; 1.57e-09 s                  ; No                         ; Yes                        ; 2.62 V                      ; 4.66e-08 V                  ; 2.65 V             ; -0.0115 V          ; 0.219 V                             ; 0.115 V                             ; 1.64e-09 s                 ; 1.57e-09 s                 ; No                        ; Yes                       ;
; v             ; 2.5 V        ; 0 s                 ; 0 s                 ; 2.62 V                       ; 4.66e-08 V                   ; 2.72 V              ; -0.0215 V           ; 0.161 V                              ; 0.061 V                              ; 4.44e-10 s                  ; 4.06e-10 s                  ; No                         ; Yes                        ; 2.62 V                      ; 4.66e-08 V                  ; 2.72 V             ; -0.0215 V          ; 0.161 V                             ; 0.061 V                             ; 4.44e-10 s                 ; 4.06e-10 s                 ; No                        ; Yes                       ;
; ~ALTERA_NCEO~ ; 2.5 V        ; 0 s                 ; 0 s                 ; 2.62 V                       ; 3.06e-08 V                   ; 2.86 V              ; -0.0341 V           ; 0.364 V                              ; 0.046 V                              ; 1.17e-10 s                  ; 2.6e-10 s                   ; No                         ; Yes                        ; 2.62 V                      ; 3.06e-08 V                  ; 2.86 V             ; -0.0341 V          ; 0.364 V                             ; 0.046 V                             ; 1.17e-10 s                 ; 2.6e-10 s                  ; No                        ; Yes                       ;
; ~ALTERA_DCLK~ ; 2.5 V        ; 0 s                 ; 0 s                 ; 2.62 V                       ; 3.81e-08 V                   ; 2.72 V              ; -0.0542 V           ; 0.144 V                              ; 0.087 V                              ; 2.55e-10 s                  ; 2.14e-10 s                  ; Yes                        ; Yes                        ; 2.62 V                      ; 3.81e-08 V                  ; 2.72 V             ; -0.0542 V          ; 0.144 V                             ; 0.087 V                             ; 2.55e-10 s                 ; 2.14e-10 s                 ; Yes                       ; Yes                       ;
+---------------+--------------+---------------------+---------------------+------------------------------+------------------------------+---------------------+---------------------+--------------------------------------+--------------------------------------+-----------------------------+-----------------------------+----------------------------+----------------------------+-----------------------------+-----------------------------+--------------------+--------------------+-------------------------------------+-------------------------------------+----------------------------+----------------------------+---------------------------+---------------------------+


-------------------
; Clock Transfers ;
-------------------
Nothing to report.


---------------
; Report TCCS ;
---------------
No dedicated SERDES Transmitter circuitry present in device or used in design


---------------
; Report RSKM ;
---------------
No non-DPA dedicated SERDES Receiver circuitry present in device or used in design


+------------------------------------------------+
; Unconstrained Paths                            ;
+---------------------------------+-------+------+
; Property                        ; Setup ; Hold ;
+---------------------------------+-------+------+
; Illegal Clocks                  ; 0     ; 0    ;
; Unconstrained Clocks            ; 0     ; 0    ;
; Unconstrained Input Ports       ; 11    ; 11   ;
; Unconstrained Input Port Paths  ; 90    ; 90   ;
; Unconstrained Output Ports      ; 9     ; 9    ;
; Unconstrained Output Port Paths ; 90    ; 90   ;
+---------------------------------+-------+------+


+------------------------------------+
; TimeQuest Timing Analyzer Messages ;
+------------------------------------+
Info: *******************************************************************
Info: Running Quartus II 64-Bit TimeQuest Timing Analyzer
    Info: Version 13.1.0 Build 162 10/23/2013 SJ Web Edition
    Info: Processing started: Mon Apr 20 20:10:59 2026
Info: Command: quartus_sta pfs_ula_4bits -c pfs_ula_4bits
Info: qsta_default_script.tcl version: #1
Warning (20028): Parallel compilation is not licensed and has been disabled
Info (21076): High junction temperature operating condition is not set. Assuming a default value of '85'.
Info (21076): Low junction temperature operating condition is not set. Assuming a default value of '0'.
Critical Warning (332012): Synopsys Design Constraints File file not found: 'pfs_ula_4bits.sdc'. A Synopsys Design Constraints File is required by the TimeQuest Timing Analyzer to get proper timing constraints. Without it, the Compiler will not properly optimize the design.
Info (332142): No user constrained base clocks found in the design. Calling "derive_clocks -period 1.0"
Info (332096): The command derive_clocks did not find any clocks to derive.  No clocks were created or changed.
Warning (332068): No clocks defined in design.
Info (332143): No user constrained clock uncertainty found in the design. Calling "derive_clock_uncertainty"
Info (332154): The derive_clock_uncertainty command did not apply clock uncertainty to any clock-to-clock transfers.
Info: Found TIMEQUEST_REPORT_SCRIPT_INCLUDE_DEFAULT_ANALYSIS = ON
Info (332159): No clocks to report
Info: Analyzing Slow 1200mV 85C Model
Info (332140): No fmax paths to report
Info (332140): No Setup paths to report
Info (332140): No Hold paths to report
Info (332140): No Recovery paths to report
Info (332140): No Removal paths to report
Info (332140): No Minimum Pulse Width paths to report
Info: Analyzing Slow 1200mV 0C Model
Info (334003): Started post-fitting delay annotation
Info (334004): Delay annotation completed successfully
Info (332142): No user constrained base clocks found in the design. Calling "derive_clocks -period 1.0"
Info (332096): The command derive_clocks did not find any clocks to derive.  No clocks were created or changed.
Warning (332068): No clocks defined in design.
Info (332154): The derive_clock_uncertainty command did not apply clock uncertainty to any clock-to-clock transfers.
Info (332140): No fmax paths to report
Info (332140): No Setup paths to report
Info (332140): No Hold paths to report
Info (332140): No Recovery paths to report
Info (332140): No Removal paths to report
Info (332140): No Minimum Pulse Width paths to report
Info: Analyzing Fast 1200mV 0C Model
Info (332142): No user constrained base clocks found in the design. Calling "derive_clocks -period 1.0"
Info (332096): The command derive_clocks did not find any clocks to derive.  No clocks were created or changed.
Warning (332068): No clocks defined in design.
Info (332154): The derive_clock_uncertainty command did not apply clock uncertainty to any clock-to-clock transfers.
Info (332140): No Setup paths to report
Info (332140): No Hold paths to report
Info (332140): No Recovery paths to report
Info (332140): No Removal paths to report
Info (332140): No Minimum Pulse Width paths to report
Info (332102): Design is not fully constrained for setup requirements
Info (332102): Design is not fully constrained for hold requirements
Info: Quartus II 64-Bit TimeQuest Timing Analyzer was successful. 0 errors, 5 warnings
    Info: Peak virtual memory: 4628 megabytes
    Info: Processing ended: Mon Apr 20 20:11:01 2026
    Info: Elapsed time: 00:00:02
    Info: Total CPU time (on all processors): 00:00:02


