TimeQuest Timing Analyzer report for pfs_ula_8bits
Thu May 14 22:50:23 2026
Quartus II 64-Bit Version 13.1.0 Build 162 10/23/2013 SJ Web Edition


---------------------
; Table of Contents ;
---------------------
  1. Legal Notice
  2. TimeQuest Timing Analyzer Summary
  3. Parallel Compilation
  4. Clocks
  5. Slow 1200mV 85C Model Fmax Summary
  6. Timing Closure Recommendations
  7. Slow 1200mV 85C Model Setup Summary
  8. Slow 1200mV 85C Model Hold Summary
  9. Slow 1200mV 85C Model Recovery Summary
 10. Slow 1200mV 85C Model Removal Summary
 11. Slow 1200mV 85C Model Minimum Pulse Width Summary
 12. Propagation Delay
 13. Minimum Propagation Delay
 14. Slow 1200mV 85C Model Metastability Report
 15. Slow 1200mV 0C Model Fmax Summary
 16. Slow 1200mV 0C Model Setup Summary
 17. Slow 1200mV 0C Model Hold Summary
 18. Slow 1200mV 0C Model Recovery Summary
 19. Slow 1200mV 0C Model Removal Summary
 20. Slow 1200mV 0C Model Minimum Pulse Width Summary
 21. Propagation Delay
 22. Minimum Propagation Delay
 23. Slow 1200mV 0C Model Metastability Report
 24. Fast 1200mV 0C Model Setup Summary
 25. Fast 1200mV 0C Model Hold Summary
 26. Fast 1200mV 0C Model Recovery Summary
 27. Fast 1200mV 0C Model Removal Summary
 28. Fast 1200mV 0C Model Minimum Pulse Width Summary
 29. Propagation Delay
 30. Minimum Propagation Delay
 31. Fast 1200mV 0C Model Metastability Report
 32. Multicorner Timing Analysis Summary
 33. Propagation Delay
 34. Minimum Propagation Delay
 35. Board Trace Model Assignments
 36. Input Transition Times
 37. Signal Integrity Metrics (Slow 1200mv 0c Model)
 38. Signal Integrity Metrics (Slow 1200mv 85c Model)
 39. Signal Integrity Metrics (Fast 1200mv 0c Model)
 40. Clock Transfers
 41. Report TCCS
 42. Report RSKM
 43. Unconstrained Paths
 44. TimeQuest Timing Analyzer Messages



----------------
; Legal Notice ;
----------------
Copyright (C) 1991-2013 Altera Corporation
Your use of Altera Corporation's design tools, logic functions 
and other software and tools, and its AMPP partner logic 
functions, and any output files from any of the foregoing 
(including device programming or simulation files), and any 
associated documentation or information are expressly subject 
to the terms and conditions of the Altera Program License 
Subscription Agreement, Altera MegaCore Function License 
Agreement, or other applicable license agreement, including, 
without limitation, that your use is for the sole purpose of 
programming logic devices manufactured by Altera and sold by 
Altera or its authorized distributors.  Please refer to the 
applicable agreement for further details.



+-------------------------------------------------------------------------+
; TimeQuest Timing Analyzer Summary                                       ;
+--------------------+----------------------------------------------------+
; Quartus II Version ; Version 13.1.0 Build 162 10/23/2013 SJ Web Edition ;
; Revision Name      ; pfs_ula_8bits                                      ;
; Device Family      ; Cyclone IV GX                                      ;
; Device Name        ; EP4CGX15BF14C6                                     ;
; Timing Models      ; Final                                              ;
; Delay Model        ; Combined                                           ;
; Rise/Fall Delays   ; Enabled                                            ;
+--------------------+----------------------------------------------------+


Parallel compilation was disabled, but you have multiple processors available. Enable parallel compilation to reduce compilation time.
+-------------------------------------+
; Parallel Compilation                ;
+----------------------------+--------+
; Processors                 ; Number ;
+----------------------------+--------+
; Number detected on machine ; 4      ;
; Maximum allowed            ; 1      ;
+----------------------------+--------+


----------
; Clocks ;
----------
No clocks to report.


--------------------------------------
; Slow 1200mV 85C Model Fmax Summary ;
--------------------------------------
No paths to report.


----------------------------------
; Timing Closure Recommendations ;
----------------------------------
HTML report is unavailable in plain text report export.


---------------------------------------
; Slow 1200mV 85C Model Setup Summary ;
---------------------------------------
No paths to report.


--------------------------------------
; Slow 1200mV 85C Model Hold Summary ;
--------------------------------------
No paths to report.


------------------------------------------
; Slow 1200mV 85C Model Recovery Summary ;
------------------------------------------
No paths to report.


-----------------------------------------
; Slow 1200mV 85C Model Removal Summary ;
-----------------------------------------
No paths to report.


-----------------------------------------------------
; Slow 1200mV 85C Model Minimum Pulse Width Summary ;
-----------------------------------------------------
No paths to report.


+--------------------------------------------------------------+
; Propagation Delay                                            ;
+------------+-------------+--------+--------+--------+--------+
; Input Port ; Output Port ; RR     ; RF     ; FR     ; FF     ;
+------------+-------------+--------+--------+--------+--------+
; sel[0]     ; b           ; 19.027 ; 19.108 ; 19.480 ; 19.561 ;
; sel[0]     ; c           ; 20.855 ; 20.776 ; 21.308 ; 21.229 ;
; sel[0]     ; n           ; 20.082 ; 20.022 ; 20.535 ; 20.475 ;
; sel[0]     ; s[0]        ; 9.126  ; 9.040  ; 9.518  ; 9.432  ;
; sel[0]     ; s[1]        ; 9.166  ; 9.048  ; 9.619  ; 9.501  ;
; sel[0]     ; s[2]        ; 10.759 ; 10.648 ; 11.212 ; 11.101 ;
; sel[0]     ; s[3]        ; 11.744 ; 11.660 ; 12.197 ; 12.113 ;
; sel[0]     ; s[4]        ; 14.186 ; 14.149 ; 14.639 ; 14.602 ;
; sel[0]     ; s[5]        ; 15.039 ; 15.019 ; 15.492 ; 15.472 ;
; sel[0]     ; s[6]        ; 17.203 ; 17.175 ; 17.656 ; 17.628 ;
; sel[0]     ; s[7]        ; 20.072 ; 20.012 ; 20.525 ; 20.465 ;
; sel[0]     ; v           ; 19.660 ; 19.659 ; 20.113 ; 20.112 ;
; sel[0]     ; z           ; 19.219 ; 19.073 ; 19.672 ; 19.526 ;
; sel[1]     ; b           ; 19.274 ; 19.355 ; 19.748 ; 19.829 ;
; sel[1]     ; c           ; 21.102 ; 21.023 ; 21.576 ; 21.497 ;
; sel[1]     ; n           ; 20.329 ; 20.269 ; 20.803 ; 20.743 ;
; sel[1]     ; s[0]        ; 9.654  ; 9.568  ; 10.089 ; 10.003 ;
; sel[1]     ; s[1]        ; 9.413  ; 9.295  ; 9.887  ; 9.769  ;
; sel[1]     ; s[2]        ; 11.006 ; 10.895 ; 11.480 ; 11.369 ;
; sel[1]     ; s[3]        ; 11.991 ; 11.907 ; 12.465 ; 12.381 ;
; sel[1]     ; s[4]        ; 14.433 ; 14.396 ; 14.907 ; 14.870 ;
; sel[1]     ; s[5]        ; 15.286 ; 15.266 ; 15.760 ; 15.740 ;
; sel[1]     ; s[6]        ; 17.450 ; 17.422 ; 17.924 ; 17.896 ;
; sel[1]     ; s[7]        ; 20.319 ; 20.259 ; 20.793 ; 20.733 ;
; sel[1]     ; v           ; 19.907 ; 19.906 ; 20.381 ; 20.380 ;
; sel[1]     ; z           ; 19.466 ; 19.320 ; 19.940 ; 19.794 ;
; sel[2]     ; b           ; 18.632 ; 18.713 ; 18.993 ; 19.074 ;
; sel[2]     ; c           ; 20.460 ; 20.381 ; 20.821 ; 20.742 ;
; sel[2]     ; n           ; 19.687 ; 19.627 ; 20.048 ; 19.988 ;
; sel[2]     ; s[0]        ; 9.387  ; 9.301  ; 9.801  ; 9.715  ;
; sel[2]     ; s[1]        ; 9.121  ; 8.997  ; 9.548  ; 9.433  ;
; sel[2]     ; s[2]        ; 10.364 ; 10.253 ; 10.782 ; 10.680 ;
; sel[2]     ; s[3]        ; 11.349 ; 11.265 ; 11.733 ; 11.626 ;
; sel[2]     ; s[4]        ; 13.791 ; 13.754 ; 14.152 ; 14.115 ;
; sel[2]     ; s[5]        ; 14.644 ; 14.624 ; 15.005 ; 14.985 ;
; sel[2]     ; s[6]        ; 16.808 ; 16.780 ; 17.169 ; 17.141 ;
; sel[2]     ; s[7]        ; 19.677 ; 19.617 ; 20.038 ; 19.978 ;
; sel[2]     ; v           ; 19.265 ; 19.264 ; 19.626 ; 19.625 ;
; sel[2]     ; z           ; 18.824 ; 18.678 ; 19.185 ; 19.039 ;
; x[0]       ; b           ; 19.314 ; 19.395 ; 19.789 ; 19.870 ;
; x[0]       ; c           ; 21.142 ; 21.063 ; 21.617 ; 21.538 ;
; x[0]       ; n           ; 20.369 ; 20.309 ; 20.844 ; 20.784 ;
; x[0]       ; s[0]        ; 8.940  ; 8.854  ; 9.410  ; 9.324  ;
; x[0]       ; s[1]        ; 9.453  ; 9.335  ; 9.928  ; 9.810  ;
; x[0]       ; s[2]        ; 11.046 ; 10.935 ; 11.521 ; 11.410 ;
; x[0]       ; s[3]        ; 12.031 ; 11.947 ; 12.506 ; 12.422 ;
; x[0]       ; s[4]        ; 14.473 ; 14.436 ; 14.948 ; 14.911 ;
; x[0]       ; s[5]        ; 15.326 ; 15.306 ; 15.801 ; 15.781 ;
; x[0]       ; s[6]        ; 17.490 ; 17.462 ; 17.965 ; 17.937 ;
; x[0]       ; s[7]        ; 20.359 ; 20.299 ; 20.834 ; 20.774 ;
; x[0]       ; v           ; 19.947 ; 19.946 ; 20.422 ; 20.421 ;
; x[0]       ; z           ; 19.506 ; 19.360 ; 19.981 ; 19.835 ;
; x[1]       ; b           ; 17.933 ; 18.005 ; 18.743 ; 18.824 ;
; x[1]       ; c           ; 19.752 ; 19.682 ; 20.571 ; 20.492 ;
; x[1]       ; n           ; 18.995 ; 18.926 ; 19.798 ; 19.738 ;
; x[1]       ; s[0]        ; 8.710  ; 8.624  ; 9.178  ; 9.092  ;
; x[1]       ; s[1]        ; 8.764  ; 8.649  ; 9.230  ; 9.106  ;
; x[1]       ; s[2]        ; 9.999  ; 9.897  ; 10.475 ; 10.364 ;
; x[1]       ; s[3]        ; 10.950 ; 10.827 ; 11.460 ; 11.376 ;
; x[1]       ; s[4]        ; 13.311 ; 13.312 ; 13.902 ; 13.865 ;
; x[1]       ; s[5]        ; 14.090 ; 14.067 ; 14.755 ; 14.735 ;
; x[1]       ; s[6]        ; 16.140 ; 16.156 ; 16.919 ; 16.891 ;
; x[1]       ; s[7]        ; 18.985 ; 18.916 ; 19.788 ; 19.728 ;
; x[1]       ; v           ; 18.564 ; 18.563 ; 19.376 ; 19.375 ;
; x[1]       ; z           ; 18.123 ; 17.986 ; 18.935 ; 18.789 ;
; x[2]       ; b           ; 17.879 ; 17.951 ; 18.698 ; 18.779 ;
; x[2]       ; c           ; 19.698 ; 19.628 ; 20.526 ; 20.447 ;
; x[2]       ; n           ; 18.941 ; 18.872 ; 19.753 ; 19.693 ;
; x[2]       ; s[1]        ; 8.711  ; 8.596  ; 9.187  ; 9.063  ;
; x[2]       ; s[2]        ; 9.945  ; 9.843  ; 10.430 ; 10.319 ;
; x[2]       ; s[3]        ; 10.896 ; 10.773 ; 11.415 ; 11.331 ;
; x[2]       ; s[4]        ; 13.257 ; 13.258 ; 13.857 ; 13.820 ;
; x[2]       ; s[5]        ; 14.036 ; 14.013 ; 14.710 ; 14.690 ;
; x[2]       ; s[6]        ; 16.086 ; 16.102 ; 16.874 ; 16.846 ;
; x[2]       ; s[7]        ; 18.931 ; 18.862 ; 19.743 ; 19.683 ;
; x[2]       ; v           ; 18.510 ; 18.509 ; 19.331 ; 19.330 ;
; x[2]       ; z           ; 18.069 ; 17.932 ; 18.890 ; 18.744 ;
; x[3]       ; b           ; 17.152 ; 17.224 ; 17.947 ; 18.028 ;
; x[3]       ; c           ; 18.971 ; 18.901 ; 19.775 ; 19.696 ;
; x[3]       ; n           ; 18.214 ; 18.145 ; 19.002 ; 18.942 ;
; x[3]       ; s[2]        ; 9.614  ; 9.499  ; 10.067 ; 9.986  ;
; x[3]       ; s[3]        ; 10.169 ; 10.046 ; 10.664 ; 10.580 ;
; x[3]       ; s[4]        ; 12.530 ; 12.531 ; 13.106 ; 13.069 ;
; x[3]       ; s[5]        ; 13.309 ; 13.286 ; 13.959 ; 13.939 ;
; x[3]       ; s[6]        ; 15.359 ; 15.375 ; 16.123 ; 16.095 ;
; x[3]       ; s[7]        ; 18.204 ; 18.135 ; 18.992 ; 18.932 ;
; x[3]       ; v           ; 17.783 ; 17.782 ; 18.580 ; 18.579 ;
; x[3]       ; z           ; 17.342 ; 17.205 ; 18.139 ; 17.993 ;
; x[4]       ; b           ; 14.887 ; 14.959 ; 15.616 ; 15.697 ;
; x[4]       ; c           ; 16.706 ; 16.636 ; 17.444 ; 17.365 ;
; x[4]       ; n           ; 15.949 ; 15.880 ; 16.671 ; 16.611 ;
; x[4]       ; s[3]        ; 8.543  ; 8.420  ; 8.991  ; 8.868  ;
; x[4]       ; s[4]        ; 10.265 ; 10.266 ; 10.775 ; 10.738 ;
; x[4]       ; s[5]        ; 11.044 ; 11.021 ; 11.628 ; 11.608 ;
; x[4]       ; s[6]        ; 13.094 ; 13.110 ; 13.792 ; 13.764 ;
; x[4]       ; s[7]        ; 15.939 ; 15.870 ; 16.661 ; 16.601 ;
; x[4]       ; v           ; 15.518 ; 15.517 ; 16.249 ; 16.248 ;
; x[4]       ; z           ; 15.077 ; 14.940 ; 15.808 ; 15.662 ;
; x[5]       ; b           ; 14.384 ; 14.456 ; 15.084 ; 15.165 ;
; x[5]       ; c           ; 16.203 ; 16.133 ; 16.912 ; 16.833 ;
; x[5]       ; n           ; 15.446 ; 15.377 ; 16.139 ; 16.079 ;
; x[5]       ; s[4]        ; 10.112 ; 10.092 ; 10.619 ; 10.620 ;
; x[5]       ; s[5]        ; 10.541 ; 10.518 ; 11.096 ; 11.076 ;
; x[5]       ; s[6]        ; 12.591 ; 12.607 ; 13.260 ; 13.232 ;
; x[5]       ; s[7]        ; 15.436 ; 15.367 ; 16.129 ; 16.069 ;
; x[5]       ; v           ; 15.015 ; 15.014 ; 15.717 ; 15.716 ;
; x[5]       ; z           ; 14.574 ; 14.437 ; 15.276 ; 15.130 ;
; x[6]       ; b           ; 10.858 ; 10.930 ; 11.112 ; 11.193 ;
; x[6]       ; c           ; 12.677 ; 12.607 ; 12.940 ; 12.861 ;
; x[6]       ; n           ; 11.920 ; 11.851 ; 12.167 ; 12.107 ;
; x[6]       ; s[5]        ; 7.536  ; 7.484  ; 7.710  ; 7.690  ;
; x[6]       ; s[6]        ; 9.065  ; 9.081  ; 9.288  ; 9.260  ;
; x[6]       ; s[7]        ; 11.910 ; 11.841 ; 12.157 ; 12.097 ;
; x[6]       ; v           ; 11.489 ; 11.488 ; 11.745 ; 11.744 ;
; x[6]       ; z           ; 11.048 ; 10.911 ; 11.304 ; 11.158 ;
; x[7]       ; b           ; 9.423  ; 9.495  ; 9.655  ; 9.736  ;
; x[7]       ; c           ; 11.242 ; 11.172 ; 11.483 ; 11.404 ;
; x[7]       ; n           ; 10.485 ; 10.416 ; 10.710 ; 10.650 ;
; x[7]       ; s[6]        ; 7.637  ; 7.653  ; 7.830  ; 7.835  ;
; x[7]       ; s[7]        ; 10.475 ; 10.406 ; 10.700 ; 10.640 ;
; x[7]       ; v           ; 10.054 ; 10.053 ; 10.288 ; 10.287 ;
; x[7]       ; z           ; 9.613  ; 9.476  ; 9.847  ; 9.701  ;
; y[0]       ; b           ; 18.941 ; 19.022 ; 19.404 ; 19.485 ;
; y[0]       ; c           ; 20.769 ; 20.690 ; 21.232 ; 21.153 ;
; y[0]       ; n           ; 19.996 ; 19.936 ; 20.459 ; 20.399 ;
; y[0]       ; s[0]        ; 7.807  ; 7.650  ; 8.244  ; 8.099  ;
; y[0]       ; s[1]        ; 9.080  ; 8.962  ; 9.543  ; 9.425  ;
; y[0]       ; s[2]        ; 10.673 ; 10.562 ; 11.136 ; 11.025 ;
; y[0]       ; s[3]        ; 11.658 ; 11.574 ; 12.121 ; 12.037 ;
; y[0]       ; s[4]        ; 14.100 ; 14.063 ; 14.563 ; 14.526 ;
; y[0]       ; s[5]        ; 14.953 ; 14.933 ; 15.416 ; 15.396 ;
; y[0]       ; s[6]        ; 17.117 ; 17.089 ; 17.580 ; 17.552 ;
; y[0]       ; s[7]        ; 19.986 ; 19.926 ; 20.449 ; 20.389 ;
; y[0]       ; v           ; 19.574 ; 19.573 ; 20.037 ; 20.036 ;
; y[0]       ; z           ; 19.133 ; 18.987 ; 19.596 ; 19.450 ;
; y[1]       ; b           ; 16.062 ; 16.143 ; 15.975 ; 16.056 ;
; y[1]       ; c           ; 17.890 ; 17.811 ; 17.803 ; 17.724 ;
; y[1]       ; n           ; 17.117 ; 17.057 ; 17.030 ; 16.970 ;
; y[1]       ; s[1]        ; 6.457  ; 6.385  ; 6.569  ; 6.490  ;
; y[1]       ; s[2]        ; 7.794  ; 7.683  ; 7.827  ; 7.725  ;
; y[1]       ; s[3]        ; 8.779  ; 8.695  ; 8.778  ; 8.655  ;
; y[1]       ; s[4]        ; 11.221 ; 11.184 ; 11.139 ; 11.140 ;
; y[1]       ; s[5]        ; 12.074 ; 12.054 ; 11.987 ; 11.967 ;
; y[1]       ; s[6]        ; 14.238 ; 14.210 ; 14.151 ; 14.123 ;
; y[1]       ; s[7]        ; 17.107 ; 17.047 ; 17.020 ; 16.960 ;
; y[1]       ; v           ; 16.695 ; 16.694 ; 16.608 ; 16.607 ;
; y[1]       ; z           ; 16.254 ; 16.108 ; 16.167 ; 16.021 ;
; y[2]       ; b           ; 14.845 ; 14.926 ; 14.831 ; 14.912 ;
; y[2]       ; c           ; 16.673 ; 16.594 ; 16.659 ; 16.580 ;
; y[2]       ; n           ; 15.900 ; 15.840 ; 15.886 ; 15.826 ;
; y[2]       ; s[2]        ; 7.001  ; 6.912  ; 7.131  ; 7.045  ;
; y[2]       ; s[3]        ; 7.562  ; 7.478  ; 7.711  ; 7.588  ;
; y[2]       ; s[4]        ; 10.004 ; 9.967  ; 10.072 ; 10.073 ;
; y[2]       ; s[5]        ; 10.857 ; 10.837 ; 10.851 ; 10.828 ;
; y[2]       ; s[6]        ; 13.021 ; 12.993 ; 13.007 ; 12.979 ;
; y[2]       ; s[7]        ; 15.890 ; 15.830 ; 15.876 ; 15.816 ;
; y[2]       ; v           ; 15.478 ; 15.477 ; 15.464 ; 15.463 ;
; y[2]       ; z           ; 15.037 ; 14.891 ; 15.023 ; 14.877 ;
; y[3]       ; b           ; 14.893 ; 14.974 ; 15.071 ; 15.143 ;
; y[3]       ; c           ; 16.721 ; 16.642 ; 16.890 ; 16.820 ;
; y[3]       ; n           ; 15.948 ; 15.888 ; 16.133 ; 16.064 ;
; y[3]       ; s[3]        ; 7.813  ; 7.688  ; 8.252  ; 8.136  ;
; y[3]       ; s[4]        ; 10.052 ; 10.015 ; 10.449 ; 10.450 ;
; y[3]       ; s[5]        ; 10.905 ; 10.885 ; 11.228 ; 11.205 ;
; y[3]       ; s[6]        ; 13.069 ; 13.041 ; 13.278 ; 13.294 ;
; y[3]       ; s[7]        ; 15.938 ; 15.878 ; 16.123 ; 16.054 ;
; y[3]       ; v           ; 15.526 ; 15.525 ; 15.702 ; 15.701 ;
; y[3]       ; z           ; 15.085 ; 14.939 ; 15.261 ; 15.124 ;
; y[4]       ; b           ; 13.883 ; 13.964 ; 14.106 ; 14.178 ;
; y[4]       ; c           ; 15.711 ; 15.632 ; 15.925 ; 15.855 ;
; y[4]       ; n           ; 14.938 ; 14.878 ; 15.168 ; 15.099 ;
; y[4]       ; s[4]        ; 8.989  ; 8.977  ; 9.426  ; 9.399  ;
; y[4]       ; s[5]        ; 9.895  ; 9.875  ; 10.263 ; 10.240 ;
; y[4]       ; s[6]        ; 12.059 ; 12.031 ; 12.313 ; 12.329 ;
; y[4]       ; s[7]        ; 14.928 ; 14.868 ; 15.158 ; 15.089 ;
; y[4]       ; v           ; 14.516 ; 14.515 ; 14.737 ; 14.736 ;
; y[4]       ; z           ; 14.075 ; 13.929 ; 14.296 ; 14.159 ;
; y[5]       ; b           ; 12.735 ; 12.807 ; 13.372 ; 13.453 ;
; y[5]       ; c           ; 14.554 ; 14.484 ; 15.200 ; 15.121 ;
; y[5]       ; n           ; 13.797 ; 13.728 ; 14.427 ; 14.367 ;
; y[5]       ; s[5]        ; 9.098  ; 9.072  ; 9.620  ; 9.610  ;
; y[5]       ; s[6]        ; 10.942 ; 10.958 ; 11.548 ; 11.520 ;
; y[5]       ; s[7]        ; 13.787 ; 13.718 ; 14.417 ; 14.357 ;
; y[5]       ; v           ; 13.366 ; 13.365 ; 14.005 ; 14.004 ;
; y[5]       ; z           ; 12.925 ; 12.788 ; 13.564 ; 13.418 ;
; y[6]       ; b           ; 10.789 ; 10.861 ; 11.245 ; 11.326 ;
; y[6]       ; c           ; 12.608 ; 12.538 ; 13.073 ; 12.994 ;
; y[6]       ; n           ; 11.851 ; 11.782 ; 12.300 ; 12.240 ;
; y[6]       ; s[6]        ; 8.978  ; 8.962  ; 9.423  ; 9.424  ;
; y[6]       ; s[7]        ; 11.841 ; 11.772 ; 12.290 ; 12.230 ;
; y[6]       ; v           ; 11.420 ; 11.419 ; 11.878 ; 11.877 ;
; y[6]       ; z           ; 10.979 ; 10.842 ; 11.437 ; 11.291 ;
; y[7]       ; b           ; 9.418  ; 9.499  ; 9.861  ; 9.942  ;
; y[7]       ; c           ; 11.246 ; 11.167 ; 11.689 ; 11.610 ;
; y[7]       ; n           ; 10.256 ; 9.440  ; 9.952  ; 10.712 ;
; y[7]       ; s[7]        ; 10.246 ; 9.430  ; 9.942  ; 10.702 ;
; y[7]       ; v           ; 9.823  ; 9.716  ; 10.350 ; 10.349 ;
; y[7]       ; z           ; 8.637  ; 9.247  ; 9.909  ; 8.943  ;
+------------+-------------+--------+--------+--------+--------+


+--------------------------------------------------------------+
; Minimum Propagation Delay                                    ;
+------------+-------------+--------+--------+--------+--------+
; Input Port ; Output Port ; RR     ; RF     ; FR     ; FF     ;
+------------+-------------+--------+--------+--------+--------+
; sel[0]     ; b           ; 8.983  ; 9.055  ; 9.435  ; 9.515  ;
; sel[0]     ; c           ; 10.666 ; 9.120  ; 9.616  ; 11.022 ;
; sel[0]     ; n           ; 9.298  ; 8.794  ; 9.317  ; 9.739  ;
; sel[0]     ; s[0]        ; 7.737  ; 7.603  ; 8.173  ; 8.017  ;
; sel[0]     ; s[1]        ; 7.984  ; 7.870  ; 8.435  ; 8.350  ;
; sel[0]     ; s[2]        ; 7.552  ; 7.442  ; 7.971  ; 7.861  ;
; sel[0]     ; s[3]        ; 7.523  ; 7.410  ; 7.989  ; 7.907  ;
; sel[0]     ; s[4]        ; 8.166  ; 8.122  ; 8.573  ; 8.529  ;
; sel[0]     ; s[5]        ; 8.181  ; 8.154  ; 8.618  ; 8.590  ;
; sel[0]     ; s[6]        ; 8.059  ; 8.251  ; 8.713  ; 8.441  ;
; sel[0]     ; s[7]        ; 9.288  ; 8.784  ; 9.307  ; 9.729  ;
; sel[0]     ; v           ; 7.882  ; 7.783  ; 8.295  ; 8.297  ;
; sel[0]     ; z           ; 8.029  ; 8.327  ; 8.955  ; 8.346  ;
; sel[1]     ; b           ; 8.785  ; 8.858  ; 9.262  ; 9.305  ;
; sel[1]     ; c           ; 10.469 ; 9.577  ; 10.119 ; 10.849 ;
; sel[1]     ; n           ; 9.541  ; 10.163 ; 10.635 ; 9.940  ;
; sel[1]     ; s[0]        ; 7.764  ; 7.636  ; 8.232  ; 8.095  ;
; sel[1]     ; s[1]        ; 8.409  ; 8.295  ; 8.916  ; 8.831  ;
; sel[1]     ; s[2]        ; 8.417  ; 8.307  ; 8.909  ; 8.790  ;
; sel[1]     ; s[3]        ; 7.871  ; 7.758  ; 8.369  ; 8.287  ;
; sel[1]     ; s[4]        ; 8.859  ; 8.815  ; 9.356  ; 9.311  ;
; sel[1]     ; s[5]        ; 8.629  ; 8.601  ; 9.076  ; 9.048  ;
; sel[1]     ; s[6]        ; 8.660  ; 8.772  ; 9.295  ; 9.105  ;
; sel[1]     ; s[7]        ; 9.531  ; 10.153 ; 10.625 ; 9.930  ;
; sel[1]     ; v           ; 8.541  ; 8.465  ; 8.988  ; 8.943  ;
; sel[1]     ; z           ; 9.373  ; 8.570  ; 9.175  ; 9.664  ;
; sel[2]     ; b           ; 9.743  ; 8.599  ; 8.973  ; 10.260 ;
; sel[2]     ; c           ; 10.210 ; 9.319  ; 9.842  ; 10.560 ;
; sel[2]     ; n           ; 9.300  ; 9.328  ; 9.778  ; 9.646  ;
; sel[2]     ; s[0]        ; 7.608  ; 7.583  ; 8.178  ; 7.944  ;
; sel[2]     ; s[1]        ; 7.850  ; 7.735  ; 8.265  ; 8.150  ;
; sel[2]     ; s[2]        ; 7.893  ; 7.783  ; 8.320  ; 8.203  ;
; sel[2]     ; s[3]        ; 7.518  ; 7.411  ; 7.957  ; 7.844  ;
; sel[2]     ; s[4]        ; 8.241  ; 8.197  ; 8.660  ; 8.611  ;
; sel[2]     ; s[5]        ; 8.130  ; 8.080  ; 8.546  ; 8.505  ;
; sel[2]     ; s[6]        ; 8.517  ; 8.017  ; 8.516  ; 8.890  ;
; sel[2]     ; s[7]        ; 9.290  ; 9.318  ; 9.768  ; 9.636  ;
; sel[2]     ; v           ; 7.923  ; 8.776  ; 9.301  ; 8.287  ;
; sel[2]     ; z           ; 8.563  ; 8.329  ; 8.881  ; 8.807  ;
; x[0]       ; b           ; 15.347 ; 15.229 ; 15.740 ; 15.622 ;
; x[0]       ; c           ; 9.024  ; 16.934 ; 17.233 ; 9.318  ;
; x[0]       ; n           ; 16.117 ; 15.985 ; 16.510 ; 16.378 ;
; x[0]       ; s[0]        ; 7.755  ; 7.715  ; 8.239  ; 8.048  ;
; x[0]       ; s[1]        ; 9.015  ; 8.900  ; 9.408  ; 9.293  ;
; x[0]       ; s[2]        ; 10.195 ; 10.102 ; 10.588 ; 10.495 ;
; x[0]       ; s[3]        ; 10.834 ; 10.717 ; 11.227 ; 11.110 ;
; x[0]       ; s[4]        ; 12.887 ; 12.825 ; 13.280 ; 13.218 ;
; x[0]       ; s[5]        ; 13.359 ; 13.308 ; 13.752 ; 13.701 ;
; x[0]       ; s[6]        ; 14.489 ; 14.439 ; 14.882 ; 14.832 ;
; x[0]       ; s[7]        ; 16.107 ; 15.975 ; 16.500 ; 16.368 ;
; x[0]       ; v           ; 15.640 ; 15.577 ; 16.033 ; 15.970 ;
; x[0]       ; z           ; 9.718  ; 9.570  ; 10.051 ; 10.054 ;
; x[1]       ; b           ; 14.149 ; 14.031 ; 14.559 ; 14.460 ;
; x[1]       ; c           ; 15.642 ; 15.736 ; 16.071 ; 16.146 ;
; x[1]       ; n           ; 14.919 ; 14.787 ; 15.348 ; 15.216 ;
; x[1]       ; s[0]        ; 8.317  ; 8.167  ; 8.760  ; 8.604  ;
; x[1]       ; s[1]        ; 8.409  ; 8.294  ; 8.844  ; 8.726  ;
; x[1]       ; s[2]        ; 8.997  ; 8.904  ; 9.426  ; 9.333  ;
; x[1]       ; s[3]        ; 9.636  ; 9.519  ; 10.065 ; 9.948  ;
; x[1]       ; s[4]        ; 11.689 ; 11.627 ; 12.118 ; 12.056 ;
; x[1]       ; s[5]        ; 12.161 ; 12.110 ; 12.590 ; 12.539 ;
; x[1]       ; s[6]        ; 13.291 ; 13.241 ; 13.720 ; 13.670 ;
; x[1]       ; s[7]        ; 14.909 ; 14.777 ; 15.338 ; 15.206 ;
; x[1]       ; v           ; 14.442 ; 14.379 ; 14.871 ; 14.808 ;
; x[1]       ; z           ; 9.998  ; 9.892  ; 10.427 ; 10.321 ;
; x[2]       ; b           ; 12.929 ; 12.811 ; 13.294 ; 13.381 ;
; x[2]       ; c           ; 14.422 ; 14.516 ; 14.992 ; 14.881 ;
; x[2]       ; n           ; 13.699 ; 13.567 ; 14.190 ; 14.137 ;
; x[2]       ; s[1]        ; 8.354  ; 8.239  ; 8.801  ; 8.683  ;
; x[2]       ; s[2]        ; 8.680  ; 8.580  ; 9.112  ; 9.024  ;
; x[2]       ; s[3]        ; 8.416  ; 8.299  ; 8.827  ; 8.742  ;
; x[2]       ; s[4]        ; 10.469 ; 10.407 ; 10.914 ; 10.871 ;
; x[2]       ; s[5]        ; 10.941 ; 10.890 ; 11.408 ; 11.356 ;
; x[2]       ; s[6]        ; 12.071 ; 12.021 ; 12.594 ; 12.535 ;
; x[2]       ; s[7]        ; 13.689 ; 13.557 ; 14.180 ; 14.127 ;
; x[2]       ; v           ; 13.222 ; 13.159 ; 13.722 ; 13.666 ;
; x[2]       ; z           ; 9.674  ; 9.575  ; 10.118 ; 10.007 ;
; x[3]       ; b           ; 12.058 ; 12.080 ; 12.550 ; 12.432 ;
; x[3]       ; c           ; 13.691 ; 13.645 ; 14.043 ; 14.137 ;
; x[3]       ; n           ; 12.954 ; 12.836 ; 13.320 ; 13.188 ;
; x[3]       ; s[2]        ; 9.218  ; 9.111  ; 9.656  ; 9.568  ;
; x[3]       ; s[3]        ; 8.318  ; 8.224  ; 8.770  ; 8.667  ;
; x[3]       ; s[4]        ; 9.678  ; 9.635  ; 10.090 ; 10.028 ;
; x[3]       ; s[5]        ; 10.172 ; 10.120 ; 10.562 ; 10.511 ;
; x[3]       ; s[6]        ; 11.340 ; 11.290 ; 11.692 ; 11.642 ;
; x[3]       ; s[7]        ; 12.944 ; 12.826 ; 13.310 ; 13.178 ;
; x[3]       ; v           ; 12.486 ; 12.428 ; 12.843 ; 12.780 ;
; x[3]       ; z           ; 10.205 ; 10.113 ; 10.662 ; 10.551 ;
; x[4]       ; b           ; 10.911 ; 10.958 ; 11.390 ; 11.272 ;
; x[4]       ; c           ; 12.569 ; 12.498 ; 12.883 ; 12.977 ;
; x[4]       ; n           ; 11.807 ; 11.714 ; 12.160 ; 12.028 ;
; x[4]       ; s[3]        ; 8.124  ; 8.039  ; 8.579  ; 8.459  ;
; x[4]       ; s[4]        ; 8.732  ; 8.683  ; 9.176  ; 9.109  ;
; x[4]       ; s[5]        ; 9.025  ; 8.973  ; 9.402  ; 9.351  ;
; x[4]       ; s[6]        ; 10.211 ; 10.152 ; 10.532 ; 10.482 ;
; x[4]       ; s[7]        ; 11.797 ; 11.704 ; 12.150 ; 12.018 ;
; x[4]       ; v           ; 11.339 ; 11.283 ; 11.683 ; 11.620 ;
; x[4]       ; z           ; 9.438  ; 9.353  ; 9.864  ; 9.797  ;
; x[5]       ; b           ; 10.151 ; 10.033 ; 10.460 ; 10.691 ;
; x[5]       ; c           ; 11.644 ; 11.738 ; 12.302 ; 12.047 ;
; x[5]       ; n           ; 10.921 ; 10.789 ; 11.356 ; 11.308 ;
; x[5]       ; s[4]        ; 9.696  ; 9.629  ; 10.140 ; 10.119 ;
; x[5]       ; s[5]        ; 8.993  ; 8.941  ; 9.452  ; 9.407  ;
; x[5]       ; s[6]        ; 9.293  ; 9.243  ; 9.760  ; 9.701  ;
; x[5]       ; s[7]        ; 10.911 ; 10.779 ; 11.346 ; 11.298 ;
; x[5]       ; v           ; 10.444 ; 10.381 ; 10.888 ; 10.832 ;
; x[5]       ; z           ; 9.713  ; 9.630  ; 10.179 ; 10.089 ;
; x[6]       ; b           ; 8.008  ; 7.890  ; 8.027  ; 8.258  ;
; x[6]       ; c           ; 9.501  ; 9.595  ; 9.869  ; 9.614  ;
; x[6]       ; n           ; 8.778  ; 8.646  ; 8.923  ; 8.875  ;
; x[6]       ; s[5]        ; 7.270  ; 7.218  ; 7.433  ; 7.388  ;
; x[6]       ; s[6]        ; 7.696  ; 7.644  ; 7.853  ; 7.832  ;
; x[6]       ; s[7]        ; 8.768  ; 8.636  ; 8.913  ; 8.865  ;
; x[6]       ; v           ; 8.301  ; 8.238  ; 8.455  ; 8.399  ;
; x[6]       ; z           ; 7.881  ; 7.807  ; 8.110  ; 7.952  ;
; x[7]       ; b           ; 6.963  ; 7.035  ; 7.066  ; 7.147  ;
; x[7]       ; c           ; 8.646  ; 8.550  ; 8.758  ; 8.653  ;
; x[7]       ; n           ; 7.521  ; 7.403  ; 7.611  ; 7.546  ;
; x[7]       ; s[6]        ; 7.138  ; 7.168  ; 7.402  ; 7.301  ;
; x[7]       ; s[7]        ; 7.511  ; 7.393  ; 7.601  ; 7.536  ;
; x[7]       ; v           ; 6.295  ; 6.228  ; 6.417  ; 6.338  ;
; x[7]       ; z           ; 6.638  ; 6.550  ; 6.781  ; 6.640  ;
; y[0]       ; b           ; 14.978 ; 14.860 ; 15.402 ; 15.284 ;
; y[0]       ; c           ; 16.471 ; 16.565 ; 16.895 ; 16.989 ;
; y[0]       ; n           ; 15.748 ; 15.616 ; 16.172 ; 16.040 ;
; y[0]       ; s[0]        ; 7.376  ; 7.336  ; 7.879  ; 7.708  ;
; y[0]       ; s[1]        ; 8.646  ; 8.531  ; 9.070  ; 8.955  ;
; y[0]       ; s[2]        ; 9.826  ; 9.733  ; 10.250 ; 10.157 ;
; y[0]       ; s[3]        ; 10.465 ; 10.348 ; 10.889 ; 10.772 ;
; y[0]       ; s[4]        ; 12.518 ; 12.456 ; 12.942 ; 12.880 ;
; y[0]       ; s[5]        ; 12.990 ; 12.939 ; 13.414 ; 13.363 ;
; y[0]       ; s[6]        ; 14.120 ; 14.070 ; 14.544 ; 14.494 ;
; y[0]       ; s[7]        ; 15.738 ; 15.606 ; 16.162 ; 16.030 ;
; y[0]       ; v           ; 15.271 ; 15.208 ; 15.695 ; 15.632 ;
; y[0]       ; z           ; 9.339  ; 9.191  ; 9.711  ; 9.694  ;
; y[1]       ; b           ; 12.423 ; 12.305 ; 12.545 ; 12.517 ;
; y[1]       ; c           ; 13.916 ; 14.010 ; 14.128 ; 14.132 ;
; y[1]       ; n           ; 13.193 ; 13.061 ; 13.405 ; 13.273 ;
; y[1]       ; s[1]        ; 6.107  ; 5.995  ; 6.214  ; 6.111  ;
; y[1]       ; s[2]        ; 7.271  ; 7.178  ; 7.428  ; 7.344  ;
; y[1]       ; s[3]        ; 7.910  ; 7.793  ; 8.078  ; 7.993  ;
; y[1]       ; s[4]        ; 9.963  ; 9.901  ; 10.165 ; 10.113 ;
; y[1]       ; s[5]        ; 10.435 ; 10.384 ; 10.647 ; 10.596 ;
; y[1]       ; s[6]        ; 11.565 ; 11.515 ; 11.777 ; 11.727 ;
; y[1]       ; s[7]        ; 13.183 ; 13.051 ; 13.395 ; 13.263 ;
; y[1]       ; v           ; 12.716 ; 12.653 ; 12.928 ; 12.865 ;
; y[1]       ; z           ; 8.076  ; 8.002  ; 8.192  ; 8.109  ;
; y[2]       ; b           ; 11.576 ; 11.458 ; 11.661 ; 11.684 ;
; y[2]       ; c           ; 13.069 ; 13.163 ; 13.295 ; 13.248 ;
; y[2]       ; n           ; 12.346 ; 12.214 ; 12.557 ; 12.440 ;
; y[2]       ; s[2]        ; 6.354  ; 6.244  ; 6.535  ; 6.416  ;
; y[2]       ; s[3]        ; 7.063  ; 6.946  ; 7.194  ; 7.109  ;
; y[2]       ; s[4]        ; 9.116  ; 9.054  ; 9.281  ; 9.238  ;
; y[2]       ; s[5]        ; 9.588  ; 9.537  ; 9.775  ; 9.723  ;
; y[2]       ; s[6]        ; 10.718 ; 10.668 ; 10.944 ; 10.894 ;
; y[2]       ; s[7]        ; 12.336 ; 12.204 ; 12.547 ; 12.430 ;
; y[2]       ; v           ; 11.869 ; 11.806 ; 12.089 ; 12.032 ;
; y[2]       ; z           ; 7.338  ; 7.249  ; 7.510  ; 7.430  ;
; y[3]       ; b           ; 11.809 ; 11.691 ; 12.160 ; 12.323 ;
; y[3]       ; c           ; 13.302 ; 13.396 ; 13.934 ; 13.747 ;
; y[3]       ; n           ; 12.579 ; 12.447 ; 13.056 ; 13.008 ;
; y[3]       ; s[3]        ; 7.369  ; 7.258  ; 7.794  ; 7.692  ;
; y[3]       ; s[4]        ; 9.349  ; 9.287  ; 9.780  ; 9.737  ;
; y[3]       ; s[5]        ; 9.821  ; 9.770  ; 10.274 ; 10.222 ;
; y[3]       ; s[6]        ; 10.951 ; 10.901 ; 11.460 ; 11.401 ;
; y[3]       ; s[7]        ; 12.569 ; 12.437 ; 13.046 ; 12.998 ;
; y[3]       ; v           ; 12.102 ; 12.039 ; 12.588 ; 12.532 ;
; y[3]       ; z           ; 9.295  ; 9.218  ; 9.729  ; 9.643  ;
; y[4]       ; b           ; 10.982 ; 10.864 ; 11.311 ; 11.542 ;
; y[4]       ; c           ; 12.475 ; 12.569 ; 13.153 ; 12.898 ;
; y[4]       ; n           ; 11.752 ; 11.620 ; 12.207 ; 12.159 ;
; y[4]       ; s[4]        ; 8.476  ; 8.432  ; 8.929  ; 8.884  ;
; y[4]       ; s[5]        ; 8.994  ; 8.943  ; 9.425  ; 9.373  ;
; y[4]       ; s[6]        ; 10.124 ; 10.074 ; 10.611 ; 10.552 ;
; y[4]       ; s[7]        ; 11.742 ; 11.610 ; 12.197 ; 12.149 ;
; y[4]       ; v           ; 11.275 ; 11.212 ; 11.739 ; 11.683 ;
; y[4]       ; z           ; 9.187  ; 9.097  ; 9.639  ; 9.550  ;
; y[5]       ; b           ; 10.511 ; 10.742 ; 11.150 ; 11.032 ;
; y[5]       ; c           ; 12.353 ; 12.098 ; 12.643 ; 12.737 ;
; y[5]       ; n           ; 11.407 ; 11.359 ; 11.920 ; 11.788 ;
; y[5]       ; s[5]        ; 8.686  ; 8.658  ; 9.234  ; 9.179  ;
; y[5]       ; s[6]        ; 9.811  ; 9.752  ; 10.292 ; 10.242 ;
; y[5]       ; s[7]        ; 11.397 ; 11.349 ; 11.910 ; 11.778 ;
; y[5]       ; v           ; 10.939 ; 10.883 ; 11.443 ; 11.380 ;
; y[5]       ; z           ; 9.430  ; 9.323  ; 9.951  ; 9.871  ;
; y[6]       ; b           ; 9.829  ; 10.060 ; 10.389 ; 10.271 ;
; y[6]       ; c           ; 11.671 ; 11.416 ; 11.882 ; 11.976 ;
; y[6]       ; n           ; 10.725 ; 10.677 ; 11.159 ; 11.027 ;
; y[6]       ; s[6]        ; 7.594  ; 8.514  ; 9.023  ; 7.936  ;
; y[6]       ; s[7]        ; 10.715 ; 10.667 ; 11.149 ; 11.017 ;
; y[6]       ; v           ; 10.257 ; 10.201 ; 10.682 ; 10.619 ;
; y[6]       ; z           ; 9.397  ; 8.299  ; 8.819  ; 9.728  ;
; y[7]       ; b           ; 9.003  ; 9.075  ; 9.433  ; 9.512  ;
; y[7]       ; c           ; 10.686 ; 10.590 ; 11.123 ; 11.020 ;
; y[7]       ; n           ; 9.127  ; 9.093  ; 9.597  ; 9.504  ;
; y[7]       ; s[7]        ; 9.117  ; 9.083  ; 9.587  ; 9.494  ;
; y[7]       ; v           ; 7.853  ; 7.779  ; 8.291  ; 8.208  ;
; y[7]       ; z           ; 8.328  ; 8.156  ; 8.739  ; 8.626  ;
+------------+-------------+--------+--------+--------+--------+


----------------------------------------------
; Slow 1200mV 85C Model Metastability Report ;
----------------------------------------------
No synchronizer chains to report.


-------------------------------------
; Slow 1200mV 0C Model Fmax Summary ;
-------------------------------------
No paths to report.


--------------------------------------
; Slow 1200mV 0C Model Setup Summary ;
--------------------------------------
No paths to report.


-------------------------------------
; Slow 1200mV 0C Model Hold Summary ;
-------------------------------------
No paths to report.


-----------------------------------------
; Slow 1200mV 0C Model Recovery Summary ;
-----------------------------------------
No paths to report.


----------------------------------------
; Slow 1200mV 0C Model Removal Summary ;
----------------------------------------
No paths to report.


----------------------------------------------------
; Slow 1200mV 0C Model Minimum Pulse Width Summary ;
----------------------------------------------------
No paths to report.


+--------------------------------------------------------------+
; Propagation Delay                                            ;
+------------+-------------+--------+--------+--------+--------+
; Input Port ; Output Port ; RR     ; RF     ; FR     ; FF     ;
+------------+-------------+--------+--------+--------+--------+
; sel[0]     ; b           ; 16.843 ; 16.972 ; 17.205 ; 17.334 ;
; sel[0]     ; c           ; 18.557 ; 18.416 ; 18.919 ; 18.778 ;
; sel[0]     ; n           ; 17.852 ; 17.746 ; 18.214 ; 18.108 ;
; sel[0]     ; s[0]        ; 8.110  ; 7.982  ; 8.422  ; 8.294  ;
; sel[0]     ; s[1]        ; 8.123  ; 8.011  ; 8.485  ; 8.373  ;
; sel[0]     ; s[2]        ; 9.550  ; 9.438  ; 9.912  ; 9.800  ;
; sel[0]     ; s[3]        ; 10.414 ; 10.309 ; 10.776 ; 10.671 ;
; sel[0]     ; s[4]        ; 12.619 ; 12.509 ; 12.981 ; 12.871 ;
; sel[0]     ; s[5]        ; 13.285 ; 13.260 ; 13.647 ; 13.622 ;
; sel[0]     ; s[6]        ; 15.273 ; 15.183 ; 15.635 ; 15.545 ;
; sel[0]     ; s[7]        ; 17.842 ; 17.736 ; 18.204 ; 18.098 ;
; sel[0]     ; v           ; 17.456 ; 17.396 ; 17.818 ; 17.758 ;
; sel[0]     ; z           ; 17.059 ; 16.906 ; 17.421 ; 17.268 ;
; sel[1]     ; b           ; 17.077 ; 17.206 ; 17.441 ; 17.570 ;
; sel[1]     ; c           ; 18.791 ; 18.650 ; 19.155 ; 19.014 ;
; sel[1]     ; n           ; 18.086 ; 17.980 ; 18.450 ; 18.344 ;
; sel[1]     ; s[0]        ; 8.599  ; 8.471  ; 8.924  ; 8.796  ;
; sel[1]     ; s[1]        ; 8.357  ; 8.245  ; 8.721  ; 8.609  ;
; sel[1]     ; s[2]        ; 9.784  ; 9.672  ; 10.148 ; 10.036 ;
; sel[1]     ; s[3]        ; 10.648 ; 10.543 ; 11.012 ; 10.907 ;
; sel[1]     ; s[4]        ; 12.853 ; 12.743 ; 13.217 ; 13.107 ;
; sel[1]     ; s[5]        ; 13.519 ; 13.494 ; 13.883 ; 13.858 ;
; sel[1]     ; s[6]        ; 15.507 ; 15.417 ; 15.871 ; 15.781 ;
; sel[1]     ; s[7]        ; 18.076 ; 17.970 ; 18.440 ; 18.334 ;
; sel[1]     ; v           ; 17.690 ; 17.630 ; 18.054 ; 17.994 ;
; sel[1]     ; z           ; 17.293 ; 17.140 ; 17.657 ; 17.504 ;
; sel[2]     ; b           ; 16.492 ; 16.621 ; 16.798 ; 16.919 ;
; sel[2]     ; c           ; 18.206 ; 18.065 ; 18.504 ; 18.371 ;
; sel[2]     ; n           ; 17.501 ; 17.395 ; 17.791 ; 17.677 ;
; sel[2]     ; s[0]        ; 8.345  ; 8.217  ; 8.662  ; 8.534  ;
; sel[2]     ; s[1]        ; 8.075  ; 7.955  ; 8.437  ; 8.325  ;
; sel[2]     ; s[2]        ; 9.199  ; 9.087  ; 9.566  ; 9.454  ;
; sel[2]     ; s[3]        ; 10.063 ; 9.958  ; 10.429 ; 10.288 ;
; sel[2]     ; s[4]        ; 12.268 ; 12.158 ; 12.586 ; 12.522 ;
; sel[2]     ; s[5]        ; 12.934 ; 12.909 ; 13.246 ; 13.212 ;
; sel[2]     ; s[6]        ; 14.922 ; 14.832 ; 15.198 ; 15.124 ;
; sel[2]     ; s[7]        ; 17.491 ; 17.385 ; 17.781 ; 17.667 ;
; sel[2]     ; v           ; 17.105 ; 17.045 ; 17.395 ; 17.327 ;
; sel[2]     ; z           ; 16.708 ; 16.555 ; 16.990 ; 16.845 ;
; x[0]       ; b           ; 17.096 ; 17.225 ; 17.475 ; 17.604 ;
; x[0]       ; c           ; 18.810 ; 18.669 ; 19.189 ; 19.048 ;
; x[0]       ; n           ; 18.105 ; 17.999 ; 18.484 ; 18.378 ;
; x[0]       ; s[0]        ; 7.953  ; 7.827  ; 8.313  ; 8.185  ;
; x[0]       ; s[1]        ; 8.376  ; 8.264  ; 8.755  ; 8.643  ;
; x[0]       ; s[2]        ; 9.803  ; 9.691  ; 10.182 ; 10.070 ;
; x[0]       ; s[3]        ; 10.667 ; 10.562 ; 11.046 ; 10.941 ;
; x[0]       ; s[4]        ; 12.872 ; 12.762 ; 13.251 ; 13.141 ;
; x[0]       ; s[5]        ; 13.538 ; 13.513 ; 13.917 ; 13.892 ;
; x[0]       ; s[6]        ; 15.526 ; 15.436 ; 15.905 ; 15.815 ;
; x[0]       ; s[7]        ; 18.095 ; 17.989 ; 18.474 ; 18.368 ;
; x[0]       ; v           ; 17.709 ; 17.649 ; 18.088 ; 18.028 ;
; x[0]       ; z           ; 17.312 ; 17.159 ; 17.691 ; 17.538 ;
; x[1]       ; b           ; 16.149 ; 16.270 ; 16.546 ; 16.675 ;
; x[1]       ; c           ; 17.855 ; 17.722 ; 18.260 ; 18.119 ;
; x[1]       ; n           ; 17.142 ; 17.028 ; 17.555 ; 17.449 ;
; x[1]       ; s[0]        ; 7.749  ; 7.623  ; 8.103  ; 7.975  ;
; x[1]       ; s[1]        ; 7.787  ; 7.675  ; 8.130  ; 8.010  ;
; x[1]       ; s[2]        ; 8.917  ; 8.805  ; 9.253  ; 9.141  ;
; x[1]       ; s[3]        ; 9.780  ; 9.639  ; 10.117 ; 10.012 ;
; x[1]       ; s[4]        ; 11.937 ; 11.873 ; 12.322 ; 12.212 ;
; x[1]       ; s[5]        ; 12.597 ; 12.563 ; 12.988 ; 12.963 ;
; x[1]       ; s[6]        ; 14.518 ; 14.475 ; 14.976 ; 14.886 ;
; x[1]       ; s[7]        ; 17.132 ; 17.018 ; 17.545 ; 17.439 ;
; x[1]       ; v           ; 16.746 ; 16.678 ; 17.159 ; 17.099 ;
; x[1]       ; z           ; 16.341 ; 16.196 ; 16.762 ; 16.609 ;
; x[2]       ; b           ; 16.090 ; 16.211 ; 16.499 ; 16.628 ;
; x[2]       ; c           ; 17.796 ; 17.663 ; 18.213 ; 18.072 ;
; x[2]       ; n           ; 17.083 ; 16.969 ; 17.508 ; 17.402 ;
; x[2]       ; s[1]        ; 7.729  ; 7.617  ; 8.082  ; 7.962  ;
; x[2]       ; s[2]        ; 8.858  ; 8.746  ; 9.206  ; 9.094  ;
; x[2]       ; s[3]        ; 9.721  ; 9.580  ; 10.070 ; 9.965  ;
; x[2]       ; s[4]        ; 11.878 ; 11.814 ; 12.275 ; 12.165 ;
; x[2]       ; s[5]        ; 12.538 ; 12.504 ; 12.941 ; 12.916 ;
; x[2]       ; s[6]        ; 14.459 ; 14.416 ; 14.929 ; 14.839 ;
; x[2]       ; s[7]        ; 17.073 ; 16.959 ; 17.498 ; 17.392 ;
; x[2]       ; v           ; 16.687 ; 16.619 ; 17.112 ; 17.052 ;
; x[2]       ; z           ; 16.282 ; 16.137 ; 16.715 ; 16.562 ;
; x[3]       ; b           ; 15.444 ; 15.565 ; 15.844 ; 15.973 ;
; x[3]       ; c           ; 17.150 ; 17.017 ; 17.558 ; 17.417 ;
; x[3]       ; n           ; 16.437 ; 16.323 ; 16.853 ; 16.747 ;
; x[3]       ; s[2]        ; 8.569  ; 8.457  ; 8.878  ; 8.796  ;
; x[3]       ; s[3]        ; 9.075  ; 8.934  ; 9.415  ; 9.310  ;
; x[3]       ; s[4]        ; 11.232 ; 11.168 ; 11.620 ; 11.510 ;
; x[3]       ; s[5]        ; 11.892 ; 11.858 ; 12.286 ; 12.261 ;
; x[3]       ; s[6]        ; 13.813 ; 13.770 ; 14.274 ; 14.184 ;
; x[3]       ; s[7]        ; 16.427 ; 16.313 ; 16.843 ; 16.737 ;
; x[3]       ; v           ; 16.041 ; 15.973 ; 16.457 ; 16.397 ;
; x[3]       ; z           ; 15.636 ; 15.491 ; 16.060 ; 15.907 ;
; x[4]       ; b           ; 13.358 ; 13.479 ; 13.775 ; 13.904 ;
; x[4]       ; c           ; 15.064 ; 14.931 ; 15.489 ; 15.348 ;
; x[4]       ; n           ; 14.351 ; 14.237 ; 14.784 ; 14.678 ;
; x[4]       ; s[3]        ; 7.587  ; 7.446  ; 7.924  ; 7.783  ;
; x[4]       ; s[4]        ; 9.146  ; 9.082  ; 9.551  ; 9.441  ;
; x[4]       ; s[5]        ; 9.806  ; 9.772  ; 10.217 ; 10.192 ;
; x[4]       ; s[6]        ; 11.727 ; 11.684 ; 12.205 ; 12.115 ;
; x[4]       ; s[7]        ; 14.341 ; 14.227 ; 14.774 ; 14.668 ;
; x[4]       ; v           ; 13.955 ; 13.887 ; 14.388 ; 14.328 ;
; x[4]       ; z           ; 13.550 ; 13.405 ; 13.991 ; 13.838 ;
; x[5]       ; b           ; 12.911 ; 13.032 ; 13.303 ; 13.432 ;
; x[5]       ; c           ; 14.617 ; 14.484 ; 15.017 ; 14.876 ;
; x[5]       ; n           ; 13.904 ; 13.790 ; 14.312 ; 14.206 ;
; x[5]       ; s[4]        ; 9.041  ; 8.938  ; 9.397  ; 9.333  ;
; x[5]       ; s[5]        ; 9.359  ; 9.325  ; 9.745  ; 9.720  ;
; x[5]       ; s[6]        ; 11.280 ; 11.237 ; 11.733 ; 11.643 ;
; x[5]       ; s[7]        ; 13.894 ; 13.780 ; 14.302 ; 14.196 ;
; x[5]       ; v           ; 13.508 ; 13.440 ; 13.916 ; 13.856 ;
; x[5]       ; z           ; 13.103 ; 12.958 ; 13.519 ; 13.366 ;
; x[6]       ; b           ; 9.814  ; 9.935  ; 9.936  ; 10.065 ;
; x[6]       ; c           ; 11.520 ; 11.387 ; 11.650 ; 11.509 ;
; x[6]       ; n           ; 10.807 ; 10.693 ; 10.945 ; 10.839 ;
; x[6]       ; s[5]        ; 6.728  ; 6.674  ; 6.888  ; 6.863  ;
; x[6]       ; s[6]        ; 8.183  ; 8.140  ; 8.366  ; 8.276  ;
; x[6]       ; s[7]        ; 10.797 ; 10.683 ; 10.935 ; 10.829 ;
; x[6]       ; v           ; 10.411 ; 10.343 ; 10.549 ; 10.489 ;
; x[6]       ; z           ; 10.006 ; 9.861  ; 10.152 ; 9.999  ;
; x[7]       ; b           ; 8.488  ; 8.609  ; 8.635  ; 8.764  ;
; x[7]       ; c           ; 10.194 ; 10.061 ; 10.349 ; 10.208 ;
; x[7]       ; n           ; 9.481  ; 9.367  ; 9.644  ; 9.538  ;
; x[7]       ; s[6]        ; 6.869  ; 6.822  ; 7.066  ; 7.002  ;
; x[7]       ; s[7]        ; 9.471  ; 9.357  ; 9.634  ; 9.528  ;
; x[7]       ; v           ; 9.085  ; 9.017  ; 9.248  ; 9.188  ;
; x[7]       ; z           ; 8.680  ; 8.535  ; 8.851  ; 8.698  ;
; y[0]       ; b           ; 16.758 ; 16.887 ; 17.130 ; 17.259 ;
; y[0]       ; c           ; 18.472 ; 18.331 ; 18.844 ; 18.703 ;
; y[0]       ; n           ; 17.767 ; 17.661 ; 18.139 ; 18.033 ;
; y[0]       ; s[0]        ; 6.932  ; 6.741  ; 7.281  ; 7.107  ;
; y[0]       ; s[1]        ; 8.038  ; 7.926  ; 8.410  ; 8.298  ;
; y[0]       ; s[2]        ; 9.465  ; 9.353  ; 9.837  ; 9.725  ;
; y[0]       ; s[3]        ; 10.329 ; 10.224 ; 10.701 ; 10.596 ;
; y[0]       ; s[4]        ; 12.534 ; 12.424 ; 12.906 ; 12.796 ;
; y[0]       ; s[5]        ; 13.200 ; 13.175 ; 13.572 ; 13.547 ;
; y[0]       ; s[6]        ; 15.188 ; 15.098 ; 15.560 ; 15.470 ;
; y[0]       ; s[7]        ; 17.757 ; 17.651 ; 18.129 ; 18.023 ;
; y[0]       ; v           ; 17.371 ; 17.311 ; 17.743 ; 17.683 ;
; y[0]       ; z           ; 16.974 ; 16.821 ; 17.346 ; 17.193 ;
; y[1]       ; b           ; 14.277 ; 14.406 ; 14.310 ; 14.431 ;
; y[1]       ; c           ; 15.991 ; 15.850 ; 16.016 ; 15.883 ;
; y[1]       ; n           ; 15.286 ; 15.180 ; 15.303 ; 15.189 ;
; y[1]       ; s[1]        ; 5.793  ; 5.708  ; 5.931  ; 5.838  ;
; y[1]       ; s[2]        ; 6.984  ; 6.872  ; 7.078  ; 6.966  ;
; y[1]       ; s[3]        ; 7.848  ; 7.743  ; 7.941  ; 7.800  ;
; y[1]       ; s[4]        ; 10.053 ; 9.943  ; 10.098 ; 10.034 ;
; y[1]       ; s[5]        ; 10.719 ; 10.694 ; 10.758 ; 10.724 ;
; y[1]       ; s[6]        ; 12.707 ; 12.617 ; 12.679 ; 12.636 ;
; y[1]       ; s[7]        ; 15.276 ; 15.170 ; 15.293 ; 15.179 ;
; y[1]       ; v           ; 14.890 ; 14.830 ; 14.907 ; 14.839 ;
; y[1]       ; z           ; 14.493 ; 14.340 ; 14.502 ; 14.357 ;
; y[2]       ; b           ; 13.216 ; 13.345 ; 13.336 ; 13.457 ;
; y[2]       ; c           ; 14.930 ; 14.789 ; 15.042 ; 14.909 ;
; y[2]       ; n           ; 14.225 ; 14.119 ; 14.329 ; 14.215 ;
; y[2]       ; s[2]        ; 6.302  ; 6.216  ; 6.439  ; 6.353  ;
; y[2]       ; s[3]        ; 6.787  ; 6.682  ; 6.967  ; 6.826  ;
; y[2]       ; s[4]        ; 8.992  ; 8.882  ; 9.124  ; 9.060  ;
; y[2]       ; s[5]        ; 9.658  ; 9.633  ; 9.784  ; 9.750  ;
; y[2]       ; s[6]        ; 11.646 ; 11.556 ; 11.705 ; 11.662 ;
; y[2]       ; s[7]        ; 14.215 ; 14.109 ; 14.319 ; 14.205 ;
; y[2]       ; v           ; 13.829 ; 13.769 ; 13.933 ; 13.865 ;
; y[2]       ; z           ; 13.432 ; 13.279 ; 13.528 ; 13.383 ;
; y[3]       ; b           ; 13.175 ; 13.304 ; 13.484 ; 13.605 ;
; y[3]       ; c           ; 14.889 ; 14.748 ; 15.190 ; 15.057 ;
; y[3]       ; n           ; 14.184 ; 14.078 ; 14.477 ; 14.363 ;
; y[3]       ; s[3]        ; 6.920  ; 6.792  ; 7.265  ; 7.145  ;
; y[3]       ; s[4]        ; 8.951  ; 8.841  ; 9.272  ; 9.208  ;
; y[3]       ; s[5]        ; 9.617  ; 9.592  ; 9.932  ; 9.898  ;
; y[3]       ; s[6]        ; 11.605 ; 11.515 ; 11.853 ; 11.810 ;
; y[3]       ; s[7]        ; 14.174 ; 14.068 ; 14.467 ; 14.353 ;
; y[3]       ; v           ; 13.788 ; 13.728 ; 14.081 ; 14.013 ;
; y[3]       ; z           ; 13.391 ; 13.238 ; 13.676 ; 13.531 ;
; y[4]       ; b           ; 12.290 ; 12.419 ; 12.605 ; 12.726 ;
; y[4]       ; c           ; 14.004 ; 13.863 ; 14.311 ; 14.178 ;
; y[4]       ; n           ; 13.299 ; 13.193 ; 13.598 ; 13.484 ;
; y[4]       ; s[4]        ; 8.010  ; 7.931  ; 8.359  ; 8.264  ;
; y[4]       ; s[5]        ; 8.732  ; 8.707  ; 9.053  ; 9.019  ;
; y[4]       ; s[6]        ; 10.720 ; 10.630 ; 10.974 ; 10.931 ;
; y[4]       ; s[7]        ; 13.289 ; 13.183 ; 13.588 ; 13.474 ;
; y[4]       ; v           ; 12.903 ; 12.843 ; 13.202 ; 13.134 ;
; y[4]       ; z           ; 12.506 ; 12.353 ; 12.797 ; 12.652 ;
; y[5]       ; b           ; 11.408 ; 11.529 ; 11.800 ; 11.929 ;
; y[5]       ; c           ; 13.114 ; 12.981 ; 13.514 ; 13.373 ;
; y[5]       ; n           ; 12.401 ; 12.287 ; 12.809 ; 12.703 ;
; y[5]       ; s[5]        ; 8.036  ; 7.998  ; 8.435  ; 8.420  ;
; y[5]       ; s[6]        ; 9.777  ; 9.734  ; 10.230 ; 10.140 ;
; y[5]       ; s[7]        ; 12.391 ; 12.277 ; 12.799 ; 12.693 ;
; y[5]       ; v           ; 12.005 ; 11.937 ; 12.413 ; 12.353 ;
; y[5]       ; z           ; 11.600 ; 11.455 ; 12.016 ; 11.863 ;
; y[6]       ; b           ; 9.639  ; 9.760  ; 9.910  ; 10.039 ;
; y[6]       ; c           ; 11.345 ; 11.212 ; 11.624 ; 11.483 ;
; y[6]       ; n           ; 10.632 ; 10.518 ; 10.919 ; 10.813 ;
; y[6]       ; s[6]        ; 8.002  ; 7.917  ; 8.344  ; 8.276  ;
; y[6]       ; s[7]        ; 10.622 ; 10.508 ; 10.909 ; 10.803 ;
; y[6]       ; v           ; 10.236 ; 10.168 ; 10.523 ; 10.463 ;
; y[6]       ; z           ; 9.831  ; 9.686  ; 10.126 ; 9.973  ;
; y[7]       ; b           ; 8.327  ; 8.456  ; 8.675  ; 8.804  ;
; y[7]       ; c           ; 10.041 ; 9.900  ; 10.389 ; 10.248 ;
; y[7]       ; n           ; 9.164  ; 8.375  ; 8.827  ; 9.442  ;
; y[7]       ; s[7]        ; 9.154  ; 8.365  ; 8.817  ; 9.432  ;
; y[7]       ; v           ; 8.768  ; 8.625  ; 9.148  ; 9.092  ;
; y[7]       ; z           ; 7.688  ; 8.218  ; 8.755  ; 7.881  ;
+------------+-------------+--------+--------+--------+--------+


+--------------------------------------------------------------+
; Minimum Propagation Delay                                    ;
+------------+-------------+--------+--------+--------+--------+
; Input Port ; Output Port ; RR     ; RF     ; FR     ; FF     ;
+------------+-------------+--------+--------+--------+--------+
; sel[0]     ; b           ; 7.969  ; 8.091  ; 8.300  ; 8.426  ;
; sel[0]     ; c           ; 9.550  ; 8.091  ; 8.523  ; 9.728  ;
; sel[0]     ; n           ; 8.292  ; 7.789  ; 8.257  ; 8.580  ;
; sel[0]     ; s[0]        ; 6.871  ; 6.718  ; 7.227  ; 7.047  ;
; sel[0]     ; s[1]        ; 7.079  ; 6.967  ; 7.433  ; 7.348  ;
; sel[0]     ; s[2]        ; 6.676  ; 6.563  ; 7.022  ; 6.915  ;
; sel[0]     ; s[3]        ; 6.674  ; 6.540  ; 7.038  ; 6.932  ;
; sel[0]     ; s[4]        ; 7.268  ; 7.159  ; 7.605  ; 7.499  ;
; sel[0]     ; s[5]        ; 7.197  ; 7.170  ; 7.557  ; 7.519  ;
; sel[0]     ; s[6]        ; 7.184  ; 7.274  ; 7.718  ; 7.411  ;
; sel[0]     ; s[7]        ; 8.282  ; 7.779  ; 8.247  ; 8.570  ;
; sel[0]     ; v           ; 7.012  ; 6.870  ; 7.336  ; 7.277  ;
; sel[0]     ; z           ; 7.135  ; 7.381  ; 7.926  ; 7.346  ;
; sel[1]     ; b           ; 7.786  ; 7.908  ; 8.159  ; 8.253  ;
; sel[1]     ; c           ; 9.367  ; 8.513  ; 8.964  ; 9.587  ;
; sel[1]     ; n           ; 8.520  ; 9.014  ; 9.452  ; 8.772  ;
; sel[1]     ; s[0]        ; 6.916  ; 6.747  ; 7.278  ; 7.103  ;
; sel[1]     ; s[1]        ; 7.473  ; 7.361  ; 7.862  ; 7.777  ;
; sel[1]     ; s[2]        ; 7.475  ; 7.368  ; 7.844  ; 7.731  ;
; sel[1]     ; s[3]        ; 6.997  ; 6.863  ; 7.379  ; 7.273  ;
; sel[1]     ; s[4]        ; 7.919  ; 7.813  ; 8.294  ; 8.182  ;
; sel[1]     ; s[5]        ; 7.617  ; 7.581  ; 7.970  ; 7.943  ;
; sel[1]     ; s[6]        ; 7.721  ; 7.764  ; 8.235  ; 7.997  ;
; sel[1]     ; s[7]        ; 8.510  ; 9.004  ; 9.442  ; 8.762  ;
; sel[1]     ; v           ; 7.616  ; 7.488  ; 7.963  ; 7.863  ;
; sel[1]     ; z           ; 8.356  ; 7.609  ; 8.118  ; 8.541  ;
; sel[2]     ; b           ; 8.674  ; 7.665  ; 7.888  ; 9.089  ;
; sel[2]     ; c           ; 9.124  ; 8.268  ; 8.712  ; 9.316  ;
; sel[2]     ; n           ; 8.296  ; 8.262  ; 8.671  ; 8.497  ;
; sel[2]     ; s[0]        ; 6.760  ; 6.692  ; 7.227  ; 6.966  ;
; sel[2]     ; s[1]        ; 6.954  ; 6.838  ; 7.284  ; 7.172  ;
; sel[2]     ; s[2]        ; 6.992  ; 6.881  ; 7.323  ; 7.210  ;
; sel[2]     ; s[3]        ; 6.659  ; 6.537  ; 7.017  ; 6.883  ;
; sel[2]     ; s[4]        ; 7.351  ; 7.242  ; 7.676  ; 7.564  ;
; sel[2]     ; s[5]        ; 7.159  ; 7.113  ; 7.486  ; 7.446  ;
; sel[2]     ; s[6]        ; 7.597  ; 7.073  ; 7.532  ; 7.807  ;
; sel[2]     ; s[7]        ; 8.286  ; 8.252  ; 8.661  ; 8.487  ;
; sel[2]     ; v           ; 7.049  ; 7.777  ; 8.220  ; 7.272  ;
; sel[2]     ; z           ; 7.608  ; 7.385  ; 7.843  ; 7.760  ;
; x[0]       ; b           ; 13.600 ; 13.725 ; 13.960 ; 14.030 ;
; x[0]       ; c           ; 8.029  ; 15.028 ; 15.489 ; 8.218  ;
; x[0]       ; n           ; 14.447 ; 14.362 ; 14.807 ; 14.667 ;
; x[0]       ; s[0]        ; 6.895  ; 6.807  ; 7.282  ; 7.056  ;
; x[0]       ; s[1]        ; 8.008  ; 7.890  ; 8.321  ; 8.205  ;
; x[0]       ; s[2]        ; 9.072  ; 8.990  ; 9.384  ; 9.302  ;
; x[0]       ; s[3]        ; 9.660  ; 9.545  ; 9.997  ; 9.850  ;
; x[0]       ; s[4]        ; 11.538 ; 11.449 ; 11.870 ; 11.762 ;
; x[0]       ; s[5]        ; 11.906 ; 11.852 ; 12.235 ; 12.189 ;
; x[0]       ; s[6]        ; 13.033 ; 12.917 ; 13.357 ; 13.247 ;
; x[0]       ; s[7]        ; 14.437 ; 14.352 ; 14.797 ; 14.657 ;
; x[0]       ; v           ; 14.026 ; 13.928 ; 14.386 ; 14.281 ;
; x[0]       ; z           ; 8.647  ; 8.493  ; 8.896  ; 8.880  ;
; x[1]       ; b           ; 12.563 ; 12.631 ; 12.851 ; 12.970 ;
; x[1]       ; c           ; 14.090 ; 13.991 ; 14.429 ; 14.279 ;
; x[1]       ; n           ; 13.410 ; 13.268 ; 13.698 ; 13.607 ;
; x[1]       ; s[0]        ; 7.396  ; 7.222  ; 7.732  ; 7.559  ;
; x[1]       ; s[1]        ; 7.467  ; 7.355  ; 7.794  ; 7.676  ;
; x[1]       ; s[2]        ; 7.985  ; 7.903  ; 8.323  ; 8.241  ;
; x[1]       ; s[3]        ; 8.598  ; 8.451  ; 8.911  ; 8.790  ;
; x[1]       ; s[4]        ; 10.471 ; 10.363 ; 10.789 ; 10.700 ;
; x[1]       ; s[5]        ; 10.836 ; 10.790 ; 11.157 ; 11.103 ;
; x[1]       ; s[6]        ; 11.958 ; 11.848 ; 12.284 ; 12.168 ;
; x[1]       ; s[7]        ; 13.400 ; 13.258 ; 13.688 ; 13.597 ;
; x[1]       ; v           ; 12.989 ; 12.882 ; 13.277 ; 13.179 ;
; x[1]       ; z           ; 8.925  ; 8.782  ; 9.263  ; 9.120  ;
; x[2]       ; b           ; 11.522 ; 11.514 ; 11.723 ; 11.986 ;
; x[2]       ; c           ; 12.973 ; 12.950 ; 13.445 ; 13.151 ;
; x[2]       ; n           ; 12.297 ; 12.151 ; 12.570 ; 12.494 ;
; x[2]       ; s[1]        ; 7.413  ; 7.301  ; 7.747  ; 7.629  ;
; x[2]       ; s[2]        ; 7.698  ; 7.610  ; 8.023  ; 7.941  ;
; x[2]       ; s[3]        ; 7.481  ; 7.334  ; 7.783  ; 7.672  ;
; x[2]       ; s[4]        ; 9.354  ; 9.246  ; 9.661  ; 9.572  ;
; x[2]       ; s[5]        ; 9.719  ; 9.673  ; 10.029 ; 9.975  ;
; x[2]       ; s[6]        ; 10.841 ; 10.731 ; 11.156 ; 11.040 ;
; x[2]       ; s[7]        ; 12.287 ; 12.141 ; 12.560 ; 12.484 ;
; x[2]       ; v           ; 11.874 ; 11.765 ; 12.149 ; 12.051 ;
; x[2]       ; z           ; 8.632  ; 8.495  ; 8.963  ; 8.820  ;
; x[3]       ; b           ; 10.671 ; 10.849 ; 11.127 ; 11.124 ;
; x[3]       ; c           ; 12.308 ; 12.099 ; 12.583 ; 12.555 ;
; x[3]       ; n           ; 11.518 ; 11.442 ; 11.907 ; 11.761 ;
; x[3]       ; s[2]        ; 8.202  ; 8.109  ; 8.512  ; 8.430  ;
; x[3]       ; s[3]        ; 7.411  ; 7.282  ; 7.739  ; 7.604  ;
; x[3]       ; s[4]        ; 8.609  ; 8.520  ; 8.964  ; 8.856  ;
; x[3]       ; s[5]        ; 8.977  ; 8.923  ; 9.329  ; 9.283  ;
; x[3]       ; s[6]        ; 10.104 ; 9.988  ; 10.451 ; 10.341 ;
; x[3]       ; s[7]        ; 11.508 ; 11.432 ; 11.897 ; 11.751 ;
; x[3]       ; v           ; 11.097 ; 10.999 ; 11.484 ; 11.375 ;
; x[3]       ; z           ; 9.131  ; 8.999  ; 9.452  ; 9.309  ;
; x[4]       ; b           ; 9.635  ; 9.817  ; 10.075 ; 10.074 ;
; x[4]       ; c           ; 11.276 ; 11.063 ; 11.533 ; 11.503 ;
; x[4]       ; n           ; 10.482 ; 10.406 ; 10.857 ; 10.711 ;
; x[4]       ; s[3]        ; 7.223  ; 7.112  ; 7.573  ; 7.421  ;
; x[4]       ; s[4]        ; 7.762  ; 7.669  ; 8.139  ; 8.020  ;
; x[4]       ; s[5]        ; 7.941  ; 7.887  ; 8.279  ; 8.233  ;
; x[4]       ; s[6]        ; 9.068  ; 8.952  ; 9.401  ; 9.291  ;
; x[4]       ; s[7]        ; 10.472 ; 10.396 ; 10.847 ; 10.701 ;
; x[4]       ; v           ; 10.061 ; 9.963  ; 10.434 ; 10.325 ;
; x[4]       ; z           ; 8.391  ; 8.294  ; 8.742  ; 8.671  ;
; x[5]       ; b           ; 9.049  ; 8.982  ; 9.216  ; 9.479  ;
; x[5]       ; c           ; 10.441 ; 10.477 ; 10.938 ; 10.644 ;
; x[5]       ; n           ; 9.765  ; 9.619  ; 10.063 ; 9.987  ;
; x[5]       ; s[4]        ; 8.659  ; 8.545  ; 8.974  ; 8.904  ;
; x[5]       ; s[5]        ; 7.954  ; 7.900  ; 8.292  ; 8.250  ;
; x[5]       ; s[6]        ; 8.309  ; 8.199  ; 8.649  ; 8.533  ;
; x[5]       ; s[7]        ; 9.755  ; 9.609  ; 10.053 ; 9.977  ;
; x[5]       ; v           ; 9.342  ; 9.233  ; 9.642  ; 9.544  ;
; x[5]       ; z           ; 8.675  ; 8.561  ; 9.025  ; 8.899  ;
; x[6]       ; b           ; 7.208  ; 7.141  ; 7.192  ; 7.455  ;
; x[6]       ; c           ; 8.600  ; 8.636  ; 8.914  ; 8.620  ;
; x[6]       ; n           ; 7.924  ; 7.778  ; 8.039  ; 7.963  ;
; x[6]       ; s[5]        ; 6.488  ; 6.434  ; 6.637  ; 6.595  ;
; x[6]       ; s[6]        ; 6.948  ; 6.836  ; 7.095  ; 7.011  ;
; x[6]       ; s[7]        ; 7.914  ; 7.768  ; 8.029  ; 7.953  ;
; x[6]       ; v           ; 7.501  ; 7.392  ; 7.618  ; 7.520  ;
; x[6]       ; z           ; 7.124  ; 7.013  ; 7.309  ; 7.128  ;
; x[7]       ; b           ; 6.234  ; 6.354  ; 6.340  ; 6.466  ;
; x[7]       ; c           ; 7.813  ; 7.662  ; 7.925  ; 7.768  ;
; x[7]       ; n           ; 6.760  ; 6.628  ; 6.875  ; 6.787  ;
; x[7]       ; s[6]        ; 6.431  ; 6.399  ; 6.685  ; 6.530  ;
; x[7]       ; s[7]        ; 6.750  ; 6.618  ; 6.865  ; 6.777  ;
; x[7]       ; v           ; 5.670  ; 5.554  ; 5.810  ; 5.680  ;
; x[7]       ; z           ; 5.974  ; 5.849  ; 6.133  ; 5.964  ;
; y[0]       ; b           ; 13.283 ; 13.385 ; 13.646 ; 13.732 ;
; y[0]       ; c           ; 14.844 ; 14.711 ; 15.191 ; 15.074 ;
; y[0]       ; n           ; 14.130 ; 14.022 ; 14.493 ; 14.369 ;
; y[0]       ; s[0]        ; 6.546  ; 6.459  ; 6.959  ; 6.751  ;
; y[0]       ; s[1]        ; 7.676  ; 7.560  ; 8.023  ; 7.907  ;
; y[0]       ; s[2]        ; 8.739  ; 8.657  ; 9.086  ; 9.004  ;
; y[0]       ; s[3]        ; 9.343  ; 9.205  ; 9.699  ; 9.552  ;
; y[0]       ; s[4]        ; 11.221 ; 11.117 ; 11.572 ; 11.464 ;
; y[0]       ; s[5]        ; 11.589 ; 11.535 ; 11.937 ; 11.891 ;
; y[0]       ; s[6]        ; 12.712 ; 12.600 ; 13.059 ; 12.949 ;
; y[0]       ; s[7]        ; 14.120 ; 14.012 ; 14.483 ; 14.359 ;
; y[0]       ; v           ; 13.709 ; 13.611 ; 14.072 ; 13.974 ;
; y[0]       ; z           ; 8.299  ; 8.144  ; 8.591  ; 8.557  ;
; y[1]       ; b           ; 11.158 ; 11.175 ; 11.211 ; 11.395 ;
; y[1]       ; c           ; 12.634 ; 12.586 ; 12.854 ; 12.639 ;
; y[1]       ; n           ; 11.958 ; 11.812 ; 12.058 ; 11.982 ;
; y[1]       ; s[1]        ; 5.474  ; 5.370  ; 5.606  ; 5.508  ;
; y[1]       ; s[2]        ; 6.529  ; 6.447  ; 6.683  ; 6.601  ;
; y[1]       ; s[3]        ; 7.142  ; 6.995  ; 7.271  ; 7.160  ;
; y[1]       ; s[4]        ; 9.015  ; 8.907  ; 9.149  ; 9.060  ;
; y[1]       ; s[5]        ; 9.380  ; 9.334  ; 9.517  ; 9.463  ;
; y[1]       ; s[6]        ; 10.502 ; 10.392 ; 10.644 ; 10.528 ;
; y[1]       ; s[7]        ; 11.948 ; 11.802 ; 12.048 ; 11.972 ;
; y[1]       ; v           ; 11.535 ; 11.426 ; 11.637 ; 11.539 ;
; y[1]       ; z           ; 7.264  ; 7.173  ; 7.402  ; 7.305  ;
; y[2]       ; b           ; 10.351 ; 10.411 ; 10.420 ; 10.632 ;
; y[2]       ; c           ; 11.870 ; 11.779 ; 12.091 ; 11.848 ;
; y[2]       ; n           ; 11.194 ; 11.048 ; 11.267 ; 11.191 ;
; y[2]       ; s[2]        ; 5.700  ; 5.593  ; 5.874  ; 5.761  ;
; y[2]       ; s[3]        ; 6.378  ; 6.231  ; 6.480  ; 6.369  ;
; y[2]       ; s[4]        ; 8.251  ; 8.143  ; 8.358  ; 8.269  ;
; y[2]       ; s[5]        ; 8.616  ; 8.570  ; 8.726  ; 8.672  ;
; y[2]       ; s[6]        ; 9.738  ; 9.628  ; 9.853  ; 9.737  ;
; y[2]       ; s[7]        ; 11.184 ; 11.038 ; 11.257 ; 11.181 ;
; y[2]       ; v           ; 10.771 ; 10.662 ; 10.846 ; 10.748 ;
; y[2]       ; z           ; 6.615  ; 6.497  ; 6.783  ; 6.671  ;
; y[3]       ; b           ; 10.564 ; 10.497 ; 10.723 ; 10.986 ;
; y[3]       ; c           ; 11.956 ; 11.992 ; 12.445 ; 12.151 ;
; y[3]       ; n           ; 11.280 ; 11.134 ; 11.570 ; 11.494 ;
; y[3]       ; s[3]        ; 6.531  ; 6.405  ; 6.869  ; 6.749  ;
; y[3]       ; s[4]        ; 8.337  ; 8.229  ; 8.661  ; 8.572  ;
; y[3]       ; s[5]        ; 8.702  ; 8.656  ; 9.029  ; 8.975  ;
; y[3]       ; s[6]        ; 9.824  ; 9.714  ; 10.156 ; 10.040 ;
; y[3]       ; s[7]        ; 11.270 ; 11.124 ; 11.560 ; 11.484 ;
; y[3]       ; v           ; 10.857 ; 10.748 ; 11.149 ; 11.051 ;
; y[3]       ; z           ; 8.284  ; 8.177  ; 8.628  ; 8.515  ;
; y[4]       ; b           ; 9.817  ; 9.750  ; 9.973  ; 10.236 ;
; y[4]       ; c           ; 11.209 ; 11.245 ; 11.695 ; 11.401 ;
; y[4]       ; n           ; 10.533 ; 10.387 ; 10.820 ; 10.744 ;
; y[4]       ; s[4]        ; 7.558  ; 7.452  ; 7.918  ; 7.806  ;
; y[4]       ; s[5]        ; 7.955  ; 7.909  ; 8.279  ; 8.225  ;
; y[4]       ; s[6]        ; 9.077  ; 8.967  ; 9.406  ; 9.290  ;
; y[4]       ; s[7]        ; 10.523 ; 10.377 ; 10.810 ; 10.734 ;
; y[4]       ; v           ; 10.110 ; 10.001 ; 10.399 ; 10.301 ;
; y[4]       ; z           ; 8.174  ; 8.090  ; 8.528  ; 8.450  ;
; y[5]       ; b           ; 9.313  ; 9.576  ; 9.892  ; 9.825  ;
; y[5]       ; c           ; 11.035 ; 10.741 ; 11.284 ; 11.320 ;
; y[5]       ; n           ; 10.160 ; 10.084 ; 10.608 ; 10.462 ;
; y[5]       ; s[5]        ; 7.674  ; 7.647  ; 8.093  ; 8.037  ;
; y[5]       ; s[6]        ; 8.746  ; 8.630  ; 9.152  ; 9.042  ;
; y[5]       ; s[7]        ; 10.150 ; 10.074 ; 10.598 ; 10.452 ;
; y[5]       ; v           ; 9.739  ; 9.641  ; 10.185 ; 10.076 ;
; y[5]       ; z           ; 8.422  ; 8.281  ; 8.812  ; 8.700  ;
; y[6]       ; b           ; 8.691  ; 8.954  ; 9.195  ; 9.128  ;
; y[6]       ; c           ; 10.413 ; 10.119 ; 10.587 ; 10.623 ;
; y[6]       ; n           ; 9.538  ; 9.462  ; 9.911  ; 9.765  ;
; y[6]       ; s[6]        ; 6.752  ; 7.530  ; 7.983  ; 6.964  ;
; y[6]       ; s[7]        ; 9.528  ; 9.452  ; 9.901  ; 9.755  ;
; y[6]       ; v           ; 9.117  ; 9.019  ; 9.488  ; 9.379  ;
; y[6]       ; z           ; 8.368  ; 7.347  ; 7.802  ; 8.578  ;
; y[7]       ; b           ; 7.962  ; 8.088  ; 8.303  ; 8.429  ;
; y[7]       ; c           ; 9.547  ; 9.390  ; 9.888  ; 9.731  ;
; y[7]       ; n           ; 8.141  ; 8.056  ; 8.510  ; 8.377  ;
; y[7]       ; s[7]        ; 8.131  ; 8.046  ; 8.500  ; 8.367  ;
; y[7]       ; v           ; 6.988  ; 6.862  ; 7.335  ; 7.203  ;
; y[7]       ; z           ; 7.402  ; 7.230  ; 7.723  ; 7.599  ;
+------------+-------------+--------+--------+--------+--------+


---------------------------------------------
; Slow 1200mV 0C Model Metastability Report ;
---------------------------------------------
No synchronizer chains to report.


--------------------------------------
; Fast 1200mV 0C Model Setup Summary ;
--------------------------------------
No paths to report.


-------------------------------------
; Fast 1200mV 0C Model Hold Summary ;
-------------------------------------
No paths to report.


-----------------------------------------
; Fast 1200mV 0C Model Recovery Summary ;
-----------------------------------------
No paths to report.


----------------------------------------
; Fast 1200mV 0C Model Removal Summary ;
----------------------------------------
No paths to report.


----------------------------------------------------
; Fast 1200mV 0C Model Minimum Pulse Width Summary ;
----------------------------------------------------
No paths to report.


+--------------------------------------------------------------+
; Propagation Delay                                            ;
+------------+-------------+--------+--------+--------+--------+
; Input Port ; Output Port ; RR     ; RF     ; FR     ; FF     ;
+------------+-------------+--------+--------+--------+--------+
; sel[0]     ; b           ; 11.071 ; 11.021 ; 11.650 ; 11.600 ;
; sel[0]     ; c           ; 11.898 ; 12.099 ; 12.477 ; 12.678 ;
; sel[0]     ; n           ; 11.489 ; 11.647 ; 12.068 ; 12.226 ;
; sel[0]     ; s[0]        ; 5.281  ; 5.319  ; 5.817  ; 5.855  ;
; sel[0]     ; s[1]        ; 5.303  ; 5.336  ; 5.882  ; 5.915  ;
; sel[0]     ; s[2]        ; 6.198  ; 6.243  ; 6.777  ; 6.822  ;
; sel[0]     ; s[3]        ; 6.744  ; 6.768  ; 7.323  ; 7.347  ;
; sel[0]     ; s[4]        ; 8.178  ; 8.239  ; 8.757  ; 8.818  ;
; sel[0]     ; s[5]        ; 8.741  ; 8.780  ; 9.320  ; 9.359  ;
; sel[0]     ; s[6]        ; 9.879  ; 9.908  ; 10.458 ; 10.487 ;
; sel[0]     ; s[7]        ; 11.479 ; 11.637 ; 12.058 ; 12.216 ;
; sel[0]     ; v           ; 11.301 ; 11.352 ; 11.880 ; 11.931 ;
; sel[0]     ; z           ; 11.001 ; 10.982 ; 11.580 ; 11.561 ;
; sel[1]     ; b           ; 11.192 ; 11.142 ; 11.806 ; 11.756 ;
; sel[1]     ; c           ; 12.019 ; 12.220 ; 12.633 ; 12.834 ;
; sel[1]     ; n           ; 11.610 ; 11.768 ; 12.224 ; 12.382 ;
; sel[1]     ; s[0]        ; 5.552  ; 5.590  ; 6.146  ; 6.184  ;
; sel[1]     ; s[1]        ; 5.424  ; 5.457  ; 6.038  ; 6.071  ;
; sel[1]     ; s[2]        ; 6.319  ; 6.364  ; 6.933  ; 6.978  ;
; sel[1]     ; s[3]        ; 6.865  ; 6.889  ; 7.479  ; 7.503  ;
; sel[1]     ; s[4]        ; 8.299  ; 8.360  ; 8.913  ; 8.974  ;
; sel[1]     ; s[5]        ; 8.862  ; 8.901  ; 9.476  ; 9.515  ;
; sel[1]     ; s[6]        ; 10.000 ; 10.029 ; 10.614 ; 10.643 ;
; sel[1]     ; s[7]        ; 11.600 ; 11.758 ; 12.214 ; 12.372 ;
; sel[1]     ; v           ; 11.422 ; 11.473 ; 12.036 ; 12.087 ;
; sel[1]     ; z           ; 11.122 ; 11.103 ; 11.736 ; 11.717 ;
; sel[2]     ; b           ; 10.799 ; 10.749 ; 11.356 ; 11.306 ;
; sel[2]     ; c           ; 11.626 ; 11.827 ; 12.183 ; 12.384 ;
; sel[2]     ; n           ; 11.217 ; 11.375 ; 11.774 ; 11.932 ;
; sel[2]     ; s[0]        ; 5.377  ; 5.415  ; 5.965  ; 6.003  ;
; sel[2]     ; s[1]        ; 5.228  ; 5.261  ; 5.797  ; 5.837  ;
; sel[2]     ; s[2]        ; 5.926  ; 5.971  ; 6.487  ; 6.532  ;
; sel[2]     ; s[3]        ; 6.472  ; 6.496  ; 7.029  ; 7.053  ;
; sel[2]     ; s[4]        ; 7.906  ; 7.967  ; 8.463  ; 8.524  ;
; sel[2]     ; s[5]        ; 8.469  ; 8.508  ; 9.026  ; 9.065  ;
; sel[2]     ; s[6]        ; 9.607  ; 9.636  ; 10.164 ; 10.193 ;
; sel[2]     ; s[7]        ; 11.207 ; 11.365 ; 11.764 ; 11.922 ;
; sel[2]     ; v           ; 11.029 ; 11.080 ; 11.586 ; 11.637 ;
; sel[2]     ; z           ; 10.729 ; 10.710 ; 11.286 ; 11.267 ;
; x[0]       ; b           ; 11.211 ; 11.161 ; 11.821 ; 11.771 ;
; x[0]       ; c           ; 12.038 ; 12.239 ; 12.648 ; 12.849 ;
; x[0]       ; n           ; 11.629 ; 11.787 ; 12.239 ; 12.397 ;
; x[0]       ; s[0]        ; 5.151  ; 5.189  ; 5.767  ; 5.805  ;
; x[0]       ; s[1]        ; 5.443  ; 5.476  ; 6.053  ; 6.086  ;
; x[0]       ; s[2]        ; 6.338  ; 6.383  ; 6.948  ; 6.993  ;
; x[0]       ; s[3]        ; 6.884  ; 6.908  ; 7.494  ; 7.518  ;
; x[0]       ; s[4]        ; 8.318  ; 8.379  ; 8.928  ; 8.989  ;
; x[0]       ; s[5]        ; 8.881  ; 8.920  ; 9.491  ; 9.530  ;
; x[0]       ; s[6]        ; 10.019 ; 10.048 ; 10.629 ; 10.658 ;
; x[0]       ; s[7]        ; 11.619 ; 11.777 ; 12.229 ; 12.387 ;
; x[0]       ; v           ; 11.441 ; 11.492 ; 12.051 ; 12.102 ;
; x[0]       ; z           ; 11.141 ; 11.122 ; 11.751 ; 11.732 ;
; x[1]       ; b           ; 10.272 ; 10.222 ; 11.202 ; 11.152 ;
; x[1]       ; c           ; 11.099 ; 11.300 ; 12.029 ; 12.230 ;
; x[1]       ; n           ; 10.690 ; 10.848 ; 11.620 ; 11.778 ;
; x[1]       ; s[0]        ; 5.000  ; 5.038  ; 5.609  ; 5.647  ;
; x[1]       ; s[1]        ; 5.006  ; 5.046  ; 5.630  ; 5.663  ;
; x[1]       ; s[2]        ; 5.697  ; 5.742  ; 6.329  ; 6.374  ;
; x[1]       ; s[3]        ; 6.184  ; 6.187  ; 6.875  ; 6.899  ;
; x[1]       ; s[4]        ; 7.545  ; 7.620  ; 8.309  ; 8.370  ;
; x[1]       ; s[5]        ; 8.015  ; 8.054  ; 8.872  ; 8.911  ;
; x[1]       ; s[6]        ; 9.080  ; 9.109  ; 10.010 ; 10.039 ;
; x[1]       ; s[7]        ; 10.680 ; 10.838 ; 11.610 ; 11.768 ;
; x[1]       ; v           ; 10.502 ; 10.553 ; 11.432 ; 11.483 ;
; x[1]       ; z           ; 10.202 ; 10.183 ; 11.132 ; 11.113 ;
; x[2]       ; b           ; 10.092 ; 10.035 ; 11.177 ; 11.127 ;
; x[2]       ; c           ; 10.912 ; 11.120 ; 12.004 ; 12.205 ;
; x[2]       ; n           ; 10.533 ; 10.684 ; 11.595 ; 11.753 ;
; x[2]       ; s[1]        ; 4.988  ; 5.028  ; 5.606  ; 5.639  ;
; x[2]       ; s[2]        ; 5.678  ; 5.723  ; 6.304  ; 6.349  ;
; x[2]       ; s[3]        ; 6.165  ; 6.168  ; 6.850  ; 6.874  ;
; x[2]       ; s[4]        ; 7.526  ; 7.601  ; 8.284  ; 8.345  ;
; x[2]       ; s[5]        ; 7.996  ; 8.035  ; 8.847  ; 8.886  ;
; x[2]       ; s[6]        ; 9.024  ; 9.077  ; 9.985  ; 10.014 ;
; x[2]       ; s[7]        ; 10.523 ; 10.674 ; 11.585 ; 11.743 ;
; x[2]       ; v           ; 10.338 ; 10.389 ; 11.407 ; 11.458 ;
; x[2]       ; z           ; 10.038 ; 10.026 ; 11.107 ; 11.088 ;
; x[3]       ; b           ; 9.728  ; 9.671  ; 10.809 ; 10.759 ;
; x[3]       ; c           ; 10.548 ; 10.756 ; 11.636 ; 11.837 ;
; x[3]       ; n           ; 10.169 ; 10.320 ; 11.227 ; 11.385 ;
; x[3]       ; s[2]        ; 5.511  ; 5.555  ; 6.166  ; 6.211  ;
; x[3]       ; s[3]        ; 5.801  ; 5.804  ; 6.482  ; 6.506  ;
; x[3]       ; s[4]        ; 7.162  ; 7.237  ; 7.916  ; 7.977  ;
; x[3]       ; s[5]        ; 7.632  ; 7.671  ; 8.479  ; 8.518  ;
; x[3]       ; s[6]        ; 8.660  ; 8.713  ; 9.617  ; 9.646  ;
; x[3]       ; s[7]        ; 10.159 ; 10.310 ; 11.217 ; 11.375 ;
; x[3]       ; v           ; 9.974  ; 10.025 ; 11.039 ; 11.090 ;
; x[3]       ; z           ; 9.674  ; 9.662  ; 10.739 ; 10.720 ;
; x[4]       ; b           ; 8.494  ; 8.437  ; 9.459  ; 9.409  ;
; x[4]       ; c           ; 9.314  ; 9.522  ; 10.286 ; 10.487 ;
; x[4]       ; n           ; 8.935  ; 9.086  ; 9.877  ; 10.035 ;
; x[4]       ; s[3]        ; 4.918  ; 4.921  ; 5.517  ; 5.520  ;
; x[4]       ; s[4]        ; 5.928  ; 6.003  ; 6.566  ; 6.627  ;
; x[4]       ; s[5]        ; 6.398  ; 6.437  ; 7.129  ; 7.168  ;
; x[4]       ; s[6]        ; 7.426  ; 7.479  ; 8.267  ; 8.296  ;
; x[4]       ; s[7]        ; 8.925  ; 9.076  ; 9.867  ; 10.025 ;
; x[4]       ; v           ; 8.740  ; 8.791  ; 9.689  ; 9.740  ;
; x[4]       ; z           ; 8.440  ; 8.428  ; 9.389  ; 9.370  ;
; x[5]       ; b           ; 8.240  ; 8.183  ; 9.199  ; 9.149  ;
; x[5]       ; c           ; 9.060  ; 9.268  ; 10.026 ; 10.227 ;
; x[5]       ; n           ; 8.681  ; 8.832  ; 9.617  ; 9.775  ;
; x[5]       ; s[4]        ; 5.850  ; 5.925  ; 6.527  ; 6.602  ;
; x[5]       ; s[5]        ; 6.144  ; 6.183  ; 6.869  ; 6.908  ;
; x[5]       ; s[6]        ; 7.172  ; 7.225  ; 8.007  ; 8.036  ;
; x[5]       ; s[7]        ; 8.671  ; 8.822  ; 9.607  ; 9.765  ;
; x[5]       ; v           ; 8.486  ; 8.537  ; 9.429  ; 9.480  ;
; x[5]       ; z           ; 8.186  ; 8.174  ; 9.129  ; 9.110  ;
; x[6]       ; b           ; 6.336  ; 6.279  ; 6.830  ; 6.780  ;
; x[6]       ; c           ; 7.156  ; 7.364  ; 7.657  ; 7.858  ;
; x[6]       ; n           ; 6.777  ; 6.928  ; 7.248  ; 7.406  ;
; x[6]       ; s[5]        ; 4.530  ; 4.551  ; 4.827  ; 4.866  ;
; x[6]       ; s[6]        ; 5.268  ; 5.321  ; 5.638  ; 5.667  ;
; x[6]       ; s[7]        ; 6.767  ; 6.918  ; 7.238  ; 7.396  ;
; x[6]       ; v           ; 6.582  ; 6.633  ; 7.060  ; 7.111  ;
; x[6]       ; z           ; 6.282  ; 6.270  ; 6.760  ; 6.741  ;
; x[7]       ; b           ; 5.537  ; 5.480  ; 5.981  ; 5.931  ;
; x[7]       ; c           ; 6.357  ; 6.565  ; 6.808  ; 7.009  ;
; x[7]       ; n           ; 5.978  ; 6.129  ; 6.399  ; 6.557  ;
; x[7]       ; s[6]        ; 4.475  ; 4.528  ; 4.791  ; 4.842  ;
; x[7]       ; s[7]        ; 5.968  ; 6.119  ; 6.389  ; 6.547  ;
; x[7]       ; v           ; 5.783  ; 5.834  ; 6.211  ; 6.262  ;
; x[7]       ; z           ; 5.483  ; 5.471  ; 5.911  ; 5.892  ;
; y[0]       ; b           ; 10.999 ; 10.949 ; 11.589 ; 11.539 ;
; y[0]       ; c           ; 11.826 ; 12.027 ; 12.416 ; 12.617 ;
; y[0]       ; n           ; 11.417 ; 11.575 ; 12.007 ; 12.165 ;
; y[0]       ; s[0]        ; 4.514  ; 4.516  ; 5.091  ; 5.097  ;
; y[0]       ; s[1]        ; 5.231  ; 5.264  ; 5.821  ; 5.854  ;
; y[0]       ; s[2]        ; 6.126  ; 6.171  ; 6.716  ; 6.761  ;
; y[0]       ; s[3]        ; 6.672  ; 6.696  ; 7.262  ; 7.286  ;
; y[0]       ; s[4]        ; 8.106  ; 8.167  ; 8.696  ; 8.757  ;
; y[0]       ; s[5]        ; 8.669  ; 8.708  ; 9.259  ; 9.298  ;
; y[0]       ; s[6]        ; 9.807  ; 9.836  ; 10.397 ; 10.426 ;
; y[0]       ; s[7]        ; 11.407 ; 11.565 ; 11.997 ; 12.155 ;
; y[0]       ; v           ; 11.229 ; 11.280 ; 11.819 ; 11.870 ;
; y[0]       ; z           ; 10.929 ; 10.910 ; 11.519 ; 11.500 ;
; y[1]       ; b           ; 9.402  ; 9.352  ; 9.572  ; 9.522  ;
; y[1]       ; c           ; 10.229 ; 10.430 ; 10.399 ; 10.600 ;
; y[1]       ; n           ; 9.820  ; 9.978  ; 9.990  ; 10.148 ;
; y[1]       ; s[1]        ; 3.787  ; 3.844  ; 4.066  ; 4.123  ;
; y[1]       ; s[2]        ; 4.529  ; 4.574  ; 4.763  ; 4.808  ;
; y[1]       ; s[3]        ; 5.075  ; 5.099  ; 5.250  ; 5.269  ;
; y[1]       ; s[4]        ; 6.509  ; 6.570  ; 6.679  ; 6.740  ;
; y[1]       ; s[5]        ; 7.072  ; 7.111  ; 7.242  ; 7.281  ;
; y[1]       ; s[6]        ; 8.210  ; 8.239  ; 8.380  ; 8.409  ;
; y[1]       ; s[7]        ; 9.810  ; 9.968  ; 9.980  ; 10.138 ;
; y[1]       ; v           ; 9.632  ; 9.683  ; 9.802  ; 9.853  ;
; y[1]       ; z           ; 9.332  ; 9.313  ; 9.502  ; 9.483  ;
; y[2]       ; b           ; 8.756  ; 8.706  ; 8.934  ; 8.884  ;
; y[2]       ; c           ; 9.583  ; 9.784  ; 9.761  ; 9.962  ;
; y[2]       ; n           ; 9.174  ; 9.332  ; 9.352  ; 9.510  ;
; y[2]       ; s[2]        ; 4.143  ; 4.174  ; 4.401  ; 4.432  ;
; y[2]       ; s[3]        ; 4.429  ; 4.453  ; 4.665  ; 4.668  ;
; y[2]       ; s[4]        ; 5.863  ; 5.924  ; 6.041  ; 6.102  ;
; y[2]       ; s[5]        ; 6.426  ; 6.465  ; 6.604  ; 6.643  ;
; y[2]       ; s[6]        ; 7.564  ; 7.593  ; 7.742  ; 7.771  ;
; y[2]       ; s[7]        ; 9.164  ; 9.322  ; 9.342  ; 9.500  ;
; y[2]       ; v           ; 8.986  ; 9.037  ; 9.164  ; 9.215  ;
; y[2]       ; z           ; 8.686  ; 8.667  ; 8.864  ; 8.845  ;
; y[3]       ; b           ; 8.724  ; 8.674  ; 9.143  ; 9.093  ;
; y[3]       ; c           ; 9.551  ; 9.752  ; 9.970  ; 10.171 ;
; y[3]       ; n           ; 9.142  ; 9.300  ; 9.561  ; 9.719  ;
; y[3]       ; s[3]        ; 4.525  ; 4.522  ; 5.101  ; 5.099  ;
; y[3]       ; s[4]        ; 5.831  ; 5.892  ; 6.374  ; 6.449  ;
; y[3]       ; s[5]        ; 6.394  ; 6.433  ; 6.844  ; 6.883  ;
; y[3]       ; s[6]        ; 7.532  ; 7.561  ; 7.951  ; 7.980  ;
; y[3]       ; s[7]        ; 9.132  ; 9.290  ; 9.551  ; 9.709  ;
; y[3]       ; v           ; 8.954  ; 9.005  ; 9.373  ; 9.424  ;
; y[3]       ; z           ; 8.654  ; 8.635  ; 9.073  ; 9.054  ;
; y[4]       ; b           ; 8.195  ; 8.145  ; 8.467  ; 8.410  ;
; y[4]       ; c           ; 9.022  ; 9.223  ; 9.287  ; 9.495  ;
; y[4]       ; n           ; 8.613  ; 8.771  ; 8.908  ; 9.059  ;
; y[4]       ; s[4]        ; 5.272  ; 5.345  ; 5.848  ; 5.910  ;
; y[4]       ; s[5]        ; 5.865  ; 5.904  ; 6.371  ; 6.410  ;
; y[4]       ; s[6]        ; 7.003  ; 7.032  ; 7.399  ; 7.452  ;
; y[4]       ; s[7]        ; 8.603  ; 8.761  ; 8.898  ; 9.049  ;
; y[4]       ; v           ; 8.425  ; 8.476  ; 8.713  ; 8.764  ;
; y[4]       ; z           ; 8.125  ; 8.106  ; 8.413  ; 8.401  ;
; y[5]       ; b           ; 7.415  ; 7.365  ; 8.244  ; 8.194  ;
; y[5]       ; c           ; 8.242  ; 8.443  ; 9.071  ; 9.272  ;
; y[5]       ; n           ; 7.833  ; 7.991  ; 8.662  ; 8.820  ;
; y[5]       ; s[5]        ; 5.407  ; 5.439  ; 6.059  ; 6.097  ;
; y[5]       ; s[6]        ; 6.308  ; 6.361  ; 7.052  ; 7.081  ;
; y[5]       ; s[7]        ; 7.823  ; 7.981  ; 8.652  ; 8.810  ;
; y[5]       ; v           ; 7.645  ; 7.696  ; 8.474  ; 8.525  ;
; y[5]       ; z           ; 7.345  ; 7.326  ; 8.174  ; 8.155  ;
; y[6]       ; b           ; 6.303  ; 6.246  ; 7.015  ; 6.965  ;
; y[6]       ; c           ; 7.123  ; 7.331  ; 7.842  ; 8.043  ;
; y[6]       ; n           ; 6.744  ; 6.895  ; 7.433  ; 7.591  ;
; y[6]       ; s[6]        ; 5.218  ; 5.263  ; 5.815  ; 5.876  ;
; y[6]       ; s[7]        ; 6.734  ; 6.885  ; 7.423  ; 7.581  ;
; y[6]       ; v           ; 6.549  ; 6.600  ; 7.245  ; 7.296  ;
; y[6]       ; z           ; 6.249  ; 6.237  ; 6.945  ; 6.926  ;
; y[7]       ; b           ; 5.607  ; 5.557  ; 6.186  ; 6.136  ;
; y[7]       ; c           ; 6.434  ; 6.635  ; 7.013  ; 7.214  ;
; y[7]       ; n           ; 5.885  ; 5.639  ; 6.076  ; 6.683  ;
; y[7]       ; s[7]        ; 5.875  ; 5.629  ; 6.066  ; 6.673  ;
; y[7]       ; v           ; 5.667  ; 5.661  ; 6.337  ; 6.388  ;
; y[7]       ; z           ; 4.993  ; 5.378  ; 6.037  ; 5.569  ;
+------------+-------------+--------+--------+--------+--------+


+----------------------------------------------------------+
; Minimum Propagation Delay                                ;
+------------+-------------+-------+-------+-------+-------+
; Input Port ; Output Port ; RR    ; RF    ; FR    ; FF    ;
+------------+-------------+-------+-------+-------+-------+
; sel[0]     ; b           ; 5.346 ; 5.293 ; 5.922 ; 5.869 ;
; sel[0]     ; c           ; 6.095 ; 5.466 ; 5.874 ; 6.856 ;
; sel[0]     ; n           ; 5.378 ; 5.291 ; 5.722 ; 6.144 ;
; sel[0]     ; s[0]        ; 4.496 ; 4.498 ; 5.052 ; 5.051 ;
; sel[0]     ; s[1]        ; 4.620 ; 4.655 ; 5.208 ; 5.262 ;
; sel[0]     ; s[2]        ; 4.378 ; 4.407 ; 4.933 ; 4.962 ;
; sel[0]     ; s[3]        ; 4.357 ; 4.373 ; 4.950 ; 4.986 ;
; sel[0]     ; s[4]        ; 4.793 ; 4.847 ; 5.332 ; 5.386 ;
; sel[0]     ; s[5]        ; 4.881 ; 4.912 ; 5.447 ; 5.477 ;
; sel[0]     ; s[6]        ; 4.720 ; 4.870 ; 5.407 ; 5.326 ;
; sel[0]     ; s[7]        ; 5.368 ; 5.281 ; 5.712 ; 6.134 ;
; sel[0]     ; v           ; 4.634 ; 4.641 ; 5.183 ; 5.248 ;
; sel[0]     ; z           ; 4.673 ; 4.893 ; 5.473 ; 5.237 ;
; sel[1]     ; b           ; 5.240 ; 5.191 ; 5.874 ; 5.806 ;
; sel[1]     ; c           ; 5.993 ; 5.699 ; 6.163 ; 6.808 ;
; sel[1]     ; n           ; 5.502 ; 6.033 ; 6.467 ; 6.280 ;
; sel[1]     ; s[0]        ; 4.477 ; 4.510 ; 5.088 ; 5.114 ;
; sel[1]     ; s[1]        ; 4.853 ; 4.888 ; 5.494 ; 5.548 ;
; sel[1]     ; s[2]        ; 4.843 ; 4.872 ; 5.501 ; 5.523 ;
; sel[1]     ; s[3]        ; 4.529 ; 4.545 ; 5.164 ; 5.200 ;
; sel[1]     ; s[4]        ; 5.158 ; 5.212 ; 5.796 ; 5.850 ;
; sel[1]     ; s[5]        ; 5.115 ; 5.145 ; 5.714 ; 5.744 ;
; sel[1]     ; s[6]        ; 5.042 ; 5.152 ; 5.755 ; 5.707 ;
; sel[1]     ; s[7]        ; 5.492 ; 6.023 ; 6.457 ; 6.270 ;
; sel[1]     ; v           ; 4.976 ; 4.999 ; 5.590 ; 5.633 ;
; sel[1]     ; z           ; 5.383 ; 5.017 ; 5.662 ; 5.982 ;
; sel[2]     ; b           ; 5.706 ; 5.027 ; 5.678 ; 6.316 ;
; sel[2]     ; c           ; 5.829 ; 5.530 ; 5.989 ; 6.612 ;
; sel[2]     ; n           ; 5.347 ; 5.549 ; 5.963 ; 6.083 ;
; sel[2]     ; s[0]        ; 4.368 ; 4.446 ; 5.040 ; 5.005 ;
; sel[2]     ; s[1]        ; 4.510 ; 4.549 ; 5.079 ; 5.118 ;
; sel[2]     ; s[2]        ; 4.526 ; 4.555 ; 5.126 ; 5.155 ;
; sel[2]     ; s[3]        ; 4.309 ; 4.325 ; 4.897 ; 4.913 ;
; sel[2]     ; s[4]        ; 4.801 ; 4.855 ; 5.369 ; 5.423 ;
; sel[2]     ; s[5]        ; 4.808 ; 4.827 ; 5.390 ; 5.410 ;
; sel[2]     ; s[6]        ; 4.934 ; 4.709 ; 5.298 ; 5.568 ;
; sel[2]     ; s[7]        ; 5.337 ; 5.539 ; 5.953 ; 6.073 ;
; sel[2]     ; v           ; 4.624 ; 5.133 ; 5.728 ; 5.233 ;
; sel[2]     ; z           ; 4.931 ; 4.862 ; 5.465 ; 5.478 ;
; x[0]       ; b           ; 8.706 ; 8.566 ; 9.268 ; 9.128 ;
; x[0]       ; c           ; 5.212 ; 9.640 ; 9.930 ; 5.903 ;
; x[0]       ; n           ; 8.998 ; 9.091 ; 9.560 ; 9.653 ;
; x[0]       ; s[0]        ; 4.475 ; 4.551 ; 5.092 ; 5.081 ;
; x[0]       ; s[1]        ; 5.153 ; 5.192 ; 5.715 ; 5.754 ;
; x[0]       ; s[2]        ; 5.800 ; 5.824 ; 6.362 ; 6.386 ;
; x[0]       ; s[3]        ; 6.109 ; 6.130 ; 6.671 ; 6.692 ;
; x[0]       ; s[4]        ; 7.311 ; 7.344 ; 7.873 ; 7.906 ;
; x[0]       ; s[5]        ; 7.623 ; 7.642 ; 8.185 ; 8.204 ;
; x[0]       ; s[6]        ; 8.132 ; 8.160 ; 8.694 ; 8.722 ;
; x[0]       ; s[7]        ; 8.988 ; 9.081 ; 9.550 ; 9.643 ;
; x[0]       ; v           ; 8.761 ; 8.778 ; 9.323 ; 9.340 ;
; x[0]       ; z           ; 5.601 ; 5.551 ; 6.131 ; 6.168 ;
; x[1]       ; b           ; 8.034 ; 7.894 ; 8.623 ; 8.483 ;
; x[1]       ; c           ; 8.696 ; 8.968 ; 9.285 ; 9.557 ;
; x[1]       ; n           ; 8.326 ; 8.419 ; 8.915 ; 9.008 ;
; x[1]       ; s[0]        ; 4.763 ; 4.762 ; 5.353 ; 5.352 ;
; x[1]       ; s[1]        ; 4.798 ; 4.837 ; 5.400 ; 5.439 ;
; x[1]       ; s[2]        ; 5.128 ; 5.152 ; 5.717 ; 5.741 ;
; x[1]       ; s[3]        ; 5.437 ; 5.458 ; 6.026 ; 6.047 ;
; x[1]       ; s[4]        ; 6.639 ; 6.672 ; 7.228 ; 7.261 ;
; x[1]       ; s[5]        ; 6.951 ; 6.970 ; 7.540 ; 7.559 ;
; x[1]       ; s[6]        ; 7.460 ; 7.488 ; 8.049 ; 8.077 ;
; x[1]       ; s[7]        ; 8.316 ; 8.409 ; 8.905 ; 8.998 ;
; x[1]       ; v           ; 8.089 ; 8.106 ; 8.678 ; 8.695 ;
; x[1]       ; z           ; 5.663 ; 5.704 ; 6.252 ; 6.293 ;
; x[2]       ; b           ; 7.398 ; 7.258 ; 8.037 ; 7.897 ;
; x[2]       ; c           ; 8.060 ; 8.332 ; 8.699 ; 8.971 ;
; x[2]       ; n           ; 7.690 ; 7.783 ; 8.329 ; 8.422 ;
; x[2]       ; s[1]        ; 4.782 ; 4.821 ; 5.376 ; 5.415 ;
; x[2]       ; s[2]        ; 4.964 ; 4.988 ; 5.564 ; 5.588 ;
; x[2]       ; s[3]        ; 4.801 ; 4.822 ; 5.375 ; 5.406 ;
; x[2]       ; s[4]        ; 6.003 ; 6.036 ; 6.634 ; 6.675 ;
; x[2]       ; s[5]        ; 6.315 ; 6.334 ; 6.954 ; 6.973 ;
; x[2]       ; s[6]        ; 6.824 ; 6.852 ; 7.463 ; 7.491 ;
; x[2]       ; s[7]        ; 7.680 ; 7.773 ; 8.319 ; 8.412 ;
; x[2]       ; v           ; 7.453 ; 7.470 ; 8.092 ; 8.109 ;
; x[2]       ; z           ; 5.499 ; 5.540 ; 6.099 ; 6.140 ;
; x[3]       ; b           ; 7.046 ; 6.906 ; 7.576 ; 7.436 ;
; x[3]       ; c           ; 7.708 ; 7.980 ; 8.238 ; 8.510 ;
; x[3]       ; n           ; 7.338 ; 7.431 ; 7.868 ; 7.961 ;
; x[3]       ; s[2]        ; 5.287 ; 5.311 ; 5.910 ; 5.934 ;
; x[3]       ; s[3]        ; 4.774 ; 4.805 ; 5.396 ; 5.427 ;
; x[3]       ; s[4]        ; 5.640 ; 5.682 ; 6.181 ; 6.214 ;
; x[3]       ; s[5]        ; 5.963 ; 5.982 ; 6.493 ; 6.512 ;
; x[3]       ; s[6]        ; 6.472 ; 6.500 ; 7.002 ; 7.030 ;
; x[3]       ; s[7]        ; 7.328 ; 7.421 ; 7.858 ; 7.951 ;
; x[3]       ; v           ; 7.101 ; 7.118 ; 7.631 ; 7.648 ;
; x[3]       ; z           ; 5.822 ; 5.863 ; 6.445 ; 6.486 ;
; x[4]       ; b           ; 6.433 ; 6.293 ; 6.920 ; 6.780 ;
; x[4]       ; c           ; 7.095 ; 7.367 ; 7.582 ; 7.854 ;
; x[4]       ; n           ; 6.725 ; 6.818 ; 7.212 ; 7.305 ;
; x[4]       ; s[3]        ; 4.662 ; 4.693 ; 5.267 ; 5.284 ;
; x[4]       ; s[4]        ; 5.097 ; 5.134 ; 5.657 ; 5.690 ;
; x[4]       ; s[5]        ; 5.343 ; 5.362 ; 5.837 ; 5.856 ;
; x[4]       ; s[6]        ; 5.859 ; 5.887 ; 6.346 ; 6.374 ;
; x[4]       ; s[7]        ; 6.715 ; 6.808 ; 7.202 ; 7.295 ;
; x[4]       ; v           ; 6.488 ; 6.505 ; 6.975 ; 6.992 ;
; x[4]       ; z           ; 5.442 ; 5.448 ; 5.998 ; 6.008 ;
; x[5]       ; b           ; 5.957 ; 5.817 ; 6.558 ; 6.543 ;
; x[5]       ; c           ; 6.619 ; 6.891 ; 7.345 ; 7.492 ;
; x[5]       ; n           ; 6.249 ; 6.342 ; 6.906 ; 7.049 ;
; x[5]       ; s[4]        ; 5.613 ; 5.646 ; 6.244 ; 6.302 ;
; x[5]       ; s[5]        ; 5.314 ; 5.333 ; 5.938 ; 5.962 ;
; x[5]       ; s[6]        ; 5.383 ; 5.411 ; 6.032 ; 6.053 ;
; x[5]       ; s[7]        ; 6.239 ; 6.332 ; 6.896 ; 7.039 ;
; x[5]       ; v           ; 6.012 ; 6.029 ; 6.671 ; 6.692 ;
; x[5]       ; z           ; 5.585 ; 5.596 ; 6.214 ; 6.220 ;
; x[6]       ; b           ; 4.787 ; 4.647 ; 5.061 ; 5.100 ;
; x[6]       ; c           ; 5.449 ; 5.721 ; 5.902 ; 5.995 ;
; x[6]       ; n           ; 5.079 ; 5.172 ; 5.409 ; 5.552 ;
; x[6]       ; s[5]        ; 4.375 ; 4.394 ; 4.668 ; 4.690 ;
; x[6]       ; s[6]        ; 4.505 ; 4.528 ; 4.830 ; 4.872 ;
; x[6]       ; s[7]        ; 5.069 ; 5.162 ; 5.399 ; 5.542 ;
; x[6]       ; v           ; 4.842 ; 4.859 ; 5.174 ; 5.195 ;
; x[6]       ; z           ; 4.554 ; 4.594 ; 4.934 ; 4.924 ;
; x[7]       ; b           ; 4.220 ; 4.167 ; 4.511 ; 4.465 ;
; x[7]       ; c           ; 4.969 ; 5.154 ; 5.267 ; 5.445 ;
; x[7]       ; n           ; 4.397 ; 4.496 ; 4.661 ; 4.795 ;
; x[7]       ; s[6]        ; 4.178 ; 4.238 ; 4.547 ; 4.538 ;
; x[7]       ; s[7]        ; 4.387 ; 4.486 ; 4.651 ; 4.785 ;
; x[7]       ; v           ; 3.734 ; 3.761 ; 4.020 ; 4.037 ;
; x[7]       ; z           ; 3.878 ; 3.912 ; 4.177 ; 4.176 ;
; y[0]       ; b           ; 8.498 ; 8.358 ; 9.064 ; 8.924 ;
; y[0]       ; c           ; 9.160 ; 9.432 ; 9.726 ; 9.998 ;
; y[0]       ; n           ; 8.790 ; 8.883 ; 9.356 ; 9.449 ;
; y[0]       ; s[0]        ; 4.262 ; 4.338 ; 4.875 ; 4.876 ;
; y[0]       ; s[1]        ; 4.945 ; 4.984 ; 5.511 ; 5.550 ;
; y[0]       ; s[2]        ; 5.592 ; 5.616 ; 6.158 ; 6.182 ;
; y[0]       ; s[3]        ; 5.901 ; 5.922 ; 6.467 ; 6.488 ;
; y[0]       ; s[4]        ; 7.103 ; 7.136 ; 7.669 ; 7.702 ;
; y[0]       ; s[5]        ; 7.415 ; 7.434 ; 7.981 ; 8.000 ;
; y[0]       ; s[6]        ; 7.924 ; 7.952 ; 8.490 ; 8.518 ;
; y[0]       ; s[7]        ; 8.780 ; 8.873 ; 9.346 ; 9.439 ;
; y[0]       ; v           ; 8.553 ; 8.570 ; 9.119 ; 9.136 ;
; y[0]       ; z           ; 5.388 ; 5.338 ; 5.926 ; 5.951 ;
; y[1]       ; b           ; 7.110 ; 6.970 ; 7.454 ; 7.314 ;
; y[1]       ; c           ; 7.772 ; 8.044 ; 8.116 ; 8.388 ;
; y[1]       ; n           ; 7.402 ; 7.495 ; 7.746 ; 7.839 ;
; y[1]       ; s[1]        ; 3.568 ; 3.603 ; 3.857 ; 3.892 ;
; y[1]       ; s[2]        ; 4.204 ; 4.228 ; 4.538 ; 4.562 ;
; y[1]       ; s[3]        ; 4.513 ; 4.534 ; 4.857 ; 4.878 ;
; y[1]       ; s[4]        ; 5.715 ; 5.748 ; 6.059 ; 6.092 ;
; y[1]       ; s[5]        ; 6.027 ; 6.046 ; 6.371 ; 6.390 ;
; y[1]       ; s[6]        ; 6.536 ; 6.564 ; 6.880 ; 6.908 ;
; y[1]       ; s[7]        ; 7.392 ; 7.485 ; 7.736 ; 7.829 ;
; y[1]       ; v           ; 7.165 ; 7.182 ; 7.509 ; 7.526 ;
; y[1]       ; z           ; 4.707 ; 4.685 ; 4.996 ; 4.974 ;
; y[2]       ; b           ; 6.685 ; 6.545 ; 7.005 ; 6.865 ;
; y[2]       ; c           ; 7.347 ; 7.619 ; 7.667 ; 7.939 ;
; y[2]       ; n           ; 6.977 ; 7.070 ; 7.297 ; 7.390 ;
; y[2]       ; s[2]        ; 3.736 ; 3.765 ; 4.040 ; 4.062 ;
; y[2]       ; s[3]        ; 4.088 ; 4.109 ; 4.389 ; 4.420 ;
; y[2]       ; s[4]        ; 5.290 ; 5.323 ; 5.610 ; 5.643 ;
; y[2]       ; s[5]        ; 5.602 ; 5.621 ; 5.922 ; 5.941 ;
; y[2]       ; s[6]        ; 6.111 ; 6.139 ; 6.431 ; 6.459 ;
; y[2]       ; s[7]        ; 6.967 ; 7.060 ; 7.287 ; 7.380 ;
; y[2]       ; v           ; 6.740 ; 6.757 ; 7.060 ; 7.077 ;
; y[2]       ; z           ; 4.276 ; 4.312 ; 4.573 ; 4.616 ;
; y[3]       ; b           ; 6.803 ; 6.663 ; 7.477 ; 7.351 ;
; y[3]       ; c           ; 7.465 ; 7.737 ; 8.153 ; 8.411 ;
; y[3]       ; n           ; 7.095 ; 7.188 ; 7.783 ; 7.876 ;
; y[3]       ; s[3]        ; 4.249 ; 4.265 ; 4.824 ; 4.840 ;
; y[3]       ; s[4]        ; 5.408 ; 5.441 ; 6.008 ; 6.050 ;
; y[3]       ; s[5]        ; 5.720 ; 5.739 ; 6.360 ; 6.379 ;
; y[3]       ; s[6]        ; 6.229 ; 6.257 ; 6.917 ; 6.945 ;
; y[3]       ; s[7]        ; 7.085 ; 7.178 ; 7.773 ; 7.866 ;
; y[3]       ; v           ; 6.858 ; 6.875 ; 7.546 ; 7.563 ;
; y[3]       ; z           ; 5.341 ; 5.358 ; 5.916 ; 5.933 ;
; y[4]       ; b           ; 6.399 ; 6.259 ; 7.032 ; 7.060 ;
; y[4]       ; c           ; 7.061 ; 7.333 ; 7.862 ; 7.966 ;
; y[4]       ; n           ; 6.691 ; 6.784 ; 7.380 ; 7.523 ;
; y[4]       ; s[4]        ; 4.975 ; 5.029 ; 5.558 ; 5.612 ;
; y[4]       ; s[5]        ; 5.316 ; 5.335 ; 5.915 ; 5.934 ;
; y[4]       ; s[6]        ; 5.825 ; 5.853 ; 6.506 ; 6.527 ;
; y[4]       ; s[7]        ; 6.681 ; 6.774 ; 7.370 ; 7.513 ;
; y[4]       ; v           ; 6.454 ; 6.471 ; 7.145 ; 7.166 ;
; y[4]       ; z           ; 5.337 ; 5.326 ; 5.920 ; 5.909 ;
; y[5]       ; b           ; 6.238 ; 6.235 ; 6.866 ; 6.726 ;
; y[5]       ; c           ; 7.037 ; 7.172 ; 7.528 ; 7.800 ;
; y[5]       ; n           ; 6.586 ; 6.729 ; 7.158 ; 7.251 ;
; y[5]       ; s[5]        ; 5.160 ; 5.190 ; 5.822 ; 5.840 ;
; y[5]       ; s[6]        ; 5.712 ; 5.733 ; 6.292 ; 6.320 ;
; y[5]       ; s[7]        ; 6.576 ; 6.719 ; 7.148 ; 7.241 ;
; y[5]       ; v           ; 6.351 ; 6.372 ; 6.921 ; 6.938 ;
; y[5]       ; z           ; 5.442 ; 5.442 ; 6.092 ; 6.104 ;
; y[6]       ; b           ; 5.813 ; 5.852 ; 6.420 ; 6.280 ;
; y[6]       ; c           ; 6.654 ; 6.747 ; 7.082 ; 7.354 ;
; y[6]       ; n           ; 6.161 ; 6.304 ; 6.712 ; 6.805 ;
; y[6]       ; s[6]        ; 4.451 ; 4.987 ; 5.591 ; 5.033 ;
; y[6]       ; s[7]        ; 6.151 ; 6.294 ; 6.702 ; 6.795 ;
; y[6]       ; v           ; 5.926 ; 5.947 ; 6.475 ; 6.492 ;
; y[6]       ; z           ; 5.376 ; 4.863 ; 5.422 ; 6.003 ;
; y[7]       ; b           ; 5.329 ; 5.276 ; 5.906 ; 5.853 ;
; y[7]       ; c           ; 6.078 ; 6.263 ; 6.655 ; 6.840 ;
; y[7]       ; n           ; 5.268 ; 5.430 ; 5.867 ; 5.993 ;
; y[7]       ; s[7]        ; 5.258 ; 5.420 ; 5.857 ; 5.983 ;
; y[7]       ; v           ; 4.587 ; 4.615 ; 5.164 ; 5.185 ;
; y[7]       ; z           ; 4.812 ; 4.783 ; 5.375 ; 5.382 ;
+------------+-------------+-------+-------+-------+-------+


---------------------------------------------
; Fast 1200mV 0C Model Metastability Report ;
---------------------------------------------
No synchronizer chains to report.


+----------------------------------------------------------------------------+
; Multicorner Timing Analysis Summary                                        ;
+------------------+-------+------+----------+---------+---------------------+
; Clock            ; Setup ; Hold ; Recovery ; Removal ; Minimum Pulse Width ;
+------------------+-------+------+----------+---------+---------------------+
; Worst-case Slack ; N/A   ; N/A  ; N/A      ; N/A     ; N/A                 ;
; Design-wide TNS  ; 0.0   ; 0.0  ; 0.0      ; 0.0     ; 0.0                 ;
+------------------+-------+------+----------+---------+---------------------+


+--------------------------------------------------------------+
; Propagation Delay                                            ;
+------------+-------------+--------+--------+--------+--------+
; Input Port ; Output Port ; RR     ; RF     ; FR     ; FF     ;
+------------+-------------+--------+--------+--------+--------+
; sel[0]     ; b           ; 19.027 ; 19.108 ; 19.480 ; 19.561 ;
; sel[0]     ; c           ; 20.855 ; 20.776 ; 21.308 ; 21.229 ;
; sel[0]     ; n           ; 20.082 ; 20.022 ; 20.535 ; 20.475 ;
; sel[0]     ; s[0]        ; 9.126  ; 9.040  ; 9.518  ; 9.432  ;
; sel[0]     ; s[1]        ; 9.166  ; 9.048  ; 9.619  ; 9.501  ;
; sel[0]     ; s[2]        ; 10.759 ; 10.648 ; 11.212 ; 11.101 ;
; sel[0]     ; s[3]        ; 11.744 ; 11.660 ; 12.197 ; 12.113 ;
; sel[0]     ; s[4]        ; 14.186 ; 14.149 ; 14.639 ; 14.602 ;
; sel[0]     ; s[5]        ; 15.039 ; 15.019 ; 15.492 ; 15.472 ;
; sel[0]     ; s[6]        ; 17.203 ; 17.175 ; 17.656 ; 17.628 ;
; sel[0]     ; s[7]        ; 20.072 ; 20.012 ; 20.525 ; 20.465 ;
; sel[0]     ; v           ; 19.660 ; 19.659 ; 20.113 ; 20.112 ;
; sel[0]     ; z           ; 19.219 ; 19.073 ; 19.672 ; 19.526 ;
; sel[1]     ; b           ; 19.274 ; 19.355 ; 19.748 ; 19.829 ;
; sel[1]     ; c           ; 21.102 ; 21.023 ; 21.576 ; 21.497 ;
; sel[1]     ; n           ; 20.329 ; 20.269 ; 20.803 ; 20.743 ;
; sel[1]     ; s[0]        ; 9.654  ; 9.568  ; 10.089 ; 10.003 ;
; sel[1]     ; s[1]        ; 9.413  ; 9.295  ; 9.887  ; 9.769  ;
; sel[1]     ; s[2]        ; 11.006 ; 10.895 ; 11.480 ; 11.369 ;
; sel[1]     ; s[3]        ; 11.991 ; 11.907 ; 12.465 ; 12.381 ;
; sel[1]     ; s[4]        ; 14.433 ; 14.396 ; 14.907 ; 14.870 ;
; sel[1]     ; s[5]        ; 15.286 ; 15.266 ; 15.760 ; 15.740 ;
; sel[1]     ; s[6]        ; 17.450 ; 17.422 ; 17.924 ; 17.896 ;
; sel[1]     ; s[7]        ; 20.319 ; 20.259 ; 20.793 ; 20.733 ;
; sel[1]     ; v           ; 19.907 ; 19.906 ; 20.381 ; 20.380 ;
; sel[1]     ; z           ; 19.466 ; 19.320 ; 19.940 ; 19.794 ;
; sel[2]     ; b           ; 18.632 ; 18.713 ; 18.993 ; 19.074 ;
; sel[2]     ; c           ; 20.460 ; 20.381 ; 20.821 ; 20.742 ;
; sel[2]     ; n           ; 19.687 ; 19.627 ; 20.048 ; 19.988 ;
; sel[2]     ; s[0]        ; 9.387  ; 9.301  ; 9.801  ; 9.715  ;
; sel[2]     ; s[1]        ; 9.121  ; 8.997  ; 9.548  ; 9.433  ;
; sel[2]     ; s[2]        ; 10.364 ; 10.253 ; 10.782 ; 10.680 ;
; sel[2]     ; s[3]        ; 11.349 ; 11.265 ; 11.733 ; 11.626 ;
; sel[2]     ; s[4]        ; 13.791 ; 13.754 ; 14.152 ; 14.115 ;
; sel[2]     ; s[5]        ; 14.644 ; 14.624 ; 15.005 ; 14.985 ;
; sel[2]     ; s[6]        ; 16.808 ; 16.780 ; 17.169 ; 17.141 ;
; sel[2]     ; s[7]        ; 19.677 ; 19.617 ; 20.038 ; 19.978 ;
; sel[2]     ; v           ; 19.265 ; 19.264 ; 19.626 ; 19.625 ;
; sel[2]     ; z           ; 18.824 ; 18.678 ; 19.185 ; 19.039 ;
; x[0]       ; b           ; 19.314 ; 19.395 ; 19.789 ; 19.870 ;
; x[0]       ; c           ; 21.142 ; 21.063 ; 21.617 ; 21.538 ;
; x[0]       ; n           ; 20.369 ; 20.309 ; 20.844 ; 20.784 ;
; x[0]       ; s[0]        ; 8.940  ; 8.854  ; 9.410  ; 9.324  ;
; x[0]       ; s[1]        ; 9.453  ; 9.335  ; 9.928  ; 9.810  ;
; x[0]       ; s[2]        ; 11.046 ; 10.935 ; 11.521 ; 11.410 ;
; x[0]       ; s[3]        ; 12.031 ; 11.947 ; 12.506 ; 12.422 ;
; x[0]       ; s[4]        ; 14.473 ; 14.436 ; 14.948 ; 14.911 ;
; x[0]       ; s[5]        ; 15.326 ; 15.306 ; 15.801 ; 15.781 ;
; x[0]       ; s[6]        ; 17.490 ; 17.462 ; 17.965 ; 17.937 ;
; x[0]       ; s[7]        ; 20.359 ; 20.299 ; 20.834 ; 20.774 ;
; x[0]       ; v           ; 19.947 ; 19.946 ; 20.422 ; 20.421 ;
; x[0]       ; z           ; 19.506 ; 19.360 ; 19.981 ; 19.835 ;
; x[1]       ; b           ; 17.933 ; 18.005 ; 18.743 ; 18.824 ;
; x[1]       ; c           ; 19.752 ; 19.682 ; 20.571 ; 20.492 ;
; x[1]       ; n           ; 18.995 ; 18.926 ; 19.798 ; 19.738 ;
; x[1]       ; s[0]        ; 8.710  ; 8.624  ; 9.178  ; 9.092  ;
; x[1]       ; s[1]        ; 8.764  ; 8.649  ; 9.230  ; 9.106  ;
; x[1]       ; s[2]        ; 9.999  ; 9.897  ; 10.475 ; 10.364 ;
; x[1]       ; s[3]        ; 10.950 ; 10.827 ; 11.460 ; 11.376 ;
; x[1]       ; s[4]        ; 13.311 ; 13.312 ; 13.902 ; 13.865 ;
; x[1]       ; s[5]        ; 14.090 ; 14.067 ; 14.755 ; 14.735 ;
; x[1]       ; s[6]        ; 16.140 ; 16.156 ; 16.919 ; 16.891 ;
; x[1]       ; s[7]        ; 18.985 ; 18.916 ; 19.788 ; 19.728 ;
; x[1]       ; v           ; 18.564 ; 18.563 ; 19.376 ; 19.375 ;
; x[1]       ; z           ; 18.123 ; 17.986 ; 18.935 ; 18.789 ;
; x[2]       ; b           ; 17.879 ; 17.951 ; 18.698 ; 18.779 ;
; x[2]       ; c           ; 19.698 ; 19.628 ; 20.526 ; 20.447 ;
; x[2]       ; n           ; 18.941 ; 18.872 ; 19.753 ; 19.693 ;
; x[2]       ; s[1]        ; 8.711  ; 8.596  ; 9.187  ; 9.063  ;
; x[2]       ; s[2]        ; 9.945  ; 9.843  ; 10.430 ; 10.319 ;
; x[2]       ; s[3]        ; 10.896 ; 10.773 ; 11.415 ; 11.331 ;
; x[2]       ; s[4]        ; 13.257 ; 13.258 ; 13.857 ; 13.820 ;
; x[2]       ; s[5]        ; 14.036 ; 14.013 ; 14.710 ; 14.690 ;
; x[2]       ; s[6]        ; 16.086 ; 16.102 ; 16.874 ; 16.846 ;
; x[2]       ; s[7]        ; 18.931 ; 18.862 ; 19.743 ; 19.683 ;
; x[2]       ; v           ; 18.510 ; 18.509 ; 19.331 ; 19.330 ;
; x[2]       ; z           ; 18.069 ; 17.932 ; 18.890 ; 18.744 ;
; x[3]       ; b           ; 17.152 ; 17.224 ; 17.947 ; 18.028 ;
; x[3]       ; c           ; 18.971 ; 18.901 ; 19.775 ; 19.696 ;
; x[3]       ; n           ; 18.214 ; 18.145 ; 19.002 ; 18.942 ;
; x[3]       ; s[2]        ; 9.614  ; 9.499  ; 10.067 ; 9.986  ;
; x[3]       ; s[3]        ; 10.169 ; 10.046 ; 10.664 ; 10.580 ;
; x[3]       ; s[4]        ; 12.530 ; 12.531 ; 13.106 ; 13.069 ;
; x[3]       ; s[5]        ; 13.309 ; 13.286 ; 13.959 ; 13.939 ;
; x[3]       ; s[6]        ; 15.359 ; 15.375 ; 16.123 ; 16.095 ;
; x[3]       ; s[7]        ; 18.204 ; 18.135 ; 18.992 ; 18.932 ;
; x[3]       ; v           ; 17.783 ; 17.782 ; 18.580 ; 18.579 ;
; x[3]       ; z           ; 17.342 ; 17.205 ; 18.139 ; 17.993 ;
; x[4]       ; b           ; 14.887 ; 14.959 ; 15.616 ; 15.697 ;
; x[4]       ; c           ; 16.706 ; 16.636 ; 17.444 ; 17.365 ;
; x[4]       ; n           ; 15.949 ; 15.880 ; 16.671 ; 16.611 ;
; x[4]       ; s[3]        ; 8.543  ; 8.420  ; 8.991  ; 8.868  ;
; x[4]       ; s[4]        ; 10.265 ; 10.266 ; 10.775 ; 10.738 ;
; x[4]       ; s[5]        ; 11.044 ; 11.021 ; 11.628 ; 11.608 ;
; x[4]       ; s[6]        ; 13.094 ; 13.110 ; 13.792 ; 13.764 ;
; x[4]       ; s[7]        ; 15.939 ; 15.870 ; 16.661 ; 16.601 ;
; x[4]       ; v           ; 15.518 ; 15.517 ; 16.249 ; 16.248 ;
; x[4]       ; z           ; 15.077 ; 14.940 ; 15.808 ; 15.662 ;
; x[5]       ; b           ; 14.384 ; 14.456 ; 15.084 ; 15.165 ;
; x[5]       ; c           ; 16.203 ; 16.133 ; 16.912 ; 16.833 ;
; x[5]       ; n           ; 15.446 ; 15.377 ; 16.139 ; 16.079 ;
; x[5]       ; s[4]        ; 10.112 ; 10.092 ; 10.619 ; 10.620 ;
; x[5]       ; s[5]        ; 10.541 ; 10.518 ; 11.096 ; 11.076 ;
; x[5]       ; s[6]        ; 12.591 ; 12.607 ; 13.260 ; 13.232 ;
; x[5]       ; s[7]        ; 15.436 ; 15.367 ; 16.129 ; 16.069 ;
; x[5]       ; v           ; 15.015 ; 15.014 ; 15.717 ; 15.716 ;
; x[5]       ; z           ; 14.574 ; 14.437 ; 15.276 ; 15.130 ;
; x[6]       ; b           ; 10.858 ; 10.930 ; 11.112 ; 11.193 ;
; x[6]       ; c           ; 12.677 ; 12.607 ; 12.940 ; 12.861 ;
; x[6]       ; n           ; 11.920 ; 11.851 ; 12.167 ; 12.107 ;
; x[6]       ; s[5]        ; 7.536  ; 7.484  ; 7.710  ; 7.690  ;
; x[6]       ; s[6]        ; 9.065  ; 9.081  ; 9.288  ; 9.260  ;
; x[6]       ; s[7]        ; 11.910 ; 11.841 ; 12.157 ; 12.097 ;
; x[6]       ; v           ; 11.489 ; 11.488 ; 11.745 ; 11.744 ;
; x[6]       ; z           ; 11.048 ; 10.911 ; 11.304 ; 11.158 ;
; x[7]       ; b           ; 9.423  ; 9.495  ; 9.655  ; 9.736  ;
; x[7]       ; c           ; 11.242 ; 11.172 ; 11.483 ; 11.404 ;
; x[7]       ; n           ; 10.485 ; 10.416 ; 10.710 ; 10.650 ;
; x[7]       ; s[6]        ; 7.637  ; 7.653  ; 7.830  ; 7.835  ;
; x[7]       ; s[7]        ; 10.475 ; 10.406 ; 10.700 ; 10.640 ;
; x[7]       ; v           ; 10.054 ; 10.053 ; 10.288 ; 10.287 ;
; x[7]       ; z           ; 9.613  ; 9.476  ; 9.847  ; 9.701  ;
; y[0]       ; b           ; 18.941 ; 19.022 ; 19.404 ; 19.485 ;
; y[0]       ; c           ; 20.769 ; 20.690 ; 21.232 ; 21.153 ;
; y[0]       ; n           ; 19.996 ; 19.936 ; 20.459 ; 20.399 ;
; y[0]       ; s[0]        ; 7.807  ; 7.650  ; 8.244  ; 8.099  ;
; y[0]       ; s[1]        ; 9.080  ; 8.962  ; 9.543  ; 9.425  ;
; y[0]       ; s[2]        ; 10.673 ; 10.562 ; 11.136 ; 11.025 ;
; y[0]       ; s[3]        ; 11.658 ; 11.574 ; 12.121 ; 12.037 ;
; y[0]       ; s[4]        ; 14.100 ; 14.063 ; 14.563 ; 14.526 ;
; y[0]       ; s[5]        ; 14.953 ; 14.933 ; 15.416 ; 15.396 ;
; y[0]       ; s[6]        ; 17.117 ; 17.089 ; 17.580 ; 17.552 ;
; y[0]       ; s[7]        ; 19.986 ; 19.926 ; 20.449 ; 20.389 ;
; y[0]       ; v           ; 19.574 ; 19.573 ; 20.037 ; 20.036 ;
; y[0]       ; z           ; 19.133 ; 18.987 ; 19.596 ; 19.450 ;
; y[1]       ; b           ; 16.062 ; 16.143 ; 15.975 ; 16.056 ;
; y[1]       ; c           ; 17.890 ; 17.811 ; 17.803 ; 17.724 ;
; y[1]       ; n           ; 17.117 ; 17.057 ; 17.030 ; 16.970 ;
; y[1]       ; s[1]        ; 6.457  ; 6.385  ; 6.569  ; 6.490  ;
; y[1]       ; s[2]        ; 7.794  ; 7.683  ; 7.827  ; 7.725  ;
; y[1]       ; s[3]        ; 8.779  ; 8.695  ; 8.778  ; 8.655  ;
; y[1]       ; s[4]        ; 11.221 ; 11.184 ; 11.139 ; 11.140 ;
; y[1]       ; s[5]        ; 12.074 ; 12.054 ; 11.987 ; 11.967 ;
; y[1]       ; s[6]        ; 14.238 ; 14.210 ; 14.151 ; 14.123 ;
; y[1]       ; s[7]        ; 17.107 ; 17.047 ; 17.020 ; 16.960 ;
; y[1]       ; v           ; 16.695 ; 16.694 ; 16.608 ; 16.607 ;
; y[1]       ; z           ; 16.254 ; 16.108 ; 16.167 ; 16.021 ;
; y[2]       ; b           ; 14.845 ; 14.926 ; 14.831 ; 14.912 ;
; y[2]       ; c           ; 16.673 ; 16.594 ; 16.659 ; 16.580 ;
; y[2]       ; n           ; 15.900 ; 15.840 ; 15.886 ; 15.826 ;
; y[2]       ; s[2]        ; 7.001  ; 6.912  ; 7.131  ; 7.045  ;
; y[2]       ; s[3]        ; 7.562  ; 7.478  ; 7.711  ; 7.588  ;
; y[2]       ; s[4]        ; 10.004 ; 9.967  ; 10.072 ; 10.073 ;
; y[2]       ; s[5]        ; 10.857 ; 10.837 ; 10.851 ; 10.828 ;
; y[2]       ; s[6]        ; 13.021 ; 12.993 ; 13.007 ; 12.979 ;
; y[2]       ; s[7]        ; 15.890 ; 15.830 ; 15.876 ; 15.816 ;
; y[2]       ; v           ; 15.478 ; 15.477 ; 15.464 ; 15.463 ;
; y[2]       ; z           ; 15.037 ; 14.891 ; 15.023 ; 14.877 ;
; y[3]       ; b           ; 14.893 ; 14.974 ; 15.071 ; 15.143 ;
; y[3]       ; c           ; 16.721 ; 16.642 ; 16.890 ; 16.820 ;
; y[3]       ; n           ; 15.948 ; 15.888 ; 16.133 ; 16.064 ;
; y[3]       ; s[3]        ; 7.813  ; 7.688  ; 8.252  ; 8.136  ;
; y[3]       ; s[4]        ; 10.052 ; 10.015 ; 10.449 ; 10.450 ;
; y[3]       ; s[5]        ; 10.905 ; 10.885 ; 11.228 ; 11.205 ;
; y[3]       ; s[6]        ; 13.069 ; 13.041 ; 13.278 ; 13.294 ;
; y[3]       ; s[7]        ; 15.938 ; 15.878 ; 16.123 ; 16.054 ;
; y[3]       ; v           ; 15.526 ; 15.525 ; 15.702 ; 15.701 ;
; y[3]       ; z           ; 15.085 ; 14.939 ; 15.261 ; 15.124 ;
; y[4]       ; b           ; 13.883 ; 13.964 ; 14.106 ; 14.178 ;
; y[4]       ; c           ; 15.711 ; 15.632 ; 15.925 ; 15.855 ;
; y[4]       ; n           ; 14.938 ; 14.878 ; 15.168 ; 15.099 ;
; y[4]       ; s[4]        ; 8.989  ; 8.977  ; 9.426  ; 9.399  ;
; y[4]       ; s[5]        ; 9.895  ; 9.875  ; 10.263 ; 10.240 ;
; y[4]       ; s[6]        ; 12.059 ; 12.031 ; 12.313 ; 12.329 ;
; y[4]       ; s[7]        ; 14.928 ; 14.868 ; 15.158 ; 15.089 ;
; y[4]       ; v           ; 14.516 ; 14.515 ; 14.737 ; 14.736 ;
; y[4]       ; z           ; 14.075 ; 13.929 ; 14.296 ; 14.159 ;
; y[5]       ; b           ; 12.735 ; 12.807 ; 13.372 ; 13.453 ;
; y[5]       ; c           ; 14.554 ; 14.484 ; 15.200 ; 15.121 ;
; y[5]       ; n           ; 13.797 ; 13.728 ; 14.427 ; 14.367 ;
; y[5]       ; s[5]        ; 9.098  ; 9.072  ; 9.620  ; 9.610  ;
; y[5]       ; s[6]        ; 10.942 ; 10.958 ; 11.548 ; 11.520 ;
; y[5]       ; s[7]        ; 13.787 ; 13.718 ; 14.417 ; 14.357 ;
; y[5]       ; v           ; 13.366 ; 13.365 ; 14.005 ; 14.004 ;
; y[5]       ; z           ; 12.925 ; 12.788 ; 13.564 ; 13.418 ;
; y[6]       ; b           ; 10.789 ; 10.861 ; 11.245 ; 11.326 ;
; y[6]       ; c           ; 12.608 ; 12.538 ; 13.073 ; 12.994 ;
; y[6]       ; n           ; 11.851 ; 11.782 ; 12.300 ; 12.240 ;
; y[6]       ; s[6]        ; 8.978  ; 8.962  ; 9.423  ; 9.424  ;
; y[6]       ; s[7]        ; 11.841 ; 11.772 ; 12.290 ; 12.230 ;
; y[6]       ; v           ; 11.420 ; 11.419 ; 11.878 ; 11.877 ;
; y[6]       ; z           ; 10.979 ; 10.842 ; 11.437 ; 11.291 ;
; y[7]       ; b           ; 9.418  ; 9.499  ; 9.861  ; 9.942  ;
; y[7]       ; c           ; 11.246 ; 11.167 ; 11.689 ; 11.610 ;
; y[7]       ; n           ; 10.256 ; 9.440  ; 9.952  ; 10.712 ;
; y[7]       ; s[7]        ; 10.246 ; 9.430  ; 9.942  ; 10.702 ;
; y[7]       ; v           ; 9.823  ; 9.716  ; 10.350 ; 10.349 ;
; y[7]       ; z           ; 8.637  ; 9.247  ; 9.909  ; 8.943  ;
+------------+-------------+--------+--------+--------+--------+


+----------------------------------------------------------+
; Minimum Propagation Delay                                ;
+------------+-------------+-------+-------+-------+-------+
; Input Port ; Output Port ; RR    ; RF    ; FR    ; FF    ;
+------------+-------------+-------+-------+-------+-------+
; sel[0]     ; b           ; 5.346 ; 5.293 ; 5.922 ; 5.869 ;
; sel[0]     ; c           ; 6.095 ; 5.466 ; 5.874 ; 6.856 ;
; sel[0]     ; n           ; 5.378 ; 5.291 ; 5.722 ; 6.144 ;
; sel[0]     ; s[0]        ; 4.496 ; 4.498 ; 5.052 ; 5.051 ;
; sel[0]     ; s[1]        ; 4.620 ; 4.655 ; 5.208 ; 5.262 ;
; sel[0]     ; s[2]        ; 4.378 ; 4.407 ; 4.933 ; 4.962 ;
; sel[0]     ; s[3]        ; 4.357 ; 4.373 ; 4.950 ; 4.986 ;
; sel[0]     ; s[4]        ; 4.793 ; 4.847 ; 5.332 ; 5.386 ;
; sel[0]     ; s[5]        ; 4.881 ; 4.912 ; 5.447 ; 5.477 ;
; sel[0]     ; s[6]        ; 4.720 ; 4.870 ; 5.407 ; 5.326 ;
; sel[0]     ; s[7]        ; 5.368 ; 5.281 ; 5.712 ; 6.134 ;
; sel[0]     ; v           ; 4.634 ; 4.641 ; 5.183 ; 5.248 ;
; sel[0]     ; z           ; 4.673 ; 4.893 ; 5.473 ; 5.237 ;
; sel[1]     ; b           ; 5.240 ; 5.191 ; 5.874 ; 5.806 ;
; sel[1]     ; c           ; 5.993 ; 5.699 ; 6.163 ; 6.808 ;
; sel[1]     ; n           ; 5.502 ; 6.033 ; 6.467 ; 6.280 ;
; sel[1]     ; s[0]        ; 4.477 ; 4.510 ; 5.088 ; 5.114 ;
; sel[1]     ; s[1]        ; 4.853 ; 4.888 ; 5.494 ; 5.548 ;
; sel[1]     ; s[2]        ; 4.843 ; 4.872 ; 5.501 ; 5.523 ;
; sel[1]     ; s[3]        ; 4.529 ; 4.545 ; 5.164 ; 5.200 ;
; sel[1]     ; s[4]        ; 5.158 ; 5.212 ; 5.796 ; 5.850 ;
; sel[1]     ; s[5]        ; 5.115 ; 5.145 ; 5.714 ; 5.744 ;
; sel[1]     ; s[6]        ; 5.042 ; 5.152 ; 5.755 ; 5.707 ;
; sel[1]     ; s[7]        ; 5.492 ; 6.023 ; 6.457 ; 6.270 ;
; sel[1]     ; v           ; 4.976 ; 4.999 ; 5.590 ; 5.633 ;
; sel[1]     ; z           ; 5.383 ; 5.017 ; 5.662 ; 5.982 ;
; sel[2]     ; b           ; 5.706 ; 5.027 ; 5.678 ; 6.316 ;
; sel[2]     ; c           ; 5.829 ; 5.530 ; 5.989 ; 6.612 ;
; sel[2]     ; n           ; 5.347 ; 5.549 ; 5.963 ; 6.083 ;
; sel[2]     ; s[0]        ; 4.368 ; 4.446 ; 5.040 ; 5.005 ;
; sel[2]     ; s[1]        ; 4.510 ; 4.549 ; 5.079 ; 5.118 ;
; sel[2]     ; s[2]        ; 4.526 ; 4.555 ; 5.126 ; 5.155 ;
; sel[2]     ; s[3]        ; 4.309 ; 4.325 ; 4.897 ; 4.913 ;
; sel[2]     ; s[4]        ; 4.801 ; 4.855 ; 5.369 ; 5.423 ;
; sel[2]     ; s[5]        ; 4.808 ; 4.827 ; 5.390 ; 5.410 ;
; sel[2]     ; s[6]        ; 4.934 ; 4.709 ; 5.298 ; 5.568 ;
; sel[2]     ; s[7]        ; 5.337 ; 5.539 ; 5.953 ; 6.073 ;
; sel[2]     ; v           ; 4.624 ; 5.133 ; 5.728 ; 5.233 ;
; sel[2]     ; z           ; 4.931 ; 4.862 ; 5.465 ; 5.478 ;
; x[0]       ; b           ; 8.706 ; 8.566 ; 9.268 ; 9.128 ;
; x[0]       ; c           ; 5.212 ; 9.640 ; 9.930 ; 5.903 ;
; x[0]       ; n           ; 8.998 ; 9.091 ; 9.560 ; 9.653 ;
; x[0]       ; s[0]        ; 4.475 ; 4.551 ; 5.092 ; 5.081 ;
; x[0]       ; s[1]        ; 5.153 ; 5.192 ; 5.715 ; 5.754 ;
; x[0]       ; s[2]        ; 5.800 ; 5.824 ; 6.362 ; 6.386 ;
; x[0]       ; s[3]        ; 6.109 ; 6.130 ; 6.671 ; 6.692 ;
; x[0]       ; s[4]        ; 7.311 ; 7.344 ; 7.873 ; 7.906 ;
; x[0]       ; s[5]        ; 7.623 ; 7.642 ; 8.185 ; 8.204 ;
; x[0]       ; s[6]        ; 8.132 ; 8.160 ; 8.694 ; 8.722 ;
; x[0]       ; s[7]        ; 8.988 ; 9.081 ; 9.550 ; 9.643 ;
; x[0]       ; v           ; 8.761 ; 8.778 ; 9.323 ; 9.340 ;
; x[0]       ; z           ; 5.601 ; 5.551 ; 6.131 ; 6.168 ;
; x[1]       ; b           ; 8.034 ; 7.894 ; 8.623 ; 8.483 ;
; x[1]       ; c           ; 8.696 ; 8.968 ; 9.285 ; 9.557 ;
; x[1]       ; n           ; 8.326 ; 8.419 ; 8.915 ; 9.008 ;
; x[1]       ; s[0]        ; 4.763 ; 4.762 ; 5.353 ; 5.352 ;
; x[1]       ; s[1]        ; 4.798 ; 4.837 ; 5.400 ; 5.439 ;
; x[1]       ; s[2]        ; 5.128 ; 5.152 ; 5.717 ; 5.741 ;
; x[1]       ; s[3]        ; 5.437 ; 5.458 ; 6.026 ; 6.047 ;
; x[1]       ; s[4]        ; 6.639 ; 6.672 ; 7.228 ; 7.261 ;
; x[1]       ; s[5]        ; 6.951 ; 6.970 ; 7.540 ; 7.559 ;
; x[1]       ; s[6]        ; 7.460 ; 7.488 ; 8.049 ; 8.077 ;
; x[1]       ; s[7]        ; 8.316 ; 8.409 ; 8.905 ; 8.998 ;
; x[1]       ; v           ; 8.089 ; 8.106 ; 8.678 ; 8.695 ;
; x[1]       ; z           ; 5.663 ; 5.704 ; 6.252 ; 6.293 ;
; x[2]       ; b           ; 7.398 ; 7.258 ; 8.037 ; 7.897 ;
; x[2]       ; c           ; 8.060 ; 8.332 ; 8.699 ; 8.971 ;
; x[2]       ; n           ; 7.690 ; 7.783 ; 8.329 ; 8.422 ;
; x[2]       ; s[1]        ; 4.782 ; 4.821 ; 5.376 ; 5.415 ;
; x[2]       ; s[2]        ; 4.964 ; 4.988 ; 5.564 ; 5.588 ;
; x[2]       ; s[3]        ; 4.801 ; 4.822 ; 5.375 ; 5.406 ;
; x[2]       ; s[4]        ; 6.003 ; 6.036 ; 6.634 ; 6.675 ;
; x[2]       ; s[5]        ; 6.315 ; 6.334 ; 6.954 ; 6.973 ;
; x[2]       ; s[6]        ; 6.824 ; 6.852 ; 7.463 ; 7.491 ;
; x[2]       ; s[7]        ; 7.680 ; 7.773 ; 8.319 ; 8.412 ;
; x[2]       ; v           ; 7.453 ; 7.470 ; 8.092 ; 8.109 ;
; x[2]       ; z           ; 5.499 ; 5.540 ; 6.099 ; 6.140 ;
; x[3]       ; b           ; 7.046 ; 6.906 ; 7.576 ; 7.436 ;
; x[3]       ; c           ; 7.708 ; 7.980 ; 8.238 ; 8.510 ;
; x[3]       ; n           ; 7.338 ; 7.431 ; 7.868 ; 7.961 ;
; x[3]       ; s[2]        ; 5.287 ; 5.311 ; 5.910 ; 5.934 ;
; x[3]       ; s[3]        ; 4.774 ; 4.805 ; 5.396 ; 5.427 ;
; x[3]       ; s[4]        ; 5.640 ; 5.682 ; 6.181 ; 6.214 ;
; x[3]       ; s[5]        ; 5.963 ; 5.982 ; 6.493 ; 6.512 ;
; x[3]       ; s[6]        ; 6.472 ; 6.500 ; 7.002 ; 7.030 ;
; x[3]       ; s[7]        ; 7.328 ; 7.421 ; 7.858 ; 7.951 ;
; x[3]       ; v           ; 7.101 ; 7.118 ; 7.631 ; 7.648 ;
; x[3]       ; z           ; 5.822 ; 5.863 ; 6.445 ; 6.486 ;
; x[4]       ; b           ; 6.433 ; 6.293 ; 6.920 ; 6.780 ;
; x[4]       ; c           ; 7.095 ; 7.367 ; 7.582 ; 7.854 ;
; x[4]       ; n           ; 6.725 ; 6.818 ; 7.212 ; 7.305 ;
; x[4]       ; s[3]        ; 4.662 ; 4.693 ; 5.267 ; 5.284 ;
; x[4]       ; s[4]        ; 5.097 ; 5.134 ; 5.657 ; 5.690 ;
; x[4]       ; s[5]        ; 5.343 ; 5.362 ; 5.837 ; 5.856 ;
; x[4]       ; s[6]        ; 5.859 ; 5.887 ; 6.346 ; 6.374 ;
; x[4]       ; s[7]        ; 6.715 ; 6.808 ; 7.202 ; 7.295 ;
; x[4]       ; v           ; 6.488 ; 6.505 ; 6.975 ; 6.992 ;
; x[4]       ; z           ; 5.442 ; 5.448 ; 5.998 ; 6.008 ;
; x[5]       ; b           ; 5.957 ; 5.817 ; 6.558 ; 6.543 ;
; x[5]       ; c           ; 6.619 ; 6.891 ; 7.345 ; 7.492 ;
; x[5]       ; n           ; 6.249 ; 6.342 ; 6.906 ; 7.049 ;
; x[5]       ; s[4]        ; 5.613 ; 5.646 ; 6.244 ; 6.302 ;
; x[5]       ; s[5]        ; 5.314 ; 5.333 ; 5.938 ; 5.962 ;
; x[5]       ; s[6]        ; 5.383 ; 5.411 ; 6.032 ; 6.053 ;
; x[5]       ; s[7]        ; 6.239 ; 6.332 ; 6.896 ; 7.039 ;
; x[5]       ; v           ; 6.012 ; 6.029 ; 6.671 ; 6.692 ;
; x[5]       ; z           ; 5.585 ; 5.596 ; 6.214 ; 6.220 ;
; x[6]       ; b           ; 4.787 ; 4.647 ; 5.061 ; 5.100 ;
; x[6]       ; c           ; 5.449 ; 5.721 ; 5.902 ; 5.995 ;
; x[6]       ; n           ; 5.079 ; 5.172 ; 5.409 ; 5.552 ;
; x[6]       ; s[5]        ; 4.375 ; 4.394 ; 4.668 ; 4.690 ;
; x[6]       ; s[6]        ; 4.505 ; 4.528 ; 4.830 ; 4.872 ;
; x[6]       ; s[7]        ; 5.069 ; 5.162 ; 5.399 ; 5.542 ;
; x[6]       ; v           ; 4.842 ; 4.859 ; 5.174 ; 5.195 ;
; x[6]       ; z           ; 4.554 ; 4.594 ; 4.934 ; 4.924 ;
; x[7]       ; b           ; 4.220 ; 4.167 ; 4.511 ; 4.465 ;
; x[7]       ; c           ; 4.969 ; 5.154 ; 5.267 ; 5.445 ;
; x[7]       ; n           ; 4.397 ; 4.496 ; 4.661 ; 4.795 ;
; x[7]       ; s[6]        ; 4.178 ; 4.238 ; 4.547 ; 4.538 ;
; x[7]       ; s[7]        ; 4.387 ; 4.486 ; 4.651 ; 4.785 ;
; x[7]       ; v           ; 3.734 ; 3.761 ; 4.020 ; 4.037 ;
; x[7]       ; z           ; 3.878 ; 3.912 ; 4.177 ; 4.176 ;
; y[0]       ; b           ; 8.498 ; 8.358 ; 9.064 ; 8.924 ;
; y[0]       ; c           ; 9.160 ; 9.432 ; 9.726 ; 9.998 ;
; y[0]       ; n           ; 8.790 ; 8.883 ; 9.356 ; 9.449 ;
; y[0]       ; s[0]        ; 4.262 ; 4.338 ; 4.875 ; 4.876 ;
; y[0]       ; s[1]        ; 4.945 ; 4.984 ; 5.511 ; 5.550 ;
; y[0]       ; s[2]        ; 5.592 ; 5.616 ; 6.158 ; 6.182 ;
; y[0]       ; s[3]        ; 5.901 ; 5.922 ; 6.467 ; 6.488 ;
; y[0]       ; s[4]        ; 7.103 ; 7.136 ; 7.669 ; 7.702 ;
; y[0]       ; s[5]        ; 7.415 ; 7.434 ; 7.981 ; 8.000 ;
; y[0]       ; s[6]        ; 7.924 ; 7.952 ; 8.490 ; 8.518 ;
; y[0]       ; s[7]        ; 8.780 ; 8.873 ; 9.346 ; 9.439 ;
; y[0]       ; v           ; 8.553 ; 8.570 ; 9.119 ; 9.136 ;
; y[0]       ; z           ; 5.388 ; 5.338 ; 5.926 ; 5.951 ;
; y[1]       ; b           ; 7.110 ; 6.970 ; 7.454 ; 7.314 ;
; y[1]       ; c           ; 7.772 ; 8.044 ; 8.116 ; 8.388 ;
; y[1]       ; n           ; 7.402 ; 7.495 ; 7.746 ; 7.839 ;
; y[1]       ; s[1]        ; 3.568 ; 3.603 ; 3.857 ; 3.892 ;
; y[1]       ; s[2]        ; 4.204 ; 4.228 ; 4.538 ; 4.562 ;
; y[1]       ; s[3]        ; 4.513 ; 4.534 ; 4.857 ; 4.878 ;
; y[1]       ; s[4]        ; 5.715 ; 5.748 ; 6.059 ; 6.092 ;
; y[1]       ; s[5]        ; 6.027 ; 6.046 ; 6.371 ; 6.390 ;
; y[1]       ; s[6]        ; 6.536 ; 6.564 ; 6.880 ; 6.908 ;
; y[1]       ; s[7]        ; 7.392 ; 7.485 ; 7.736 ; 7.829 ;
; y[1]       ; v           ; 7.165 ; 7.182 ; 7.509 ; 7.526 ;
; y[1]       ; z           ; 4.707 ; 4.685 ; 4.996 ; 4.974 ;
; y[2]       ; b           ; 6.685 ; 6.545 ; 7.005 ; 6.865 ;
; y[2]       ; c           ; 7.347 ; 7.619 ; 7.667 ; 7.939 ;
; y[2]       ; n           ; 6.977 ; 7.070 ; 7.297 ; 7.390 ;
; y[2]       ; s[2]        ; 3.736 ; 3.765 ; 4.040 ; 4.062 ;
; y[2]       ; s[3]        ; 4.088 ; 4.109 ; 4.389 ; 4.420 ;
; y[2]       ; s[4]        ; 5.290 ; 5.323 ; 5.610 ; 5.643 ;
; y[2]       ; s[5]        ; 5.602 ; 5.621 ; 5.922 ; 5.941 ;
; y[2]       ; s[6]        ; 6.111 ; 6.139 ; 6.431 ; 6.459 ;
; y[2]       ; s[7]        ; 6.967 ; 7.060 ; 7.287 ; 7.380 ;
; y[2]       ; v           ; 6.740 ; 6.757 ; 7.060 ; 7.077 ;
; y[2]       ; z           ; 4.276 ; 4.312 ; 4.573 ; 4.616 ;
; y[3]       ; b           ; 6.803 ; 6.663 ; 7.477 ; 7.351 ;
; y[3]       ; c           ; 7.465 ; 7.737 ; 8.153 ; 8.411 ;
; y[3]       ; n           ; 7.095 ; 7.188 ; 7.783 ; 7.876 ;
; y[3]       ; s[3]        ; 4.249 ; 4.265 ; 4.824 ; 4.840 ;
; y[3]       ; s[4]        ; 5.408 ; 5.441 ; 6.008 ; 6.050 ;
; y[3]       ; s[5]        ; 5.720 ; 5.739 ; 6.360 ; 6.379 ;
; y[3]       ; s[6]        ; 6.229 ; 6.257 ; 6.917 ; 6.945 ;
; y[3]       ; s[7]        ; 7.085 ; 7.178 ; 7.773 ; 7.866 ;
; y[3]       ; v           ; 6.858 ; 6.875 ; 7.546 ; 7.563 ;
; y[3]       ; z           ; 5.341 ; 5.358 ; 5.916 ; 5.933 ;
; y[4]       ; b           ; 6.399 ; 6.259 ; 7.032 ; 7.060 ;
; y[4]       ; c           ; 7.061 ; 7.333 ; 7.862 ; 7.966 ;
; y[4]       ; n           ; 6.691 ; 6.784 ; 7.380 ; 7.523 ;
; y[4]       ; s[4]        ; 4.975 ; 5.029 ; 5.558 ; 5.612 ;
; y[4]       ; s[5]        ; 5.316 ; 5.335 ; 5.915 ; 5.934 ;
; y[4]       ; s[6]        ; 5.825 ; 5.853 ; 6.506 ; 6.527 ;
; y[4]       ; s[7]        ; 6.681 ; 6.774 ; 7.370 ; 7.513 ;
; y[4]       ; v           ; 6.454 ; 6.471 ; 7.145 ; 7.166 ;
; y[4]       ; z           ; 5.337 ; 5.326 ; 5.920 ; 5.909 ;
; y[5]       ; b           ; 6.238 ; 6.235 ; 6.866 ; 6.726 ;
; y[5]       ; c           ; 7.037 ; 7.172 ; 7.528 ; 7.800 ;
; y[5]       ; n           ; 6.586 ; 6.729 ; 7.158 ; 7.251 ;
; y[5]       ; s[5]        ; 5.160 ; 5.190 ; 5.822 ; 5.840 ;
; y[5]       ; s[6]        ; 5.712 ; 5.733 ; 6.292 ; 6.320 ;
; y[5]       ; s[7]        ; 6.576 ; 6.719 ; 7.148 ; 7.241 ;
; y[5]       ; v           ; 6.351 ; 6.372 ; 6.921 ; 6.938 ;
; y[5]       ; z           ; 5.442 ; 5.442 ; 6.092 ; 6.104 ;
; y[6]       ; b           ; 5.813 ; 5.852 ; 6.420 ; 6.280 ;
; y[6]       ; c           ; 6.654 ; 6.747 ; 7.082 ; 7.354 ;
; y[6]       ; n           ; 6.161 ; 6.304 ; 6.712 ; 6.805 ;
; y[6]       ; s[6]        ; 4.451 ; 4.987 ; 5.591 ; 5.033 ;
; y[6]       ; s[7]        ; 6.151 ; 6.294 ; 6.702 ; 6.795 ;
; y[6]       ; v           ; 5.926 ; 5.947 ; 6.475 ; 6.492 ;
; y[6]       ; z           ; 5.376 ; 4.863 ; 5.422 ; 6.003 ;
; y[7]       ; b           ; 5.329 ; 5.276 ; 5.906 ; 5.853 ;
; y[7]       ; c           ; 6.078 ; 6.263 ; 6.655 ; 6.840 ;
; y[7]       ; n           ; 5.268 ; 5.430 ; 5.867 ; 5.993 ;
; y[7]       ; s[7]        ; 5.258 ; 5.420 ; 5.857 ; 5.983 ;
; y[7]       ; v           ; 4.587 ; 4.615 ; 5.164 ; 5.185 ;
; y[7]       ; z           ; 4.812 ; 4.783 ; 5.375 ; 5.382 ;
+------------+-------------+-------+-------+-------+-------+


+------------------------------------------------------------------------------------------------------------------------------------------------------------------------------------------------------------------------------------------------------------------------------------------------------------------------------------------------------------------------------------------------------------------+
; Board Trace Model Assignments                                                                                                                                                                                                                                                                                                                                                                                    ;
+---------------+--------------+-------------------+-------------------------+-------------------------+---------------+---------------------+----------------+------------------+--------+------------------+------------------------+------------------------+--------------+---------------+-----------------+-------+---------------------+--------------------+---------------+-----------------+-------------+
; Pin           ; I/O Standard ; Near Tline Length ; Near Tline L per Length ; Near Tline C per Length ; Near Series R ; Near Differential R ; Near Pull-up R ; Near Pull-down R ; Near C ; Far Tline Length ; Far Tline L per Length ; Far Tline C per Length ; Far Series R ; Far Pull-up R ; Far Pull-down R ; Far C ; Termination Voltage ; Far Differential R ; EBD File Name ; EBD Signal Name ; EBD Far-end ;
+---------------+--------------+-------------------+-------------------------+-------------------------+---------------+---------------------+----------------+------------------+--------+------------------+------------------------+------------------------+--------------+---------------+-----------------+-------+---------------------+--------------------+---------------+-----------------+-------------+
; z             ; 2.5 V        ; 0 in              ; 0 H/in                  ; 0 F/in                  ; short         ; -                   ; open           ; open             ; open   ; 0 in             ; 0 H/in                 ; 0 F/in                 ; short        ; open          ; open            ; open  ; 0 V                 ; -                  ; n/a           ; n/a             ; n/a         ;
; s[7]          ; 2.5 V        ; 0 in              ; 0 H/in                  ; 0 F/in                  ; short         ; -                   ; open           ; open             ; open   ; 0 in             ; 0 H/in                 ; 0 F/in                 ; short        ; open          ; open            ; open  ; 0 V                 ; -                  ; n/a           ; n/a             ; n/a         ;
; s[6]          ; 2.5 V        ; 0 in              ; 0 H/in                  ; 0 F/in                  ; short         ; -                   ; open           ; open             ; open   ; 0 in             ; 0 H/in                 ; 0 F/in                 ; short        ; open          ; open            ; open  ; 0 V                 ; -                  ; n/a           ; n/a             ; n/a         ;
; s[5]          ; 2.5 V        ; 0 in              ; 0 H/in                  ; 0 F/in                  ; short         ; -                   ; open           ; open             ; open   ; 0 in             ; 0 H/in                 ; 0 F/in                 ; short        ; open          ; open            ; open  ; 0 V                 ; -                  ; n/a           ; n/a             ; n/a         ;
; s[4]          ; 2.5 V        ; 0 in              ; 0 H/in                  ; 0 F/in                  ; short         ; -                   ; open           ; open             ; open   ; 0 in             ; 0 H/in                 ; 0 F/in                 ; short        ; open          ; open            ; open  ; 0 V                 ; -                  ; n/a           ; n/a             ; n/a         ;
; s[3]          ; 2.5 V        ; 0 in              ; 0 H/in                  ; 0 F/in                  ; short         ; -                   ; open           ; open             ; open   ; 0 in             ; 0 H/in                 ; 0 F/in                 ; short        ; open          ; open            ; open  ; 0 V                 ; -                  ; n/a           ; n/a             ; n/a         ;
; s[2]          ; 2.5 V        ; 0 in              ; 0 H/in                  ; 0 F/in                  ; short         ; -                   ; open           ; open             ; open   ; 0 in             ; 0 H/in                 ; 0 F/in                 ; short        ; open          ; open            ; open  ; 0 V                 ; -                  ; n/a           ; n/a             ; n/a         ;
; s[1]          ; 2.5 V        ; 0 in              ; 0 H/in                  ; 0 F/in                  ; short         ; -                   ; open           ; open             ; open   ; 0 in             ; 0 H/in                 ; 0 F/in                 ; short        ; open          ; open            ; open  ; 0 V                 ; -                  ; n/a           ; n/a             ; n/a         ;
; s[0]          ; 2.5 V        ; 0 in              ; 0 H/in                  ; 0 F/in                  ; short         ; -                   ; open           ; open             ; open   ; 0 in             ; 0 H/in                 ; 0 F/in                 ; short        ; open          ; open            ; open  ; 0 V                 ; -                  ; n/a           ; n/a             ; n/a         ;
; n             ; 2.5 V        ; 0 in              ; 0 H/in                  ; 0 F/in                  ; short         ; -                   ; open           ; open             ; open   ; 0 in             ; 0 H/in                 ; 0 F/in                 ; short        ; open          ; open            ; open  ; 0 V                 ; -                  ; n/a           ; n/a             ; n/a         ;
; c             ; 2.5 V        ; 0 in              ; 0 H/in                  ; 0 F/in                  ; short         ; -                   ; open           ; open             ; open   ; 0 in             ; 0 H/in                 ; 0 F/in                 ; short        ; open          ; open            ; open  ; 0 V                 ; -                  ; n/a           ; n/a             ; n/a         ;
; b             ; 2.5 V        ; 0 in              ; 0 H/in                  ; 0 F/in                  ; short         ; -                   ; open           ; open             ; open   ; 0 in             ; 0 H/in                 ; 0 F/in                 ; short        ; open          ; open            ; open  ; 0 V                 ; -                  ; n/a           ; n/a             ; n/a         ;
; v             ; 2.5 V        ; 0 in              ; 0 H/in                  ; 0 F/in                  ; short         ; -                   ; open           ; open             ; open   ; 0 in             ; 0 H/in                 ; 0 F/in                 ; short        ; open          ; open            ; open  ; 0 V                 ; -                  ; n/a           ; n/a             ; n/a         ;
; ~ALTERA_NCEO~ ; 2.5 V        ; 0 in              ; 0 H/in                  ; 0 F/in                  ; short         ; -                   ; open           ; open             ; open   ; 0 in             ; 0 H/in                 ; 0 F/in                 ; short        ; open          ; open            ; open  ; 0 V                 ; -                  ; n/a           ; n/a             ; n/a         ;
; ~ALTERA_DCLK~ ; 2.5 V        ; 0 in              ; 0 H/in                  ; 0 F/in                  ; short         ; -                   ; open           ; open             ; open   ; 0 in             ; 0 H/in                 ; 0 F/in                 ; short        ; open          ; open            ; open  ; 0 V                 ; -                  ; n/a           ; n/a             ; n/a         ;
+---------------+--------------+-------------------+-------------------------+-------------------------+---------------+---------------------+----------------+------------------+--------+------------------+------------------------+------------------------+--------------+---------------+-----------------+-------+---------------------+--------------------+---------------+-----------------+-------------+


+-------------------------------------------------------------------+
; Input Transition Times                                            ;
+----------------+--------------+-----------------+-----------------+
; Pin            ; I/O Standard ; 10-90 Rise Time ; 90-10 Fall Time ;
+----------------+--------------+-----------------+-----------------+
; x[4]           ; 2.5 V        ; 2000 ps         ; 2000 ps         ;
; sel[2]         ; 2.5 V        ; 2000 ps         ; 2000 ps         ;
; sel[1]         ; 2.5 V        ; 2000 ps         ; 2000 ps         ;
; sel[0]         ; 2.5 V        ; 2000 ps         ; 2000 ps         ;
; x[3]           ; 2.5 V        ; 2000 ps         ; 2000 ps         ;
; x[2]           ; 2.5 V        ; 2000 ps         ; 2000 ps         ;
; x[1]           ; 2.5 V        ; 2000 ps         ; 2000 ps         ;
; x[0]           ; 2.5 V        ; 2000 ps         ; 2000 ps         ;
; y[0]           ; 2.5 V        ; 2000 ps         ; 2000 ps         ;
; y[1]           ; 2.5 V        ; 2000 ps         ; 2000 ps         ;
; y[2]           ; 2.5 V        ; 2000 ps         ; 2000 ps         ;
; y[3]           ; 2.5 V        ; 2000 ps         ; 2000 ps         ;
; x[7]           ; 2.5 V        ; 2000 ps         ; 2000 ps         ;
; x[6]           ; 2.5 V        ; 2000 ps         ; 2000 ps         ;
; y[6]           ; 2.5 V        ; 2000 ps         ; 2000 ps         ;
; x[5]           ; 2.5 V        ; 2000 ps         ; 2000 ps         ;
; y[4]           ; 2.5 V        ; 2000 ps         ; 2000 ps         ;
; y[5]           ; 2.5 V        ; 2000 ps         ; 2000 ps         ;
; y[7]           ; 2.5 V        ; 2000 ps         ; 2000 ps         ;
; ~ALTERA_DATA0~ ; 2.5 V        ; 2000 ps         ; 2000 ps         ;
; ~ALTERA_ASDO~  ; 2.5 V        ; 2000 ps         ; 2000 ps         ;
; ~ALTERA_NCSO~  ; 2.5 V        ; 2000 ps         ; 2000 ps         ;
+----------------+--------------+-----------------+-----------------+


+--------------------------------------------------------------------------------------------------------------------------------------------------------------------------------------------------------------------------------------------------------------------------------------------------------------------------------------------------------------------------------------------------------------------------------------------------------------------------------------------------------------------------------------------------------------------------------------------------------------------------------------------------------------------------------------------+
; Signal Integrity Metrics (Slow 1200mv 0c Model)                                                                                                                                                                                                                                                                                                                                                                                                                                                                                                                                                                                                                                            ;
+---------------+--------------+---------------------+---------------------+------------------------------+------------------------------+---------------------+---------------------+--------------------------------------+--------------------------------------+-----------------------------+-----------------------------+----------------------------+----------------------------+-----------------------------+-----------------------------+--------------------+--------------------+-------------------------------------+-------------------------------------+----------------------------+----------------------------+---------------------------+---------------------------+
; Pin           ; I/O Standard ; Board Delay on Rise ; Board Delay on Fall ; Steady State Voh at FPGA Pin ; Steady State Vol at FPGA Pin ; Voh Max at FPGA Pin ; Vol Min at FPGA Pin ; Ringback Voltage on Rise at FPGA Pin ; Ringback Voltage on Fall at FPGA Pin ; 10-90 Rise Time at FPGA Pin ; 90-10 Fall Time at FPGA Pin ; Monotonic Rise at FPGA Pin ; Monotonic Fall at FPGA Pin ; Steady State Voh at Far-end ; Steady State Vol at Far-end ; Voh Max at Far-end ; Vol Min at Far-end ; Ringback Voltage on Rise at Far-end ; Ringback Voltage on Fall at Far-end ; 10-90 Rise Time at Far-end ; 90-10 Fall Time at Far-end ; Monotonic Rise at Far-end ; Monotonic Fall at Far-end ;
+---------------+--------------+---------------------+---------------------+------------------------------+------------------------------+---------------------+---------------------+--------------------------------------+--------------------------------------+-----------------------------+-----------------------------+----------------------------+----------------------------+-----------------------------+-----------------------------+--------------------+--------------------+-------------------------------------+-------------------------------------+----------------------------+----------------------------+---------------------------+---------------------------+
; z             ; 2.5 V        ; 0 s                 ; 0 s                 ; 2.32 V                       ; 7.29e-09 V                   ; 2.39 V              ; -0.00317 V          ; 0.179 V                              ; 0.007 V                              ; 4.7e-10 s                   ; 4.72e-10 s                  ; No                         ; Yes                        ; 2.32 V                      ; 7.29e-09 V                  ; 2.39 V             ; -0.00317 V         ; 0.179 V                             ; 0.007 V                             ; 4.7e-10 s                  ; 4.72e-10 s                 ; No                        ; Yes                       ;
; s[7]          ; 2.5 V        ; 0 s                 ; 0 s                 ; 2.32 V                       ; 7.29e-09 V                   ; 2.39 V              ; -0.00317 V          ; 0.179 V                              ; 0.007 V                              ; 4.7e-10 s                   ; 4.72e-10 s                  ; No                         ; Yes                        ; 2.32 V                      ; 7.29e-09 V                  ; 2.39 V             ; -0.00317 V         ; 0.179 V                             ; 0.007 V                             ; 4.7e-10 s                  ; 4.72e-10 s                 ; No                        ; Yes                       ;
; s[6]          ; 2.5 V        ; 0 s                 ; 0 s                 ; 2.32 V                       ; 5.16e-09 V                   ; 2.37 V              ; -0.00861 V          ; 0.168 V                              ; 0.038 V                              ; 6.79e-10 s                  ; 6.49e-10 s                  ; No                         ; Yes                        ; 2.32 V                      ; 5.16e-09 V                  ; 2.37 V             ; -0.00861 V         ; 0.168 V                             ; 0.038 V                             ; 6.79e-10 s                 ; 6.49e-10 s                 ; No                        ; Yes                       ;
; s[5]          ; 2.5 V        ; 0 s                 ; 0 s                 ; 2.32 V                       ; 7.29e-09 V                   ; 2.34 V              ; -0.00668 V          ; 0.218 V                              ; 0.076 V                              ; 1.92e-09 s                  ; 1.81e-09 s                  ; No                         ; Yes                        ; 2.32 V                      ; 7.29e-09 V                  ; 2.34 V             ; -0.00668 V         ; 0.218 V                             ; 0.076 V                             ; 1.92e-09 s                 ; 1.81e-09 s                 ; No                        ; Yes                       ;
; s[4]          ; 2.5 V        ; 0 s                 ; 0 s                 ; 2.32 V                       ; 5.16e-09 V                   ; 2.37 V              ; -0.00861 V          ; 0.168 V                              ; 0.038 V                              ; 6.79e-10 s                  ; 6.49e-10 s                  ; No                         ; Yes                        ; 2.32 V                      ; 5.16e-09 V                  ; 2.37 V             ; -0.00861 V         ; 0.168 V                             ; 0.038 V                             ; 6.79e-10 s                 ; 6.49e-10 s                 ; No                        ; Yes                       ;
; s[3]          ; 2.5 V        ; 0 s                 ; 0 s                 ; 2.32 V                       ; 7.29e-09 V                   ; 2.39 V              ; -0.00317 V          ; 0.179 V                              ; 0.007 V                              ; 4.7e-10 s                   ; 4.72e-10 s                  ; No                         ; Yes                        ; 2.32 V                      ; 7.29e-09 V                  ; 2.39 V             ; -0.00317 V         ; 0.179 V                             ; 0.007 V                             ; 4.7e-10 s                  ; 4.72e-10 s                 ; No                        ; Yes                       ;
; s[2]          ; 2.5 V        ; 0 s                 ; 0 s                 ; 2.32 V                       ; 7.29e-09 V                   ; 2.39 V              ; -0.00339 V          ; 0.206 V                              ; 0.007 V                              ; 2.77e-10 s                  ; 3.24e-10 s                  ; Yes                        ; Yes                        ; 2.32 V                      ; 7.29e-09 V                  ; 2.39 V             ; -0.00339 V         ; 0.206 V                             ; 0.007 V                             ; 2.77e-10 s                 ; 3.24e-10 s                 ; Yes                       ; Yes                       ;
; s[1]          ; 2.5 V        ; 0 s                 ; 0 s                 ; 2.32 V                       ; 5.16e-09 V                   ; 2.4 V               ; -0.00557 V          ; 0.238 V                              ; 0.014 V                              ; 2.9e-10 s                   ; 3.48e-10 s                  ; No                         ; Yes                        ; 2.32 V                      ; 5.16e-09 V                  ; 2.4 V              ; -0.00557 V         ; 0.238 V                             ; 0.014 V                             ; 2.9e-10 s                  ; 3.48e-10 s                 ; No                        ; Yes                       ;
; s[0]          ; 2.5 V        ; 0 s                 ; 0 s                 ; 2.32 V                       ; 7.29e-09 V                   ; 2.39 V              ; -0.00317 V          ; 0.179 V                              ; 0.007 V                              ; 4.7e-10 s                   ; 4.72e-10 s                  ; No                         ; Yes                        ; 2.32 V                      ; 7.29e-09 V                  ; 2.39 V             ; -0.00317 V         ; 0.179 V                             ; 0.007 V                             ; 4.7e-10 s                  ; 4.72e-10 s                 ; No                        ; Yes                       ;
; n             ; 2.5 V        ; 0 s                 ; 0 s                 ; 2.32 V                       ; 7.29e-09 V                   ; 2.39 V              ; -0.00317 V          ; 0.179 V                              ; 0.007 V                              ; 4.7e-10 s                   ; 4.72e-10 s                  ; No                         ; Yes                        ; 2.32 V                      ; 7.29e-09 V                  ; 2.39 V             ; -0.00317 V         ; 0.179 V                             ; 0.007 V                             ; 4.7e-10 s                  ; 4.72e-10 s                 ; No                        ; Yes                       ;
; c             ; 2.5 V        ; 0 s                 ; 0 s                 ; 2.32 V                       ; 5.16e-09 V                   ; 2.4 V               ; -0.00557 V          ; 0.238 V                              ; 0.014 V                              ; 2.9e-10 s                   ; 3.48e-10 s                  ; No                         ; Yes                        ; 2.32 V                      ; 5.16e-09 V                  ; 2.4 V              ; -0.00557 V         ; 0.238 V                             ; 0.014 V                             ; 2.9e-10 s                  ; 3.48e-10 s                 ; No                        ; Yes                       ;
; b             ; 2.5 V        ; 0 s                 ; 0 s                 ; 2.32 V                       ; 5.16e-09 V                   ; 2.37 V              ; -0.00861 V          ; 0.168 V                              ; 0.038 V                              ; 6.79e-10 s                  ; 6.49e-10 s                  ; No                         ; Yes                        ; 2.32 V                      ; 5.16e-09 V                  ; 2.37 V             ; -0.00861 V         ; 0.168 V                             ; 0.038 V                             ; 6.79e-10 s                 ; 6.49e-10 s                 ; No                        ; Yes                       ;
; v             ; 2.5 V        ; 0 s                 ; 0 s                 ; 2.32 V                       ; 5.16e-09 V                   ; 2.37 V              ; -0.00861 V          ; 0.168 V                              ; 0.038 V                              ; 6.79e-10 s                  ; 6.49e-10 s                  ; No                         ; Yes                        ; 2.32 V                      ; 5.16e-09 V                  ; 2.37 V             ; -0.00861 V         ; 0.168 V                             ; 0.038 V                             ; 6.79e-10 s                 ; 6.49e-10 s                 ; No                        ; Yes                       ;
; ~ALTERA_NCEO~ ; 2.5 V        ; 0 s                 ; 0 s                 ; 2.32 V                       ; 4.76e-09 V                   ; 2.4 V               ; -0.034 V            ; 0.102 V                              ; 0.065 V                              ; 2.49e-10 s                  ; 3.49e-10 s                  ; Yes                        ; Yes                        ; 2.32 V                      ; 4.76e-09 V                  ; 2.4 V              ; -0.034 V           ; 0.102 V                             ; 0.065 V                             ; 2.49e-10 s                 ; 3.49e-10 s                 ; Yes                       ; Yes                       ;
; ~ALTERA_DCLK~ ; 2.5 V        ; 0 s                 ; 0 s                 ; 2.32 V                       ; 5.94e-09 V                   ; 2.39 V              ; -0.0344 V           ; 0.156 V                              ; 0.089 V                              ; 2.68e-10 s                  ; 2.6e-10 s                   ; Yes                        ; Yes                        ; 2.32 V                      ; 5.94e-09 V                  ; 2.39 V             ; -0.0344 V          ; 0.156 V                             ; 0.089 V                             ; 2.68e-10 s                 ; 2.6e-10 s                  ; Yes                       ; Yes                       ;
+---------------+--------------+---------------------+---------------------+------------------------------+------------------------------+---------------------+---------------------+--------------------------------------+--------------------------------------+-----------------------------+-----------------------------+----------------------------+----------------------------+-----------------------------+-----------------------------+--------------------+--------------------+-------------------------------------+-------------------------------------+----------------------------+----------------------------+---------------------------+---------------------------+


+--------------------------------------------------------------------------------------------------------------------------------------------------------------------------------------------------------------------------------------------------------------------------------------------------------------------------------------------------------------------------------------------------------------------------------------------------------------------------------------------------------------------------------------------------------------------------------------------------------------------------------------------------------------------------------------------+
; Signal Integrity Metrics (Slow 1200mv 85c Model)                                                                                                                                                                                                                                                                                                                                                                                                                                                                                                                                                                                                                                           ;
+---------------+--------------+---------------------+---------------------+------------------------------+------------------------------+---------------------+---------------------+--------------------------------------+--------------------------------------+-----------------------------+-----------------------------+----------------------------+----------------------------+-----------------------------+-----------------------------+--------------------+--------------------+-------------------------------------+-------------------------------------+----------------------------+----------------------------+---------------------------+---------------------------+
; Pin           ; I/O Standard ; Board Delay on Rise ; Board Delay on Fall ; Steady State Voh at FPGA Pin ; Steady State Vol at FPGA Pin ; Voh Max at FPGA Pin ; Vol Min at FPGA Pin ; Ringback Voltage on Rise at FPGA Pin ; Ringback Voltage on Fall at FPGA Pin ; 10-90 Rise Time at FPGA Pin ; 90-10 Fall Time at FPGA Pin ; Monotonic Rise at FPGA Pin ; Monotonic Fall at FPGA Pin ; Steady State Voh at Far-end ; Steady State Vol at Far-end ; Voh Max at Far-end ; Vol Min at Far-end ; Ringback Voltage on Rise at Far-end ; Ringback Voltage on Fall at Far-end ; 10-90 Rise Time at Far-end ; 90-10 Fall Time at Far-end ; Monotonic Rise at Far-end ; Monotonic Fall at Far-end ;
+---------------+--------------+---------------------+---------------------+------------------------------+------------------------------+---------------------+---------------------+--------------------------------------+--------------------------------------+-----------------------------+-----------------------------+----------------------------+----------------------------+-----------------------------+-----------------------------+--------------------+--------------------+-------------------------------------+-------------------------------------+----------------------------+----------------------------+---------------------------+---------------------------+
; z             ; 2.5 V        ; 0 s                 ; 0 s                 ; 2.32 V                       ; 1.21e-06 V                   ; 2.36 V              ; -0.00833 V          ; 0.113 V                              ; 0.035 V                              ; 6.32e-10 s                  ; 5.89e-10 s                  ; No                         ; Yes                        ; 2.32 V                      ; 1.21e-06 V                  ; 2.36 V             ; -0.00833 V         ; 0.113 V                             ; 0.035 V                             ; 6.32e-10 s                 ; 5.89e-10 s                 ; No                        ; Yes                       ;
; s[7]          ; 2.5 V        ; 0 s                 ; 0 s                 ; 2.32 V                       ; 1.21e-06 V                   ; 2.36 V              ; -0.00833 V          ; 0.113 V                              ; 0.035 V                              ; 6.32e-10 s                  ; 5.89e-10 s                  ; No                         ; Yes                        ; 2.32 V                      ; 1.21e-06 V                  ; 2.36 V             ; -0.00833 V         ; 0.113 V                             ; 0.035 V                             ; 6.32e-10 s                 ; 5.89e-10 s                 ; No                        ; Yes                       ;
; s[6]          ; 2.5 V        ; 0 s                 ; 0 s                 ; 2.32 V                       ; 8.13e-07 V                   ; 2.35 V              ; -0.00662 V          ; 0.129 V                              ; 0.049 V                              ; 8.55e-10 s                  ; 8.01e-10 s                  ; No                         ; Yes                        ; 2.32 V                      ; 8.13e-07 V                  ; 2.35 V             ; -0.00662 V         ; 0.129 V                             ; 0.049 V                             ; 8.55e-10 s                 ; 8.01e-10 s                 ; No                        ; Yes                       ;
; s[5]          ; 2.5 V        ; 0 s                 ; 0 s                 ; 2.32 V                       ; 1.21e-06 V                   ; 2.33 V              ; -0.00286 V          ; 0.193 V                              ; 0.042 V                              ; 2.32e-09 s                  ; 2.21e-09 s                  ; Yes                        ; Yes                        ; 2.32 V                      ; 1.21e-06 V                  ; 2.33 V             ; -0.00286 V         ; 0.193 V                             ; 0.042 V                             ; 2.32e-09 s                 ; 2.21e-09 s                 ; Yes                       ; Yes                       ;
; s[4]          ; 2.5 V        ; 0 s                 ; 0 s                 ; 2.32 V                       ; 8.13e-07 V                   ; 2.35 V              ; -0.00662 V          ; 0.129 V                              ; 0.049 V                              ; 8.55e-10 s                  ; 8.01e-10 s                  ; No                         ; Yes                        ; 2.32 V                      ; 8.13e-07 V                  ; 2.35 V             ; -0.00662 V         ; 0.129 V                             ; 0.049 V                             ; 8.55e-10 s                 ; 8.01e-10 s                 ; No                        ; Yes                       ;
; s[3]          ; 2.5 V        ; 0 s                 ; 0 s                 ; 2.32 V                       ; 1.21e-06 V                   ; 2.36 V              ; -0.00833 V          ; 0.113 V                              ; 0.035 V                              ; 6.32e-10 s                  ; 5.89e-10 s                  ; No                         ; Yes                        ; 2.32 V                      ; 1.21e-06 V                  ; 2.36 V             ; -0.00833 V         ; 0.113 V                             ; 0.035 V                             ; 6.32e-10 s                 ; 5.89e-10 s                 ; No                        ; Yes                       ;
; s[2]          ; 2.5 V        ; 0 s                 ; 0 s                 ; 2.32 V                       ; 1.21e-06 V                   ; 2.37 V              ; -0.00606 V          ; 0.107 V                              ; 0.021 V                              ; 4.26e-10 s                  ; 4.03e-10 s                  ; Yes                        ; Yes                        ; 2.32 V                      ; 1.21e-06 V                  ; 2.37 V             ; -0.00606 V         ; 0.107 V                             ; 0.021 V                             ; 4.26e-10 s                 ; 4.03e-10 s                 ; Yes                       ; Yes                       ;
; s[1]          ; 2.5 V        ; 0 s                 ; 0 s                 ; 2.32 V                       ; 8.13e-07 V                   ; 2.36 V              ; -0.00623 V          ; 0.121 V                              ; 0.03 V                               ; 4.4e-10 s                   ; 4.28e-10 s                  ; Yes                        ; Yes                        ; 2.32 V                      ; 8.13e-07 V                  ; 2.36 V             ; -0.00623 V         ; 0.121 V                             ; 0.03 V                              ; 4.4e-10 s                  ; 4.28e-10 s                 ; Yes                       ; Yes                       ;
; s[0]          ; 2.5 V        ; 0 s                 ; 0 s                 ; 2.32 V                       ; 1.21e-06 V                   ; 2.36 V              ; -0.00833 V          ; 0.113 V                              ; 0.035 V                              ; 6.32e-10 s                  ; 5.89e-10 s                  ; No                         ; Yes                        ; 2.32 V                      ; 1.21e-06 V                  ; 2.36 V             ; -0.00833 V         ; 0.113 V                             ; 0.035 V                             ; 6.32e-10 s                 ; 5.89e-10 s                 ; No                        ; Yes                       ;
; n             ; 2.5 V        ; 0 s                 ; 0 s                 ; 2.32 V                       ; 1.21e-06 V                   ; 2.36 V              ; -0.00833 V          ; 0.113 V                              ; 0.035 V                              ; 6.32e-10 s                  ; 5.89e-10 s                  ; No                         ; Yes                        ; 2.32 V                      ; 1.21e-06 V                  ; 2.36 V             ; -0.00833 V         ; 0.113 V                             ; 0.035 V                             ; 6.32e-10 s                 ; 5.89e-10 s                 ; No                        ; Yes                       ;
; c             ; 2.5 V        ; 0 s                 ; 0 s                 ; 2.32 V                       ; 8.13e-07 V                   ; 2.36 V              ; -0.00623 V          ; 0.121 V                              ; 0.03 V                               ; 4.4e-10 s                   ; 4.28e-10 s                  ; Yes                        ; Yes                        ; 2.32 V                      ; 8.13e-07 V                  ; 2.36 V             ; -0.00623 V         ; 0.121 V                             ; 0.03 V                              ; 4.4e-10 s                  ; 4.28e-10 s                 ; Yes                       ; Yes                       ;
; b             ; 2.5 V        ; 0 s                 ; 0 s                 ; 2.32 V                       ; 8.13e-07 V                   ; 2.35 V              ; -0.00662 V          ; 0.129 V                              ; 0.049 V                              ; 8.55e-10 s                  ; 8.01e-10 s                  ; No                         ; Yes                        ; 2.32 V                      ; 8.13e-07 V                  ; 2.35 V             ; -0.00662 V         ; 0.129 V                             ; 0.049 V                             ; 8.55e-10 s                 ; 8.01e-10 s                 ; No                        ; Yes                       ;
; v             ; 2.5 V        ; 0 s                 ; 0 s                 ; 2.32 V                       ; 8.13e-07 V                   ; 2.35 V              ; -0.00662 V          ; 0.129 V                              ; 0.049 V                              ; 8.55e-10 s                  ; 8.01e-10 s                  ; No                         ; Yes                        ; 2.32 V                      ; 8.13e-07 V                  ; 2.35 V             ; -0.00662 V         ; 0.129 V                             ; 0.049 V                             ; 8.55e-10 s                 ; 8.01e-10 s                 ; No                        ; Yes                       ;
; ~ALTERA_NCEO~ ; 2.5 V        ; 0 s                 ; 0 s                 ; 2.32 V                       ; 7.93e-07 V                   ; 2.37 V              ; -0.0278 V           ; 0.106 V                              ; 0.115 V                              ; 2.69e-10 s                  ; 4.05e-10 s                  ; Yes                        ; Yes                        ; 2.32 V                      ; 7.93e-07 V                  ; 2.37 V             ; -0.0278 V          ; 0.106 V                             ; 0.115 V                             ; 2.69e-10 s                 ; 4.05e-10 s                 ; Yes                       ; Yes                       ;
; ~ALTERA_DCLK~ ; 2.5 V        ; 0 s                 ; 0 s                 ; 2.32 V                       ; 9.76e-07 V                   ; 2.36 V              ; -0.00439 V          ; 0.088 V                              ; 0.007 V                              ; 4.05e-10 s                  ; 3.35e-10 s                  ; Yes                        ; Yes                        ; 2.32 V                      ; 9.76e-07 V                  ; 2.36 V             ; -0.00439 V         ; 0.088 V                             ; 0.007 V                             ; 4.05e-10 s                 ; 3.35e-10 s                 ; Yes                       ; Yes                       ;
+---------------+--------------+---------------------+---------------------+------------------------------+------------------------------+---------------------+---------------------+--------------------------------------+--------------------------------------+-----------------------------+-----------------------------+----------------------------+----------------------------+-----------------------------+-----------------------------+--------------------+--------------------+-------------------------------------+-------------------------------------+----------------------------+----------------------------+---------------------------+---------------------------+


+--------------------------------------------------------------------------------------------------------------------------------------------------------------------------------------------------------------------------------------------------------------------------------------------------------------------------------------------------------------------------------------------------------------------------------------------------------------------------------------------------------------------------------------------------------------------------------------------------------------------------------------------------------------------------------------------+
; Signal Integrity Metrics (Fast 1200mv 0c Model)                                                                                                                                                                                                                                                                                                                                                                                                                                                                                                                                                                                                                                            ;
+---------------+--------------+---------------------+---------------------+------------------------------+------------------------------+---------------------+---------------------+--------------------------------------+--------------------------------------+-----------------------------+-----------------------------+----------------------------+----------------------------+-----------------------------+-----------------------------+--------------------+--------------------+-------------------------------------+-------------------------------------+----------------------------+----------------------------+---------------------------+---------------------------+
; Pin           ; I/O Standard ; Board Delay on Rise ; Board Delay on Fall ; Steady State Voh at FPGA Pin ; Steady State Vol at FPGA Pin ; Voh Max at FPGA Pin ; Vol Min at FPGA Pin ; Ringback Voltage on Rise at FPGA Pin ; Ringback Voltage on Fall at FPGA Pin ; 10-90 Rise Time at FPGA Pin ; 90-10 Fall Time at FPGA Pin ; Monotonic Rise at FPGA Pin ; Monotonic Fall at FPGA Pin ; Steady State Voh at Far-end ; Steady State Vol at Far-end ; Voh Max at Far-end ; Vol Min at Far-end ; Ringback Voltage on Rise at Far-end ; Ringback Voltage on Fall at Far-end ; 10-90 Rise Time at Far-end ; 90-10 Fall Time at Far-end ; Monotonic Rise at Far-end ; Monotonic Fall at Far-end ;
+---------------+--------------+---------------------+---------------------+------------------------------+------------------------------+---------------------+---------------------+--------------------------------------+--------------------------------------+-----------------------------+-----------------------------+----------------------------+----------------------------+-----------------------------+-----------------------------+--------------------+--------------------+-------------------------------------+-------------------------------------+----------------------------+----------------------------+---------------------------+---------------------------+
; z             ; 2.5 V        ; 0 s                 ; 0 s                 ; 2.62 V                       ; 4.66e-08 V                   ; 2.72 V              ; -0.0215 V           ; 0.161 V                              ; 0.061 V                              ; 4.44e-10 s                  ; 4.06e-10 s                  ; No                         ; Yes                        ; 2.62 V                      ; 4.66e-08 V                  ; 2.72 V             ; -0.0215 V          ; 0.161 V                             ; 0.061 V                             ; 4.44e-10 s                 ; 4.06e-10 s                 ; No                        ; Yes                       ;
; s[7]          ; 2.5 V        ; 0 s                 ; 0 s                 ; 2.62 V                       ; 4.66e-08 V                   ; 2.72 V              ; -0.0215 V           ; 0.161 V                              ; 0.061 V                              ; 4.44e-10 s                  ; 4.06e-10 s                  ; No                         ; Yes                        ; 2.62 V                      ; 4.66e-08 V                  ; 2.72 V             ; -0.0215 V          ; 0.161 V                             ; 0.061 V                             ; 4.44e-10 s                 ; 4.06e-10 s                 ; No                        ; Yes                       ;
; s[6]          ; 2.5 V        ; 0 s                 ; 0 s                 ; 2.62 V                       ; 3.16e-08 V                   ; 2.71 V              ; -0.0171 V           ; 0.273 V                              ; 0.065 V                              ; 4.95e-10 s                  ; 5.37e-10 s                  ; No                         ; Yes                        ; 2.62 V                      ; 3.16e-08 V                  ; 2.71 V             ; -0.0171 V          ; 0.273 V                             ; 0.065 V                             ; 4.95e-10 s                 ; 5.37e-10 s                 ; No                        ; Yes                       ;
; s[5]          ; 2.5 V        ; 0 s                 ; 0 s                 ; 2.62 V                       ; 4.66e-08 V                   ; 2.65 V              ; -0.0115 V           ; 0.219 V                              ; 0.115 V                              ; 1.64e-09 s                  ; 1.57e-09 s                  ; No                         ; Yes                        ; 2.62 V                      ; 4.66e-08 V                  ; 2.65 V             ; -0.0115 V          ; 0.219 V                             ; 0.115 V                             ; 1.64e-09 s                 ; 1.57e-09 s                 ; No                        ; Yes                       ;
; s[4]          ; 2.5 V        ; 0 s                 ; 0 s                 ; 2.62 V                       ; 3.16e-08 V                   ; 2.71 V              ; -0.0171 V           ; 0.273 V                              ; 0.065 V                              ; 4.95e-10 s                  ; 5.37e-10 s                  ; No                         ; Yes                        ; 2.62 V                      ; 3.16e-08 V                  ; 2.71 V             ; -0.0171 V          ; 0.273 V                             ; 0.065 V                             ; 4.95e-10 s                 ; 5.37e-10 s                 ; No                        ; Yes                       ;
; s[3]          ; 2.5 V        ; 0 s                 ; 0 s                 ; 2.62 V                       ; 4.66e-08 V                   ; 2.72 V              ; -0.0215 V           ; 0.161 V                              ; 0.061 V                              ; 4.44e-10 s                  ; 4.06e-10 s                  ; No                         ; Yes                        ; 2.62 V                      ; 4.66e-08 V                  ; 2.72 V             ; -0.0215 V          ; 0.161 V                             ; 0.061 V                             ; 4.44e-10 s                 ; 4.06e-10 s                 ; No                        ; Yes                       ;
; s[2]          ; 2.5 V        ; 0 s                 ; 0 s                 ; 2.62 V                       ; 4.66e-08 V                   ; 2.73 V              ; -0.0205 V           ; 0.17 V                               ; 0.027 V                              ; 2.58e-10 s                  ; 2.57e-10 s                  ; Yes                        ; Yes                        ; 2.62 V                      ; 4.66e-08 V                  ; 2.73 V             ; -0.0205 V          ; 0.17 V                              ; 0.027 V                             ; 2.58e-10 s                 ; 2.57e-10 s                 ; Yes                       ; Yes                       ;
; s[1]          ; 2.5 V        ; 0 s                 ; 0 s                 ; 2.62 V                       ; 3.16e-08 V                   ; 2.72 V              ; -0.0199 V           ; 0.186 V                              ; 0.027 V                              ; 2.63e-10 s                  ; 2.76e-10 s                  ; Yes                        ; Yes                        ; 2.62 V                      ; 3.16e-08 V                  ; 2.72 V             ; -0.0199 V          ; 0.186 V                             ; 0.027 V                             ; 2.63e-10 s                 ; 2.76e-10 s                 ; Yes                       ; Yes                       ;
; s[0]          ; 2.5 V        ; 0 s                 ; 0 s                 ; 2.62 V                       ; 4.66e-08 V                   ; 2.72 V              ; -0.0215 V           ; 0.161 V                              ; 0.061 V                              ; 4.44e-10 s                  ; 4.06e-10 s                  ; No                         ; Yes                        ; 2.62 V                      ; 4.66e-08 V                  ; 2.72 V             ; -0.0215 V          ; 0.161 V                             ; 0.061 V                             ; 4.44e-10 s                 ; 4.06e-10 s                 ; No                        ; Yes                       ;
; n             ; 2.5 V        ; 0 s                 ; 0 s                 ; 2.62 V                       ; 4.66e-08 V                   ; 2.72 V              ; -0.0215 V           ; 0.161 V                              ; 0.061 V                              ; 4.44e-10 s                  ; 4.06e-10 s                  ; No                         ; Yes                        ; 2.62 V                      ; 4.66e-08 V                  ; 2.72 V             ; -0.0215 V          ; 0.161 V                             ; 0.061 V                             ; 4.44e-10 s                 ; 4.06e-10 s                 ; No                        ; Yes                       ;
; c             ; 2.5 V        ; 0 s                 ; 0 s                 ; 2.62 V                       ; 3.16e-08 V                   ; 2.72 V              ; -0.0199 V           ; 0.186 V                              ; 0.027 V                              ; 2.63e-10 s                  ; 2.76e-10 s                  ; Yes                        ; Yes                        ; 2.62 V                      ; 3.16e-08 V                  ; 2.72 V             ; -0.0199 V          ; 0.186 V                             ; 0.027 V                             ; 2.63e-10 s                 ; 2.76e-10 s                 ; Yes                       ; Yes                       ;
; b             ; 2.5 V        ; 0 s                 ; 0 s                 ; 2.62 V                       ; 3.16e-08 V                   ; 2.71 V              ; -0.0171 V           ; 0.273 V                              ; 0.065 V                              ; 4.95e-10 s                  ; 5.37e-10 s                  ; No                         ; Yes                        ; 2.62 V                      ; 3.16e-08 V                  ; 2.71 V             ; -0.0171 V          ; 0.273 V                             ; 0.065 V                             ; 4.95e-10 s                 ; 5.37e-10 s                 ; No                        ; Yes                       ;
; v             ; 2.5 V        ; 0 s                 ; 0 s                 ; 2.62 V                       ; 3.16e-08 V                   ; 2.71 V              ; -0.0171 V           ; 0.273 V                              ; 0.065 V                              ; 4.95e-10 s                  ; 5.37e-10 s                  ; No                         ; Yes                        ; 2.62 V                      ; 3.16e-08 V                  ; 2.71 V             ; -0.0171 V          ; 0.273 V                             ; 0.065 V                             ; 4.95e-10 s                 ; 5.37e-10 s                 ; No                        ; Yes                       ;
; ~ALTERA_NCEO~ ; 2.5 V        ; 0 s                 ; 0 s                 ; 2.62 V                       ; 3.06e-08 V                   ; 2.86 V              ; -0.0341 V           ; 0.364 V                              ; 0.046 V                              ; 1.17e-10 s                  ; 2.6e-10 s                   ; No                         ; Yes                        ; 2.62 V                      ; 3.06e-08 V                  ; 2.86 V             ; -0.0341 V          ; 0.364 V                             ; 0.046 V                             ; 1.17e-10 s                 ; 2.6e-10 s                  ; No                        ; Yes                       ;
; ~ALTERA_DCLK~ ; 2.5 V        ; 0 s                 ; 0 s                 ; 2.62 V                       ; 3.81e-08 V                   ; 2.72 V              ; -0.0542 V           ; 0.144 V                              ; 0.087 V                              ; 2.55e-10 s                  ; 2.14e-10 s                  ; Yes                        ; Yes                        ; 2.62 V                      ; 3.81e-08 V                  ; 2.72 V             ; -0.0542 V          ; 0.144 V                             ; 0.087 V                             ; 2.55e-10 s                 ; 2.14e-10 s                 ; Yes                       ; Yes                       ;
+---------------+--------------+---------------------+---------------------+------------------------------+------------------------------+---------------------+---------------------+--------------------------------------+--------------------------------------+-----------------------------+-----------------------------+----------------------------+----------------------------+-----------------------------+-----------------------------+--------------------+--------------------+-------------------------------------+-------------------------------------+----------------------------+----------------------------+---------------------------+---------------------------+


-------------------
; Clock Transfers ;
-------------------
Nothing to report.


---------------
; Report TCCS ;
---------------
No dedicated SERDES Transmitter circuitry present in device or used in design


---------------
; Report RSKM ;
---------------
No non-DPA dedicated SERDES Receiver circuitry present in device or used in design


+------------------------------------------------+
; Unconstrained Paths                            ;
+---------------------------------+-------+------+
; Property                        ; Setup ; Hold ;
+---------------------------------+-------+------+
; Illegal Clocks                  ; 0     ; 0    ;
; Unconstrained Clocks            ; 0     ; 0    ;
; Unconstrained Input Ports       ; 19    ; 19   ;
; Unconstrained Input Port Paths  ; 198   ; 198  ;
; Unconstrained Output Ports      ; 13    ; 13   ;
; Unconstrained Output Port Paths ; 198   ; 198  ;
+---------------------------------+-------+------+


+------------------------------------+
; TimeQuest Timing Analyzer Messages ;
+------------------------------------+
Info: *******************************************************************
Info: Running Quartus II 64-Bit TimeQuest Timing Analyzer
    Info: Version 13.1.0 Build 162 10/23/2013 SJ Web Edition
    Info: Processing started: Thu May 14 22:50:21 2026
Info: Command: quartus_sta pfs_ula_8bits -c pfs_ula_8bits
Info: qsta_default_script.tcl version: #1
Warning (20028): Parallel compilation is not licensed and has been disabled
Info (21076): High junction temperature operating condition is not set. Assuming a default value of '85'.
Info (21076): Low junction temperature operating condition is not set. Assuming a default value of '0'.
Critical Warning (332012): Synopsys Design Constraints File file not found: 'pfs_ula_8bits.sdc'. A Synopsys Design Constraints File is required by the TimeQuest Timing Analyzer to get proper timing constraints. Without it, the Compiler will not properly optimize the design.
Info (332142): No user constrained base clocks found in the design. Calling "derive_clocks -period 1.0"
Info (332096): The command derive_clocks did not find any clocks to derive.  No clocks were created or changed.
Warning (332068): No clocks defined in design.
Info (332143): No user constrained clock uncertainty found in the design. Calling "derive_clock_uncertainty"
Info (332154): The derive_clock_uncertainty command did not apply clock uncertainty to any clock-to-clock transfers.
Info: Found TIMEQUEST_REPORT_SCRIPT_INCLUDE_DEFAULT_ANALYSIS = ON
Info (332159): No clocks to report
Info: Analyzing Slow 1200mV 85C Model
Info (332140): No fmax paths to report
Info (332140): No Setup paths to report
Info (332140): No Hold paths to report
Info (332140): No Recovery paths to report
Info (332140): No Removal paths to report
Info (332140): No Minimum Pulse Width paths to report
Info: Analyzing Slow 1200mV 0C Model
Info (334003): Started post-fitting delay annotation
Info (334004): Delay annotation completed successfully
Info (332142): No user constrained base clocks found in the design. Calling "derive_clocks -period 1.0"
Info (332096): The command derive_clocks did not find any clocks to derive.  No clocks were created or changed.
Warning (332068): No clocks defined in design.
Info (332154): The derive_clock_uncertainty command did not apply clock uncertainty to any clock-to-clock transfers.
Info (332140): No fmax paths to report
Info (332140): No Setup paths to report
Info (332140): No Hold paths to report
Info (332140): No Recovery paths to report
Info (332140): No Removal paths to report
Info (332140): No Minimum Pulse Width paths to report
Info: Analyzing Fast 1200mV 0C Model
Info (332142): No user constrained base clocks found in the design. Calling "derive_clocks -period 1.0"
Info (332096): The command derive_clocks did not find any clocks to derive.  No clocks were created or changed.
Warning (332068): No clocks defined in design.
Info (332154): The derive_clock_uncertainty command did not apply clock uncertainty to any clock-to-clock transfers.
Info (332140): No Setup paths to report
Info (332140): No Hold paths to report
Info (332140): No Recovery paths to report
Info (332140): No Removal paths to report
Info (332140): No Minimum Pulse Width paths to report
Info (332102): Design is not fully constrained for setup requirements
Info (332102): Design is not fully constrained for hold requirements
Info: Quartus II 64-Bit TimeQuest Timing Analyzer was successful. 0 errors, 5 warnings
    Info: Peak virtual memory: 4641 megabytes
    Info: Processing ended: Thu May 14 22:50:23 2026
    Info: Elapsed time: 00:00:02
    Info: Total CPU time (on all processors): 00:00:02


