TimeQuest Timing Analyzer report for pfs_neander
Wed Jun 10 18:19:53 2026
Quartus II 64-Bit Version 13.1.0 Build 162 10/23/2013 SJ Web Edition


---------------------
; Table of Contents ;
---------------------
  1. Legal Notice
  2. TimeQuest Timing Analyzer Summary
  3. Parallel Compilation
  4. Clocks
  5. Slow 1200mV 85C Model Fmax Summary
  6. Timing Closure Recommendations
  7. Slow 1200mV 85C Model Setup Summary
  8. Slow 1200mV 85C Model Hold Summary
  9. Slow 1200mV 85C Model Recovery Summary
 10. Slow 1200mV 85C Model Removal Summary
 11. Slow 1200mV 85C Model Minimum Pulse Width Summary
 12. Slow 1200mV 85C Model Setup: 'ck'
 13. Slow 1200mV 85C Model Hold: 'ck'
 14. Slow 1200mV 85C Model Minimum Pulse Width: 'ck'
 15. Clock to Output Times
 16. Minimum Clock to Output Times
 17. Slow 1200mV 85C Model Metastability Report
 18. Slow 1200mV 0C Model Fmax Summary
 19. Slow 1200mV 0C Model Setup Summary
 20. Slow 1200mV 0C Model Hold Summary
 21. Slow 1200mV 0C Model Recovery Summary
 22. Slow 1200mV 0C Model Removal Summary
 23. Slow 1200mV 0C Model Minimum Pulse Width Summary
 24. Slow 1200mV 0C Model Setup: 'ck'
 25. Slow 1200mV 0C Model Hold: 'ck'
 26. Slow 1200mV 0C Model Minimum Pulse Width: 'ck'
 27. Clock to Output Times
 28. Minimum Clock to Output Times
 29. Slow 1200mV 0C Model Metastability Report
 30. Fast 1200mV 0C Model Setup Summary
 31. Fast 1200mV 0C Model Hold Summary
 32. Fast 1200mV 0C Model Recovery Summary
 33. Fast 1200mV 0C Model Removal Summary
 34. Fast 1200mV 0C Model Minimum Pulse Width Summary
 35. Fast 1200mV 0C Model Setup: 'ck'
 36. Fast 1200mV 0C Model Hold: 'ck'
 37. Fast 1200mV 0C Model Minimum Pulse Width: 'ck'
 38. Clock to Output Times
 39. Minimum Clock to Output Times
 40. Fast 1200mV 0C Model Metastability Report
 41. Multicorner Timing Analysis Summary
 42. Clock to Output Times
 43. Minimum Clock to Output Times
 44. Board Trace Model Assignments
 45. Input Transition Times
 46. Signal Integrity Metrics (Slow 1200mv 0c Model)
 47. Signal Integrity Metrics (Slow 1200mv 85c Model)
 48. Signal Integrity Metrics (Fast 1200mv 0c Model)
 49. Setup Transfers
 50. Hold Transfers
 51. Report TCCS
 52. Report RSKM
 53. Unconstrained Paths
 54. TimeQuest Timing Analyzer Messages



----------------
; Legal Notice ;
----------------
Copyright (C) 1991-2013 Altera Corporation
Your use of Altera Corporation's design tools, logic functions 
and other software and tools, and its AMPP partner logic 
functions, and any output files from any of the foregoing 
(including device programming or simulation files), and any 
associated documentation or information are expressly subject 
to the terms and conditions of the Altera Program License 
Subscription Agreement, Altera MegaCore Function License 
Agreement, or other applicable license agreement, including, 
without limitation, that your use is for the sole purpose of 
programming logic devices manufactured by Altera and sold by 
Altera or its authorized distributors.  Please refer to the 
applicable agreement for further details.



+-------------------------------------------------------------------------+
; TimeQuest Timing Analyzer Summary                                       ;
+--------------------+----------------------------------------------------+
; Quartus II Version ; Version 13.1.0 Build 162 10/23/2013 SJ Web Edition ;
; Revision Name      ; pfs_neander                                        ;
; Device Family      ; Cyclone IV GX                                      ;
; Device Name        ; EP4CGX22CF19C6                                     ;
; Timing Models      ; Final                                              ;
; Delay Model        ; Combined                                           ;
; Rise/Fall Delays   ; Enabled                                            ;
+--------------------+----------------------------------------------------+


Parallel compilation was disabled, but you have multiple processors available. Enable parallel compilation to reduce compilation time.
+-------------------------------------+
; Parallel Compilation                ;
+----------------------------+--------+
; Processors                 ; Number ;
+----------------------------+--------+
; Number detected on machine ; 4      ;
; Maximum allowed            ; 1      ;
+----------------------------+--------+


+---------------------------------------------------------------------------------------------------------------------------------------------------------------------------------+
; Clocks                                                                                                                                                                          ;
+------------+------+--------+------------+-------+-------+------------+-----------+-------------+-------+--------+-----------+------------+----------+--------+--------+---------+
; Clock Name ; Type ; Period ; Frequency  ; Rise  ; Fall  ; Duty Cycle ; Divide by ; Multiply by ; Phase ; Offset ; Edge List ; Edge Shift ; Inverted ; Master ; Source ; Targets ;
+------------+------+--------+------------+-------+-------+------------+-----------+-------------+-------+--------+-----------+------------+----------+--------+--------+---------+
; ck         ; Base ; 1.000  ; 1000.0 MHz ; 0.000 ; 0.500 ;            ;           ;             ;       ;        ;           ;            ;          ;        ;        ; { ck }  ;
+------------+------+--------+------------+-------+-------+------------+-----------+-------------+-------+--------+-----------+------------+----------+--------+--------+---------+


+-------------------------------------------------+
; Slow 1200mV 85C Model Fmax Summary              ;
+-----------+-----------------+------------+------+
; Fmax      ; Restricted Fmax ; Clock Name ; Note ;
+-----------+-----------------+------------+------+
; 166.0 MHz ; 166.0 MHz       ; ck         ;      ;
+-----------+-----------------+------------+------+
This panel reports FMAX for every clock in the design, regardless of the user-specified clock periods.  FMAX is only computed for paths where the source and destination registers or ports are driven by the same clock.  Paths of different clocks, including generated clocks, are ignored.  For paths between a clock and its inversion, FMAX is computed as if the rising and falling edges are scaled along with FMAX, such that the duty cycle (in terms of a percentage) is maintained. Altera recommends that you always use clock constraints and other slack reports for sign-off analysis.


----------------------------------
; Timing Closure Recommendations ;
----------------------------------
HTML report is unavailable in plain text report export.


+-------------------------------------+
; Slow 1200mV 85C Model Setup Summary ;
+-------+--------+--------------------+
; Clock ; Slack  ; End Point TNS      ;
+-------+--------+--------------------+
; ck    ; -5.024 ; -126.197           ;
+-------+--------+--------------------+


+------------------------------------+
; Slow 1200mV 85C Model Hold Summary ;
+-------+-------+--------------------+
; Clock ; Slack ; End Point TNS      ;
+-------+-------+--------------------+
; ck    ; 0.355 ; 0.000              ;
+-------+-------+--------------------+


------------------------------------------
; Slow 1200mV 85C Model Recovery Summary ;
------------------------------------------
No paths to report.


-----------------------------------------
; Slow 1200mV 85C Model Removal Summary ;
-----------------------------------------
No paths to report.


+---------------------------------------------------+
; Slow 1200mV 85C Model Minimum Pulse Width Summary ;
+-------+--------+----------------------------------+
; Clock ; Slack  ; End Point TNS                    ;
+-------+--------+----------------------------------+
; ck    ; -3.000 ; -46.000                          ;
+-------+--------+----------------------------------+


+-------------------------------------------------------------------------------------------------------------------------------------------------------------------------------------------------+
; Slow 1200mV 85C Model Setup: 'ck'                                                                                                                                                               ;
+--------+---------------------------------------------+--------------------------------------------------------------------+--------------+-------------+--------------+------------+------------+
; Slack  ; From Node                                   ; To Node                                                            ; Launch Clock ; Latch Clock ; Relationship ; Clock Skew ; Data Delay ;
+--------+---------------------------------------------+--------------------------------------------------------------------+--------------+-------------+--------------+------------+------------+
; -5.024 ; pfs_8bit_reg:inst7|pfs_ff_enable:inst3|inst ; pfs_8bit_reg:inst3|pfs_ff_enable:inst|inst                         ; ck           ; ck          ; 1.000        ; 0.321      ; 6.340      ;
; -4.955 ; pfs_8bit_reg:inst6|pfs_ff_enable:inst8|inst ; pfs_8bit_reg:inst3|pfs_ff_enable:inst|inst                         ; ck           ; ck          ; 1.000        ; 0.320      ; 6.270      ;
; -4.828 ; pfs_8bit_reg:inst3|pfs_ff_enable:inst8|inst ; pfs_8bit_reg:inst3|pfs_ff_enable:inst|inst                         ; ck           ; ck          ; 1.000        ; 0.320      ; 6.143      ;
; -4.800 ; pfs_8bit_reg:inst7|pfs_ff_enable:inst2|inst ; pfs_8bit_reg:inst3|pfs_ff_enable:inst|inst                         ; ck           ; ck          ; 1.000        ; 0.321      ; 6.116      ;
; -4.765 ; pfs_8bit_reg:inst7|pfs_ff_enable:inst4|inst ; pfs_8bit_reg:inst3|pfs_ff_enable:inst|inst                         ; ck           ; ck          ; 1.000        ; 0.321      ; 6.081      ;
; -4.667 ; pfs_8bit_reg:inst3|pfs_ff_enable:inst6|inst ; pfs_8bit_reg:inst3|pfs_ff_enable:inst|inst                         ; ck           ; ck          ; 1.000        ; 0.320      ; 5.982      ;
; -4.535 ; pfs_8bit_reg:inst7|pfs_ff_enable:inst3|inst ; pfs_8bit_reg:inst3|pfs_ff_enable:inst2|inst                        ; ck           ; ck          ; 1.000        ; 0.312      ; 5.842      ;
; -4.534 ; pfs_8bit_reg:inst3|pfs_ff_enable:inst7|inst ; pfs_8bit_reg:inst3|pfs_ff_enable:inst|inst                         ; ck           ; ck          ; 1.000        ; 0.320      ; 5.849      ;
; -4.466 ; pfs_8bit_reg:inst6|pfs_ff_enable:inst8|inst ; pfs_8bit_reg:inst3|pfs_ff_enable:inst2|inst                        ; ck           ; ck          ; 1.000        ; 0.311      ; 5.772      ;
; -4.339 ; pfs_8bit_reg:inst3|pfs_ff_enable:inst8|inst ; pfs_8bit_reg:inst3|pfs_ff_enable:inst2|inst                        ; ck           ; ck          ; 1.000        ; 0.311      ; 5.645      ;
; -4.324 ; pfs_8bit_reg:inst7|pfs_ff_enable:inst3|inst ; pfs_8bit_reg:inst3|pfs_ff_enable:inst3|inst                        ; ck           ; ck          ; 1.000        ; -0.064     ; 5.255      ;
; -4.311 ; pfs_8bit_reg:inst7|pfs_ff_enable:inst2|inst ; pfs_8bit_reg:inst3|pfs_ff_enable:inst2|inst                        ; ck           ; ck          ; 1.000        ; 0.312      ; 5.618      ;
; -4.280 ; pfs_8bit_reg:inst3|pfs_ff_enable:inst4|inst ; pfs_8bit_reg:inst3|pfs_ff_enable:inst|inst                         ; ck           ; ck          ; 1.000        ; -0.081     ; 5.194      ;
; -4.276 ; pfs_8bit_reg:inst7|pfs_ff_enable:inst4|inst ; pfs_8bit_reg:inst3|pfs_ff_enable:inst2|inst                        ; ck           ; ck          ; 1.000        ; 0.312      ; 5.583      ;
; -4.255 ; pfs_8bit_reg:inst6|pfs_ff_enable:inst8|inst ; pfs_8bit_reg:inst3|pfs_ff_enable:inst3|inst                        ; ck           ; ck          ; 1.000        ; -0.065     ; 5.185      ;
; -4.246 ; pfs_8bit_reg:inst3|pfs_ff_enable:inst5|inst ; pfs_8bit_reg:inst3|pfs_ff_enable:inst|inst                         ; ck           ; ck          ; 1.000        ; 0.320      ; 5.561      ;
; -4.187 ; pfs_8bit_reg:inst6|pfs_ff_enable:inst7|inst ; pfs_8bit_reg:inst3|pfs_ff_enable:inst|inst                         ; ck           ; ck          ; 1.000        ; 0.323      ; 5.505      ;
; -4.178 ; pfs_8bit_reg:inst3|pfs_ff_enable:inst6|inst ; pfs_8bit_reg:inst3|pfs_ff_enable:inst2|inst                        ; ck           ; ck          ; 1.000        ; 0.311      ; 5.484      ;
; -4.128 ; pfs_8bit_reg:inst3|pfs_ff_enable:inst8|inst ; pfs_8bit_reg:inst3|pfs_ff_enable:inst3|inst                        ; ck           ; ck          ; 1.000        ; -0.065     ; 5.058      ;
; -4.100 ; pfs_8bit_reg:inst7|pfs_ff_enable:inst2|inst ; pfs_8bit_reg:inst3|pfs_ff_enable:inst3|inst                        ; ck           ; ck          ; 1.000        ; -0.064     ; 5.031      ;
; -4.065 ; pfs_8bit_reg:inst7|pfs_ff_enable:inst4|inst ; pfs_8bit_reg:inst3|pfs_ff_enable:inst3|inst                        ; ck           ; ck          ; 1.000        ; -0.064     ; 4.996      ;
; -4.045 ; pfs_8bit_reg:inst3|pfs_ff_enable:inst7|inst ; pfs_8bit_reg:inst3|pfs_ff_enable:inst2|inst                        ; ck           ; ck          ; 1.000        ; 0.311      ; 5.351      ;
; -3.967 ; pfs_8bit_reg:inst3|pfs_ff_enable:inst6|inst ; pfs_8bit_reg:inst3|pfs_ff_enable:inst3|inst                        ; ck           ; ck          ; 1.000        ; -0.065     ; 4.897      ;
; -3.862 ; pfs_8bit_reg:inst3|pfs_ff_enable:inst5|inst ; pfs_neander_pc:inst1|pfs_gen_counter_8:inst|pfs_uc_unit:inst8|inst ; ck           ; ck          ; 1.000        ; -0.066     ; 4.791      ;
; -3.859 ; pfs_8bit_reg:inst3|pfs_ff_enable:inst5|inst ; pfs_neander_pc:inst1|pfs_gen_counter_8:inst|pfs_uc_unit:inst7|inst ; ck           ; ck          ; 1.000        ; -0.066     ; 4.788      ;
; -3.852 ; pfs_8bit_reg:inst3|pfs_ff_enable:inst6|inst ; pfs_neander_pc:inst1|pfs_gen_counter_8:inst|pfs_uc_unit:inst8|inst ; ck           ; ck          ; 1.000        ; -0.066     ; 4.781      ;
; -3.849 ; pfs_8bit_reg:inst3|pfs_ff_enable:inst6|inst ; pfs_neander_pc:inst1|pfs_gen_counter_8:inst|pfs_uc_unit:inst7|inst ; ck           ; ck          ; 1.000        ; -0.066     ; 4.778      ;
; -3.839 ; pfs_8bit_reg:inst3|pfs_ff_enable:inst|inst  ; pfs_neander_pc:inst1|pfs_gen_counter_8:inst|pfs_uc_unit:inst8|inst ; ck           ; ck          ; 1.000        ; -0.467     ; 4.367      ;
; -3.836 ; pfs_8bit_reg:inst3|pfs_ff_enable:inst|inst  ; pfs_neander_pc:inst1|pfs_gen_counter_8:inst|pfs_uc_unit:inst7|inst ; ck           ; ck          ; 1.000        ; -0.467     ; 4.364      ;
; -3.834 ; pfs_8bit_reg:inst3|pfs_ff_enable:inst7|inst ; pfs_8bit_reg:inst3|pfs_ff_enable:inst3|inst                        ; ck           ; ck          ; 1.000        ; -0.065     ; 4.764      ;
; -3.827 ; pfs_8bit_reg:inst3|pfs_ff_enable:inst5|inst ; pfs_neander_pc:inst1|pfs_gen_counter_8:inst|pfs_uc_unit:inst4|inst ; ck           ; ck          ; 1.000        ; -0.066     ; 4.756      ;
; -3.817 ; pfs_8bit_reg:inst3|pfs_ff_enable:inst6|inst ; pfs_neander_pc:inst1|pfs_gen_counter_8:inst|pfs_uc_unit:inst4|inst ; ck           ; ck          ; 1.000        ; -0.066     ; 4.746      ;
; -3.804 ; pfs_8bit_reg:inst3|pfs_ff_enable:inst|inst  ; pfs_neander_pc:inst1|pfs_gen_counter_8:inst|pfs_uc_unit:inst4|inst ; ck           ; ck          ; 1.000        ; -0.467     ; 4.332      ;
; -3.801 ; pfs_8bit_reg:inst3|pfs_ff_enable:inst4|inst ; pfs_neander_pc:inst1|pfs_gen_counter_8:inst|pfs_uc_unit:inst8|inst ; ck           ; ck          ; 1.000        ; -0.467     ; 4.329      ;
; -3.798 ; pfs_8bit_reg:inst3|pfs_ff_enable:inst4|inst ; pfs_neander_pc:inst1|pfs_gen_counter_8:inst|pfs_uc_unit:inst7|inst ; ck           ; ck          ; 1.000        ; -0.467     ; 4.326      ;
; -3.791 ; pfs_8bit_reg:inst3|pfs_ff_enable:inst4|inst ; pfs_8bit_reg:inst3|pfs_ff_enable:inst2|inst                        ; ck           ; ck          ; 1.000        ; -0.090     ; 4.696      ;
; -3.789 ; pfs_8bit_reg:inst3|pfs_ff_enable:inst5|inst ; pfs_neander_pc:inst1|pfs_gen_counter_8:inst|pfs_uc_unit:inst5|inst ; ck           ; ck          ; 1.000        ; -0.066     ; 4.718      ;
; -3.780 ; pfs_8bit_reg:inst7|pfs_ff_enable:inst3|inst ; pfs_8bit_reg:inst3|pfs_ff_enable:inst5|inst                        ; ck           ; ck          ; 1.000        ; -0.064     ; 4.711      ;
; -3.779 ; pfs_8bit_reg:inst3|pfs_ff_enable:inst6|inst ; pfs_neander_pc:inst1|pfs_gen_counter_8:inst|pfs_uc_unit:inst5|inst ; ck           ; ck          ; 1.000        ; -0.066     ; 4.708      ;
; -3.766 ; pfs_8bit_reg:inst3|pfs_ff_enable:inst4|inst ; pfs_neander_pc:inst1|pfs_gen_counter_8:inst|pfs_uc_unit:inst4|inst ; ck           ; ck          ; 1.000        ; -0.467     ; 4.294      ;
; -3.766 ; pfs_8bit_reg:inst3|pfs_ff_enable:inst|inst  ; pfs_neander_pc:inst1|pfs_gen_counter_8:inst|pfs_uc_unit:inst5|inst ; ck           ; ck          ; 1.000        ; -0.467     ; 4.294      ;
; -3.757 ; pfs_8bit_reg:inst3|pfs_ff_enable:inst5|inst ; pfs_8bit_reg:inst3|pfs_ff_enable:inst2|inst                        ; ck           ; ck          ; 1.000        ; 0.311      ; 5.063      ;
; -3.751 ; pfs_8bit_reg:inst6|pfs_ff_enable:inst6|inst ; pfs_8bit_reg:inst3|pfs_ff_enable:inst|inst                         ; ck           ; ck          ; 1.000        ; -0.053     ; 4.693      ;
; -3.728 ; pfs_8bit_reg:inst3|pfs_ff_enable:inst4|inst ; pfs_neander_pc:inst1|pfs_gen_counter_8:inst|pfs_uc_unit:inst5|inst ; ck           ; ck          ; 1.000        ; -0.467     ; 4.256      ;
; -3.723 ; pfs_8bit_reg:inst3|pfs_ff_enable:inst6|inst ; pfs_8bit_reg:inst3|pfs_ff_enable:inst7|inst                        ; ck           ; ck          ; 1.000        ; -0.065     ; 4.653      ;
; -3.711 ; pfs_8bit_reg:inst6|pfs_ff_enable:inst8|inst ; pfs_8bit_reg:inst3|pfs_ff_enable:inst5|inst                        ; ck           ; ck          ; 1.000        ; -0.065     ; 4.641      ;
; -3.698 ; pfs_8bit_reg:inst6|pfs_ff_enable:inst7|inst ; pfs_8bit_reg:inst3|pfs_ff_enable:inst2|inst                        ; ck           ; ck          ; 1.000        ; 0.314      ; 5.007      ;
; -3.691 ; pfs_8bit_reg:inst3|pfs_ff_enable:inst7|inst ; pfs_neander_pc:inst1|pfs_gen_counter_8:inst|pfs_uc_unit:inst8|inst ; ck           ; ck          ; 1.000        ; -0.066     ; 4.620      ;
; -3.688 ; pfs_8bit_reg:inst3|pfs_ff_enable:inst7|inst ; pfs_neander_pc:inst1|pfs_gen_counter_8:inst|pfs_uc_unit:inst7|inst ; ck           ; ck          ; 1.000        ; -0.066     ; 4.617      ;
; -3.662 ; pfs_8bit_reg:inst3|pfs_ff_enable:inst2|inst ; pfs_neander_pc:inst1|pfs_gen_counter_8:inst|pfs_uc_unit:inst8|inst ; ck           ; ck          ; 1.000        ; -0.457     ; 4.200      ;
; -3.659 ; pfs_8bit_reg:inst3|pfs_ff_enable:inst2|inst ; pfs_neander_pc:inst1|pfs_gen_counter_8:inst|pfs_uc_unit:inst7|inst ; ck           ; ck          ; 1.000        ; -0.457     ; 4.197      ;
; -3.656 ; pfs_8bit_reg:inst3|pfs_ff_enable:inst7|inst ; pfs_neander_pc:inst1|pfs_gen_counter_8:inst|pfs_uc_unit:inst4|inst ; ck           ; ck          ; 1.000        ; -0.066     ; 4.585      ;
; -3.627 ; pfs_8bit_reg:inst3|pfs_ff_enable:inst2|inst ; pfs_neander_pc:inst1|pfs_gen_counter_8:inst|pfs_uc_unit:inst4|inst ; ck           ; ck          ; 1.000        ; -0.457     ; 4.165      ;
; -3.624 ; pfs_8bit_reg:inst7|pfs_ff_enable:inst2|inst ; pfs_8bit_reg:inst3|pfs_ff_enable:inst7|inst                        ; ck           ; ck          ; 1.000        ; -0.064     ; 4.555      ;
; -3.618 ; pfs_8bit_reg:inst3|pfs_ff_enable:inst7|inst ; pfs_neander_pc:inst1|pfs_gen_counter_8:inst|pfs_uc_unit:inst5|inst ; ck           ; ck          ; 1.000        ; -0.066     ; 4.547      ;
; -3.589 ; pfs_8bit_reg:inst3|pfs_ff_enable:inst2|inst ; pfs_neander_pc:inst1|pfs_gen_counter_8:inst|pfs_uc_unit:inst5|inst ; ck           ; ck          ; 1.000        ; -0.457     ; 4.127      ;
; -3.584 ; pfs_8bit_reg:inst3|pfs_ff_enable:inst8|inst ; pfs_8bit_reg:inst3|pfs_ff_enable:inst5|inst                        ; ck           ; ck          ; 1.000        ; -0.065     ; 4.514      ;
; -3.583 ; pfs_8bit_reg:inst3|pfs_ff_enable:inst5|inst ; pfs_8bit_reg:inst6|pfs_ff_enable:inst8|inst                        ; ck           ; ck          ; 1.000        ; -0.065     ; 4.513      ;
; -3.580 ; pfs_8bit_reg:inst3|pfs_ff_enable:inst4|inst ; pfs_8bit_reg:inst3|pfs_ff_enable:inst3|inst                        ; ck           ; ck          ; 1.000        ; -0.466     ; 4.109      ;
; -3.573 ; pfs_8bit_reg:inst3|pfs_ff_enable:inst6|inst ; pfs_8bit_reg:inst6|pfs_ff_enable:inst8|inst                        ; ck           ; ck          ; 1.000        ; -0.065     ; 4.503      ;
; -3.565 ; pfs_8bit_reg:inst3|pfs_ff_enable:inst8|inst ; pfs_neander_pc:inst1|pfs_gen_counter_8:inst|pfs_uc_unit:inst8|inst ; ck           ; ck          ; 1.000        ; -0.066     ; 4.494      ;
; -3.562 ; pfs_8bit_reg:inst3|pfs_ff_enable:inst8|inst ; pfs_neander_pc:inst1|pfs_gen_counter_8:inst|pfs_uc_unit:inst7|inst ; ck           ; ck          ; 1.000        ; -0.066     ; 4.491      ;
; -3.560 ; pfs_8bit_reg:inst3|pfs_ff_enable:inst|inst  ; pfs_8bit_reg:inst6|pfs_ff_enable:inst8|inst                        ; ck           ; ck          ; 1.000        ; -0.466     ; 4.089      ;
; -3.556 ; pfs_8bit_reg:inst7|pfs_ff_enable:inst2|inst ; pfs_8bit_reg:inst3|pfs_ff_enable:inst5|inst                        ; ck           ; ck          ; 1.000        ; -0.064     ; 4.487      ;
; -3.546 ; pfs_8bit_reg:inst3|pfs_ff_enable:inst5|inst ; pfs_8bit_reg:inst3|pfs_ff_enable:inst3|inst                        ; ck           ; ck          ; 1.000        ; -0.065     ; 4.476      ;
; -3.537 ; pfs_8bit_reg:inst3|pfs_ff_enable:inst3|inst ; pfs_neander_pc:inst1|pfs_gen_counter_8:inst|pfs_uc_unit:inst8|inst ; ck           ; ck          ; 1.000        ; -0.066     ; 4.466      ;
; -3.534 ; pfs_8bit_reg:inst3|pfs_ff_enable:inst3|inst ; pfs_neander_pc:inst1|pfs_gen_counter_8:inst|pfs_uc_unit:inst7|inst ; ck           ; ck          ; 1.000        ; -0.066     ; 4.463      ;
; -3.530 ; pfs_8bit_reg:inst3|pfs_ff_enable:inst8|inst ; pfs_neander_pc:inst1|pfs_gen_counter_8:inst|pfs_uc_unit:inst4|inst ; ck           ; ck          ; 1.000        ; -0.066     ; 4.459      ;
; -3.522 ; pfs_8bit_reg:inst3|pfs_ff_enable:inst4|inst ; pfs_8bit_reg:inst6|pfs_ff_enable:inst8|inst                        ; ck           ; ck          ; 1.000        ; -0.466     ; 4.051      ;
; -3.521 ; pfs_8bit_reg:inst7|pfs_ff_enable:inst4|inst ; pfs_8bit_reg:inst3|pfs_ff_enable:inst5|inst                        ; ck           ; ck          ; 1.000        ; -0.064     ; 4.452      ;
; -3.509 ; pfs_8bit_reg:inst7|pfs_ff_enable:inst3|inst ; pfs_8bit_reg:inst3|pfs_ff_enable:inst4|inst                        ; ck           ; ck          ; 1.000        ; 0.321      ; 4.825      ;
; -3.502 ; pfs_8bit_reg:inst3|pfs_ff_enable:inst3|inst ; pfs_neander_pc:inst1|pfs_gen_counter_8:inst|pfs_uc_unit:inst4|inst ; ck           ; ck          ; 1.000        ; -0.066     ; 4.431      ;
; -3.492 ; pfs_8bit_reg:inst3|pfs_ff_enable:inst8|inst ; pfs_neander_pc:inst1|pfs_gen_counter_8:inst|pfs_uc_unit:inst5|inst ; ck           ; ck          ; 1.000        ; -0.066     ; 4.421      ;
; -3.487 ; pfs_8bit_reg:inst6|pfs_ff_enable:inst7|inst ; pfs_8bit_reg:inst3|pfs_ff_enable:inst3|inst                        ; ck           ; ck          ; 1.000        ; -0.062     ; 4.420      ;
; -3.464 ; pfs_8bit_reg:inst3|pfs_ff_enable:inst3|inst ; pfs_neander_pc:inst1|pfs_gen_counter_8:inst|pfs_uc_unit:inst5|inst ; ck           ; ck          ; 1.000        ; -0.066     ; 4.393      ;
; -3.440 ; pfs_8bit_reg:inst6|pfs_ff_enable:inst8|inst ; pfs_8bit_reg:inst3|pfs_ff_enable:inst4|inst                        ; ck           ; ck          ; 1.000        ; 0.320      ; 4.755      ;
; -3.434 ; pfs_8bit_reg:inst7|pfs_ff_enable:inst3|inst ; pfs_8bit_reg:inst3|pfs_ff_enable:inst6|inst                        ; ck           ; ck          ; 1.000        ; -0.064     ; 4.365      ;
; -3.423 ; pfs_8bit_reg:inst3|pfs_ff_enable:inst6|inst ; pfs_8bit_reg:inst3|pfs_ff_enable:inst5|inst                        ; ck           ; ck          ; 1.000        ; -0.065     ; 4.353      ;
; -3.412 ; pfs_8bit_reg:inst3|pfs_ff_enable:inst7|inst ; pfs_8bit_reg:inst6|pfs_ff_enable:inst8|inst                        ; ck           ; ck          ; 1.000        ; -0.065     ; 4.342      ;
; -3.390 ; pfs_8bit_reg:inst3|pfs_ff_enable:inst5|inst ; pfs_neander_pc:inst1|pfs_gen_counter_8:inst|pfs_uc_unit:inst3|inst ; ck           ; ck          ; 1.000        ; -0.065     ; 4.320      ;
; -3.383 ; pfs_8bit_reg:inst3|pfs_ff_enable:inst2|inst ; pfs_8bit_reg:inst6|pfs_ff_enable:inst8|inst                        ; ck           ; ck          ; 1.000        ; -0.456     ; 3.922      ;
; -3.380 ; pfs_8bit_reg:inst3|pfs_ff_enable:inst6|inst ; pfs_neander_pc:inst1|pfs_gen_counter_8:inst|pfs_uc_unit:inst3|inst ; ck           ; ck          ; 1.000        ; -0.065     ; 4.310      ;
; -3.367 ; pfs_8bit_reg:inst3|pfs_ff_enable:inst|inst  ; pfs_neander_pc:inst1|pfs_gen_counter_8:inst|pfs_uc_unit:inst3|inst ; ck           ; ck          ; 1.000        ; -0.466     ; 3.896      ;
; -3.365 ; pfs_8bit_reg:inst6|pfs_ff_enable:inst8|inst ; pfs_8bit_reg:inst3|pfs_ff_enable:inst6|inst                        ; ck           ; ck          ; 1.000        ; -0.065     ; 4.295      ;
; -3.358 ; pfs_8bit_reg:inst7|pfs_ff_enable:inst4|inst ; pfs_neander_pc:inst1|pfs_gen_counter_8:inst|pfs_uc_unit:inst8|inst ; ck           ; ck          ; 1.000        ; -0.065     ; 4.288      ;
; -3.355 ; pfs_8bit_reg:inst7|pfs_ff_enable:inst4|inst ; pfs_neander_pc:inst1|pfs_gen_counter_8:inst|pfs_uc_unit:inst7|inst ; ck           ; ck          ; 1.000        ; -0.065     ; 4.285      ;
; -3.329 ; pfs_8bit_reg:inst3|pfs_ff_enable:inst4|inst ; pfs_neander_pc:inst1|pfs_gen_counter_8:inst|pfs_uc_unit:inst3|inst ; ck           ; ck          ; 1.000        ; -0.466     ; 3.858      ;
; -3.323 ; pfs_8bit_reg:inst7|pfs_ff_enable:inst4|inst ; pfs_neander_pc:inst1|pfs_gen_counter_8:inst|pfs_uc_unit:inst4|inst ; ck           ; ck          ; 1.000        ; -0.065     ; 4.253      ;
; -3.317 ; pfs_8bit_reg:inst3|pfs_ff_enable:inst5|inst ; pfs_8bit_reg:inst5|pfs_ff_enable:inst8|inst                        ; ck           ; ck          ; 1.000        ; -0.065     ; 4.247      ;
; -3.314 ; pfs_8bit_reg:inst3|pfs_ff_enable:inst5|inst ; pfs_8bit_reg:inst5|pfs_ff_enable:inst6|inst                        ; ck           ; ck          ; 1.000        ; -0.065     ; 4.244      ;
; -3.313 ; pfs_8bit_reg:inst3|pfs_ff_enable:inst8|inst ; pfs_8bit_reg:inst3|pfs_ff_enable:inst4|inst                        ; ck           ; ck          ; 1.000        ; 0.320      ; 4.628      ;
; -3.307 ; pfs_8bit_reg:inst3|pfs_ff_enable:inst6|inst ; pfs_8bit_reg:inst5|pfs_ff_enable:inst8|inst                        ; ck           ; ck          ; 1.000        ; -0.065     ; 4.237      ;
; -3.304 ; pfs_8bit_reg:inst3|pfs_ff_enable:inst6|inst ; pfs_8bit_reg:inst5|pfs_ff_enable:inst6|inst                        ; ck           ; ck          ; 1.000        ; -0.065     ; 4.234      ;
; -3.294 ; pfs_8bit_reg:inst3|pfs_ff_enable:inst|inst  ; pfs_8bit_reg:inst5|pfs_ff_enable:inst8|inst                        ; ck           ; ck          ; 1.000        ; -0.466     ; 3.823      ;
; -3.291 ; pfs_8bit_reg:inst3|pfs_ff_enable:inst|inst  ; pfs_8bit_reg:inst5|pfs_ff_enable:inst6|inst                        ; ck           ; ck          ; 1.000        ; -0.466     ; 3.820      ;
; -3.290 ; pfs_8bit_reg:inst3|pfs_ff_enable:inst7|inst ; pfs_8bit_reg:inst3|pfs_ff_enable:inst5|inst                        ; ck           ; ck          ; 1.000        ; -0.065     ; 4.220      ;
; -3.286 ; pfs_8bit_reg:inst3|pfs_ff_enable:inst8|inst ; pfs_8bit_reg:inst6|pfs_ff_enable:inst8|inst                        ; ck           ; ck          ; 1.000        ; -0.065     ; 4.216      ;
; -3.285 ; pfs_8bit_reg:inst7|pfs_ff_enable:inst4|inst ; pfs_neander_pc:inst1|pfs_gen_counter_8:inst|pfs_uc_unit:inst5|inst ; ck           ; ck          ; 1.000        ; -0.065     ; 4.215      ;
; -3.285 ; pfs_8bit_reg:inst7|pfs_ff_enable:inst2|inst ; pfs_8bit_reg:inst3|pfs_ff_enable:inst4|inst                        ; ck           ; ck          ; 1.000        ; 0.321      ; 4.601      ;
; -3.281 ; pfs_8bit_reg:inst7|pfs_ff_enable:inst4|inst ; pfs_8bit_reg:inst3|pfs_ff_enable:inst7|inst                        ; ck           ; ck          ; 1.000        ; -0.064     ; 4.212      ;
+--------+---------------------------------------------+--------------------------------------------------------------------+--------------+-------------+--------------+------------+------------+


+-------------------------------------------------------------------------------------------------------------------------------------------------------------------------------------------------------------------------------+
; Slow 1200mV 85C Model Hold: 'ck'                                                                                                                                                                                              ;
+-------+------------------------------------------------------------------------+------------------------------------------------------------------------+--------------+-------------+--------------+------------+------------+
; Slack ; From Node                                                              ; To Node                                                                ; Launch Clock ; Latch Clock ; Relationship ; Clock Skew ; Data Delay ;
+-------+------------------------------------------------------------------------+------------------------------------------------------------------------+--------------+-------------+--------------+------------+------------+
; 0.355 ; pfs_neander_pc:inst1|pfs_gen_counter_8:inst|pfs_uc_unit:inst7|inst     ; pfs_neander_pc:inst1|pfs_gen_counter_8:inst|pfs_uc_unit:inst7|inst     ; ck           ; ck          ; 0.000        ; 0.065      ; 0.577      ;
; 0.355 ; pfs_neander_control:inst|pfs_neander_temp:inst1|pfs_uc_unit:inst4|inst ; pfs_neander_control:inst|pfs_neander_temp:inst1|pfs_uc_unit:inst4|inst ; ck           ; ck          ; 0.000        ; 0.065      ; 0.577      ;
; 0.355 ; pfs_neander_control:inst|pfs_neander_temp:inst1|pfs_uc_unit:inst3|inst ; pfs_neander_control:inst|pfs_neander_temp:inst1|pfs_uc_unit:inst3|inst ; ck           ; ck          ; 0.000        ; 0.065      ; 0.577      ;
; 0.356 ; pfs_neander_pc:inst1|pfs_gen_counter_8:inst|pfs_uc_unit:inst3|inst     ; pfs_neander_pc:inst1|pfs_gen_counter_8:inst|pfs_uc_unit:inst3|inst     ; ck           ; ck          ; 0.000        ; 0.064      ; 0.577      ;
; 0.356 ; pfs_neander_pc:inst1|pfs_gen_counter_8:inst|pfs_uc_unit:inst|inst      ; pfs_neander_pc:inst1|pfs_gen_counter_8:inst|pfs_uc_unit:inst|inst      ; ck           ; ck          ; 0.000        ; 0.064      ; 0.577      ;
; 0.359 ; pfs_neander_control:inst|pfs_neander_temp:inst1|pfs_uc_unit:inst2|inst ; pfs_neander_control:inst|pfs_neander_temp:inst1|pfs_uc_unit:inst2|inst ; ck           ; ck          ; 0.000        ; 0.064      ; 0.580      ;
; 0.375 ; pfs_neander_pc:inst1|pfs_gen_counter_8:inst|pfs_uc_unit:inst4|inst     ; pfs_8bit_reg:inst5|pfs_ff_enable:inst4|inst                            ; ck           ; ck          ; 0.000        ; 0.065      ; 0.597      ;
; 0.377 ; pfs_neander_pc:inst1|pfs_gen_counter_8:inst|pfs_uc_unit:inst8|inst     ; pfs_8bit_reg:inst5|pfs_ff_enable:inst|inst                             ; ck           ; ck          ; 0.000        ; 0.065      ; 0.599      ;
; 0.390 ; pfs_neander_pc:inst1|pfs_gen_counter_8:inst|pfs_uc_unit:inst7|inst     ; pfs_8bit_reg:inst5|pfs_ff_enable:inst2|inst                            ; ck           ; ck          ; 0.000        ; 0.065      ; 0.612      ;
; 0.407 ; pfs_neander_control:inst|pfs_neander_temp:inst1|pfs_uc_unit:inst3|inst ; pfs_neander_control:inst|pfs_neander_temp:inst1|pfs_uc_unit:inst4|inst ; ck           ; ck          ; 0.000        ; 0.065      ; 0.629      ;
; 0.425 ; pfs_8bit_reg:inst7|pfs_ff_enable:inst2|inst                            ; pfs_8bit_reg:inst3|pfs_ff_enable:inst2|inst                            ; ck           ; ck          ; 0.000        ; 0.456      ; 1.038      ;
; 0.516 ; pfs_neander_pc:inst1|pfs_gen_counter_8:inst|pfs_uc_unit:inst3|inst     ; pfs_8bit_reg:inst5|pfs_ff_enable:inst5|inst                            ; ck           ; ck          ; 0.000        ; 0.064      ; 0.737      ;
; 0.558 ; pfs_neander_pc:inst1|pfs_gen_counter_8:inst|pfs_uc_unit:inst5|inst     ; pfs_8bit_reg:inst5|pfs_ff_enable:inst3|inst                            ; ck           ; ck          ; 0.000        ; 0.065      ; 0.780      ;
; 0.653 ; pfs_neander_pc:inst1|pfs_gen_counter_8:inst|pfs_uc_unit:inst1|inst     ; pfs_8bit_reg:inst5|pfs_ff_enable:inst7|inst                            ; ck           ; ck          ; 0.000        ; 0.064      ; 0.874      ;
; 0.662 ; pfs_8bit_reg:inst7|pfs_ff_enable:inst3|inst                            ; pfs_8bit_reg:inst3|pfs_ff_enable:inst2|inst                            ; ck           ; ck          ; 0.000        ; 0.456      ; 1.275      ;
; 0.803 ; pfs_8bit_reg:inst5|pfs_ff_enable:inst3|inst                            ; pfs_8bit_reg:inst6|pfs_ff_enable:inst7|inst                            ; ck           ; ck          ; 0.000        ; 0.063      ; 1.023      ;
; 0.803 ; pfs_8bit_reg:inst5|pfs_ff_enable:inst3|inst                            ; pfs_8bit_reg:inst6|pfs_ff_enable:inst5|inst                            ; ck           ; ck          ; 0.000        ; 0.063      ; 1.023      ;
; 0.842 ; pfs_8bit_reg:inst6|pfs_ff_enable:inst5|inst                            ; pfs_8bit_reg:inst7|pfs_ff_enable:inst5|inst                            ; ck           ; ck          ; 0.000        ; 0.066      ; 1.065      ;
; 0.850 ; pfs_8bit_reg:inst6|pfs_ff_enable:inst7|inst                            ; pfs_8bit_reg:inst7|pfs_ff_enable:inst7|inst                            ; ck           ; ck          ; 0.000        ; 0.066      ; 1.073      ;
; 0.868 ; pfs_8bit_reg:inst6|pfs_ff_enable:inst4|inst                            ; pfs_8bit_reg:inst5|pfs_ff_enable:inst4|inst                            ; ck           ; ck          ; 0.000        ; 0.068      ; 1.093      ;
; 0.876 ; pfs_8bit_reg:inst6|pfs_ff_enable:inst3|inst                            ; pfs_8bit_reg:inst7|pfs_ff_enable:inst3|inst                            ; ck           ; ck          ; 0.000        ; 0.068      ; 1.101      ;
; 0.878 ; pfs_8bit_reg:inst6|pfs_ff_enable:inst5|inst                            ; pfs_8bit_reg:inst5|pfs_ff_enable:inst5|inst                            ; ck           ; ck          ; 0.000        ; 0.066      ; 1.101      ;
; 0.902 ; pfs_8bit_reg:inst6|pfs_ff_enable:inst5|inst                            ; pfs_8bit_reg:inst3|pfs_ff_enable:inst5|inst                            ; ck           ; ck          ; 0.000        ; 0.067      ; 1.126      ;
; 0.902 ; pfs_8bit_reg:inst6|pfs_ff_enable:inst2|inst                            ; pfs_8bit_reg:inst5|pfs_ff_enable:inst2|inst                            ; ck           ; ck          ; 0.000        ; 0.066      ; 1.125      ;
; 0.910 ; pfs_neander_pc:inst1|pfs_gen_counter_8:inst|pfs_uc_unit:inst2|inst     ; pfs_neander_pc:inst1|pfs_gen_counter_8:inst|pfs_uc_unit:inst2|inst     ; ck           ; ck          ; 0.000        ; 0.064      ; 1.131      ;
; 0.916 ; pfs_8bit_reg:inst6|pfs_ff_enable:inst|inst                             ; pfs_8bit_reg:inst7|pfs_ff_enable:inst|inst                             ; ck           ; ck          ; 0.000        ; 0.067      ; 1.140      ;
; 0.920 ; pfs_neander_pc:inst1|pfs_gen_counter_8:inst|pfs_uc_unit:inst4|inst     ; pfs_neander_pc:inst1|pfs_gen_counter_8:inst|pfs_uc_unit:inst4|inst     ; ck           ; ck          ; 0.000        ; 0.065      ; 1.142      ;
; 0.920 ; pfs_neander_pc:inst1|pfs_gen_counter_8:inst|pfs_uc_unit:inst4|inst     ; pfs_neander_pc:inst1|pfs_gen_counter_8:inst|pfs_uc_unit:inst5|inst     ; ck           ; ck          ; 0.000        ; 0.065      ; 1.142      ;
; 0.933 ; pfs_neander_pc:inst1|pfs_gen_counter_8:inst|pfs_uc_unit:inst1|inst     ; pfs_neander_pc:inst1|pfs_gen_counter_8:inst|pfs_uc_unit:inst2|inst     ; ck           ; ck          ; 0.000        ; 0.064      ; 1.154      ;
; 0.944 ; pfs_neander_pc:inst1|pfs_gen_counter_8:inst|pfs_uc_unit:inst2|inst     ; pfs_8bit_reg:inst5|pfs_ff_enable:inst6|inst                            ; ck           ; ck          ; 0.000        ; 0.064      ; 1.165      ;
; 0.966 ; pfs_8bit_reg:inst6|pfs_ff_enable:inst7|inst                            ; pfs_8bit_reg:inst5|pfs_ff_enable:inst7|inst                            ; ck           ; ck          ; 0.000        ; 0.066      ; 1.189      ;
; 0.975 ; pfs_8bit_reg:inst6|pfs_ff_enable:inst3|inst                            ; pfs_8bit_reg:inst5|pfs_ff_enable:inst3|inst                            ; ck           ; ck          ; 0.000        ; 0.068      ; 1.200      ;
; 0.980 ; pfs_8bit_reg:inst5|pfs_ff_enable:inst2|inst                            ; pfs_8bit_reg:inst6|pfs_ff_enable:inst5|inst                            ; ck           ; ck          ; 0.000        ; 0.063      ; 1.200      ;
; 0.981 ; pfs_8bit_reg:inst5|pfs_ff_enable:inst2|inst                            ; pfs_8bit_reg:inst6|pfs_ff_enable:inst2|inst                            ; ck           ; ck          ; 0.000        ; 0.063      ; 1.201      ;
; 0.993 ; pfs_neander_pc:inst1|pfs_gen_counter_8:inst|pfs_uc_unit:inst5|inst     ; pfs_neander_pc:inst1|pfs_gen_counter_8:inst|pfs_uc_unit:inst5|inst     ; ck           ; ck          ; 0.000        ; 0.065      ; 1.215      ;
; 1.001 ; pfs_8bit_reg:inst6|pfs_ff_enable:inst|inst                             ; pfs_8bit_reg:inst5|pfs_ff_enable:inst|inst                             ; ck           ; ck          ; 0.000        ; 0.068      ; 1.226      ;
; 1.015 ; pfs_neander_pc:inst1|pfs_gen_counter_8:inst|pfs_uc_unit:inst8|inst     ; pfs_neander_pc:inst1|pfs_gen_counter_8:inst|pfs_uc_unit:inst8|inst     ; ck           ; ck          ; 0.000        ; 0.065      ; 1.237      ;
; 1.016 ; pfs_8bit_reg:inst5|pfs_ff_enable:inst2|inst                            ; pfs_8bit_reg:inst6|pfs_ff_enable:inst7|inst                            ; ck           ; ck          ; 0.000        ; 0.063      ; 1.236      ;
; 1.019 ; pfs_8bit_reg:inst6|pfs_ff_enable:inst2|inst                            ; pfs_neander_pc:inst1|pfs_gen_counter_8:inst|pfs_uc_unit:inst7|inst     ; ck           ; ck          ; 0.000        ; 0.066      ; 1.242      ;
; 1.027 ; pfs_8bit_reg:inst6|pfs_ff_enable:inst6|inst                            ; pfs_8bit_reg:inst7|pfs_ff_enable:inst6|inst                            ; ck           ; ck          ; 0.000        ; -0.294     ; 0.890      ;
; 1.110 ; pfs_8bit_reg:inst6|pfs_ff_enable:inst4|inst                            ; pfs_8bit_reg:inst7|pfs_ff_enable:inst4|inst                            ; ck           ; ck          ; 0.000        ; 0.068      ; 1.335      ;
; 1.113 ; pfs_8bit_reg:inst6|pfs_ff_enable:inst8|inst                            ; pfs_8bit_reg:inst7|pfs_ff_enable:inst8|inst                            ; ck           ; ck          ; 0.000        ; 0.063      ; 1.333      ;
; 1.120 ; pfs_neander_pc:inst1|pfs_gen_counter_8:inst|pfs_uc_unit:inst1|inst     ; pfs_neander_pc:inst1|pfs_gen_counter_8:inst|pfs_uc_unit:inst1|inst     ; ck           ; ck          ; 0.000        ; 0.064      ; 1.341      ;
; 1.120 ; pfs_8bit_reg:inst6|pfs_ff_enable:inst2|inst                            ; pfs_8bit_reg:inst3|pfs_ff_enable:inst2|inst                            ; ck           ; ck          ; 0.000        ; 0.458      ; 1.735      ;
; 1.125 ; pfs_8bit_reg:inst5|pfs_ff_enable:inst2|inst                            ; pfs_8bit_reg:inst6|pfs_ff_enable:inst4|inst                            ; ck           ; ck          ; 0.000        ; 0.062      ; 1.344      ;
; 1.165 ; pfs_neander_pc:inst1|pfs_gen_counter_8:inst|pfs_uc_unit:inst3|inst     ; pfs_neander_pc:inst1|pfs_gen_counter_8:inst|pfs_uc_unit:inst4|inst     ; ck           ; ck          ; 0.000        ; 0.064      ; 1.386      ;
; 1.165 ; pfs_neander_pc:inst1|pfs_gen_counter_8:inst|pfs_uc_unit:inst3|inst     ; pfs_neander_pc:inst1|pfs_gen_counter_8:inst|pfs_uc_unit:inst5|inst     ; ck           ; ck          ; 0.000        ; 0.064      ; 1.386      ;
; 1.185 ; pfs_8bit_reg:inst6|pfs_ff_enable:inst5|inst                            ; pfs_neander_pc:inst1|pfs_gen_counter_8:inst|pfs_uc_unit:inst3|inst     ; ck           ; ck          ; 0.000        ; 0.066      ; 1.408      ;
; 1.190 ; pfs_8bit_reg:inst6|pfs_ff_enable:inst4|inst                            ; pfs_neander_pc:inst1|pfs_gen_counter_8:inst|pfs_uc_unit:inst4|inst     ; ck           ; ck          ; 0.000        ; 0.068      ; 1.415      ;
; 1.190 ; pfs_8bit_reg:inst6|pfs_ff_enable:inst4|inst                            ; pfs_neander_pc:inst1|pfs_gen_counter_8:inst|pfs_uc_unit:inst5|inst     ; ck           ; ck          ; 0.000        ; 0.068      ; 1.415      ;
; 1.212 ; pfs_neander_control:inst|pfs_neander_temp:inst1|pfs_uc_unit:inst2|inst ; pfs_neander_control:inst|pfs_neander_temp:inst1|pfs_uc_unit:inst4|inst ; ck           ; ck          ; 0.000        ; 0.067      ; 1.436      ;
; 1.214 ; pfs_neander_control:inst|pfs_neander_temp:inst1|pfs_uc_unit:inst2|inst ; pfs_neander_control:inst|pfs_neander_temp:inst1|pfs_uc_unit:inst3|inst ; ck           ; ck          ; 0.000        ; 0.067      ; 1.438      ;
; 1.219 ; pfs_neander_pc:inst1|pfs_gen_counter_8:inst|pfs_uc_unit:inst2|inst     ; pfs_neander_pc:inst1|pfs_gen_counter_8:inst|pfs_uc_unit:inst3|inst     ; ck           ; ck          ; 0.000        ; 0.064      ; 1.440      ;
; 1.239 ; pfs_8bit_reg:inst6|pfs_ff_enable:inst2|inst                            ; pfs_8bit_reg:inst7|pfs_ff_enable:inst2|inst                            ; ck           ; ck          ; 0.000        ; 0.066      ; 1.462      ;
; 1.243 ; pfs_8bit_reg:inst5|pfs_ff_enable:inst5|inst                            ; pfs_8bit_reg:inst6|pfs_ff_enable:inst7|inst                            ; ck           ; ck          ; 0.000        ; 0.063      ; 1.463      ;
; 1.249 ; pfs_8bit_reg:inst5|pfs_ff_enable:inst|inst                             ; pfs_8bit_reg:inst6|pfs_ff_enable:inst4|inst                            ; ck           ; ck          ; 0.000        ; 0.062      ; 1.468      ;
; 1.259 ; pfs_8bit_reg:inst5|pfs_ff_enable:inst8|inst                            ; pfs_8bit_reg:inst6|pfs_ff_enable:inst2|inst                            ; ck           ; ck          ; 0.000        ; 0.062      ; 1.478      ;
; 1.262 ; pfs_neander_pc:inst1|pfs_gen_counter_8:inst|pfs_uc_unit:inst|inst      ; pfs_8bit_reg:inst5|pfs_ff_enable:inst8|inst                            ; ck           ; ck          ; 0.000        ; 0.064      ; 1.483      ;
; 1.269 ; pfs_8bit_reg:inst6|pfs_ff_enable:inst4|inst                            ; pfs_8bit_reg:inst3|pfs_ff_enable:inst4|inst                            ; ck           ; ck          ; 0.000        ; 0.470      ; 1.896      ;
; 1.283 ; pfs_neander_pc:inst1|pfs_gen_counter_8:inst|pfs_uc_unit:inst5|inst     ; pfs_neander_pc:inst1|pfs_gen_counter_8:inst|pfs_uc_unit:inst7|inst     ; ck           ; ck          ; 0.000        ; 0.065      ; 1.505      ;
; 1.284 ; pfs_neander_pc:inst1|pfs_gen_counter_8:inst|pfs_uc_unit:inst5|inst     ; pfs_neander_pc:inst1|pfs_gen_counter_8:inst|pfs_uc_unit:inst8|inst     ; ck           ; ck          ; 0.000        ; 0.065      ; 1.506      ;
; 1.298 ; pfs_8bit_reg:inst6|pfs_ff_enable:inst8|inst                            ; pfs_neander_pc:inst1|pfs_gen_counter_8:inst|pfs_uc_unit:inst|inst      ; ck           ; ck          ; 0.000        ; 0.064      ; 1.519      ;
; 1.307 ; pfs_8bit_reg:inst6|pfs_ff_enable:inst5|inst                            ; pfs_neander_pc:inst1|pfs_gen_counter_8:inst|pfs_uc_unit:inst4|inst     ; ck           ; ck          ; 0.000        ; 0.066      ; 1.530      ;
; 1.307 ; pfs_8bit_reg:inst6|pfs_ff_enable:inst5|inst                            ; pfs_neander_pc:inst1|pfs_gen_counter_8:inst|pfs_uc_unit:inst5|inst     ; ck           ; ck          ; 0.000        ; 0.066      ; 1.530      ;
; 1.313 ; pfs_neander_pc:inst1|pfs_gen_counter_8:inst|pfs_uc_unit:inst|inst      ; pfs_neander_pc:inst1|pfs_gen_counter_8:inst|pfs_uc_unit:inst2|inst     ; ck           ; ck          ; 0.000        ; 0.064      ; 1.534      ;
; 1.330 ; pfs_8bit_reg:inst5|pfs_ff_enable:inst6|inst                            ; pfs_8bit_reg:inst6|pfs_ff_enable:inst2|inst                            ; ck           ; ck          ; 0.000        ; 0.062      ; 1.549      ;
; 1.337 ; pfs_8bit_reg:inst6|pfs_ff_enable:inst|inst                             ; pfs_neander_pc:inst1|pfs_gen_counter_8:inst|pfs_uc_unit:inst8|inst     ; ck           ; ck          ; 0.000        ; 0.068      ; 1.562      ;
; 1.345 ; pfs_8bit_reg:inst3|pfs_ff_enable:inst|inst                             ; pfs_8bit_reg:inst3|pfs_ff_enable:inst|inst                             ; ck           ; ck          ; 0.000        ; 0.081      ; 1.583      ;
; 1.345 ; pfs_8bit_reg:inst5|pfs_ff_enable:inst|inst                             ; pfs_8bit_reg:inst6|pfs_ff_enable:inst2|inst                            ; ck           ; ck          ; 0.000        ; 0.063      ; 1.565      ;
; 1.347 ; pfs_8bit_reg:inst5|pfs_ff_enable:inst4|inst                            ; pfs_8bit_reg:inst6|pfs_ff_enable:inst7|inst                            ; ck           ; ck          ; 0.000        ; 0.063      ; 1.567      ;
; 1.352 ; pfs_8bit_reg:inst3|pfs_ff_enable:inst4|inst                            ; pfs_8bit_reg:inst3|pfs_ff_enable:inst4|inst                            ; ck           ; ck          ; 0.000        ; 0.081      ; 1.590      ;
; 1.362 ; pfs_8bit_reg:inst5|pfs_ff_enable:inst7|inst                            ; pfs_8bit_reg:inst6|pfs_ff_enable:inst2|inst                            ; ck           ; ck          ; 0.000        ; 0.063      ; 1.582      ;
; 1.364 ; pfs_neander_pc:inst1|pfs_gen_counter_8:inst|pfs_uc_unit:inst|inst      ; pfs_neander_pc:inst1|pfs_gen_counter_8:inst|pfs_uc_unit:inst1|inst     ; ck           ; ck          ; 0.000        ; 0.064      ; 1.585      ;
; 1.364 ; pfs_8bit_reg:inst5|pfs_ff_enable:inst8|inst                            ; pfs_8bit_reg:inst6|pfs_ff_enable:inst5|inst                            ; ck           ; ck          ; 0.000        ; 0.062      ; 1.583      ;
; 1.372 ; pfs_8bit_reg:inst7|pfs_ff_enable:inst4|inst                            ; pfs_8bit_reg:inst3|pfs_ff_enable:inst2|inst                            ; ck           ; ck          ; 0.000        ; 0.456      ; 1.985      ;
; 1.396 ; pfs_neander_pc:inst1|pfs_gen_counter_8:inst|pfs_uc_unit:inst4|inst     ; pfs_neander_pc:inst1|pfs_gen_counter_8:inst|pfs_uc_unit:inst7|inst     ; ck           ; ck          ; 0.000        ; 0.065      ; 1.618      ;
; 1.397 ; pfs_neander_pc:inst1|pfs_gen_counter_8:inst|pfs_uc_unit:inst4|inst     ; pfs_neander_pc:inst1|pfs_gen_counter_8:inst|pfs_uc_unit:inst8|inst     ; ck           ; ck          ; 0.000        ; 0.065      ; 1.619      ;
; 1.412 ; pfs_8bit_reg:inst7|pfs_ff_enable:inst3|inst                            ; pfs_8bit_reg:inst3|pfs_ff_enable:inst5|inst                            ; ck           ; ck          ; 0.000        ; 0.065      ; 1.634      ;
; 1.416 ; pfs_8bit_reg:inst6|pfs_ff_enable:inst7|inst                            ; pfs_neander_pc:inst1|pfs_gen_counter_8:inst|pfs_uc_unit:inst2|inst     ; ck           ; ck          ; 0.000        ; 0.066      ; 1.639      ;
; 1.423 ; pfs_8bit_reg:inst5|pfs_ff_enable:inst4|inst                            ; pfs_8bit_reg:inst6|pfs_ff_enable:inst5|inst                            ; ck           ; ck          ; 0.000        ; 0.063      ; 1.643      ;
; 1.430 ; pfs_neander_pc:inst1|pfs_gen_counter_8:inst|pfs_uc_unit:inst1|inst     ; pfs_neander_pc:inst1|pfs_gen_counter_8:inst|pfs_uc_unit:inst3|inst     ; ck           ; ck          ; 0.000        ; 0.064      ; 1.651      ;
; 1.442 ; pfs_8bit_reg:inst6|pfs_ff_enable:inst3|inst                            ; pfs_8bit_reg:inst3|pfs_ff_enable:inst3|inst                            ; ck           ; ck          ; 0.000        ; 0.069      ; 1.668      ;
; 1.451 ; pfs_8bit_reg:inst5|pfs_ff_enable:inst4|inst                            ; pfs_8bit_reg:inst6|pfs_ff_enable:inst2|inst                            ; ck           ; ck          ; 0.000        ; 0.063      ; 1.671      ;
; 1.454 ; pfs_8bit_reg:inst5|pfs_ff_enable:inst5|inst                            ; pfs_8bit_reg:inst6|pfs_ff_enable:inst5|inst                            ; ck           ; ck          ; 0.000        ; 0.063      ; 1.674      ;
; 1.456 ; pfs_neander_pc:inst1|pfs_gen_counter_8:inst|pfs_uc_unit:inst3|inst     ; pfs_neander_pc:inst1|pfs_gen_counter_8:inst|pfs_uc_unit:inst7|inst     ; ck           ; ck          ; 0.000        ; 0.064      ; 1.677      ;
; 1.457 ; pfs_neander_pc:inst1|pfs_gen_counter_8:inst|pfs_uc_unit:inst3|inst     ; pfs_neander_pc:inst1|pfs_gen_counter_8:inst|pfs_uc_unit:inst8|inst     ; ck           ; ck          ; 0.000        ; 0.064      ; 1.678      ;
; 1.467 ; pfs_8bit_reg:inst5|pfs_ff_enable:inst4|inst                            ; pfs_8bit_reg:inst6|pfs_ff_enable:inst4|inst                            ; ck           ; ck          ; 0.000        ; 0.062      ; 1.686      ;
; 1.472 ; pfs_8bit_reg:inst5|pfs_ff_enable:inst5|inst                            ; pfs_8bit_reg:inst6|pfs_ff_enable:inst2|inst                            ; ck           ; ck          ; 0.000        ; 0.063      ; 1.692      ;
; 1.475 ; pfs_8bit_reg:inst5|pfs_ff_enable:inst|inst                             ; pfs_8bit_reg:inst6|pfs_ff_enable:inst5|inst                            ; ck           ; ck          ; 0.000        ; 0.063      ; 1.695      ;
; 1.481 ; pfs_8bit_reg:inst6|pfs_ff_enable:inst3|inst                            ; pfs_neander_pc:inst1|pfs_gen_counter_8:inst|pfs_uc_unit:inst5|inst     ; ck           ; ck          ; 0.000        ; 0.068      ; 1.706      ;
; 1.501 ; pfs_8bit_reg:inst5|pfs_ff_enable:inst|inst                             ; pfs_8bit_reg:inst6|pfs_ff_enable:inst|inst                             ; ck           ; ck          ; 0.000        ; 0.062      ; 1.720      ;
; 1.512 ; pfs_neander_pc:inst1|pfs_gen_counter_8:inst|pfs_uc_unit:inst7|inst     ; pfs_neander_pc:inst1|pfs_gen_counter_8:inst|pfs_uc_unit:inst8|inst     ; ck           ; ck          ; 0.000        ; 0.065      ; 1.734      ;
; 1.532 ; pfs_8bit_reg:inst7|pfs_ff_enable:inst|inst                             ; pfs_neander_pc:inst1|pfs_gen_counter_8:inst|pfs_uc_unit:inst|inst      ; ck           ; ck          ; 0.000        ; 0.065      ; 1.754      ;
; 1.533 ; pfs_8bit_reg:inst6|pfs_ff_enable:inst|inst                             ; pfs_8bit_reg:inst3|pfs_ff_enable:inst|inst                             ; ck           ; ck          ; 0.000        ; 0.470      ; 2.160      ;
; 1.536 ; pfs_8bit_reg:inst7|pfs_ff_enable:inst|inst                             ; pfs_neander_pc:inst1|pfs_gen_counter_8:inst|pfs_uc_unit:inst1|inst     ; ck           ; ck          ; 0.000        ; 0.065      ; 1.758      ;
; 1.538 ; pfs_8bit_reg:inst5|pfs_ff_enable:inst8|inst                            ; pfs_8bit_reg:inst6|pfs_ff_enable:inst4|inst                            ; ck           ; ck          ; 0.000        ; 0.061      ; 1.756      ;
; 1.543 ; pfs_8bit_reg:inst5|pfs_ff_enable:inst2|inst                            ; pfs_8bit_reg:inst6|pfs_ff_enable:inst|inst                             ; ck           ; ck          ; 0.000        ; 0.062      ; 1.762      ;
; 1.571 ; pfs_8bit_reg:inst5|pfs_ff_enable:inst2|inst                            ; pfs_8bit_reg:inst6|pfs_ff_enable:inst3|inst                            ; ck           ; ck          ; 0.000        ; 0.062      ; 1.790      ;
; 1.573 ; pfs_8bit_reg:inst5|pfs_ff_enable:inst6|inst                            ; pfs_8bit_reg:inst6|pfs_ff_enable:inst7|inst                            ; ck           ; ck          ; 0.000        ; 0.062      ; 1.792      ;
; 1.578 ; pfs_neander_pc:inst1|pfs_gen_counter_8:inst|pfs_uc_unit:inst2|inst     ; pfs_neander_pc:inst1|pfs_gen_counter_8:inst|pfs_uc_unit:inst5|inst     ; ck           ; ck          ; 0.000        ; 0.064      ; 1.799      ;
+-------+------------------------------------------------------------------------+------------------------------------------------------------------------+--------------+-------------+--------------+------------+------------+


+--------------------------------------------------------------------------------------------------------------------------------------------------------+
; Slow 1200mV 85C Model Minimum Pulse Width: 'ck'                                                                                                        ;
+--------+--------------+----------------+-----------------+-------+------------+------------------------------------------------------------------------+
; Slack  ; Actual Width ; Required Width ; Type            ; Clock ; Clock Edge ; Target                                                                 ;
+--------+--------------+----------------+-----------------+-------+------------+------------------------------------------------------------------------+
; -3.000 ; 1.000        ; 4.000          ; Port Rate       ; ck    ; Rise       ; ck                                                                     ;
; -1.000 ; 1.000        ; 2.000          ; Min Period      ; ck    ; Rise       ; pfs_8bit_reg:inst3|pfs_ff_enable:inst2|inst                            ;
; -1.000 ; 1.000        ; 2.000          ; Min Period      ; ck    ; Rise       ; pfs_8bit_reg:inst3|pfs_ff_enable:inst3|inst                            ;
; -1.000 ; 1.000        ; 2.000          ; Min Period      ; ck    ; Rise       ; pfs_8bit_reg:inst3|pfs_ff_enable:inst4|inst                            ;
; -1.000 ; 1.000        ; 2.000          ; Min Period      ; ck    ; Rise       ; pfs_8bit_reg:inst3|pfs_ff_enable:inst5|inst                            ;
; -1.000 ; 1.000        ; 2.000          ; Min Period      ; ck    ; Rise       ; pfs_8bit_reg:inst3|pfs_ff_enable:inst6|inst                            ;
; -1.000 ; 1.000        ; 2.000          ; Min Period      ; ck    ; Rise       ; pfs_8bit_reg:inst3|pfs_ff_enable:inst7|inst                            ;
; -1.000 ; 1.000        ; 2.000          ; Min Period      ; ck    ; Rise       ; pfs_8bit_reg:inst3|pfs_ff_enable:inst8|inst                            ;
; -1.000 ; 1.000        ; 2.000          ; Min Period      ; ck    ; Rise       ; pfs_8bit_reg:inst3|pfs_ff_enable:inst|inst                             ;
; -1.000 ; 1.000        ; 2.000          ; Min Period      ; ck    ; Rise       ; pfs_8bit_reg:inst5|pfs_ff_enable:inst2|inst                            ;
; -1.000 ; 1.000        ; 2.000          ; Min Period      ; ck    ; Rise       ; pfs_8bit_reg:inst5|pfs_ff_enable:inst3|inst                            ;
; -1.000 ; 1.000        ; 2.000          ; Min Period      ; ck    ; Rise       ; pfs_8bit_reg:inst5|pfs_ff_enable:inst4|inst                            ;
; -1.000 ; 1.000        ; 2.000          ; Min Period      ; ck    ; Rise       ; pfs_8bit_reg:inst5|pfs_ff_enable:inst5|inst                            ;
; -1.000 ; 1.000        ; 2.000          ; Min Period      ; ck    ; Rise       ; pfs_8bit_reg:inst5|pfs_ff_enable:inst6|inst                            ;
; -1.000 ; 1.000        ; 2.000          ; Min Period      ; ck    ; Rise       ; pfs_8bit_reg:inst5|pfs_ff_enable:inst7|inst                            ;
; -1.000 ; 1.000        ; 2.000          ; Min Period      ; ck    ; Rise       ; pfs_8bit_reg:inst5|pfs_ff_enable:inst8|inst                            ;
; -1.000 ; 1.000        ; 2.000          ; Min Period      ; ck    ; Rise       ; pfs_8bit_reg:inst5|pfs_ff_enable:inst|inst                             ;
; -1.000 ; 1.000        ; 2.000          ; Min Period      ; ck    ; Rise       ; pfs_8bit_reg:inst6|pfs_ff_enable:inst2|inst                            ;
; -1.000 ; 1.000        ; 2.000          ; Min Period      ; ck    ; Rise       ; pfs_8bit_reg:inst6|pfs_ff_enable:inst3|inst                            ;
; -1.000 ; 1.000        ; 2.000          ; Min Period      ; ck    ; Rise       ; pfs_8bit_reg:inst6|pfs_ff_enable:inst4|inst                            ;
; -1.000 ; 1.000        ; 2.000          ; Min Period      ; ck    ; Rise       ; pfs_8bit_reg:inst6|pfs_ff_enable:inst5|inst                            ;
; -1.000 ; 1.000        ; 2.000          ; Min Period      ; ck    ; Rise       ; pfs_8bit_reg:inst6|pfs_ff_enable:inst6|inst                            ;
; -1.000 ; 1.000        ; 2.000          ; Min Period      ; ck    ; Rise       ; pfs_8bit_reg:inst6|pfs_ff_enable:inst7|inst                            ;
; -1.000 ; 1.000        ; 2.000          ; Min Period      ; ck    ; Rise       ; pfs_8bit_reg:inst6|pfs_ff_enable:inst8|inst                            ;
; -1.000 ; 1.000        ; 2.000          ; Min Period      ; ck    ; Rise       ; pfs_8bit_reg:inst6|pfs_ff_enable:inst|inst                             ;
; -1.000 ; 1.000        ; 2.000          ; Min Period      ; ck    ; Rise       ; pfs_8bit_reg:inst7|pfs_ff_enable:inst2|inst                            ;
; -1.000 ; 1.000        ; 2.000          ; Min Period      ; ck    ; Rise       ; pfs_8bit_reg:inst7|pfs_ff_enable:inst3|inst                            ;
; -1.000 ; 1.000        ; 2.000          ; Min Period      ; ck    ; Rise       ; pfs_8bit_reg:inst7|pfs_ff_enable:inst4|inst                            ;
; -1.000 ; 1.000        ; 2.000          ; Min Period      ; ck    ; Rise       ; pfs_8bit_reg:inst7|pfs_ff_enable:inst5|inst                            ;
; -1.000 ; 1.000        ; 2.000          ; Min Period      ; ck    ; Rise       ; pfs_8bit_reg:inst7|pfs_ff_enable:inst6|inst                            ;
; -1.000 ; 1.000        ; 2.000          ; Min Period      ; ck    ; Rise       ; pfs_8bit_reg:inst7|pfs_ff_enable:inst7|inst                            ;
; -1.000 ; 1.000        ; 2.000          ; Min Period      ; ck    ; Rise       ; pfs_8bit_reg:inst7|pfs_ff_enable:inst8|inst                            ;
; -1.000 ; 1.000        ; 2.000          ; Min Period      ; ck    ; Rise       ; pfs_8bit_reg:inst7|pfs_ff_enable:inst|inst                             ;
; -1.000 ; 1.000        ; 2.000          ; Min Period      ; ck    ; Rise       ; pfs_neander_control:inst|pfs_neander_temp:inst1|pfs_uc_unit:inst2|inst ;
; -1.000 ; 1.000        ; 2.000          ; Min Period      ; ck    ; Rise       ; pfs_neander_control:inst|pfs_neander_temp:inst1|pfs_uc_unit:inst3|inst ;
; -1.000 ; 1.000        ; 2.000          ; Min Period      ; ck    ; Rise       ; pfs_neander_control:inst|pfs_neander_temp:inst1|pfs_uc_unit:inst4|inst ;
; -1.000 ; 1.000        ; 2.000          ; Min Period      ; ck    ; Rise       ; pfs_neander_pc:inst1|pfs_gen_counter_8:inst|pfs_uc_unit:inst1|inst     ;
; -1.000 ; 1.000        ; 2.000          ; Min Period      ; ck    ; Rise       ; pfs_neander_pc:inst1|pfs_gen_counter_8:inst|pfs_uc_unit:inst2|inst     ;
; -1.000 ; 1.000        ; 2.000          ; Min Period      ; ck    ; Rise       ; pfs_neander_pc:inst1|pfs_gen_counter_8:inst|pfs_uc_unit:inst3|inst     ;
; -1.000 ; 1.000        ; 2.000          ; Min Period      ; ck    ; Rise       ; pfs_neander_pc:inst1|pfs_gen_counter_8:inst|pfs_uc_unit:inst4|inst     ;
; -1.000 ; 1.000        ; 2.000          ; Min Period      ; ck    ; Rise       ; pfs_neander_pc:inst1|pfs_gen_counter_8:inst|pfs_uc_unit:inst5|inst     ;
; -1.000 ; 1.000        ; 2.000          ; Min Period      ; ck    ; Rise       ; pfs_neander_pc:inst1|pfs_gen_counter_8:inst|pfs_uc_unit:inst7|inst     ;
; -1.000 ; 1.000        ; 2.000          ; Min Period      ; ck    ; Rise       ; pfs_neander_pc:inst1|pfs_gen_counter_8:inst|pfs_uc_unit:inst8|inst     ;
; -1.000 ; 1.000        ; 2.000          ; Min Period      ; ck    ; Rise       ; pfs_neander_pc:inst1|pfs_gen_counter_8:inst|pfs_uc_unit:inst|inst      ;
; 0.197  ; 0.381        ; 0.184          ; Low Pulse Width ; ck    ; Rise       ; pfs_8bit_reg:inst3|pfs_ff_enable:inst4|inst                            ;
; 0.197  ; 0.381        ; 0.184          ; Low Pulse Width ; ck    ; Rise       ; pfs_8bit_reg:inst3|pfs_ff_enable:inst|inst                             ;
; 0.198  ; 0.382        ; 0.184          ; Low Pulse Width ; ck    ; Rise       ; pfs_8bit_reg:inst3|pfs_ff_enable:inst2|inst                            ;
; 0.205  ; 0.389        ; 0.184          ; Low Pulse Width ; ck    ; Rise       ; pfs_8bit_reg:inst6|pfs_ff_enable:inst6|inst                            ;
; 0.213  ; 0.397        ; 0.184          ; Low Pulse Width ; ck    ; Rise       ; pfs_8bit_reg:inst5|pfs_ff_enable:inst6|inst                            ;
; 0.213  ; 0.397        ; 0.184          ; Low Pulse Width ; ck    ; Rise       ; pfs_8bit_reg:inst5|pfs_ff_enable:inst8|inst                            ;
; 0.213  ; 0.397        ; 0.184          ; Low Pulse Width ; ck    ; Rise       ; pfs_neander_pc:inst1|pfs_gen_counter_8:inst|pfs_uc_unit:inst1|inst     ;
; 0.213  ; 0.397        ; 0.184          ; Low Pulse Width ; ck    ; Rise       ; pfs_neander_pc:inst1|pfs_gen_counter_8:inst|pfs_uc_unit:inst2|inst     ;
; 0.213  ; 0.397        ; 0.184          ; Low Pulse Width ; ck    ; Rise       ; pfs_neander_pc:inst1|pfs_gen_counter_8:inst|pfs_uc_unit:inst3|inst     ;
; 0.213  ; 0.397        ; 0.184          ; Low Pulse Width ; ck    ; Rise       ; pfs_neander_pc:inst1|pfs_gen_counter_8:inst|pfs_uc_unit:inst|inst      ;
; 0.214  ; 0.398        ; 0.184          ; Low Pulse Width ; ck    ; Rise       ; pfs_8bit_reg:inst3|pfs_ff_enable:inst3|inst                            ;
; 0.214  ; 0.398        ; 0.184          ; Low Pulse Width ; ck    ; Rise       ; pfs_8bit_reg:inst3|pfs_ff_enable:inst5|inst                            ;
; 0.214  ; 0.398        ; 0.184          ; Low Pulse Width ; ck    ; Rise       ; pfs_8bit_reg:inst3|pfs_ff_enable:inst6|inst                            ;
; 0.214  ; 0.398        ; 0.184          ; Low Pulse Width ; ck    ; Rise       ; pfs_8bit_reg:inst3|pfs_ff_enable:inst7|inst                            ;
; 0.214  ; 0.398        ; 0.184          ; Low Pulse Width ; ck    ; Rise       ; pfs_8bit_reg:inst3|pfs_ff_enable:inst8|inst                            ;
; 0.214  ; 0.398        ; 0.184          ; Low Pulse Width ; ck    ; Rise       ; pfs_8bit_reg:inst5|pfs_ff_enable:inst2|inst                            ;
; 0.214  ; 0.398        ; 0.184          ; Low Pulse Width ; ck    ; Rise       ; pfs_8bit_reg:inst5|pfs_ff_enable:inst3|inst                            ;
; 0.214  ; 0.398        ; 0.184          ; Low Pulse Width ; ck    ; Rise       ; pfs_8bit_reg:inst5|pfs_ff_enable:inst4|inst                            ;
; 0.214  ; 0.398        ; 0.184          ; Low Pulse Width ; ck    ; Rise       ; pfs_8bit_reg:inst5|pfs_ff_enable:inst5|inst                            ;
; 0.214  ; 0.398        ; 0.184          ; Low Pulse Width ; ck    ; Rise       ; pfs_8bit_reg:inst5|pfs_ff_enable:inst7|inst                            ;
; 0.214  ; 0.398        ; 0.184          ; Low Pulse Width ; ck    ; Rise       ; pfs_8bit_reg:inst5|pfs_ff_enable:inst|inst                             ;
; 0.214  ; 0.398        ; 0.184          ; Low Pulse Width ; ck    ; Rise       ; pfs_8bit_reg:inst6|pfs_ff_enable:inst2|inst                            ;
; 0.214  ; 0.398        ; 0.184          ; Low Pulse Width ; ck    ; Rise       ; pfs_8bit_reg:inst6|pfs_ff_enable:inst3|inst                            ;
; 0.214  ; 0.398        ; 0.184          ; Low Pulse Width ; ck    ; Rise       ; pfs_8bit_reg:inst6|pfs_ff_enable:inst4|inst                            ;
; 0.214  ; 0.398        ; 0.184          ; Low Pulse Width ; ck    ; Rise       ; pfs_8bit_reg:inst6|pfs_ff_enable:inst5|inst                            ;
; 0.214  ; 0.398        ; 0.184          ; Low Pulse Width ; ck    ; Rise       ; pfs_8bit_reg:inst6|pfs_ff_enable:inst7|inst                            ;
; 0.214  ; 0.398        ; 0.184          ; Low Pulse Width ; ck    ; Rise       ; pfs_8bit_reg:inst6|pfs_ff_enable:inst8|inst                            ;
; 0.214  ; 0.398        ; 0.184          ; Low Pulse Width ; ck    ; Rise       ; pfs_8bit_reg:inst6|pfs_ff_enable:inst|inst                             ;
; 0.214  ; 0.398        ; 0.184          ; Low Pulse Width ; ck    ; Rise       ; pfs_8bit_reg:inst7|pfs_ff_enable:inst2|inst                            ;
; 0.214  ; 0.398        ; 0.184          ; Low Pulse Width ; ck    ; Rise       ; pfs_8bit_reg:inst7|pfs_ff_enable:inst3|inst                            ;
; 0.214  ; 0.398        ; 0.184          ; Low Pulse Width ; ck    ; Rise       ; pfs_8bit_reg:inst7|pfs_ff_enable:inst4|inst                            ;
; 0.214  ; 0.398        ; 0.184          ; Low Pulse Width ; ck    ; Rise       ; pfs_8bit_reg:inst7|pfs_ff_enable:inst5|inst                            ;
; 0.214  ; 0.398        ; 0.184          ; Low Pulse Width ; ck    ; Rise       ; pfs_8bit_reg:inst7|pfs_ff_enable:inst6|inst                            ;
; 0.214  ; 0.398        ; 0.184          ; Low Pulse Width ; ck    ; Rise       ; pfs_8bit_reg:inst7|pfs_ff_enable:inst7|inst                            ;
; 0.214  ; 0.398        ; 0.184          ; Low Pulse Width ; ck    ; Rise       ; pfs_8bit_reg:inst7|pfs_ff_enable:inst8|inst                            ;
; 0.214  ; 0.398        ; 0.184          ; Low Pulse Width ; ck    ; Rise       ; pfs_8bit_reg:inst7|pfs_ff_enable:inst|inst                             ;
; 0.214  ; 0.398        ; 0.184          ; Low Pulse Width ; ck    ; Rise       ; pfs_neander_control:inst|pfs_neander_temp:inst1|pfs_uc_unit:inst2|inst ;
; 0.214  ; 0.398        ; 0.184          ; Low Pulse Width ; ck    ; Rise       ; pfs_neander_control:inst|pfs_neander_temp:inst1|pfs_uc_unit:inst3|inst ;
; 0.214  ; 0.398        ; 0.184          ; Low Pulse Width ; ck    ; Rise       ; pfs_neander_control:inst|pfs_neander_temp:inst1|pfs_uc_unit:inst4|inst ;
; 0.214  ; 0.398        ; 0.184          ; Low Pulse Width ; ck    ; Rise       ; pfs_neander_pc:inst1|pfs_gen_counter_8:inst|pfs_uc_unit:inst4|inst     ;
; 0.214  ; 0.398        ; 0.184          ; Low Pulse Width ; ck    ; Rise       ; pfs_neander_pc:inst1|pfs_gen_counter_8:inst|pfs_uc_unit:inst5|inst     ;
; 0.214  ; 0.398        ; 0.184          ; Low Pulse Width ; ck    ; Rise       ; pfs_neander_pc:inst1|pfs_gen_counter_8:inst|pfs_uc_unit:inst7|inst     ;
; 0.214  ; 0.398        ; 0.184          ; Low Pulse Width ; ck    ; Rise       ; pfs_neander_pc:inst1|pfs_gen_counter_8:inst|pfs_uc_unit:inst8|inst     ;
; 0.326  ; 0.326        ; 0.000          ; Low Pulse Width ; ck    ; Rise       ; ck~input|o                                                             ;
; 0.339  ; 0.339        ; 0.000          ; Low Pulse Width ; ck    ; Rise       ; ck~inputclkctrl|inclk[0]                                               ;
; 0.339  ; 0.339        ; 0.000          ; Low Pulse Width ; ck    ; Rise       ; ck~inputclkctrl|outclk                                                 ;
; 0.358  ; 0.358        ; 0.000          ; Low Pulse Width ; ck    ; Rise       ; inst3|inst4|inst|clk                                                   ;
; 0.358  ; 0.358        ; 0.000          ; Low Pulse Width ; ck    ; Rise       ; inst3|inst|inst|clk                                                    ;
; 0.359  ; 0.359        ; 0.000          ; Low Pulse Width ; ck    ; Rise       ; inst3|inst2|inst|clk                                                   ;
; 0.366  ; 0.366        ; 0.000          ; Low Pulse Width ; ck    ; Rise       ; inst6|inst6|inst|clk                                                   ;
; 0.374  ; 0.374        ; 0.000          ; Low Pulse Width ; ck    ; Rise       ; inst1|inst|inst4|inst|clk                                              ;
; 0.374  ; 0.374        ; 0.000          ; Low Pulse Width ; ck    ; Rise       ; inst1|inst|inst5|inst|clk                                              ;
; 0.374  ; 0.374        ; 0.000          ; Low Pulse Width ; ck    ; Rise       ; inst1|inst|inst7|inst|clk                                              ;
; 0.374  ; 0.374        ; 0.000          ; Low Pulse Width ; ck    ; Rise       ; inst1|inst|inst8|inst|clk                                              ;
; 0.374  ; 0.374        ; 0.000          ; Low Pulse Width ; ck    ; Rise       ; inst3|inst3|inst|clk                                                   ;
; 0.374  ; 0.374        ; 0.000          ; Low Pulse Width ; ck    ; Rise       ; inst3|inst5|inst|clk                                                   ;
+--------+--------------+----------------+-----------------+-------+------------+------------------------------------------------------------------------+


+-------------------------------------------------------------------------+
; Clock to Output Times                                                   ;
+-----------+------------+--------+--------+------------+-----------------+
; Data Port ; Clock Port ; Rise   ; Fall   ; Clock Edge ; Clock Reference ;
+-----------+------------+--------+--------+------------+-----------------+
; AC[*]     ; ck         ; 8.630  ; 8.661  ; Rise       ; ck              ;
;  AC[0]    ; ck         ; 6.944  ; 6.947  ; Rise       ; ck              ;
;  AC[1]    ; ck         ; 6.602  ; 6.578  ; Rise       ; ck              ;
;  AC[2]    ; ck         ; 7.310  ; 7.287  ; Rise       ; ck              ;
;  AC[3]    ; ck         ; 7.107  ; 7.041  ; Rise       ; ck              ;
;  AC[4]    ; ck         ; 7.201  ; 7.150  ; Rise       ; ck              ;
;  AC[5]    ; ck         ; 6.677  ; 6.620  ; Rise       ; ck              ;
;  AC[6]    ; ck         ; 7.343  ; 7.363  ; Rise       ; ck              ;
;  AC[7]    ; ck         ; 8.630  ; 8.661  ; Rise       ; ck              ;
; MEM[*]    ; ck         ; 10.493 ; 10.470 ; Rise       ; ck              ;
;  MEM[0]   ; ck         ; 10.259 ; 10.196 ; Rise       ; ck              ;
;  MEM[1]   ; ck         ; 10.007 ; 10.036 ; Rise       ; ck              ;
;  MEM[2]   ; ck         ; 9.060  ; 9.072  ; Rise       ; ck              ;
;  MEM[3]   ; ck         ; 8.781  ; 8.705  ; Rise       ; ck              ;
;  MEM[4]   ; ck         ; 10.493 ; 10.470 ; Rise       ; ck              ;
;  MEM[5]   ; ck         ; 9.595  ; 9.666  ; Rise       ; ck              ;
;  MEM[6]   ; ck         ; 9.419  ; 9.350  ; Rise       ; ck              ;
;  MEM[7]   ; ck         ; 9.747  ; 9.709  ; Rise       ; ck              ;
; MUX[*]    ; ck         ; 11.181 ; 11.204 ; Rise       ; ck              ;
;  MUX[0]   ; ck         ; 10.001 ; 9.922  ; Rise       ; ck              ;
;  MUX[1]   ; ck         ; 10.867 ; 10.790 ; Rise       ; ck              ;
;  MUX[2]   ; ck         ; 10.572 ; 10.496 ; Rise       ; ck              ;
;  MUX[3]   ; ck         ; 10.892 ; 10.804 ; Rise       ; ck              ;
;  MUX[4]   ; ck         ; 11.181 ; 11.204 ; Rise       ; ck              ;
;  MUX[5]   ; ck         ; 11.018 ; 10.971 ; Rise       ; ck              ;
;  MUX[6]   ; ck         ; 11.097 ; 11.028 ; Rise       ; ck              ;
;  MUX[7]   ; ck         ; 11.042 ; 10.993 ; Rise       ; ck              ;
; PC[*]     ; ck         ; 10.926 ; 10.855 ; Rise       ; ck              ;
;  PC[0]    ; ck         ; 10.066 ; 9.994  ; Rise       ; ck              ;
;  PC[1]    ; ck         ; 10.315 ; 10.261 ; Rise       ; ck              ;
;  PC[2]    ; ck         ; 9.975  ; 9.871  ; Rise       ; ck              ;
;  PC[3]    ; ck         ; 10.782 ; 10.755 ; Rise       ; ck              ;
;  PC[4]    ; ck         ; 10.255 ; 10.217 ; Rise       ; ck              ;
;  PC[5]    ; ck         ; 10.926 ; 10.855 ; Rise       ; ck              ;
;  PC[6]    ; ck         ; 9.886  ; 9.852  ; Rise       ; ck              ;
;  PC[7]    ; ck         ; 10.023 ; 9.930  ; Rise       ; ck              ;
; RDM[*]    ; ck         ; 6.807  ; 6.770  ; Rise       ; ck              ;
;  RDM[0]   ; ck         ; 6.577  ; 6.543  ; Rise       ; ck              ;
;  RDM[1]   ; ck         ; 6.766  ; 6.730  ; Rise       ; ck              ;
;  RDM[2]   ; ck         ; 6.527  ; 6.451  ; Rise       ; ck              ;
;  RDM[3]   ; ck         ; 6.495  ; 6.457  ; Rise       ; ck              ;
;  RDM[4]   ; ck         ; 6.517  ; 6.464  ; Rise       ; ck              ;
;  RDM[5]   ; ck         ; 6.781  ; 6.741  ; Rise       ; ck              ;
;  RDM[6]   ; ck         ; 6.753  ; 6.711  ; Rise       ; ck              ;
;  RDM[7]   ; ck         ; 6.807  ; 6.770  ; Rise       ; ck              ;
; REM[*]    ; ck         ; 7.302  ; 7.261  ; Rise       ; ck              ;
;  REM[0]   ; ck         ; 7.071  ; 7.023  ; Rise       ; ck              ;
;  REM[1]   ; ck         ; 6.889  ; 6.868  ; Rise       ; ck              ;
;  REM[2]   ; ck         ; 7.095  ; 7.069  ; Rise       ; ck              ;
;  REM[3]   ; ck         ; 6.760  ; 6.717  ; Rise       ; ck              ;
;  REM[4]   ; ck         ; 6.169  ; 6.112  ; Rise       ; ck              ;
;  REM[5]   ; ck         ; 7.302  ; 7.261  ; Rise       ; ck              ;
;  REM[6]   ; ck         ; 7.176  ; 7.135  ; Rise       ; ck              ;
;  REM[7]   ; ck         ; 6.770  ; 6.717  ; Rise       ; ck              ;
; RI[*]     ; ck         ; 7.556  ; 7.542  ; Rise       ; ck              ;
;  RI[0]    ; ck         ; 7.556  ; 7.542  ; Rise       ; ck              ;
;  RI[1]    ; ck         ; 6.793  ; 6.772  ; Rise       ; ck              ;
;  RI[2]    ; ck         ; 6.929  ; 6.931  ; Rise       ; ck              ;
;  RI[3]    ; ck         ; 6.883  ; 6.826  ; Rise       ; ck              ;
;  RI[4]    ; ck         ; 7.030  ; 7.026  ; Rise       ; ck              ;
;  RI[5]    ; ck         ; 6.625  ; 6.591  ; Rise       ; ck              ;
;  RI[6]    ; ck         ; 6.675  ; 6.653  ; Rise       ; ck              ;
;  RI[7]    ; ck         ; 7.395  ; 7.373  ; Rise       ; ck              ;
; T[*]      ; ck         ; 9.342  ; 9.298  ; Rise       ; ck              ;
;  T[0]     ; ck         ; 8.232  ; 8.092  ; Rise       ; ck              ;
;  T[1]     ; ck         ; 8.388  ; 8.204  ; Rise       ; ck              ;
;  T[2]     ; ck         ; 9.342  ; 9.298  ; Rise       ; ck              ;
;  T[3]     ; ck         ; 7.795  ; 7.682  ; Rise       ; ck              ;
;  T[4]     ; ck         ; 8.517  ; 8.521  ; Rise       ; ck              ;
;  T[5]     ; ck         ; 8.970  ; 9.029  ; Rise       ; ck              ;
;  T[6]     ; ck         ; 7.793  ; 7.714  ; Rise       ; ck              ;
;  T[7]     ; ck         ; 7.643  ; 7.616  ; Rise       ; ck              ;
; ULA[*]    ; ck         ; 13.777 ; 13.804 ; Rise       ; ck              ;
;  ULA[0]   ; ck         ; 9.303  ; 9.182  ; Rise       ; ck              ;
;  ULA[1]   ; ck         ; 10.400 ; 10.336 ; Rise       ; ck              ;
;  ULA[2]   ; ck         ; 9.806  ; 9.760  ; Rise       ; ck              ;
;  ULA[3]   ; ck         ; 11.624 ; 11.580 ; Rise       ; ck              ;
;  ULA[4]   ; ck         ; 11.712 ; 11.640 ; Rise       ; ck              ;
;  ULA[5]   ; ck         ; 12.233 ; 12.236 ; Rise       ; ck              ;
;  ULA[6]   ; ck         ; 13.777 ; 13.804 ; Rise       ; ck              ;
;  ULA[7]   ; ck         ; 12.487 ; 12.394 ; Rise       ; ck              ;
; cg_AC     ; ck         ; 8.798  ; 8.771  ; Rise       ; ck              ;
; cg_PC     ; ck         ; 9.272  ; 9.087  ; Rise       ; ck              ;
; cg_RDM    ; ck         ; 9.068  ; 8.875  ; Rise       ; ck              ;
; cg_REM    ; ck         ; 9.364  ; 9.179  ; Rise       ; ck              ;
; cg_RI     ; ck         ; 8.541  ; 8.377  ; Rise       ; ck              ;
; i_add     ; ck         ; 9.283  ; 9.335  ; Rise       ; ck              ;
; i_and     ; ck         ; 8.558  ; 8.556  ; Rise       ; ck              ;
; i_lda     ; ck         ; 8.976  ; 8.884  ; Rise       ; ck              ;
; i_not     ; ck         ; 7.751  ; 7.728  ; Rise       ; ck              ;
; i_or      ; ck         ; 8.408  ; 8.436  ; Rise       ; ck              ;
; inc_pc    ; ck         ; 9.222  ; 9.281  ; Rise       ; ck              ;
; mux_REM   ; ck         ; 8.192  ; 8.244  ; Rise       ; ck              ;
; n         ; ck         ; 8.661  ; 8.630  ; Rise       ; ck              ;
; tempo[*]  ; ck         ; 7.567  ; 7.583  ; Rise       ; ck              ;
;  tempo[0] ; ck         ; 7.235  ; 7.176  ; Rise       ; ck              ;
;  tempo[1] ; ck         ; 6.636  ; 6.608  ; Rise       ; ck              ;
;  tempo[2] ; ck         ; 7.567  ; 7.583  ; Rise       ; ck              ;
; z         ; ck         ; 9.137  ; 9.137  ; Rise       ; ck              ;
+-----------+------------+--------+--------+------------+-----------------+


+-----------------------------------------------------------------------+
; Minimum Clock to Output Times                                         ;
+-----------+------------+-------+-------+------------+-----------------+
; Data Port ; Clock Port ; Rise  ; Fall  ; Clock Edge ; Clock Reference ;
+-----------+------------+-------+-------+------------+-----------------+
; AC[*]     ; ck         ; 6.382 ; 6.357 ; Rise       ; ck              ;
;  AC[0]    ; ck         ; 6.712 ; 6.712 ; Rise       ; ck              ;
;  AC[1]    ; ck         ; 6.382 ; 6.357 ; Rise       ; ck              ;
;  AC[2]    ; ck         ; 7.062 ; 7.036 ; Rise       ; ck              ;
;  AC[3]    ; ck         ; 6.867 ; 6.800 ; Rise       ; ck              ;
;  AC[4]    ; ck         ; 6.958 ; 6.907 ; Rise       ; ck              ;
;  AC[5]    ; ck         ; 6.448 ; 6.389 ; Rise       ; ck              ;
;  AC[6]    ; ck         ; 7.093 ; 7.108 ; Rise       ; ck              ;
;  AC[7]    ; ck         ; 8.332 ; 8.358 ; Rise       ; ck              ;
; MEM[*]    ; ck         ; 7.373 ; 7.309 ; Rise       ; ck              ;
;  MEM[0]   ; ck         ; 8.440 ; 8.325 ; Rise       ; ck              ;
;  MEM[1]   ; ck         ; 8.417 ; 8.296 ; Rise       ; ck              ;
;  MEM[2]   ; ck         ; 7.432 ; 7.356 ; Rise       ; ck              ;
;  MEM[3]   ; ck         ; 7.373 ; 7.309 ; Rise       ; ck              ;
;  MEM[4]   ; ck         ; 8.527 ; 8.450 ; Rise       ; ck              ;
;  MEM[5]   ; ck         ; 7.985 ; 7.893 ; Rise       ; ck              ;
;  MEM[6]   ; ck         ; 8.018 ; 7.890 ; Rise       ; ck              ;
;  MEM[7]   ; ck         ; 8.323 ; 8.236 ; Rise       ; ck              ;
; MUX[*]    ; ck         ; 7.062 ; 7.027 ; Rise       ; ck              ;
;  MUX[0]   ; ck         ; 7.062 ; 7.027 ; Rise       ; ck              ;
;  MUX[1]   ; ck         ; 7.608 ; 7.583 ; Rise       ; ck              ;
;  MUX[2]   ; ck         ; 7.294 ; 7.294 ; Rise       ; ck              ;
;  MUX[3]   ; ck         ; 7.494 ; 7.458 ; Rise       ; ck              ;
;  MUX[4]   ; ck         ; 7.631 ; 7.712 ; Rise       ; ck              ;
;  MUX[5]   ; ck         ; 7.782 ; 7.821 ; Rise       ; ck              ;
;  MUX[6]   ; ck         ; 7.566 ; 7.556 ; Rise       ; ck              ;
;  MUX[7]   ; ck         ; 7.623 ; 7.630 ; Rise       ; ck              ;
; PC[*]     ; ck         ; 7.043 ; 7.027 ; Rise       ; ck              ;
;  PC[0]    ; ck         ; 7.477 ; 7.450 ; Rise       ; ck              ;
;  PC[1]    ; ck         ; 7.527 ; 7.546 ; Rise       ; ck              ;
;  PC[2]    ; ck         ; 7.080 ; 7.054 ; Rise       ; ck              ;
;  PC[3]    ; ck         ; 7.910 ; 7.944 ; Rise       ; ck              ;
;  PC[4]    ; ck         ; 7.268 ; 7.297 ; Rise       ; ck              ;
;  PC[5]    ; ck         ; 7.801 ; 7.807 ; Rise       ; ck              ;
;  PC[6]    ; ck         ; 7.471 ; 7.508 ; Rise       ; ck              ;
;  PC[7]    ; ck         ; 7.043 ; 7.027 ; Rise       ; ck              ;
; RDM[*]    ; ck         ; 6.281 ; 6.227 ; Rise       ; ck              ;
;  RDM[0]   ; ck         ; 6.359 ; 6.322 ; Rise       ; ck              ;
;  RDM[1]   ; ck         ; 6.540 ; 6.503 ; Rise       ; ck              ;
;  RDM[2]   ; ck         ; 6.304 ; 6.227 ; Rise       ; ck              ;
;  RDM[3]   ; ck         ; 6.281 ; 6.242 ; Rise       ; ck              ;
;  RDM[4]   ; ck         ; 6.301 ; 6.247 ; Rise       ; ck              ;
;  RDM[5]   ; ck         ; 6.555 ; 6.513 ; Rise       ; ck              ;
;  RDM[6]   ; ck         ; 6.529 ; 6.486 ; Rise       ; ck              ;
;  RDM[7]   ; ck         ; 6.581 ; 6.542 ; Rise       ; ck              ;
; REM[*]    ; ck         ; 5.967 ; 5.909 ; Rise       ; ck              ;
;  REM[0]   ; ck         ; 6.839 ; 6.789 ; Rise       ; ck              ;
;  REM[1]   ; ck         ; 6.663 ; 6.638 ; Rise       ; ck              ;
;  REM[2]   ; ck         ; 6.860 ; 6.831 ; Rise       ; ck              ;
;  REM[3]   ; ck         ; 6.535 ; 6.491 ; Rise       ; ck              ;
;  REM[4]   ; ck         ; 5.967 ; 5.909 ; Rise       ; ck              ;
;  REM[5]   ; ck         ; 7.058 ; 7.014 ; Rise       ; ck              ;
;  REM[6]   ; ck         ; 6.936 ; 6.893 ; Rise       ; ck              ;
;  REM[7]   ; ck         ; 6.545 ; 6.491 ; Rise       ; ck              ;
; RI[*]     ; ck         ; 6.407 ; 6.371 ; Rise       ; ck              ;
;  RI[0]    ; ck         ; 7.302 ; 7.285 ; Rise       ; ck              ;
;  RI[1]    ; ck         ; 6.568 ; 6.546 ; Rise       ; ck              ;
;  RI[2]    ; ck         ; 6.697 ; 6.695 ; Rise       ; ck              ;
;  RI[3]    ; ck         ; 6.653 ; 6.594 ; Rise       ; ck              ;
;  RI[4]    ; ck         ; 6.822 ; 6.817 ; Rise       ; ck              ;
;  RI[5]    ; ck         ; 6.407 ; 6.371 ; Rise       ; ck              ;
;  RI[6]    ; ck         ; 6.454 ; 6.431 ; Rise       ; ck              ;
;  RI[7]    ; ck         ; 7.149 ; 7.123 ; Rise       ; ck              ;
; T[*]      ; ck         ; 6.658 ; 6.631 ; Rise       ; ck              ;
;  T[0]     ; ck         ; 7.790 ; 7.657 ; Rise       ; ck              ;
;  T[1]     ; ck         ; 7.728 ; 7.576 ; Rise       ; ck              ;
;  T[2]     ; ck         ; 8.831 ; 8.870 ; Rise       ; ck              ;
;  T[3]     ; ck         ; 7.302 ; 7.311 ; Rise       ; ck              ;
;  T[4]     ; ck         ; 8.124 ; 7.969 ; Rise       ; ck              ;
;  T[5]     ; ck         ; 8.005 ; 7.924 ; Rise       ; ck              ;
;  T[6]     ; ck         ; 6.773 ; 6.791 ; Rise       ; ck              ;
;  T[7]     ; ck         ; 6.658 ; 6.631 ; Rise       ; ck              ;
; ULA[*]    ; ck         ; 7.292 ; 7.245 ; Rise       ; ck              ;
;  ULA[0]   ; ck         ; 7.292 ; 7.245 ; Rise       ; ck              ;
;  ULA[1]   ; ck         ; 7.681 ; 7.637 ; Rise       ; ck              ;
;  ULA[2]   ; ck         ; 7.376 ; 7.352 ; Rise       ; ck              ;
;  ULA[3]   ; ck         ; 7.848 ; 7.773 ; Rise       ; ck              ;
;  ULA[4]   ; ck         ; 8.556 ; 8.471 ; Rise       ; ck              ;
;  ULA[5]   ; ck         ; 8.413 ; 8.415 ; Rise       ; ck              ;
;  ULA[6]   ; ck         ; 8.756 ; 8.852 ; Rise       ; ck              ;
;  ULA[7]   ; ck         ; 7.931 ; 7.910 ; Rise       ; ck              ;
; cg_AC     ; ck         ; 7.013 ; 6.851 ; Rise       ; ck              ;
; cg_PC     ; ck         ; 7.456 ; 7.435 ; Rise       ; ck              ;
; cg_RDM    ; ck         ; 7.261 ; 7.231 ; Rise       ; ck              ;
; cg_REM    ; ck         ; 7.546 ; 7.524 ; Rise       ; ck              ;
; cg_RI     ; ck         ; 7.881 ; 7.750 ; Rise       ; ck              ;
; i_add     ; ck         ; 8.757 ; 8.657 ; Rise       ; ck              ;
; i_and     ; ck         ; 7.943 ; 7.977 ; Rise       ; ck              ;
; i_lda     ; ck         ; 8.319 ; 8.193 ; Rise       ; ck              ;
; i_not     ; ck         ; 7.183 ; 7.168 ; Rise       ; ck              ;
; i_or      ; ck         ; 7.856 ; 7.701 ; Rise       ; ck              ;
; inc_pc    ; ck         ; 7.453 ; 7.455 ; Rise       ; ck              ;
; mux_REM   ; ck         ; 7.294 ; 7.220 ; Rise       ; ck              ;
; n         ; ck         ; 8.358 ; 8.332 ; Rise       ; ck              ;
; tempo[*]  ; ck         ; 6.416 ; 6.386 ; Rise       ; ck              ;
;  tempo[0] ; ck         ; 6.995 ; 6.934 ; Rise       ; ck              ;
;  tempo[1] ; ck         ; 6.416 ; 6.386 ; Rise       ; ck              ;
;  tempo[2] ; ck         ; 7.337 ; 7.350 ; Rise       ; ck              ;
; z         ; ck         ; 8.503 ; 8.539 ; Rise       ; ck              ;
+-----------+------------+-------+-------+------------+-----------------+


----------------------------------------------
; Slow 1200mV 85C Model Metastability Report ;
----------------------------------------------
No synchronizer chains to report.


+--------------------------------------------------+
; Slow 1200mV 0C Model Fmax Summary                ;
+------------+-----------------+------------+------+
; Fmax       ; Restricted Fmax ; Clock Name ; Note ;
+------------+-----------------+------------+------+
; 186.15 MHz ; 186.15 MHz      ; ck         ;      ;
+------------+-----------------+------------+------+
This panel reports FMAX for every clock in the design, regardless of the user-specified clock periods.  FMAX is only computed for paths where the source and destination registers or ports are driven by the same clock.  Paths of different clocks, including generated clocks, are ignored.  For paths between a clock and its inversion, FMAX is computed as if the rising and falling edges are scaled along with FMAX, such that the duty cycle (in terms of a percentage) is maintained. Altera recommends that you always use clock constraints and other slack reports for sign-off analysis.


+------------------------------------+
; Slow 1200mV 0C Model Setup Summary ;
+-------+--------+-------------------+
; Clock ; Slack  ; End Point TNS     ;
+-------+--------+-------------------+
; ck    ; -4.372 ; -109.298          ;
+-------+--------+-------------------+


+-----------------------------------+
; Slow 1200mV 0C Model Hold Summary ;
+-------+-------+-------------------+
; Clock ; Slack ; End Point TNS     ;
+-------+-------+-------------------+
; ck    ; 0.309 ; 0.000             ;
+-------+-------+-------------------+


-----------------------------------------
; Slow 1200mV 0C Model Recovery Summary ;
-----------------------------------------
No paths to report.


----------------------------------------
; Slow 1200mV 0C Model Removal Summary ;
----------------------------------------
No paths to report.


+--------------------------------------------------+
; Slow 1200mV 0C Model Minimum Pulse Width Summary ;
+-------+--------+---------------------------------+
; Clock ; Slack  ; End Point TNS                   ;
+-------+--------+---------------------------------+
; ck    ; -3.000 ; -46.000                         ;
+-------+--------+---------------------------------+


+-------------------------------------------------------------------------------------------------------------------------------------------------------------------------------------------------+
; Slow 1200mV 0C Model Setup: 'ck'                                                                                                                                                                ;
+--------+---------------------------------------------+--------------------------------------------------------------------+--------------+-------------+--------------+------------+------------+
; Slack  ; From Node                                   ; To Node                                                            ; Launch Clock ; Latch Clock ; Relationship ; Clock Skew ; Data Delay ;
+--------+---------------------------------------------+--------------------------------------------------------------------+--------------+-------------+--------------+------------+------------+
; -4.372 ; pfs_8bit_reg:inst7|pfs_ff_enable:inst3|inst ; pfs_8bit_reg:inst3|pfs_ff_enable:inst|inst                         ; ck           ; ck          ; 1.000        ; 0.291      ; 5.658      ;
; -4.294 ; pfs_8bit_reg:inst6|pfs_ff_enable:inst8|inst ; pfs_8bit_reg:inst3|pfs_ff_enable:inst|inst                         ; ck           ; ck          ; 1.000        ; 0.290      ; 5.579      ;
; -4.183 ; pfs_8bit_reg:inst7|pfs_ff_enable:inst2|inst ; pfs_8bit_reg:inst3|pfs_ff_enable:inst|inst                         ; ck           ; ck          ; 1.000        ; 0.291      ; 5.469      ;
; -4.176 ; pfs_8bit_reg:inst3|pfs_ff_enable:inst8|inst ; pfs_8bit_reg:inst3|pfs_ff_enable:inst|inst                         ; ck           ; ck          ; 1.000        ; 0.290      ; 5.461      ;
; -4.120 ; pfs_8bit_reg:inst7|pfs_ff_enable:inst4|inst ; pfs_8bit_reg:inst3|pfs_ff_enable:inst|inst                         ; ck           ; ck          ; 1.000        ; 0.291      ; 5.406      ;
; -4.056 ; pfs_8bit_reg:inst3|pfs_ff_enable:inst6|inst ; pfs_8bit_reg:inst3|pfs_ff_enable:inst|inst                         ; ck           ; ck          ; 1.000        ; 0.290      ; 5.341      ;
; -3.914 ; pfs_8bit_reg:inst3|pfs_ff_enable:inst7|inst ; pfs_8bit_reg:inst3|pfs_ff_enable:inst|inst                         ; ck           ; ck          ; 1.000        ; 0.290      ; 5.199      ;
; -3.911 ; pfs_8bit_reg:inst7|pfs_ff_enable:inst3|inst ; pfs_8bit_reg:inst3|pfs_ff_enable:inst2|inst                        ; ck           ; ck          ; 1.000        ; 0.284      ; 5.190      ;
; -3.856 ; pfs_8bit_reg:inst6|pfs_ff_enable:inst8|inst ; pfs_8bit_reg:inst3|pfs_ff_enable:inst2|inst                        ; ck           ; ck          ; 1.000        ; 0.283      ; 5.134      ;
; -3.756 ; pfs_8bit_reg:inst3|pfs_ff_enable:inst4|inst ; pfs_8bit_reg:inst3|pfs_ff_enable:inst|inst                         ; ck           ; ck          ; 1.000        ; -0.071     ; 4.680      ;
; -3.747 ; pfs_8bit_reg:inst7|pfs_ff_enable:inst3|inst ; pfs_8bit_reg:inst3|pfs_ff_enable:inst3|inst                        ; ck           ; ck          ; 1.000        ; -0.056     ; 4.686      ;
; -3.738 ; pfs_8bit_reg:inst3|pfs_ff_enable:inst8|inst ; pfs_8bit_reg:inst3|pfs_ff_enable:inst2|inst                        ; ck           ; ck          ; 1.000        ; 0.283      ; 5.016      ;
; -3.722 ; pfs_8bit_reg:inst7|pfs_ff_enable:inst2|inst ; pfs_8bit_reg:inst3|pfs_ff_enable:inst2|inst                        ; ck           ; ck          ; 1.000        ; 0.284      ; 5.001      ;
; -3.685 ; pfs_8bit_reg:inst6|pfs_ff_enable:inst8|inst ; pfs_8bit_reg:inst3|pfs_ff_enable:inst3|inst                        ; ck           ; ck          ; 1.000        ; -0.057     ; 4.623      ;
; -3.682 ; pfs_8bit_reg:inst7|pfs_ff_enable:inst4|inst ; pfs_8bit_reg:inst3|pfs_ff_enable:inst2|inst                        ; ck           ; ck          ; 1.000        ; 0.284      ; 4.961      ;
; -3.677 ; pfs_8bit_reg:inst3|pfs_ff_enable:inst5|inst ; pfs_8bit_reg:inst3|pfs_ff_enable:inst|inst                         ; ck           ; ck          ; 1.000        ; 0.290      ; 4.962      ;
; -3.622 ; pfs_8bit_reg:inst6|pfs_ff_enable:inst7|inst ; pfs_8bit_reg:inst3|pfs_ff_enable:inst|inst                         ; ck           ; ck          ; 1.000        ; 0.292      ; 4.909      ;
; -3.596 ; pfs_8bit_reg:inst3|pfs_ff_enable:inst6|inst ; pfs_8bit_reg:inst3|pfs_ff_enable:inst2|inst                        ; ck           ; ck          ; 1.000        ; 0.283      ; 4.874      ;
; -3.567 ; pfs_8bit_reg:inst3|pfs_ff_enable:inst8|inst ; pfs_8bit_reg:inst3|pfs_ff_enable:inst3|inst                        ; ck           ; ck          ; 1.000        ; -0.057     ; 4.505      ;
; -3.558 ; pfs_8bit_reg:inst7|pfs_ff_enable:inst2|inst ; pfs_8bit_reg:inst3|pfs_ff_enable:inst3|inst                        ; ck           ; ck          ; 1.000        ; -0.056     ; 4.497      ;
; -3.511 ; pfs_8bit_reg:inst7|pfs_ff_enable:inst4|inst ; pfs_8bit_reg:inst3|pfs_ff_enable:inst3|inst                        ; ck           ; ck          ; 1.000        ; -0.056     ; 4.450      ;
; -3.476 ; pfs_8bit_reg:inst3|pfs_ff_enable:inst7|inst ; pfs_8bit_reg:inst3|pfs_ff_enable:inst2|inst                        ; ck           ; ck          ; 1.000        ; 0.283      ; 4.754      ;
; -3.431 ; pfs_8bit_reg:inst3|pfs_ff_enable:inst6|inst ; pfs_8bit_reg:inst3|pfs_ff_enable:inst3|inst                        ; ck           ; ck          ; 1.000        ; -0.057     ; 4.369      ;
; -3.367 ; pfs_8bit_reg:inst3|pfs_ff_enable:inst5|inst ; pfs_neander_pc:inst1|pfs_gen_counter_8:inst|pfs_uc_unit:inst8|inst ; ck           ; ck          ; 1.000        ; -0.057     ; 4.305      ;
; -3.365 ; pfs_8bit_reg:inst3|pfs_ff_enable:inst5|inst ; pfs_neander_pc:inst1|pfs_gen_counter_8:inst|pfs_uc_unit:inst7|inst ; ck           ; ck          ; 1.000        ; -0.057     ; 4.303      ;
; -3.358 ; pfs_8bit_reg:inst3|pfs_ff_enable:inst6|inst ; pfs_neander_pc:inst1|pfs_gen_counter_8:inst|pfs_uc_unit:inst8|inst ; ck           ; ck          ; 1.000        ; -0.057     ; 4.296      ;
; -3.356 ; pfs_8bit_reg:inst3|pfs_ff_enable:inst6|inst ; pfs_neander_pc:inst1|pfs_gen_counter_8:inst|pfs_uc_unit:inst7|inst ; ck           ; ck          ; 1.000        ; -0.057     ; 4.294      ;
; -3.348 ; pfs_8bit_reg:inst3|pfs_ff_enable:inst|inst  ; pfs_neander_pc:inst1|pfs_gen_counter_8:inst|pfs_uc_unit:inst8|inst ; ck           ; ck          ; 1.000        ; -0.418     ; 3.925      ;
; -3.346 ; pfs_8bit_reg:inst3|pfs_ff_enable:inst|inst  ; pfs_neander_pc:inst1|pfs_gen_counter_8:inst|pfs_uc_unit:inst7|inst ; ck           ; ck          ; 1.000        ; -0.418     ; 3.923      ;
; -3.331 ; pfs_8bit_reg:inst3|pfs_ff_enable:inst5|inst ; pfs_neander_pc:inst1|pfs_gen_counter_8:inst|pfs_uc_unit:inst4|inst ; ck           ; ck          ; 1.000        ; -0.057     ; 4.269      ;
; -3.322 ; pfs_8bit_reg:inst3|pfs_ff_enable:inst6|inst ; pfs_neander_pc:inst1|pfs_gen_counter_8:inst|pfs_uc_unit:inst4|inst ; ck           ; ck          ; 1.000        ; -0.057     ; 4.260      ;
; -3.315 ; pfs_8bit_reg:inst3|pfs_ff_enable:inst4|inst ; pfs_neander_pc:inst1|pfs_gen_counter_8:inst|pfs_uc_unit:inst8|inst ; ck           ; ck          ; 1.000        ; -0.418     ; 3.892      ;
; -3.313 ; pfs_8bit_reg:inst3|pfs_ff_enable:inst4|inst ; pfs_neander_pc:inst1|pfs_gen_counter_8:inst|pfs_uc_unit:inst7|inst ; ck           ; ck          ; 1.000        ; -0.418     ; 3.890      ;
; -3.312 ; pfs_8bit_reg:inst3|pfs_ff_enable:inst|inst  ; pfs_neander_pc:inst1|pfs_gen_counter_8:inst|pfs_uc_unit:inst4|inst ; ck           ; ck          ; 1.000        ; -0.418     ; 3.889      ;
; -3.305 ; pfs_8bit_reg:inst3|pfs_ff_enable:inst7|inst ; pfs_8bit_reg:inst3|pfs_ff_enable:inst3|inst                        ; ck           ; ck          ; 1.000        ; -0.057     ; 4.243      ;
; -3.302 ; pfs_8bit_reg:inst3|pfs_ff_enable:inst5|inst ; pfs_neander_pc:inst1|pfs_gen_counter_8:inst|pfs_uc_unit:inst5|inst ; ck           ; ck          ; 1.000        ; -0.057     ; 4.240      ;
; -3.295 ; pfs_8bit_reg:inst3|pfs_ff_enable:inst4|inst ; pfs_8bit_reg:inst3|pfs_ff_enable:inst2|inst                        ; ck           ; ck          ; 1.000        ; -0.078     ; 4.212      ;
; -3.293 ; pfs_8bit_reg:inst3|pfs_ff_enable:inst6|inst ; pfs_neander_pc:inst1|pfs_gen_counter_8:inst|pfs_uc_unit:inst5|inst ; ck           ; ck          ; 1.000        ; -0.057     ; 4.231      ;
; -3.283 ; pfs_8bit_reg:inst3|pfs_ff_enable:inst|inst  ; pfs_neander_pc:inst1|pfs_gen_counter_8:inst|pfs_uc_unit:inst5|inst ; ck           ; ck          ; 1.000        ; -0.418     ; 3.860      ;
; -3.279 ; pfs_8bit_reg:inst3|pfs_ff_enable:inst4|inst ; pfs_neander_pc:inst1|pfs_gen_counter_8:inst|pfs_uc_unit:inst4|inst ; ck           ; ck          ; 1.000        ; -0.418     ; 3.856      ;
; -3.250 ; pfs_8bit_reg:inst3|pfs_ff_enable:inst4|inst ; pfs_neander_pc:inst1|pfs_gen_counter_8:inst|pfs_uc_unit:inst5|inst ; ck           ; ck          ; 1.000        ; -0.418     ; 3.827      ;
; -3.248 ; pfs_8bit_reg:inst7|pfs_ff_enable:inst3|inst ; pfs_8bit_reg:inst3|pfs_ff_enable:inst5|inst                        ; ck           ; ck          ; 1.000        ; -0.056     ; 4.187      ;
; -3.233 ; pfs_8bit_reg:inst3|pfs_ff_enable:inst6|inst ; pfs_8bit_reg:inst3|pfs_ff_enable:inst7|inst                        ; ck           ; ck          ; 1.000        ; -0.057     ; 4.171      ;
; -3.231 ; pfs_8bit_reg:inst6|pfs_ff_enable:inst6|inst ; pfs_8bit_reg:inst3|pfs_ff_enable:inst|inst                         ; ck           ; ck          ; 1.000        ; -0.044     ; 4.182      ;
; -3.224 ; pfs_8bit_reg:inst3|pfs_ff_enable:inst5|inst ; pfs_8bit_reg:inst3|pfs_ff_enable:inst2|inst                        ; ck           ; ck          ; 1.000        ; 0.283      ; 4.502      ;
; -3.220 ; pfs_8bit_reg:inst3|pfs_ff_enable:inst7|inst ; pfs_neander_pc:inst1|pfs_gen_counter_8:inst|pfs_uc_unit:inst8|inst ; ck           ; ck          ; 1.000        ; -0.057     ; 4.158      ;
; -3.218 ; pfs_8bit_reg:inst3|pfs_ff_enable:inst7|inst ; pfs_neander_pc:inst1|pfs_gen_counter_8:inst|pfs_uc_unit:inst7|inst ; ck           ; ck          ; 1.000        ; -0.057     ; 4.156      ;
; -3.196 ; pfs_8bit_reg:inst6|pfs_ff_enable:inst8|inst ; pfs_8bit_reg:inst3|pfs_ff_enable:inst5|inst                        ; ck           ; ck          ; 1.000        ; -0.057     ; 4.134      ;
; -3.190 ; pfs_8bit_reg:inst3|pfs_ff_enable:inst2|inst ; pfs_neander_pc:inst1|pfs_gen_counter_8:inst|pfs_uc_unit:inst8|inst ; ck           ; ck          ; 1.000        ; -0.411     ; 3.774      ;
; -3.188 ; pfs_8bit_reg:inst3|pfs_ff_enable:inst2|inst ; pfs_neander_pc:inst1|pfs_gen_counter_8:inst|pfs_uc_unit:inst7|inst ; ck           ; ck          ; 1.000        ; -0.411     ; 3.772      ;
; -3.184 ; pfs_8bit_reg:inst3|pfs_ff_enable:inst7|inst ; pfs_neander_pc:inst1|pfs_gen_counter_8:inst|pfs_uc_unit:inst4|inst ; ck           ; ck          ; 1.000        ; -0.057     ; 4.122      ;
; -3.181 ; pfs_8bit_reg:inst7|pfs_ff_enable:inst2|inst ; pfs_8bit_reg:inst3|pfs_ff_enable:inst7|inst                        ; ck           ; ck          ; 1.000        ; -0.056     ; 4.120      ;
; -3.177 ; pfs_8bit_reg:inst6|pfs_ff_enable:inst7|inst ; pfs_8bit_reg:inst3|pfs_ff_enable:inst2|inst                        ; ck           ; ck          ; 1.000        ; 0.285      ; 4.457      ;
; -3.155 ; pfs_8bit_reg:inst3|pfs_ff_enable:inst7|inst ; pfs_neander_pc:inst1|pfs_gen_counter_8:inst|pfs_uc_unit:inst5|inst ; ck           ; ck          ; 1.000        ; -0.057     ; 4.093      ;
; -3.154 ; pfs_8bit_reg:inst3|pfs_ff_enable:inst2|inst ; pfs_neander_pc:inst1|pfs_gen_counter_8:inst|pfs_uc_unit:inst4|inst ; ck           ; ck          ; 1.000        ; -0.411     ; 3.738      ;
; -3.150 ; pfs_8bit_reg:inst3|pfs_ff_enable:inst5|inst ; pfs_8bit_reg:inst6|pfs_ff_enable:inst8|inst                        ; ck           ; ck          ; 1.000        ; -0.057     ; 4.088      ;
; -3.141 ; pfs_8bit_reg:inst3|pfs_ff_enable:inst6|inst ; pfs_8bit_reg:inst6|pfs_ff_enable:inst8|inst                        ; ck           ; ck          ; 1.000        ; -0.057     ; 4.079      ;
; -3.131 ; pfs_8bit_reg:inst3|pfs_ff_enable:inst4|inst ; pfs_8bit_reg:inst3|pfs_ff_enable:inst3|inst                        ; ck           ; ck          ; 1.000        ; -0.418     ; 3.708      ;
; -3.131 ; pfs_8bit_reg:inst3|pfs_ff_enable:inst|inst  ; pfs_8bit_reg:inst6|pfs_ff_enable:inst8|inst                        ; ck           ; ck          ; 1.000        ; -0.418     ; 3.708      ;
; -3.125 ; pfs_8bit_reg:inst3|pfs_ff_enable:inst2|inst ; pfs_neander_pc:inst1|pfs_gen_counter_8:inst|pfs_uc_unit:inst5|inst ; ck           ; ck          ; 1.000        ; -0.411     ; 3.709      ;
; -3.103 ; pfs_8bit_reg:inst3|pfs_ff_enable:inst8|inst ; pfs_neander_pc:inst1|pfs_gen_counter_8:inst|pfs_uc_unit:inst8|inst ; ck           ; ck          ; 1.000        ; -0.057     ; 4.041      ;
; -3.101 ; pfs_8bit_reg:inst3|pfs_ff_enable:inst8|inst ; pfs_neander_pc:inst1|pfs_gen_counter_8:inst|pfs_uc_unit:inst7|inst ; ck           ; ck          ; 1.000        ; -0.057     ; 4.039      ;
; -3.098 ; pfs_8bit_reg:inst3|pfs_ff_enable:inst4|inst ; pfs_8bit_reg:inst6|pfs_ff_enable:inst8|inst                        ; ck           ; ck          ; 1.000        ; -0.418     ; 3.675      ;
; -3.080 ; pfs_8bit_reg:inst3|pfs_ff_enable:inst3|inst ; pfs_neander_pc:inst1|pfs_gen_counter_8:inst|pfs_uc_unit:inst8|inst ; ck           ; ck          ; 1.000        ; -0.057     ; 4.018      ;
; -3.078 ; pfs_8bit_reg:inst3|pfs_ff_enable:inst3|inst ; pfs_neander_pc:inst1|pfs_gen_counter_8:inst|pfs_uc_unit:inst7|inst ; ck           ; ck          ; 1.000        ; -0.057     ; 4.016      ;
; -3.078 ; pfs_8bit_reg:inst3|pfs_ff_enable:inst8|inst ; pfs_8bit_reg:inst3|pfs_ff_enable:inst5|inst                        ; ck           ; ck          ; 1.000        ; -0.057     ; 4.016      ;
; -3.067 ; pfs_8bit_reg:inst3|pfs_ff_enable:inst8|inst ; pfs_neander_pc:inst1|pfs_gen_counter_8:inst|pfs_uc_unit:inst4|inst ; ck           ; ck          ; 1.000        ; -0.057     ; 4.005      ;
; -3.053 ; pfs_8bit_reg:inst3|pfs_ff_enable:inst5|inst ; pfs_8bit_reg:inst3|pfs_ff_enable:inst3|inst                        ; ck           ; ck          ; 1.000        ; -0.057     ; 3.991      ;
; -3.051 ; pfs_8bit_reg:inst7|pfs_ff_enable:inst2|inst ; pfs_8bit_reg:inst3|pfs_ff_enable:inst5|inst                        ; ck           ; ck          ; 1.000        ; -0.056     ; 3.990      ;
; -3.044 ; pfs_8bit_reg:inst3|pfs_ff_enable:inst3|inst ; pfs_neander_pc:inst1|pfs_gen_counter_8:inst|pfs_uc_unit:inst4|inst ; ck           ; ck          ; 1.000        ; -0.057     ; 3.982      ;
; -3.038 ; pfs_8bit_reg:inst3|pfs_ff_enable:inst8|inst ; pfs_neander_pc:inst1|pfs_gen_counter_8:inst|pfs_uc_unit:inst5|inst ; ck           ; ck          ; 1.000        ; -0.057     ; 3.976      ;
; -3.025 ; pfs_8bit_reg:inst7|pfs_ff_enable:inst3|inst ; pfs_8bit_reg:inst3|pfs_ff_enable:inst4|inst                        ; ck           ; ck          ; 1.000        ; 0.291      ; 4.311      ;
; -3.022 ; pfs_8bit_reg:inst7|pfs_ff_enable:inst4|inst ; pfs_8bit_reg:inst3|pfs_ff_enable:inst5|inst                        ; ck           ; ck          ; 1.000        ; -0.056     ; 3.961      ;
; -3.015 ; pfs_8bit_reg:inst3|pfs_ff_enable:inst3|inst ; pfs_neander_pc:inst1|pfs_gen_counter_8:inst|pfs_uc_unit:inst5|inst ; ck           ; ck          ; 1.000        ; -0.057     ; 3.953      ;
; -3.006 ; pfs_8bit_reg:inst6|pfs_ff_enable:inst7|inst ; pfs_8bit_reg:inst3|pfs_ff_enable:inst3|inst                        ; ck           ; ck          ; 1.000        ; -0.055     ; 3.946      ;
; -3.003 ; pfs_8bit_reg:inst3|pfs_ff_enable:inst7|inst ; pfs_8bit_reg:inst6|pfs_ff_enable:inst8|inst                        ; ck           ; ck          ; 1.000        ; -0.057     ; 3.941      ;
; -2.973 ; pfs_8bit_reg:inst3|pfs_ff_enable:inst2|inst ; pfs_8bit_reg:inst6|pfs_ff_enable:inst8|inst                        ; ck           ; ck          ; 1.000        ; -0.411     ; 3.557      ;
; -2.964 ; pfs_8bit_reg:inst7|pfs_ff_enable:inst3|inst ; pfs_8bit_reg:inst3|pfs_ff_enable:inst6|inst                        ; ck           ; ck          ; 1.000        ; -0.056     ; 3.903      ;
; -2.954 ; pfs_8bit_reg:inst6|pfs_ff_enable:inst8|inst ; pfs_8bit_reg:inst3|pfs_ff_enable:inst4|inst                        ; ck           ; ck          ; 1.000        ; 0.290      ; 4.239      ;
; -2.949 ; pfs_8bit_reg:inst3|pfs_ff_enable:inst5|inst ; pfs_neander_pc:inst1|pfs_gen_counter_8:inst|pfs_uc_unit:inst3|inst ; ck           ; ck          ; 1.000        ; -0.056     ; 3.888      ;
; -2.940 ; pfs_8bit_reg:inst3|pfs_ff_enable:inst6|inst ; pfs_neander_pc:inst1|pfs_gen_counter_8:inst|pfs_uc_unit:inst3|inst ; ck           ; ck          ; 1.000        ; -0.056     ; 3.879      ;
; -2.936 ; pfs_8bit_reg:inst3|pfs_ff_enable:inst6|inst ; pfs_8bit_reg:inst3|pfs_ff_enable:inst5|inst                        ; ck           ; ck          ; 1.000        ; -0.057     ; 3.874      ;
; -2.930 ; pfs_8bit_reg:inst3|pfs_ff_enable:inst|inst  ; pfs_neander_pc:inst1|pfs_gen_counter_8:inst|pfs_uc_unit:inst3|inst ; ck           ; ck          ; 1.000        ; -0.417     ; 3.508      ;
; -2.912 ; pfs_8bit_reg:inst6|pfs_ff_enable:inst8|inst ; pfs_8bit_reg:inst3|pfs_ff_enable:inst6|inst                        ; ck           ; ck          ; 1.000        ; -0.057     ; 3.850      ;
; -2.911 ; pfs_8bit_reg:inst7|pfs_ff_enable:inst4|inst ; pfs_neander_pc:inst1|pfs_gen_counter_8:inst|pfs_uc_unit:inst8|inst ; ck           ; ck          ; 1.000        ; -0.056     ; 3.850      ;
; -2.909 ; pfs_8bit_reg:inst7|pfs_ff_enable:inst4|inst ; pfs_neander_pc:inst1|pfs_gen_counter_8:inst|pfs_uc_unit:inst7|inst ; ck           ; ck          ; 1.000        ; -0.056     ; 3.848      ;
; -2.906 ; pfs_8bit_reg:inst3|pfs_ff_enable:inst5|inst ; pfs_8bit_reg:inst5|pfs_ff_enable:inst8|inst                        ; ck           ; ck          ; 1.000        ; -0.056     ; 3.845      ;
; -2.903 ; pfs_8bit_reg:inst3|pfs_ff_enable:inst5|inst ; pfs_8bit_reg:inst5|pfs_ff_enable:inst6|inst                        ; ck           ; ck          ; 1.000        ; -0.056     ; 3.842      ;
; -2.897 ; pfs_8bit_reg:inst3|pfs_ff_enable:inst4|inst ; pfs_neander_pc:inst1|pfs_gen_counter_8:inst|pfs_uc_unit:inst3|inst ; ck           ; ck          ; 1.000        ; -0.417     ; 3.475      ;
; -2.897 ; pfs_8bit_reg:inst3|pfs_ff_enable:inst6|inst ; pfs_8bit_reg:inst5|pfs_ff_enable:inst8|inst                        ; ck           ; ck          ; 1.000        ; -0.056     ; 3.836      ;
; -2.894 ; pfs_8bit_reg:inst3|pfs_ff_enable:inst6|inst ; pfs_8bit_reg:inst5|pfs_ff_enable:inst6|inst                        ; ck           ; ck          ; 1.000        ; -0.056     ; 3.833      ;
; -2.887 ; pfs_8bit_reg:inst3|pfs_ff_enable:inst|inst  ; pfs_8bit_reg:inst5|pfs_ff_enable:inst8|inst                        ; ck           ; ck          ; 1.000        ; -0.417     ; 3.465      ;
; -2.886 ; pfs_8bit_reg:inst3|pfs_ff_enable:inst8|inst ; pfs_8bit_reg:inst6|pfs_ff_enable:inst8|inst                        ; ck           ; ck          ; 1.000        ; -0.057     ; 3.824      ;
; -2.884 ; pfs_8bit_reg:inst3|pfs_ff_enable:inst|inst  ; pfs_8bit_reg:inst5|pfs_ff_enable:inst6|inst                        ; ck           ; ck          ; 1.000        ; -0.417     ; 3.462      ;
; -2.875 ; pfs_8bit_reg:inst7|pfs_ff_enable:inst4|inst ; pfs_neander_pc:inst1|pfs_gen_counter_8:inst|pfs_uc_unit:inst4|inst ; ck           ; ck          ; 1.000        ; -0.056     ; 3.814      ;
; -2.863 ; pfs_8bit_reg:inst3|pfs_ff_enable:inst3|inst ; pfs_8bit_reg:inst6|pfs_ff_enable:inst8|inst                        ; ck           ; ck          ; 1.000        ; -0.057     ; 3.801      ;
; -2.854 ; pfs_8bit_reg:inst3|pfs_ff_enable:inst4|inst ; pfs_8bit_reg:inst5|pfs_ff_enable:inst8|inst                        ; ck           ; ck          ; 1.000        ; -0.417     ; 3.432      ;
; -2.851 ; pfs_8bit_reg:inst3|pfs_ff_enable:inst4|inst ; pfs_8bit_reg:inst5|pfs_ff_enable:inst6|inst                        ; ck           ; ck          ; 1.000        ; -0.417     ; 3.429      ;
; -2.846 ; pfs_8bit_reg:inst7|pfs_ff_enable:inst4|inst ; pfs_neander_pc:inst1|pfs_gen_counter_8:inst|pfs_uc_unit:inst5|inst ; ck           ; ck          ; 1.000        ; -0.056     ; 3.785      ;
; -2.845 ; pfs_8bit_reg:inst7|pfs_ff_enable:inst4|inst ; pfs_8bit_reg:inst3|pfs_ff_enable:inst4|inst                        ; ck           ; ck          ; 1.000        ; 0.291      ; 4.131      ;
+--------+---------------------------------------------+--------------------------------------------------------------------+--------------+-------------+--------------+------------+------------+


+-------------------------------------------------------------------------------------------------------------------------------------------------------------------------------------------------------------------------------+
; Slow 1200mV 0C Model Hold: 'ck'                                                                                                                                                                                               ;
+-------+------------------------------------------------------------------------+------------------------------------------------------------------------+--------------+-------------+--------------+------------+------------+
; Slack ; From Node                                                              ; To Node                                                                ; Launch Clock ; Latch Clock ; Relationship ; Clock Skew ; Data Delay ;
+-------+------------------------------------------------------------------------+------------------------------------------------------------------------+--------------+-------------+--------------+------------+------------+
; 0.309 ; pfs_neander_pc:inst1|pfs_gen_counter_8:inst|pfs_uc_unit:inst7|inst     ; pfs_neander_pc:inst1|pfs_gen_counter_8:inst|pfs_uc_unit:inst7|inst     ; ck           ; ck          ; 0.000        ; 0.058      ; 0.511      ;
; 0.310 ; pfs_neander_pc:inst1|pfs_gen_counter_8:inst|pfs_uc_unit:inst3|inst     ; pfs_neander_pc:inst1|pfs_gen_counter_8:inst|pfs_uc_unit:inst3|inst     ; ck           ; ck          ; 0.000        ; 0.057      ; 0.511      ;
; 0.310 ; pfs_neander_pc:inst1|pfs_gen_counter_8:inst|pfs_uc_unit:inst|inst      ; pfs_neander_pc:inst1|pfs_gen_counter_8:inst|pfs_uc_unit:inst|inst      ; ck           ; ck          ; 0.000        ; 0.057      ; 0.511      ;
; 0.310 ; pfs_neander_control:inst|pfs_neander_temp:inst1|pfs_uc_unit:inst4|inst ; pfs_neander_control:inst|pfs_neander_temp:inst1|pfs_uc_unit:inst4|inst ; ck           ; ck          ; 0.000        ; 0.057      ; 0.511      ;
; 0.310 ; pfs_neander_control:inst|pfs_neander_temp:inst1|pfs_uc_unit:inst3|inst ; pfs_neander_control:inst|pfs_neander_temp:inst1|pfs_uc_unit:inst3|inst ; ck           ; ck          ; 0.000        ; 0.057      ; 0.511      ;
; 0.318 ; pfs_neander_control:inst|pfs_neander_temp:inst1|pfs_uc_unit:inst2|inst ; pfs_neander_control:inst|pfs_neander_temp:inst1|pfs_uc_unit:inst2|inst ; ck           ; ck          ; 0.000        ; 0.057      ; 0.519      ;
; 0.339 ; pfs_neander_pc:inst1|pfs_gen_counter_8:inst|pfs_uc_unit:inst4|inst     ; pfs_8bit_reg:inst5|pfs_ff_enable:inst4|inst                            ; ck           ; ck          ; 0.000        ; 0.058      ; 0.541      ;
; 0.342 ; pfs_neander_pc:inst1|pfs_gen_counter_8:inst|pfs_uc_unit:inst8|inst     ; pfs_8bit_reg:inst5|pfs_ff_enable:inst|inst                             ; ck           ; ck          ; 0.000        ; 0.058      ; 0.544      ;
; 0.353 ; pfs_neander_pc:inst1|pfs_gen_counter_8:inst|pfs_uc_unit:inst7|inst     ; pfs_8bit_reg:inst5|pfs_ff_enable:inst2|inst                            ; ck           ; ck          ; 0.000        ; 0.058      ; 0.555      ;
; 0.365 ; pfs_neander_control:inst|pfs_neander_temp:inst1|pfs_uc_unit:inst3|inst ; pfs_neander_control:inst|pfs_neander_temp:inst1|pfs_uc_unit:inst4|inst ; ck           ; ck          ; 0.000        ; 0.057      ; 0.566      ;
; 0.383 ; pfs_8bit_reg:inst7|pfs_ff_enable:inst2|inst                            ; pfs_8bit_reg:inst3|pfs_ff_enable:inst2|inst                            ; ck           ; ck          ; 0.000        ; 0.412      ; 0.939      ;
; 0.476 ; pfs_neander_pc:inst1|pfs_gen_counter_8:inst|pfs_uc_unit:inst3|inst     ; pfs_8bit_reg:inst5|pfs_ff_enable:inst5|inst                            ; ck           ; ck          ; 0.000        ; 0.057      ; 0.677      ;
; 0.503 ; pfs_neander_pc:inst1|pfs_gen_counter_8:inst|pfs_uc_unit:inst5|inst     ; pfs_8bit_reg:inst5|pfs_ff_enable:inst3|inst                            ; ck           ; ck          ; 0.000        ; 0.058      ; 0.705      ;
; 0.600 ; pfs_neander_pc:inst1|pfs_gen_counter_8:inst|pfs_uc_unit:inst1|inst     ; pfs_8bit_reg:inst5|pfs_ff_enable:inst7|inst                            ; ck           ; ck          ; 0.000        ; 0.057      ; 0.801      ;
; 0.604 ; pfs_8bit_reg:inst7|pfs_ff_enable:inst3|inst                            ; pfs_8bit_reg:inst3|pfs_ff_enable:inst2|inst                            ; ck           ; ck          ; 0.000        ; 0.412      ; 1.160      ;
; 0.732 ; pfs_8bit_reg:inst5|pfs_ff_enable:inst3|inst                            ; pfs_8bit_reg:inst6|pfs_ff_enable:inst7|inst                            ; ck           ; ck          ; 0.000        ; 0.055      ; 0.931      ;
; 0.732 ; pfs_8bit_reg:inst5|pfs_ff_enable:inst3|inst                            ; pfs_8bit_reg:inst6|pfs_ff_enable:inst5|inst                            ; ck           ; ck          ; 0.000        ; 0.055      ; 0.931      ;
; 0.774 ; pfs_8bit_reg:inst6|pfs_ff_enable:inst5|inst                            ; pfs_8bit_reg:inst7|pfs_ff_enable:inst5|inst                            ; ck           ; ck          ; 0.000        ; 0.058      ; 0.976      ;
; 0.776 ; pfs_8bit_reg:inst6|pfs_ff_enable:inst7|inst                            ; pfs_8bit_reg:inst7|pfs_ff_enable:inst7|inst                            ; ck           ; ck          ; 0.000        ; 0.058      ; 0.978      ;
; 0.794 ; pfs_8bit_reg:inst6|pfs_ff_enable:inst4|inst                            ; pfs_8bit_reg:inst5|pfs_ff_enable:inst4|inst                            ; ck           ; ck          ; 0.000        ; 0.062      ; 1.000      ;
; 0.799 ; pfs_8bit_reg:inst6|pfs_ff_enable:inst5|inst                            ; pfs_8bit_reg:inst5|pfs_ff_enable:inst5|inst                            ; ck           ; ck          ; 0.000        ; 0.060      ; 1.003      ;
; 0.801 ; pfs_8bit_reg:inst6|pfs_ff_enable:inst3|inst                            ; pfs_8bit_reg:inst7|pfs_ff_enable:inst3|inst                            ; ck           ; ck          ; 0.000        ; 0.060      ; 1.005      ;
; 0.818 ; pfs_neander_pc:inst1|pfs_gen_counter_8:inst|pfs_uc_unit:inst2|inst     ; pfs_neander_pc:inst1|pfs_gen_counter_8:inst|pfs_uc_unit:inst2|inst     ; ck           ; ck          ; 0.000        ; 0.057      ; 1.019      ;
; 0.825 ; pfs_8bit_reg:inst6|pfs_ff_enable:inst5|inst                            ; pfs_8bit_reg:inst3|pfs_ff_enable:inst5|inst                            ; ck           ; ck          ; 0.000        ; 0.059      ; 1.028      ;
; 0.826 ; pfs_neander_pc:inst1|pfs_gen_counter_8:inst|pfs_uc_unit:inst4|inst     ; pfs_neander_pc:inst1|pfs_gen_counter_8:inst|pfs_uc_unit:inst4|inst     ; ck           ; ck          ; 0.000        ; 0.058      ; 1.028      ;
; 0.827 ; pfs_neander_pc:inst1|pfs_gen_counter_8:inst|pfs_uc_unit:inst4|inst     ; pfs_neander_pc:inst1|pfs_gen_counter_8:inst|pfs_uc_unit:inst5|inst     ; ck           ; ck          ; 0.000        ; 0.058      ; 1.029      ;
; 0.828 ; pfs_8bit_reg:inst6|pfs_ff_enable:inst2|inst                            ; pfs_8bit_reg:inst5|pfs_ff_enable:inst2|inst                            ; ck           ; ck          ; 0.000        ; 0.060      ; 1.032      ;
; 0.837 ; pfs_neander_pc:inst1|pfs_gen_counter_8:inst|pfs_uc_unit:inst1|inst     ; pfs_neander_pc:inst1|pfs_gen_counter_8:inst|pfs_uc_unit:inst2|inst     ; ck           ; ck          ; 0.000        ; 0.057      ; 1.038      ;
; 0.839 ; pfs_8bit_reg:inst6|pfs_ff_enable:inst|inst                             ; pfs_8bit_reg:inst7|pfs_ff_enable:inst|inst                             ; ck           ; ck          ; 0.000        ; 0.059      ; 1.042      ;
; 0.856 ; pfs_neander_pc:inst1|pfs_gen_counter_8:inst|pfs_uc_unit:inst2|inst     ; pfs_8bit_reg:inst5|pfs_ff_enable:inst6|inst                            ; ck           ; ck          ; 0.000        ; 0.057      ; 1.057      ;
; 0.881 ; pfs_8bit_reg:inst6|pfs_ff_enable:inst7|inst                            ; pfs_8bit_reg:inst5|pfs_ff_enable:inst7|inst                            ; ck           ; ck          ; 0.000        ; 0.060      ; 1.085      ;
; 0.891 ; pfs_8bit_reg:inst5|pfs_ff_enable:inst2|inst                            ; pfs_8bit_reg:inst6|pfs_ff_enable:inst2|inst                            ; ck           ; ck          ; 0.000        ; 0.055      ; 1.090      ;
; 0.891 ; pfs_8bit_reg:inst6|pfs_ff_enable:inst3|inst                            ; pfs_8bit_reg:inst5|pfs_ff_enable:inst3|inst                            ; ck           ; ck          ; 0.000        ; 0.062      ; 1.097      ;
; 0.891 ; pfs_8bit_reg:inst5|pfs_ff_enable:inst2|inst                            ; pfs_8bit_reg:inst6|pfs_ff_enable:inst5|inst                            ; ck           ; ck          ; 0.000        ; 0.055      ; 1.090      ;
; 0.899 ; pfs_neander_pc:inst1|pfs_gen_counter_8:inst|pfs_uc_unit:inst5|inst     ; pfs_neander_pc:inst1|pfs_gen_counter_8:inst|pfs_uc_unit:inst5|inst     ; ck           ; ck          ; 0.000        ; 0.058      ; 1.101      ;
; 0.909 ; pfs_neander_pc:inst1|pfs_gen_counter_8:inst|pfs_uc_unit:inst8|inst     ; pfs_neander_pc:inst1|pfs_gen_counter_8:inst|pfs_uc_unit:inst8|inst     ; ck           ; ck          ; 0.000        ; 0.058      ; 1.111      ;
; 0.910 ; pfs_8bit_reg:inst6|pfs_ff_enable:inst|inst                             ; pfs_8bit_reg:inst5|pfs_ff_enable:inst|inst                             ; ck           ; ck          ; 0.000        ; 0.062      ; 1.116      ;
; 0.923 ; pfs_8bit_reg:inst5|pfs_ff_enable:inst2|inst                            ; pfs_8bit_reg:inst6|pfs_ff_enable:inst7|inst                            ; ck           ; ck          ; 0.000        ; 0.055      ; 1.122      ;
; 0.924 ; pfs_8bit_reg:inst6|pfs_ff_enable:inst2|inst                            ; pfs_neander_pc:inst1|pfs_gen_counter_8:inst|pfs_uc_unit:inst7|inst     ; ck           ; ck          ; 0.000        ; 0.060      ; 1.128      ;
; 0.930 ; pfs_8bit_reg:inst6|pfs_ff_enable:inst6|inst                            ; pfs_8bit_reg:inst7|pfs_ff_enable:inst6|inst                            ; ck           ; ck          ; 0.000        ; -0.265     ; 0.809      ;
; 1.011 ; pfs_neander_pc:inst1|pfs_gen_counter_8:inst|pfs_uc_unit:inst1|inst     ; pfs_neander_pc:inst1|pfs_gen_counter_8:inst|pfs_uc_unit:inst1|inst     ; ck           ; ck          ; 0.000        ; 0.057      ; 1.212      ;
; 1.014 ; pfs_8bit_reg:inst6|pfs_ff_enable:inst4|inst                            ; pfs_8bit_reg:inst7|pfs_ff_enable:inst4|inst                            ; ck           ; ck          ; 0.000        ; 0.060      ; 1.218      ;
; 1.018 ; pfs_8bit_reg:inst6|pfs_ff_enable:inst2|inst                            ; pfs_8bit_reg:inst3|pfs_ff_enable:inst2|inst                            ; ck           ; ck          ; 0.000        ; 0.413      ; 1.575      ;
; 1.022 ; pfs_8bit_reg:inst5|pfs_ff_enable:inst2|inst                            ; pfs_8bit_reg:inst6|pfs_ff_enable:inst4|inst                            ; ck           ; ck          ; 0.000        ; 0.053      ; 1.219      ;
; 1.026 ; pfs_8bit_reg:inst6|pfs_ff_enable:inst8|inst                            ; pfs_8bit_reg:inst7|pfs_ff_enable:inst8|inst                            ; ck           ; ck          ; 0.000        ; 0.055      ; 1.225      ;
; 1.053 ; pfs_neander_pc:inst1|pfs_gen_counter_8:inst|pfs_uc_unit:inst3|inst     ; pfs_neander_pc:inst1|pfs_gen_counter_8:inst|pfs_uc_unit:inst4|inst     ; ck           ; ck          ; 0.000        ; 0.057      ; 1.254      ;
; 1.054 ; pfs_neander_pc:inst1|pfs_gen_counter_8:inst|pfs_uc_unit:inst3|inst     ; pfs_neander_pc:inst1|pfs_gen_counter_8:inst|pfs_uc_unit:inst5|inst     ; ck           ; ck          ; 0.000        ; 0.057      ; 1.255      ;
; 1.072 ; pfs_8bit_reg:inst6|pfs_ff_enable:inst5|inst                            ; pfs_neander_pc:inst1|pfs_gen_counter_8:inst|pfs_uc_unit:inst3|inst     ; ck           ; ck          ; 0.000        ; 0.060      ; 1.276      ;
; 1.080 ; pfs_8bit_reg:inst6|pfs_ff_enable:inst4|inst                            ; pfs_neander_pc:inst1|pfs_gen_counter_8:inst|pfs_uc_unit:inst4|inst     ; ck           ; ck          ; 0.000        ; 0.062      ; 1.286      ;
; 1.081 ; pfs_8bit_reg:inst6|pfs_ff_enable:inst4|inst                            ; pfs_neander_pc:inst1|pfs_gen_counter_8:inst|pfs_uc_unit:inst5|inst     ; ck           ; ck          ; 0.000        ; 0.062      ; 1.287      ;
; 1.100 ; pfs_neander_pc:inst1|pfs_gen_counter_8:inst|pfs_uc_unit:inst2|inst     ; pfs_neander_pc:inst1|pfs_gen_counter_8:inst|pfs_uc_unit:inst3|inst     ; ck           ; ck          ; 0.000        ; 0.057      ; 1.301      ;
; 1.104 ; pfs_neander_control:inst|pfs_neander_temp:inst1|pfs_uc_unit:inst2|inst ; pfs_neander_control:inst|pfs_neander_temp:inst1|pfs_uc_unit:inst4|inst ; ck           ; ck          ; 0.000        ; 0.061      ; 1.309      ;
; 1.106 ; pfs_neander_control:inst|pfs_neander_temp:inst1|pfs_uc_unit:inst2|inst ; pfs_neander_control:inst|pfs_neander_temp:inst1|pfs_uc_unit:inst3|inst ; ck           ; ck          ; 0.000        ; 0.061      ; 1.311      ;
; 1.119 ; pfs_8bit_reg:inst6|pfs_ff_enable:inst2|inst                            ; pfs_8bit_reg:inst7|pfs_ff_enable:inst2|inst                            ; ck           ; ck          ; 0.000        ; 0.058      ; 1.321      ;
; 1.121 ; pfs_8bit_reg:inst5|pfs_ff_enable:inst5|inst                            ; pfs_8bit_reg:inst6|pfs_ff_enable:inst7|inst                            ; ck           ; ck          ; 0.000        ; 0.055      ; 1.320      ;
; 1.131 ; pfs_8bit_reg:inst5|pfs_ff_enable:inst|inst                             ; pfs_8bit_reg:inst6|pfs_ff_enable:inst4|inst                            ; ck           ; ck          ; 0.000        ; 0.053      ; 1.328      ;
; 1.133 ; pfs_8bit_reg:inst5|pfs_ff_enable:inst8|inst                            ; pfs_8bit_reg:inst6|pfs_ff_enable:inst2|inst                            ; ck           ; ck          ; 0.000        ; 0.054      ; 1.331      ;
; 1.155 ; pfs_neander_pc:inst1|pfs_gen_counter_8:inst|pfs_uc_unit:inst|inst      ; pfs_8bit_reg:inst5|pfs_ff_enable:inst8|inst                            ; ck           ; ck          ; 0.000        ; 0.057      ; 1.356      ;
; 1.157 ; pfs_neander_pc:inst1|pfs_gen_counter_8:inst|pfs_uc_unit:inst5|inst     ; pfs_neander_pc:inst1|pfs_gen_counter_8:inst|pfs_uc_unit:inst7|inst     ; ck           ; ck          ; 0.000        ; 0.058      ; 1.359      ;
; 1.158 ; pfs_8bit_reg:inst6|pfs_ff_enable:inst4|inst                            ; pfs_8bit_reg:inst3|pfs_ff_enable:inst4|inst                            ; ck           ; ck          ; 0.000        ; 0.422      ; 1.724      ;
; 1.158 ; pfs_neander_pc:inst1|pfs_gen_counter_8:inst|pfs_uc_unit:inst5|inst     ; pfs_neander_pc:inst1|pfs_gen_counter_8:inst|pfs_uc_unit:inst8|inst     ; ck           ; ck          ; 0.000        ; 0.058      ; 1.360      ;
; 1.181 ; pfs_8bit_reg:inst6|pfs_ff_enable:inst5|inst                            ; pfs_neander_pc:inst1|pfs_gen_counter_8:inst|pfs_uc_unit:inst4|inst     ; ck           ; ck          ; 0.000        ; 0.060      ; 1.385      ;
; 1.182 ; pfs_8bit_reg:inst6|pfs_ff_enable:inst5|inst                            ; pfs_neander_pc:inst1|pfs_gen_counter_8:inst|pfs_uc_unit:inst5|inst     ; ck           ; ck          ; 0.000        ; 0.060      ; 1.386      ;
; 1.195 ; pfs_8bit_reg:inst6|pfs_ff_enable:inst8|inst                            ; pfs_neander_pc:inst1|pfs_gen_counter_8:inst|pfs_uc_unit:inst|inst      ; ck           ; ck          ; 0.000        ; 0.058      ; 1.397      ;
; 1.201 ; pfs_neander_pc:inst1|pfs_gen_counter_8:inst|pfs_uc_unit:inst|inst      ; pfs_neander_pc:inst1|pfs_gen_counter_8:inst|pfs_uc_unit:inst2|inst     ; ck           ; ck          ; 0.000        ; 0.057      ; 1.402      ;
; 1.209 ; pfs_8bit_reg:inst6|pfs_ff_enable:inst|inst                             ; pfs_neander_pc:inst1|pfs_gen_counter_8:inst|pfs_uc_unit:inst8|inst     ; ck           ; ck          ; 0.000        ; 0.062      ; 1.415      ;
; 1.217 ; pfs_8bit_reg:inst5|pfs_ff_enable:inst6|inst                            ; pfs_8bit_reg:inst6|pfs_ff_enable:inst2|inst                            ; ck           ; ck          ; 0.000        ; 0.054      ; 1.415      ;
; 1.221 ; pfs_8bit_reg:inst3|pfs_ff_enable:inst|inst                             ; pfs_8bit_reg:inst3|pfs_ff_enable:inst|inst                             ; ck           ; ck          ; 0.000        ; 0.071      ; 1.436      ;
; 1.221 ; pfs_8bit_reg:inst5|pfs_ff_enable:inst4|inst                            ; pfs_8bit_reg:inst6|pfs_ff_enable:inst7|inst                            ; ck           ; ck          ; 0.000        ; 0.055      ; 1.420      ;
; 1.222 ; pfs_8bit_reg:inst5|pfs_ff_enable:inst|inst                             ; pfs_8bit_reg:inst6|pfs_ff_enable:inst2|inst                            ; ck           ; ck          ; 0.000        ; 0.055      ; 1.421      ;
; 1.224 ; pfs_8bit_reg:inst5|pfs_ff_enable:inst7|inst                            ; pfs_8bit_reg:inst6|pfs_ff_enable:inst2|inst                            ; ck           ; ck          ; 0.000        ; 0.055      ; 1.423      ;
; 1.224 ; pfs_8bit_reg:inst3|pfs_ff_enable:inst4|inst                            ; pfs_8bit_reg:inst3|pfs_ff_enable:inst4|inst                            ; ck           ; ck          ; 0.000        ; 0.071      ; 1.439      ;
; 1.242 ; pfs_8bit_reg:inst5|pfs_ff_enable:inst8|inst                            ; pfs_8bit_reg:inst6|pfs_ff_enable:inst5|inst                            ; ck           ; ck          ; 0.000        ; 0.054      ; 1.440      ;
; 1.249 ; pfs_neander_pc:inst1|pfs_gen_counter_8:inst|pfs_uc_unit:inst|inst      ; pfs_neander_pc:inst1|pfs_gen_counter_8:inst|pfs_uc_unit:inst1|inst     ; ck           ; ck          ; 0.000        ; 0.057      ; 1.450      ;
; 1.250 ; pfs_8bit_reg:inst7|pfs_ff_enable:inst4|inst                            ; pfs_8bit_reg:inst3|pfs_ff_enable:inst2|inst                            ; ck           ; ck          ; 0.000        ; 0.412      ; 1.806      ;
; 1.257 ; pfs_neander_pc:inst1|pfs_gen_counter_8:inst|pfs_uc_unit:inst4|inst     ; pfs_neander_pc:inst1|pfs_gen_counter_8:inst|pfs_uc_unit:inst7|inst     ; ck           ; ck          ; 0.000        ; 0.058      ; 1.459      ;
; 1.258 ; pfs_neander_pc:inst1|pfs_gen_counter_8:inst|pfs_uc_unit:inst4|inst     ; pfs_neander_pc:inst1|pfs_gen_counter_8:inst|pfs_uc_unit:inst8|inst     ; ck           ; ck          ; 0.000        ; 0.058      ; 1.460      ;
; 1.287 ; pfs_neander_pc:inst1|pfs_gen_counter_8:inst|pfs_uc_unit:inst1|inst     ; pfs_neander_pc:inst1|pfs_gen_counter_8:inst|pfs_uc_unit:inst3|inst     ; ck           ; ck          ; 0.000        ; 0.057      ; 1.488      ;
; 1.292 ; pfs_8bit_reg:inst6|pfs_ff_enable:inst7|inst                            ; pfs_neander_pc:inst1|pfs_gen_counter_8:inst|pfs_uc_unit:inst2|inst     ; ck           ; ck          ; 0.000        ; 0.060      ; 1.496      ;
; 1.295 ; pfs_8bit_reg:inst5|pfs_ff_enable:inst4|inst                            ; pfs_8bit_reg:inst6|pfs_ff_enable:inst5|inst                            ; ck           ; ck          ; 0.000        ; 0.055      ; 1.494      ;
; 1.296 ; pfs_8bit_reg:inst7|pfs_ff_enable:inst3|inst                            ; pfs_8bit_reg:inst3|pfs_ff_enable:inst5|inst                            ; ck           ; ck          ; 0.000        ; 0.058      ; 1.498      ;
; 1.311 ; pfs_8bit_reg:inst6|pfs_ff_enable:inst3|inst                            ; pfs_8bit_reg:inst3|pfs_ff_enable:inst3|inst                            ; ck           ; ck          ; 0.000        ; 0.061      ; 1.516      ;
; 1.311 ; pfs_8bit_reg:inst5|pfs_ff_enable:inst4|inst                            ; pfs_8bit_reg:inst6|pfs_ff_enable:inst2|inst                            ; ck           ; ck          ; 0.000        ; 0.055      ; 1.510      ;
; 1.316 ; pfs_8bit_reg:inst5|pfs_ff_enable:inst5|inst                            ; pfs_8bit_reg:inst6|pfs_ff_enable:inst5|inst                            ; ck           ; ck          ; 0.000        ; 0.055      ; 1.515      ;
; 1.319 ; pfs_neander_pc:inst1|pfs_gen_counter_8:inst|pfs_uc_unit:inst3|inst     ; pfs_neander_pc:inst1|pfs_gen_counter_8:inst|pfs_uc_unit:inst7|inst     ; ck           ; ck          ; 0.000        ; 0.057      ; 1.520      ;
; 1.320 ; pfs_neander_pc:inst1|pfs_gen_counter_8:inst|pfs_uc_unit:inst3|inst     ; pfs_neander_pc:inst1|pfs_gen_counter_8:inst|pfs_uc_unit:inst8|inst     ; ck           ; ck          ; 0.000        ; 0.057      ; 1.521      ;
; 1.321 ; pfs_8bit_reg:inst5|pfs_ff_enable:inst4|inst                            ; pfs_8bit_reg:inst6|pfs_ff_enable:inst4|inst                            ; ck           ; ck          ; 0.000        ; 0.053      ; 1.518      ;
; 1.326 ; pfs_8bit_reg:inst5|pfs_ff_enable:inst5|inst                            ; pfs_8bit_reg:inst6|pfs_ff_enable:inst2|inst                            ; ck           ; ck          ; 0.000        ; 0.055      ; 1.525      ;
; 1.344 ; pfs_8bit_reg:inst5|pfs_ff_enable:inst|inst                             ; pfs_8bit_reg:inst6|pfs_ff_enable:inst5|inst                            ; ck           ; ck          ; 0.000        ; 0.055      ; 1.543      ;
; 1.349 ; pfs_8bit_reg:inst6|pfs_ff_enable:inst3|inst                            ; pfs_neander_pc:inst1|pfs_gen_counter_8:inst|pfs_uc_unit:inst5|inst     ; ck           ; ck          ; 0.000        ; 0.062      ; 1.555      ;
; 1.368 ; pfs_8bit_reg:inst5|pfs_ff_enable:inst|inst                             ; pfs_8bit_reg:inst6|pfs_ff_enable:inst|inst                             ; ck           ; ck          ; 0.000        ; 0.053      ; 1.565      ;
; 1.387 ; pfs_neander_pc:inst1|pfs_gen_counter_8:inst|pfs_uc_unit:inst7|inst     ; pfs_neander_pc:inst1|pfs_gen_counter_8:inst|pfs_uc_unit:inst8|inst     ; ck           ; ck          ; 0.000        ; 0.058      ; 1.589      ;
; 1.393 ; pfs_8bit_reg:inst7|pfs_ff_enable:inst|inst                             ; pfs_neander_pc:inst1|pfs_gen_counter_8:inst|pfs_uc_unit:inst|inst      ; ck           ; ck          ; 0.000        ; 0.060      ; 1.597      ;
; 1.396 ; pfs_8bit_reg:inst5|pfs_ff_enable:inst8|inst                            ; pfs_8bit_reg:inst6|pfs_ff_enable:inst4|inst                            ; ck           ; ck          ; 0.000        ; 0.052      ; 1.592      ;
; 1.397 ; pfs_8bit_reg:inst7|pfs_ff_enable:inst|inst                             ; pfs_neander_pc:inst1|pfs_gen_counter_8:inst|pfs_uc_unit:inst1|inst     ; ck           ; ck          ; 0.000        ; 0.060      ; 1.601      ;
; 1.398 ; pfs_8bit_reg:inst5|pfs_ff_enable:inst2|inst                            ; pfs_8bit_reg:inst6|pfs_ff_enable:inst|inst                             ; ck           ; ck          ; 0.000        ; 0.053      ; 1.595      ;
; 1.405 ; pfs_8bit_reg:inst6|pfs_ff_enable:inst|inst                             ; pfs_8bit_reg:inst3|pfs_ff_enable:inst|inst                             ; ck           ; ck          ; 0.000        ; 0.422      ; 1.971      ;
; 1.420 ; pfs_8bit_reg:inst5|pfs_ff_enable:inst2|inst                            ; pfs_8bit_reg:inst6|pfs_ff_enable:inst3|inst                            ; ck           ; ck          ; 0.000        ; 0.053      ; 1.617      ;
; 1.431 ; pfs_8bit_reg:inst5|pfs_ff_enable:inst7|inst                            ; pfs_8bit_reg:inst6|pfs_ff_enable:inst5|inst                            ; ck           ; ck          ; 0.000        ; 0.055      ; 1.630      ;
; 1.437 ; pfs_8bit_reg:inst5|pfs_ff_enable:inst6|inst                            ; pfs_8bit_reg:inst6|pfs_ff_enable:inst7|inst                            ; ck           ; ck          ; 0.000        ; 0.054      ; 1.635      ;
+-------+------------------------------------------------------------------------+------------------------------------------------------------------------+--------------+-------------+--------------+------------+------------+


+---------------------------------------------------------------------------------------------------------------------------------------------------------+
; Slow 1200mV 0C Model Minimum Pulse Width: 'ck'                                                                                                          ;
+--------+--------------+----------------+------------------+-------+------------+------------------------------------------------------------------------+
; Slack  ; Actual Width ; Required Width ; Type             ; Clock ; Clock Edge ; Target                                                                 ;
+--------+--------------+----------------+------------------+-------+------------+------------------------------------------------------------------------+
; -3.000 ; 1.000        ; 4.000          ; Port Rate        ; ck    ; Rise       ; ck                                                                     ;
; -1.000 ; 1.000        ; 2.000          ; Min Period       ; ck    ; Rise       ; pfs_8bit_reg:inst3|pfs_ff_enable:inst2|inst                            ;
; -1.000 ; 1.000        ; 2.000          ; Min Period       ; ck    ; Rise       ; pfs_8bit_reg:inst3|pfs_ff_enable:inst3|inst                            ;
; -1.000 ; 1.000        ; 2.000          ; Min Period       ; ck    ; Rise       ; pfs_8bit_reg:inst3|pfs_ff_enable:inst4|inst                            ;
; -1.000 ; 1.000        ; 2.000          ; Min Period       ; ck    ; Rise       ; pfs_8bit_reg:inst3|pfs_ff_enable:inst5|inst                            ;
; -1.000 ; 1.000        ; 2.000          ; Min Period       ; ck    ; Rise       ; pfs_8bit_reg:inst3|pfs_ff_enable:inst6|inst                            ;
; -1.000 ; 1.000        ; 2.000          ; Min Period       ; ck    ; Rise       ; pfs_8bit_reg:inst3|pfs_ff_enable:inst7|inst                            ;
; -1.000 ; 1.000        ; 2.000          ; Min Period       ; ck    ; Rise       ; pfs_8bit_reg:inst3|pfs_ff_enable:inst8|inst                            ;
; -1.000 ; 1.000        ; 2.000          ; Min Period       ; ck    ; Rise       ; pfs_8bit_reg:inst3|pfs_ff_enable:inst|inst                             ;
; -1.000 ; 1.000        ; 2.000          ; Min Period       ; ck    ; Rise       ; pfs_8bit_reg:inst5|pfs_ff_enable:inst2|inst                            ;
; -1.000 ; 1.000        ; 2.000          ; Min Period       ; ck    ; Rise       ; pfs_8bit_reg:inst5|pfs_ff_enable:inst3|inst                            ;
; -1.000 ; 1.000        ; 2.000          ; Min Period       ; ck    ; Rise       ; pfs_8bit_reg:inst5|pfs_ff_enable:inst4|inst                            ;
; -1.000 ; 1.000        ; 2.000          ; Min Period       ; ck    ; Rise       ; pfs_8bit_reg:inst5|pfs_ff_enable:inst5|inst                            ;
; -1.000 ; 1.000        ; 2.000          ; Min Period       ; ck    ; Rise       ; pfs_8bit_reg:inst5|pfs_ff_enable:inst6|inst                            ;
; -1.000 ; 1.000        ; 2.000          ; Min Period       ; ck    ; Rise       ; pfs_8bit_reg:inst5|pfs_ff_enable:inst7|inst                            ;
; -1.000 ; 1.000        ; 2.000          ; Min Period       ; ck    ; Rise       ; pfs_8bit_reg:inst5|pfs_ff_enable:inst8|inst                            ;
; -1.000 ; 1.000        ; 2.000          ; Min Period       ; ck    ; Rise       ; pfs_8bit_reg:inst5|pfs_ff_enable:inst|inst                             ;
; -1.000 ; 1.000        ; 2.000          ; Min Period       ; ck    ; Rise       ; pfs_8bit_reg:inst6|pfs_ff_enable:inst2|inst                            ;
; -1.000 ; 1.000        ; 2.000          ; Min Period       ; ck    ; Rise       ; pfs_8bit_reg:inst6|pfs_ff_enable:inst3|inst                            ;
; -1.000 ; 1.000        ; 2.000          ; Min Period       ; ck    ; Rise       ; pfs_8bit_reg:inst6|pfs_ff_enable:inst4|inst                            ;
; -1.000 ; 1.000        ; 2.000          ; Min Period       ; ck    ; Rise       ; pfs_8bit_reg:inst6|pfs_ff_enable:inst5|inst                            ;
; -1.000 ; 1.000        ; 2.000          ; Min Period       ; ck    ; Rise       ; pfs_8bit_reg:inst6|pfs_ff_enable:inst6|inst                            ;
; -1.000 ; 1.000        ; 2.000          ; Min Period       ; ck    ; Rise       ; pfs_8bit_reg:inst6|pfs_ff_enable:inst7|inst                            ;
; -1.000 ; 1.000        ; 2.000          ; Min Period       ; ck    ; Rise       ; pfs_8bit_reg:inst6|pfs_ff_enable:inst8|inst                            ;
; -1.000 ; 1.000        ; 2.000          ; Min Period       ; ck    ; Rise       ; pfs_8bit_reg:inst6|pfs_ff_enable:inst|inst                             ;
; -1.000 ; 1.000        ; 2.000          ; Min Period       ; ck    ; Rise       ; pfs_8bit_reg:inst7|pfs_ff_enable:inst2|inst                            ;
; -1.000 ; 1.000        ; 2.000          ; Min Period       ; ck    ; Rise       ; pfs_8bit_reg:inst7|pfs_ff_enable:inst3|inst                            ;
; -1.000 ; 1.000        ; 2.000          ; Min Period       ; ck    ; Rise       ; pfs_8bit_reg:inst7|pfs_ff_enable:inst4|inst                            ;
; -1.000 ; 1.000        ; 2.000          ; Min Period       ; ck    ; Rise       ; pfs_8bit_reg:inst7|pfs_ff_enable:inst5|inst                            ;
; -1.000 ; 1.000        ; 2.000          ; Min Period       ; ck    ; Rise       ; pfs_8bit_reg:inst7|pfs_ff_enable:inst6|inst                            ;
; -1.000 ; 1.000        ; 2.000          ; Min Period       ; ck    ; Rise       ; pfs_8bit_reg:inst7|pfs_ff_enable:inst7|inst                            ;
; -1.000 ; 1.000        ; 2.000          ; Min Period       ; ck    ; Rise       ; pfs_8bit_reg:inst7|pfs_ff_enable:inst8|inst                            ;
; -1.000 ; 1.000        ; 2.000          ; Min Period       ; ck    ; Rise       ; pfs_8bit_reg:inst7|pfs_ff_enable:inst|inst                             ;
; -1.000 ; 1.000        ; 2.000          ; Min Period       ; ck    ; Rise       ; pfs_neander_control:inst|pfs_neander_temp:inst1|pfs_uc_unit:inst2|inst ;
; -1.000 ; 1.000        ; 2.000          ; Min Period       ; ck    ; Rise       ; pfs_neander_control:inst|pfs_neander_temp:inst1|pfs_uc_unit:inst3|inst ;
; -1.000 ; 1.000        ; 2.000          ; Min Period       ; ck    ; Rise       ; pfs_neander_control:inst|pfs_neander_temp:inst1|pfs_uc_unit:inst4|inst ;
; -1.000 ; 1.000        ; 2.000          ; Min Period       ; ck    ; Rise       ; pfs_neander_pc:inst1|pfs_gen_counter_8:inst|pfs_uc_unit:inst1|inst     ;
; -1.000 ; 1.000        ; 2.000          ; Min Period       ; ck    ; Rise       ; pfs_neander_pc:inst1|pfs_gen_counter_8:inst|pfs_uc_unit:inst2|inst     ;
; -1.000 ; 1.000        ; 2.000          ; Min Period       ; ck    ; Rise       ; pfs_neander_pc:inst1|pfs_gen_counter_8:inst|pfs_uc_unit:inst3|inst     ;
; -1.000 ; 1.000        ; 2.000          ; Min Period       ; ck    ; Rise       ; pfs_neander_pc:inst1|pfs_gen_counter_8:inst|pfs_uc_unit:inst4|inst     ;
; -1.000 ; 1.000        ; 2.000          ; Min Period       ; ck    ; Rise       ; pfs_neander_pc:inst1|pfs_gen_counter_8:inst|pfs_uc_unit:inst5|inst     ;
; -1.000 ; 1.000        ; 2.000          ; Min Period       ; ck    ; Rise       ; pfs_neander_pc:inst1|pfs_gen_counter_8:inst|pfs_uc_unit:inst7|inst     ;
; -1.000 ; 1.000        ; 2.000          ; Min Period       ; ck    ; Rise       ; pfs_neander_pc:inst1|pfs_gen_counter_8:inst|pfs_uc_unit:inst8|inst     ;
; -1.000 ; 1.000        ; 2.000          ; Min Period       ; ck    ; Rise       ; pfs_neander_pc:inst1|pfs_gen_counter_8:inst|pfs_uc_unit:inst|inst      ;
; 0.213  ; 0.397        ; 0.184          ; Low Pulse Width  ; ck    ; Rise       ; pfs_8bit_reg:inst3|pfs_ff_enable:inst4|inst                            ;
; 0.213  ; 0.397        ; 0.184          ; Low Pulse Width  ; ck    ; Rise       ; pfs_8bit_reg:inst3|pfs_ff_enable:inst|inst                             ;
; 0.215  ; 0.399        ; 0.184          ; Low Pulse Width  ; ck    ; Rise       ; pfs_8bit_reg:inst3|pfs_ff_enable:inst2|inst                            ;
; 0.218  ; 0.402        ; 0.184          ; Low Pulse Width  ; ck    ; Rise       ; pfs_8bit_reg:inst6|pfs_ff_enable:inst6|inst                            ;
; 0.219  ; 0.403        ; 0.184          ; Low Pulse Width  ; ck    ; Rise       ; pfs_8bit_reg:inst3|pfs_ff_enable:inst3|inst                            ;
; 0.219  ; 0.403        ; 0.184          ; Low Pulse Width  ; ck    ; Rise       ; pfs_8bit_reg:inst3|pfs_ff_enable:inst5|inst                            ;
; 0.219  ; 0.403        ; 0.184          ; Low Pulse Width  ; ck    ; Rise       ; pfs_8bit_reg:inst3|pfs_ff_enable:inst6|inst                            ;
; 0.219  ; 0.403        ; 0.184          ; Low Pulse Width  ; ck    ; Rise       ; pfs_8bit_reg:inst3|pfs_ff_enable:inst7|inst                            ;
; 0.219  ; 0.403        ; 0.184          ; Low Pulse Width  ; ck    ; Rise       ; pfs_8bit_reg:inst3|pfs_ff_enable:inst8|inst                            ;
; 0.219  ; 0.403        ; 0.184          ; Low Pulse Width  ; ck    ; Rise       ; pfs_8bit_reg:inst6|pfs_ff_enable:inst2|inst                            ;
; 0.219  ; 0.403        ; 0.184          ; Low Pulse Width  ; ck    ; Rise       ; pfs_8bit_reg:inst6|pfs_ff_enable:inst5|inst                            ;
; 0.219  ; 0.403        ; 0.184          ; Low Pulse Width  ; ck    ; Rise       ; pfs_8bit_reg:inst6|pfs_ff_enable:inst7|inst                            ;
; 0.219  ; 0.403        ; 0.184          ; Low Pulse Width  ; ck    ; Rise       ; pfs_8bit_reg:inst6|pfs_ff_enable:inst8|inst                            ;
; 0.219  ; 0.403        ; 0.184          ; Low Pulse Width  ; ck    ; Rise       ; pfs_8bit_reg:inst7|pfs_ff_enable:inst2|inst                            ;
; 0.219  ; 0.403        ; 0.184          ; Low Pulse Width  ; ck    ; Rise       ; pfs_8bit_reg:inst7|pfs_ff_enable:inst3|inst                            ;
; 0.219  ; 0.403        ; 0.184          ; Low Pulse Width  ; ck    ; Rise       ; pfs_8bit_reg:inst7|pfs_ff_enable:inst4|inst                            ;
; 0.219  ; 0.403        ; 0.184          ; Low Pulse Width  ; ck    ; Rise       ; pfs_8bit_reg:inst7|pfs_ff_enable:inst5|inst                            ;
; 0.219  ; 0.403        ; 0.184          ; Low Pulse Width  ; ck    ; Rise       ; pfs_8bit_reg:inst7|pfs_ff_enable:inst6|inst                            ;
; 0.219  ; 0.403        ; 0.184          ; Low Pulse Width  ; ck    ; Rise       ; pfs_8bit_reg:inst7|pfs_ff_enable:inst7|inst                            ;
; 0.219  ; 0.403        ; 0.184          ; Low Pulse Width  ; ck    ; Rise       ; pfs_8bit_reg:inst7|pfs_ff_enable:inst8|inst                            ;
; 0.219  ; 0.403        ; 0.184          ; Low Pulse Width  ; ck    ; Rise       ; pfs_8bit_reg:inst7|pfs_ff_enable:inst|inst                             ;
; 0.219  ; 0.403        ; 0.184          ; Low Pulse Width  ; ck    ; Rise       ; pfs_neander_control:inst|pfs_neander_temp:inst1|pfs_uc_unit:inst2|inst ;
; 0.220  ; 0.404        ; 0.184          ; Low Pulse Width  ; ck    ; Rise       ; pfs_8bit_reg:inst5|pfs_ff_enable:inst2|inst                            ;
; 0.220  ; 0.404        ; 0.184          ; Low Pulse Width  ; ck    ; Rise       ; pfs_8bit_reg:inst5|pfs_ff_enable:inst3|inst                            ;
; 0.220  ; 0.404        ; 0.184          ; Low Pulse Width  ; ck    ; Rise       ; pfs_8bit_reg:inst5|pfs_ff_enable:inst4|inst                            ;
; 0.220  ; 0.404        ; 0.184          ; Low Pulse Width  ; ck    ; Rise       ; pfs_8bit_reg:inst5|pfs_ff_enable:inst5|inst                            ;
; 0.220  ; 0.404        ; 0.184          ; Low Pulse Width  ; ck    ; Rise       ; pfs_8bit_reg:inst5|pfs_ff_enable:inst6|inst                            ;
; 0.220  ; 0.404        ; 0.184          ; Low Pulse Width  ; ck    ; Rise       ; pfs_8bit_reg:inst5|pfs_ff_enable:inst7|inst                            ;
; 0.220  ; 0.404        ; 0.184          ; Low Pulse Width  ; ck    ; Rise       ; pfs_8bit_reg:inst5|pfs_ff_enable:inst8|inst                            ;
; 0.220  ; 0.404        ; 0.184          ; Low Pulse Width  ; ck    ; Rise       ; pfs_8bit_reg:inst5|pfs_ff_enable:inst|inst                             ;
; 0.220  ; 0.404        ; 0.184          ; Low Pulse Width  ; ck    ; Rise       ; pfs_8bit_reg:inst6|pfs_ff_enable:inst3|inst                            ;
; 0.220  ; 0.404        ; 0.184          ; Low Pulse Width  ; ck    ; Rise       ; pfs_8bit_reg:inst6|pfs_ff_enable:inst4|inst                            ;
; 0.220  ; 0.404        ; 0.184          ; Low Pulse Width  ; ck    ; Rise       ; pfs_8bit_reg:inst6|pfs_ff_enable:inst|inst                             ;
; 0.220  ; 0.404        ; 0.184          ; Low Pulse Width  ; ck    ; Rise       ; pfs_neander_pc:inst1|pfs_gen_counter_8:inst|pfs_uc_unit:inst1|inst     ;
; 0.220  ; 0.404        ; 0.184          ; Low Pulse Width  ; ck    ; Rise       ; pfs_neander_pc:inst1|pfs_gen_counter_8:inst|pfs_uc_unit:inst2|inst     ;
; 0.220  ; 0.404        ; 0.184          ; Low Pulse Width  ; ck    ; Rise       ; pfs_neander_pc:inst1|pfs_gen_counter_8:inst|pfs_uc_unit:inst3|inst     ;
; 0.220  ; 0.404        ; 0.184          ; Low Pulse Width  ; ck    ; Rise       ; pfs_neander_pc:inst1|pfs_gen_counter_8:inst|pfs_uc_unit:inst4|inst     ;
; 0.220  ; 0.404        ; 0.184          ; Low Pulse Width  ; ck    ; Rise       ; pfs_neander_pc:inst1|pfs_gen_counter_8:inst|pfs_uc_unit:inst5|inst     ;
; 0.220  ; 0.404        ; 0.184          ; Low Pulse Width  ; ck    ; Rise       ; pfs_neander_pc:inst1|pfs_gen_counter_8:inst|pfs_uc_unit:inst7|inst     ;
; 0.220  ; 0.404        ; 0.184          ; Low Pulse Width  ; ck    ; Rise       ; pfs_neander_pc:inst1|pfs_gen_counter_8:inst|pfs_uc_unit:inst8|inst     ;
; 0.220  ; 0.404        ; 0.184          ; Low Pulse Width  ; ck    ; Rise       ; pfs_neander_pc:inst1|pfs_gen_counter_8:inst|pfs_uc_unit:inst|inst      ;
; 0.221  ; 0.405        ; 0.184          ; Low Pulse Width  ; ck    ; Rise       ; pfs_neander_control:inst|pfs_neander_temp:inst1|pfs_uc_unit:inst3|inst ;
; 0.221  ; 0.405        ; 0.184          ; Low Pulse Width  ; ck    ; Rise       ; pfs_neander_control:inst|pfs_neander_temp:inst1|pfs_uc_unit:inst4|inst ;
; 0.344  ; 0.344        ; 0.000          ; Low Pulse Width  ; ck    ; Rise       ; ck~input|o                                                             ;
; 0.348  ; 0.348        ; 0.000          ; Low Pulse Width  ; ck    ; Rise       ; ck~inputclkctrl|inclk[0]                                               ;
; 0.348  ; 0.348        ; 0.000          ; Low Pulse Width  ; ck    ; Rise       ; ck~inputclkctrl|outclk                                                 ;
; 0.373  ; 0.373        ; 0.000          ; Low Pulse Width  ; ck    ; Rise       ; inst3|inst4|inst|clk                                                   ;
; 0.373  ; 0.373        ; 0.000          ; Low Pulse Width  ; ck    ; Rise       ; inst3|inst|inst|clk                                                    ;
; 0.375  ; 0.375        ; 0.000          ; Low Pulse Width  ; ck    ; Rise       ; inst3|inst2|inst|clk                                                   ;
; 0.378  ; 0.378        ; 0.000          ; Low Pulse Width  ; ck    ; Rise       ; inst6|inst6|inst|clk                                                   ;
; 0.378  ; 0.594        ; 0.216          ; High Pulse Width ; ck    ; Rise       ; pfs_8bit_reg:inst5|pfs_ff_enable:inst2|inst                            ;
; 0.378  ; 0.594        ; 0.216          ; High Pulse Width ; ck    ; Rise       ; pfs_8bit_reg:inst5|pfs_ff_enable:inst3|inst                            ;
; 0.378  ; 0.594        ; 0.216          ; High Pulse Width ; ck    ; Rise       ; pfs_8bit_reg:inst5|pfs_ff_enable:inst4|inst                            ;
; 0.378  ; 0.594        ; 0.216          ; High Pulse Width ; ck    ; Rise       ; pfs_8bit_reg:inst5|pfs_ff_enable:inst5|inst                            ;
; 0.378  ; 0.594        ; 0.216          ; High Pulse Width ; ck    ; Rise       ; pfs_8bit_reg:inst5|pfs_ff_enable:inst7|inst                            ;
; 0.378  ; 0.594        ; 0.216          ; High Pulse Width ; ck    ; Rise       ; pfs_8bit_reg:inst5|pfs_ff_enable:inst|inst                             ;
+--------+--------------+----------------+------------------+-------+------------+------------------------------------------------------------------------+


+-------------------------------------------------------------------------+
; Clock to Output Times                                                   ;
+-----------+------------+--------+--------+------------+-----------------+
; Data Port ; Clock Port ; Rise   ; Fall   ; Clock Edge ; Clock Reference ;
+-----------+------------+--------+--------+------------+-----------------+
; AC[*]     ; ck         ; 7.789  ; 7.732  ; Rise       ; ck              ;
;  AC[0]    ; ck         ; 6.243  ; 6.181  ; Rise       ; ck              ;
;  AC[1]    ; ck         ; 5.925  ; 5.854  ; Rise       ; ck              ;
;  AC[2]    ; ck         ; 6.544  ; 6.517  ; Rise       ; ck              ;
;  AC[3]    ; ck         ; 6.364  ; 6.288  ; Rise       ; ck              ;
;  AC[4]    ; ck         ; 6.472  ; 6.368  ; Rise       ; ck              ;
;  AC[5]    ; ck         ; 5.972  ; 5.906  ; Rise       ; ck              ;
;  AC[6]    ; ck         ; 6.589  ; 6.553  ; Rise       ; ck              ;
;  AC[7]    ; ck         ; 7.789  ; 7.732  ; Rise       ; ck              ;
; MEM[*]    ; ck         ; 9.467  ; 9.344  ; Rise       ; ck              ;
;  MEM[0]   ; ck         ; 9.241  ; 9.124  ; Rise       ; ck              ;
;  MEM[1]   ; ck         ; 9.017  ; 8.946  ; Rise       ; ck              ;
;  MEM[2]   ; ck         ; 8.119  ; 8.077  ; Rise       ; ck              ;
;  MEM[3]   ; ck         ; 7.896  ; 7.763  ; Rise       ; ck              ;
;  MEM[4]   ; ck         ; 9.467  ; 9.344  ; Rise       ; ck              ;
;  MEM[5]   ; ck         ; 8.686  ; 8.603  ; Rise       ; ck              ;
;  MEM[6]   ; ck         ; 8.469  ; 8.346  ; Rise       ; ck              ;
;  MEM[7]   ; ck         ; 8.792  ; 8.656  ; Rise       ; ck              ;
; MUX[*]    ; ck         ; 10.109 ; 10.037 ; Rise       ; ck              ;
;  MUX[0]   ; ck         ; 9.026  ; 8.892  ; Rise       ; ck              ;
;  MUX[1]   ; ck         ; 9.799  ; 9.681  ; Rise       ; ck              ;
;  MUX[2]   ; ck         ; 9.541  ; 9.419  ; Rise       ; ck              ;
;  MUX[3]   ; ck         ; 9.833  ; 9.689  ; Rise       ; ck              ;
;  MUX[4]   ; ck         ; 10.109 ; 10.037 ; Rise       ; ck              ;
;  MUX[5]   ; ck         ; 9.964  ; 9.827  ; Rise       ; ck              ;
;  MUX[6]   ; ck         ; 10.037 ; 9.884  ; Rise       ; ck              ;
;  MUX[7]   ; ck         ; 9.979  ; 9.846  ; Rise       ; ck              ;
; PC[*]     ; ck         ; 9.857  ; 9.740  ; Rise       ; ck              ;
;  PC[0]    ; ck         ; 9.042  ; 8.953  ; Rise       ; ck              ;
;  PC[1]    ; ck         ; 9.280  ; 9.179  ; Rise       ; ck              ;
;  PC[2]    ; ck         ; 9.001  ; 8.828  ; Rise       ; ck              ;
;  PC[3]    ; ck         ; 9.744  ; 9.641  ; Rise       ; ck              ;
;  PC[4]    ; ck         ; 9.259  ; 9.155  ; Rise       ; ck              ;
;  PC[5]    ; ck         ; 9.857  ; 9.740  ; Rise       ; ck              ;
;  PC[6]    ; ck         ; 8.914  ; 8.821  ; Rise       ; ck              ;
;  PC[7]    ; ck         ; 9.036  ; 8.889  ; Rise       ; ck              ;
; RDM[*]    ; ck         ; 6.117  ; 6.026  ; Rise       ; ck              ;
;  RDM[0]   ; ck         ; 5.905  ; 5.820  ; Rise       ; ck              ;
;  RDM[1]   ; ck         ; 6.078  ; 5.988  ; Rise       ; ck              ;
;  RDM[2]   ; ck         ; 5.826  ; 5.752  ; Rise       ; ck              ;
;  RDM[3]   ; ck         ; 5.829  ; 5.740  ; Rise       ; ck              ;
;  RDM[4]   ; ck         ; 5.854  ; 5.748  ; Rise       ; ck              ;
;  RDM[5]   ; ck         ; 6.090  ; 6.001  ; Rise       ; ck              ;
;  RDM[6]   ; ck         ; 6.072  ; 5.972  ; Rise       ; ck              ;
;  RDM[7]   ; ck         ; 6.117  ; 6.026  ; Rise       ; ck              ;
; REM[*]    ; ck         ; 6.572  ; 6.483  ; Rise       ; ck              ;
;  REM[0]   ; ck         ; 6.358  ; 6.274  ; Rise       ; ck              ;
;  REM[1]   ; ck         ; 6.204  ; 6.127  ; Rise       ; ck              ;
;  REM[2]   ; ck         ; 6.381  ; 6.311  ; Rise       ; ck              ;
;  REM[3]   ; ck         ; 6.078  ; 5.974  ; Rise       ; ck              ;
;  REM[4]   ; ck         ; 5.534  ; 5.434  ; Rise       ; ck              ;
;  REM[5]   ; ck         ; 6.572  ; 6.483  ; Rise       ; ck              ;
;  REM[6]   ; ck         ; 6.461  ; 6.354  ; Rise       ; ck              ;
;  REM[7]   ; ck         ; 6.094  ; 5.983  ; Rise       ; ck              ;
; RI[*]     ; ck         ; 6.812  ; 6.727  ; Rise       ; ck              ;
;  RI[0]    ; ck         ; 6.812  ; 6.727  ; Rise       ; ck              ;
;  RI[1]    ; ck         ; 6.109  ; 6.022  ; Rise       ; ck              ;
;  RI[2]    ; ck         ; 6.212  ; 6.166  ; Rise       ; ck              ;
;  RI[3]    ; ck         ; 6.158  ; 6.098  ; Rise       ; ck              ;
;  RI[4]    ; ck         ; 6.258  ; 6.232  ; Rise       ; ck              ;
;  RI[5]    ; ck         ; 5.951  ; 5.865  ; Rise       ; ck              ;
;  RI[6]    ; ck         ; 5.995  ; 5.922  ; Rise       ; ck              ;
;  RI[7]    ; ck         ; 6.650  ; 6.588  ; Rise       ; ck              ;
; T[*]      ; ck         ; 8.360  ; 8.295  ; Rise       ; ck              ;
;  T[0]     ; ck         ; 7.418  ; 7.243  ; Rise       ; ck              ;
;  T[1]     ; ck         ; 7.513  ; 7.355  ; Rise       ; ck              ;
;  T[2]     ; ck         ; 8.360  ; 8.295  ; Rise       ; ck              ;
;  T[3]     ; ck         ; 7.017  ; 6.865  ; Rise       ; ck              ;
;  T[4]     ; ck         ; 7.695  ; 7.617  ; Rise       ; ck              ;
;  T[5]     ; ck         ; 8.139  ; 8.051  ; Rise       ; ck              ;
;  T[6]     ; ck         ; 7.003  ; 6.900  ; Rise       ; ck              ;
;  T[7]     ; ck         ; 6.884  ; 6.783  ; Rise       ; ck              ;
; ULA[*]    ; ck         ; 12.400 ; 12.285 ; Rise       ; ck              ;
;  ULA[0]   ; ck         ; 8.337  ; 8.184  ; Rise       ; ck              ;
;  ULA[1]   ; ck         ; 9.326  ; 9.219  ; Rise       ; ck              ;
;  ULA[2]   ; ck         ; 8.777  ; 8.702  ; Rise       ; ck              ;
;  ULA[3]   ; ck         ; 10.398 ; 10.332 ; Rise       ; ck              ;
;  ULA[4]   ; ck         ; 10.533 ; 10.379 ; Rise       ; ck              ;
;  ULA[5]   ; ck         ; 10.994 ; 10.905 ; Rise       ; ck              ;
;  ULA[6]   ; ck         ; 12.400 ; 12.285 ; Rise       ; ck              ;
;  ULA[7]   ; ck         ; 11.155 ; 11.064 ; Rise       ; ck              ;
; cg_AC     ; ck         ; 7.923  ; 7.797  ; Rise       ; ck              ;
; cg_PC     ; ck         ; 8.343  ; 8.128  ; Rise       ; ck              ;
; cg_RDM    ; ck         ; 8.149  ; 7.931  ; Rise       ; ck              ;
; cg_REM    ; ck         ; 8.422  ; 8.208  ; Rise       ; ck              ;
; cg_RI     ; ck         ; 7.677  ; 7.494  ; Rise       ; ck              ;
; i_add     ; ck         ; 8.408  ; 8.317  ; Rise       ; ck              ;
; i_and     ; ck         ; 7.635  ; 7.592  ; Rise       ; ck              ;
; i_lda     ; ck         ; 8.101  ; 7.919  ; Rise       ; ck              ;
; i_not     ; ck         ; 6.964  ; 6.888  ; Rise       ; ck              ;
; i_or      ; ck         ; 7.571  ; 7.513  ; Rise       ; ck              ;
; inc_pc    ; ck         ; 8.340  ; 8.274  ; Rise       ; ck              ;
; mux_REM   ; ck         ; 7.386  ; 7.352  ; Rise       ; ck              ;
; n         ; ck         ; 7.732  ; 7.789  ; Rise       ; ck              ;
; tempo[*]  ; ck         ; 6.749  ; 6.737  ; Rise       ; ck              ;
;  tempo[0] ; ck         ; 6.511  ; 6.406  ; Rise       ; ck              ;
;  tempo[1] ; ck         ; 5.965  ; 5.885  ; Rise       ; ck              ;
;  tempo[2] ; ck         ; 6.749  ; 6.737  ; Rise       ; ck              ;
; z         ; ck         ; 8.154  ; 8.259  ; Rise       ; ck              ;
+-----------+------------+--------+--------+------------+-----------------+


+-----------------------------------------------------------------------+
; Minimum Clock to Output Times                                         ;
+-----------+------------+-------+-------+------------+-----------------+
; Data Port ; Clock Port ; Rise  ; Fall  ; Clock Edge ; Clock Reference ;
+-----------+------------+-------+-------+------------+-----------------+
; AC[*]     ; ck         ; 5.731 ; 5.659 ; Rise       ; ck              ;
;  AC[0]    ; ck         ; 6.037 ; 5.974 ; Rise       ; ck              ;
;  AC[1]    ; ck         ; 5.731 ; 5.659 ; Rise       ; ck              ;
;  AC[2]    ; ck         ; 6.320 ; 6.291 ; Rise       ; ck              ;
;  AC[3]    ; ck         ; 6.148 ; 6.072 ; Rise       ; ck              ;
;  AC[4]    ; ck         ; 6.257 ; 6.153 ; Rise       ; ck              ;
;  AC[5]    ; ck         ; 5.768 ; 5.702 ; Rise       ; ck              ;
;  AC[6]    ; ck         ; 6.362 ; 6.324 ; Rise       ; ck              ;
;  AC[7]    ; ck         ; 7.519 ; 7.460 ; Rise       ; ck              ;
; MEM[*]    ; ck         ; 6.655 ; 6.541 ; Rise       ; ck              ;
;  MEM[0]   ; ck         ; 7.607 ; 7.439 ; Rise       ; ck              ;
;  MEM[1]   ; ck         ; 7.587 ; 7.414 ; Rise       ; ck              ;
;  MEM[2]   ; ck         ; 6.670 ; 6.573 ; Rise       ; ck              ;
;  MEM[3]   ; ck         ; 6.655 ; 6.541 ; Rise       ; ck              ;
;  MEM[4]   ; ck         ; 7.681 ; 7.563 ; Rise       ; ck              ;
;  MEM[5]   ; ck         ; 7.185 ; 7.054 ; Rise       ; ck              ;
;  MEM[6]   ; ck         ; 7.210 ; 7.059 ; Rise       ; ck              ;
;  MEM[7]   ; ck         ; 7.492 ; 7.375 ; Rise       ; ck              ;
; MUX[*]    ; ck         ; 6.372 ; 6.257 ; Rise       ; ck              ;
;  MUX[0]   ; ck         ; 6.372 ; 6.257 ; Rise       ; ck              ;
;  MUX[1]   ; ck         ; 6.861 ; 6.768 ; Rise       ; ck              ;
;  MUX[2]   ; ck         ; 6.568 ; 6.512 ; Rise       ; ck              ;
;  MUX[3]   ; ck         ; 6.765 ; 6.656 ; Rise       ; ck              ;
;  MUX[4]   ; ck         ; 6.892 ; 6.874 ; Rise       ; ck              ;
;  MUX[5]   ; ck         ; 7.031 ; 6.964 ; Rise       ; ck              ;
;  MUX[6]   ; ck         ; 6.838 ; 6.741 ; Rise       ; ck              ;
;  MUX[7]   ; ck         ; 6.882 ; 6.798 ; Rise       ; ck              ;
; PC[*]     ; ck         ; 6.339 ; 6.256 ; Rise       ; ck              ;
;  PC[0]    ; ck         ; 6.718 ; 6.647 ; Rise       ; ck              ;
;  PC[1]    ; ck         ; 6.762 ; 6.723 ; Rise       ; ck              ;
;  PC[2]    ; ck         ; 6.388 ; 6.282 ; Rise       ; ck              ;
;  PC[3]    ; ck         ; 7.149 ; 7.085 ; Rise       ; ck              ;
;  PC[4]    ; ck         ; 6.553 ; 6.505 ; Rise       ; ck              ;
;  PC[5]    ; ck         ; 7.029 ; 6.978 ; Rise       ; ck              ;
;  PC[6]    ; ck         ; 6.743 ; 6.692 ; Rise       ; ck              ;
;  PC[7]    ; ck         ; 6.339 ; 6.256 ; Rise       ; ck              ;
; RDM[*]    ; ck         ; 5.629 ; 5.549 ; Rise       ; ck              ;
;  RDM[0]   ; ck         ; 5.711 ; 5.626 ; Rise       ; ck              ;
;  RDM[1]   ; ck         ; 5.877 ; 5.787 ; Rise       ; ck              ;
;  RDM[2]   ; ck         ; 5.629 ; 5.555 ; Rise       ; ck              ;
;  RDM[3]   ; ck         ; 5.638 ; 5.549 ; Rise       ; ck              ;
;  RDM[4]   ; ck         ; 5.662 ; 5.557 ; Rise       ; ck              ;
;  RDM[5]   ; ck         ; 5.889 ; 5.799 ; Rise       ; ck              ;
;  RDM[6]   ; ck         ; 5.872 ; 5.773 ; Rise       ; ck              ;
;  RDM[7]   ; ck         ; 5.915 ; 5.824 ; Rise       ; ck              ;
; REM[*]    ; ck         ; 5.354 ; 5.254 ; Rise       ; ck              ;
;  REM[0]   ; ck         ; 6.147 ; 6.062 ; Rise       ; ck              ;
;  REM[1]   ; ck         ; 5.998 ; 5.920 ; Rise       ; ck              ;
;  REM[2]   ; ck         ; 6.168 ; 6.096 ; Rise       ; ck              ;
;  REM[3]   ; ck         ; 5.878 ; 5.774 ; Rise       ; ck              ;
;  REM[4]   ; ck         ; 5.354 ; 5.254 ; Rise       ; ck              ;
;  REM[5]   ; ck         ; 6.350 ; 6.261 ; Rise       ; ck              ;
;  REM[6]   ; ck         ; 6.243 ; 6.136 ; Rise       ; ck              ;
;  REM[7]   ; ck         ; 5.893 ; 5.783 ; Rise       ; ck              ;
; RI[*]     ; ck         ; 5.756 ; 5.671 ; Rise       ; ck              ;
;  RI[0]    ; ck         ; 6.581 ; 6.495 ; Rise       ; ck              ;
;  RI[1]    ; ck         ; 5.908 ; 5.821 ; Rise       ; ck              ;
;  RI[2]    ; ck         ; 6.002 ; 5.955 ; Rise       ; ck              ;
;  RI[3]    ; ck         ; 5.950 ; 5.889 ; Rise       ; ck              ;
;  RI[4]    ; ck         ; 6.072 ; 6.046 ; Rise       ; ck              ;
;  RI[5]    ; ck         ; 5.756 ; 5.671 ; Rise       ; ck              ;
;  RI[6]    ; ck         ; 5.798 ; 5.724 ; Rise       ; ck              ;
;  RI[7]    ; ck         ; 6.426 ; 6.362 ; Rise       ; ck              ;
; T[*]      ; ck         ; 5.987 ; 5.908 ; Rise       ; ck              ;
;  T[0]     ; ck         ; 7.015 ; 6.853 ; Rise       ; ck              ;
;  T[1]     ; ck         ; 6.940 ; 6.795 ; Rise       ; ck              ;
;  T[2]     ; ck         ; 7.923 ; 7.903 ; Rise       ; ck              ;
;  T[3]     ; ck         ; 6.585 ; 6.509 ; Rise       ; ck              ;
;  T[4]     ; ck         ; 7.314 ; 7.145 ; Rise       ; ck              ;
;  T[5]     ; ck         ; 7.247 ; 7.070 ; Rise       ; ck              ;
;  T[6]     ; ck         ; 6.101 ; 6.054 ; Rise       ; ck              ;
;  T[7]     ; ck         ; 5.987 ; 5.908 ; Rise       ; ck              ;
; ULA[*]    ; ck         ; 6.573 ; 6.477 ; Rise       ; ck              ;
;  ULA[0]   ; ck         ; 6.573 ; 6.477 ; Rise       ; ck              ;
;  ULA[1]   ; ck         ; 6.920 ; 6.815 ; Rise       ; ck              ;
;  ULA[2]   ; ck         ; 6.635 ; 6.549 ; Rise       ; ck              ;
;  ULA[3]   ; ck         ; 7.048 ; 6.971 ; Rise       ; ck              ;
;  ULA[4]   ; ck         ; 7.735 ; 7.577 ; Rise       ; ck              ;
;  ULA[5]   ; ck         ; 7.607 ; 7.523 ; Rise       ; ck              ;
;  ULA[6]   ; ck         ; 7.932 ; 7.876 ; Rise       ; ck              ;
;  ULA[7]   ; ck         ; 7.112 ; 7.080 ; Rise       ; ck              ;
; cg_AC     ; ck         ; 6.292 ; 6.113 ; Rise       ; ck              ;
; cg_PC     ; ck         ; 6.721 ; 6.612 ; Rise       ; ck              ;
; cg_RDM    ; ck         ; 6.536 ; 6.427 ; Rise       ; ck              ;
; cg_REM    ; ck         ; 6.799 ; 6.694 ; Rise       ; ck              ;
; cg_RI     ; ck         ; 7.105 ; 6.936 ; Rise       ; ck              ;
; i_add     ; ck         ; 7.905 ; 7.733 ; Rise       ; ck              ;
; i_and     ; ck         ; 7.109 ; 7.079 ; Rise       ; ck              ;
; i_lda     ; ck         ; 7.512 ; 7.325 ; Rise       ; ck              ;
; i_not     ; ck         ; 6.445 ; 6.398 ; Rise       ; ck              ;
; i_or      ; ck         ; 7.070 ; 6.887 ; Rise       ; ck              ;
; inc_pc    ; ck         ; 6.714 ; 6.650 ; Rise       ; ck              ;
; mux_REM   ; ck         ; 6.576 ; 6.459 ; Rise       ; ck              ;
; n         ; ck         ; 7.460 ; 7.519 ; Rise       ; ck              ;
; tempo[*]  ; ck         ; 5.770 ; 5.690 ; Rise       ; ck              ;
;  tempo[0] ; ck         ; 6.292 ; 6.187 ; Rise       ; ck              ;
;  tempo[1] ; ck         ; 5.770 ; 5.690 ; Rise       ; ck              ;
;  tempo[2] ; ck         ; 6.544 ; 6.531 ; Rise       ; ck              ;
; z         ; ck         ; 7.590 ; 7.716 ; Rise       ; ck              ;
+-----------+------------+-------+-------+------------+-----------------+


---------------------------------------------
; Slow 1200mV 0C Model Metastability Report ;
---------------------------------------------
No synchronizer chains to report.


+------------------------------------+
; Fast 1200mV 0C Model Setup Summary ;
+-------+--------+-------------------+
; Clock ; Slack  ; End Point TNS     ;
+-------+--------+-------------------+
; ck    ; -2.373 ; -51.725           ;
+-------+--------+-------------------+


+-----------------------------------+
; Fast 1200mV 0C Model Hold Summary ;
+-------+-------+-------------------+
; Clock ; Slack ; End Point TNS     ;
+-------+-------+-------------------+
; ck    ; 0.186 ; 0.000             ;
+-------+-------+-------------------+


-----------------------------------------
; Fast 1200mV 0C Model Recovery Summary ;
-----------------------------------------
No paths to report.


----------------------------------------
; Fast 1200mV 0C Model Removal Summary ;
----------------------------------------
No paths to report.


+--------------------------------------------------+
; Fast 1200mV 0C Model Minimum Pulse Width Summary ;
+-------+--------+---------------------------------+
; Clock ; Slack  ; End Point TNS                   ;
+-------+--------+---------------------------------+
; ck    ; -3.000 ; -47.261                         ;
+-------+--------+---------------------------------+


+-------------------------------------------------------------------------------------------------------------------------------------------------------------------------------------------------+
; Fast 1200mV 0C Model Setup: 'ck'                                                                                                                                                                ;
+--------+---------------------------------------------+--------------------------------------------------------------------+--------------+-------------+--------------+------------+------------+
; Slack  ; From Node                                   ; To Node                                                            ; Launch Clock ; Latch Clock ; Relationship ; Clock Skew ; Data Delay ;
+--------+---------------------------------------------+--------------------------------------------------------------------+--------------+-------------+--------------+------------+------------+
; -2.373 ; pfs_8bit_reg:inst7|pfs_ff_enable:inst3|inst ; pfs_8bit_reg:inst3|pfs_ff_enable:inst|inst                         ; ck           ; ck          ; 1.000        ; 0.167      ; 3.527      ;
; -2.316 ; pfs_8bit_reg:inst6|pfs_ff_enable:inst8|inst ; pfs_8bit_reg:inst3|pfs_ff_enable:inst|inst                         ; ck           ; ck          ; 1.000        ; 0.166      ; 3.469      ;
; -2.249 ; pfs_8bit_reg:inst3|pfs_ff_enable:inst8|inst ; pfs_8bit_reg:inst3|pfs_ff_enable:inst|inst                         ; ck           ; ck          ; 1.000        ; 0.166      ; 3.402      ;
; -2.241 ; pfs_8bit_reg:inst7|pfs_ff_enable:inst2|inst ; pfs_8bit_reg:inst3|pfs_ff_enable:inst|inst                         ; ck           ; ck          ; 1.000        ; 0.167      ; 3.395      ;
; -2.219 ; pfs_8bit_reg:inst7|pfs_ff_enable:inst4|inst ; pfs_8bit_reg:inst3|pfs_ff_enable:inst|inst                         ; ck           ; ck          ; 1.000        ; 0.167      ; 3.373      ;
; -2.166 ; pfs_8bit_reg:inst3|pfs_ff_enable:inst6|inst ; pfs_8bit_reg:inst3|pfs_ff_enable:inst|inst                         ; ck           ; ck          ; 1.000        ; 0.166      ; 3.319      ;
; -2.108 ; pfs_8bit_reg:inst7|pfs_ff_enable:inst3|inst ; pfs_8bit_reg:inst3|pfs_ff_enable:inst2|inst                        ; ck           ; ck          ; 1.000        ; 0.162      ; 3.257      ;
; -2.086 ; pfs_8bit_reg:inst3|pfs_ff_enable:inst7|inst ; pfs_8bit_reg:inst3|pfs_ff_enable:inst|inst                         ; ck           ; ck          ; 1.000        ; 0.166      ; 3.239      ;
; -2.051 ; pfs_8bit_reg:inst6|pfs_ff_enable:inst8|inst ; pfs_8bit_reg:inst3|pfs_ff_enable:inst2|inst                        ; ck           ; ck          ; 1.000        ; 0.161      ; 3.199      ;
; -1.984 ; pfs_8bit_reg:inst3|pfs_ff_enable:inst8|inst ; pfs_8bit_reg:inst3|pfs_ff_enable:inst2|inst                        ; ck           ; ck          ; 1.000        ; 0.161      ; 3.132      ;
; -1.976 ; pfs_8bit_reg:inst7|pfs_ff_enable:inst2|inst ; pfs_8bit_reg:inst3|pfs_ff_enable:inst2|inst                        ; ck           ; ck          ; 1.000        ; 0.162      ; 3.125      ;
; -1.969 ; pfs_8bit_reg:inst7|pfs_ff_enable:inst3|inst ; pfs_8bit_reg:inst3|pfs_ff_enable:inst3|inst                        ; ck           ; ck          ; 1.000        ; -0.037     ; 2.919      ;
; -1.956 ; pfs_8bit_reg:inst3|pfs_ff_enable:inst4|inst ; pfs_8bit_reg:inst3|pfs_ff_enable:inst|inst                         ; ck           ; ck          ; 1.000        ; -0.046     ; 2.897      ;
; -1.954 ; pfs_8bit_reg:inst7|pfs_ff_enable:inst4|inst ; pfs_8bit_reg:inst3|pfs_ff_enable:inst2|inst                        ; ck           ; ck          ; 1.000        ; 0.162      ; 3.103      ;
; -1.931 ; pfs_8bit_reg:inst3|pfs_ff_enable:inst5|inst ; pfs_8bit_reg:inst3|pfs_ff_enable:inst|inst                         ; ck           ; ck          ; 1.000        ; 0.166      ; 3.084      ;
; -1.912 ; pfs_8bit_reg:inst6|pfs_ff_enable:inst8|inst ; pfs_8bit_reg:inst3|pfs_ff_enable:inst3|inst                        ; ck           ; ck          ; 1.000        ; -0.038     ; 2.861      ;
; -1.902 ; pfs_8bit_reg:inst6|pfs_ff_enable:inst7|inst ; pfs_8bit_reg:inst3|pfs_ff_enable:inst|inst                         ; ck           ; ck          ; 1.000        ; 0.169      ; 3.058      ;
; -1.901 ; pfs_8bit_reg:inst3|pfs_ff_enable:inst6|inst ; pfs_8bit_reg:inst3|pfs_ff_enable:inst2|inst                        ; ck           ; ck          ; 1.000        ; 0.161      ; 3.049      ;
; -1.845 ; pfs_8bit_reg:inst3|pfs_ff_enable:inst8|inst ; pfs_8bit_reg:inst3|pfs_ff_enable:inst3|inst                        ; ck           ; ck          ; 1.000        ; -0.038     ; 2.794      ;
; -1.837 ; pfs_8bit_reg:inst7|pfs_ff_enable:inst2|inst ; pfs_8bit_reg:inst3|pfs_ff_enable:inst3|inst                        ; ck           ; ck          ; 1.000        ; -0.037     ; 2.787      ;
; -1.821 ; pfs_8bit_reg:inst3|pfs_ff_enable:inst7|inst ; pfs_8bit_reg:inst3|pfs_ff_enable:inst2|inst                        ; ck           ; ck          ; 1.000        ; 0.161      ; 2.969      ;
; -1.815 ; pfs_8bit_reg:inst7|pfs_ff_enable:inst4|inst ; pfs_8bit_reg:inst3|pfs_ff_enable:inst3|inst                        ; ck           ; ck          ; 1.000        ; -0.037     ; 2.765      ;
; -1.762 ; pfs_8bit_reg:inst3|pfs_ff_enable:inst6|inst ; pfs_8bit_reg:inst3|pfs_ff_enable:inst3|inst                        ; ck           ; ck          ; 1.000        ; -0.038     ; 2.711      ;
; -1.742 ; pfs_8bit_reg:inst7|pfs_ff_enable:inst3|inst ; pfs_8bit_reg:inst3|pfs_ff_enable:inst5|inst                        ; ck           ; ck          ; 1.000        ; -0.037     ; 2.692      ;
; -1.704 ; pfs_8bit_reg:inst3|pfs_ff_enable:inst6|inst ; pfs_8bit_reg:inst3|pfs_ff_enable:inst7|inst                        ; ck           ; ck          ; 1.000        ; -0.038     ; 2.653      ;
; -1.701 ; pfs_8bit_reg:inst3|pfs_ff_enable:inst5|inst ; pfs_neander_pc:inst1|pfs_gen_counter_8:inst|pfs_uc_unit:inst8|inst ; ck           ; ck          ; 1.000        ; -0.037     ; 2.651      ;
; -1.699 ; pfs_8bit_reg:inst3|pfs_ff_enable:inst5|inst ; pfs_neander_pc:inst1|pfs_gen_counter_8:inst|pfs_uc_unit:inst7|inst ; ck           ; ck          ; 1.000        ; -0.037     ; 2.649      ;
; -1.693 ; pfs_8bit_reg:inst3|pfs_ff_enable:inst6|inst ; pfs_neander_pc:inst1|pfs_gen_counter_8:inst|pfs_uc_unit:inst8|inst ; ck           ; ck          ; 1.000        ; -0.037     ; 2.643      ;
; -1.691 ; pfs_8bit_reg:inst3|pfs_ff_enable:inst4|inst ; pfs_8bit_reg:inst3|pfs_ff_enable:inst2|inst                        ; ck           ; ck          ; 1.000        ; -0.051     ; 2.627      ;
; -1.691 ; pfs_8bit_reg:inst3|pfs_ff_enable:inst6|inst ; pfs_neander_pc:inst1|pfs_gen_counter_8:inst|pfs_uc_unit:inst7|inst ; ck           ; ck          ; 1.000        ; -0.037     ; 2.641      ;
; -1.685 ; pfs_8bit_reg:inst3|pfs_ff_enable:inst5|inst ; pfs_neander_pc:inst1|pfs_gen_counter_8:inst|pfs_uc_unit:inst4|inst ; ck           ; ck          ; 1.000        ; -0.037     ; 2.635      ;
; -1.685 ; pfs_8bit_reg:inst6|pfs_ff_enable:inst8|inst ; pfs_8bit_reg:inst3|pfs_ff_enable:inst5|inst                        ; ck           ; ck          ; 1.000        ; -0.038     ; 2.634      ;
; -1.682 ; pfs_8bit_reg:inst3|pfs_ff_enable:inst7|inst ; pfs_8bit_reg:inst3|pfs_ff_enable:inst3|inst                        ; ck           ; ck          ; 1.000        ; -0.038     ; 2.631      ;
; -1.677 ; pfs_8bit_reg:inst3|pfs_ff_enable:inst6|inst ; pfs_neander_pc:inst1|pfs_gen_counter_8:inst|pfs_uc_unit:inst4|inst ; ck           ; ck          ; 1.000        ; -0.037     ; 2.627      ;
; -1.667 ; pfs_8bit_reg:inst3|pfs_ff_enable:inst5|inst ; pfs_neander_pc:inst1|pfs_gen_counter_8:inst|pfs_uc_unit:inst5|inst ; ck           ; ck          ; 1.000        ; -0.037     ; 2.617      ;
; -1.666 ; pfs_8bit_reg:inst3|pfs_ff_enable:inst5|inst ; pfs_8bit_reg:inst3|pfs_ff_enable:inst2|inst                        ; ck           ; ck          ; 1.000        ; 0.161      ; 2.814      ;
; -1.666 ; pfs_8bit_reg:inst3|pfs_ff_enable:inst|inst  ; pfs_neander_pc:inst1|pfs_gen_counter_8:inst|pfs_uc_unit:inst8|inst ; ck           ; ck          ; 1.000        ; -0.249     ; 2.404      ;
; -1.664 ; pfs_8bit_reg:inst3|pfs_ff_enable:inst|inst  ; pfs_neander_pc:inst1|pfs_gen_counter_8:inst|pfs_uc_unit:inst7|inst ; ck           ; ck          ; 1.000        ; -0.249     ; 2.402      ;
; -1.659 ; pfs_8bit_reg:inst3|pfs_ff_enable:inst6|inst ; pfs_neander_pc:inst1|pfs_gen_counter_8:inst|pfs_uc_unit:inst5|inst ; ck           ; ck          ; 1.000        ; -0.037     ; 2.609      ;
; -1.650 ; pfs_8bit_reg:inst3|pfs_ff_enable:inst|inst  ; pfs_neander_pc:inst1|pfs_gen_counter_8:inst|pfs_uc_unit:inst4|inst ; ck           ; ck          ; 1.000        ; -0.249     ; 2.388      ;
; -1.643 ; pfs_8bit_reg:inst3|pfs_ff_enable:inst4|inst ; pfs_neander_pc:inst1|pfs_gen_counter_8:inst|pfs_uc_unit:inst8|inst ; ck           ; ck          ; 1.000        ; -0.249     ; 2.381      ;
; -1.641 ; pfs_8bit_reg:inst3|pfs_ff_enable:inst4|inst ; pfs_neander_pc:inst1|pfs_gen_counter_8:inst|pfs_uc_unit:inst7|inst ; ck           ; ck          ; 1.000        ; -0.249     ; 2.379      ;
; -1.640 ; pfs_8bit_reg:inst6|pfs_ff_enable:inst6|inst ; pfs_8bit_reg:inst3|pfs_ff_enable:inst|inst                         ; ck           ; ck          ; 1.000        ; -0.032     ; 2.595      ;
; -1.637 ; pfs_8bit_reg:inst6|pfs_ff_enable:inst7|inst ; pfs_8bit_reg:inst3|pfs_ff_enable:inst2|inst                        ; ck           ; ck          ; 1.000        ; 0.164      ; 2.788      ;
; -1.632 ; pfs_8bit_reg:inst3|pfs_ff_enable:inst|inst  ; pfs_neander_pc:inst1|pfs_gen_counter_8:inst|pfs_uc_unit:inst5|inst ; ck           ; ck          ; 1.000        ; -0.249     ; 2.370      ;
; -1.629 ; pfs_8bit_reg:inst7|pfs_ff_enable:inst2|inst ; pfs_8bit_reg:inst3|pfs_ff_enable:inst7|inst                        ; ck           ; ck          ; 1.000        ; -0.037     ; 2.579      ;
; -1.627 ; pfs_8bit_reg:inst3|pfs_ff_enable:inst4|inst ; pfs_neander_pc:inst1|pfs_gen_counter_8:inst|pfs_uc_unit:inst4|inst ; ck           ; ck          ; 1.000        ; -0.249     ; 2.365      ;
; -1.618 ; pfs_8bit_reg:inst3|pfs_ff_enable:inst8|inst ; pfs_8bit_reg:inst3|pfs_ff_enable:inst5|inst                        ; ck           ; ck          ; 1.000        ; -0.038     ; 2.567      ;
; -1.610 ; pfs_8bit_reg:inst7|pfs_ff_enable:inst2|inst ; pfs_8bit_reg:inst3|pfs_ff_enable:inst5|inst                        ; ck           ; ck          ; 1.000        ; -0.037     ; 2.560      ;
; -1.609 ; pfs_8bit_reg:inst3|pfs_ff_enable:inst4|inst ; pfs_neander_pc:inst1|pfs_gen_counter_8:inst|pfs_uc_unit:inst5|inst ; ck           ; ck          ; 1.000        ; -0.249     ; 2.347      ;
; -1.602 ; pfs_8bit_reg:inst3|pfs_ff_enable:inst7|inst ; pfs_neander_pc:inst1|pfs_gen_counter_8:inst|pfs_uc_unit:inst8|inst ; ck           ; ck          ; 1.000        ; -0.037     ; 2.552      ;
; -1.600 ; pfs_8bit_reg:inst3|pfs_ff_enable:inst7|inst ; pfs_neander_pc:inst1|pfs_gen_counter_8:inst|pfs_uc_unit:inst7|inst ; ck           ; ck          ; 1.000        ; -0.037     ; 2.550      ;
; -1.588 ; pfs_8bit_reg:inst7|pfs_ff_enable:inst4|inst ; pfs_8bit_reg:inst3|pfs_ff_enable:inst5|inst                        ; ck           ; ck          ; 1.000        ; -0.037     ; 2.538      ;
; -1.586 ; pfs_8bit_reg:inst3|pfs_ff_enable:inst7|inst ; pfs_neander_pc:inst1|pfs_gen_counter_8:inst|pfs_uc_unit:inst4|inst ; ck           ; ck          ; 1.000        ; -0.037     ; 2.536      ;
; -1.571 ; pfs_8bit_reg:inst3|pfs_ff_enable:inst2|inst ; pfs_neander_pc:inst1|pfs_gen_counter_8:inst|pfs_uc_unit:inst8|inst ; ck           ; ck          ; 1.000        ; -0.243     ; 2.315      ;
; -1.569 ; pfs_8bit_reg:inst3|pfs_ff_enable:inst2|inst ; pfs_neander_pc:inst1|pfs_gen_counter_8:inst|pfs_uc_unit:inst7|inst ; ck           ; ck          ; 1.000        ; -0.243     ; 2.313      ;
; -1.568 ; pfs_8bit_reg:inst3|pfs_ff_enable:inst7|inst ; pfs_neander_pc:inst1|pfs_gen_counter_8:inst|pfs_uc_unit:inst5|inst ; ck           ; ck          ; 1.000        ; -0.037     ; 2.518      ;
; -1.555 ; pfs_8bit_reg:inst3|pfs_ff_enable:inst2|inst ; pfs_neander_pc:inst1|pfs_gen_counter_8:inst|pfs_uc_unit:inst4|inst ; ck           ; ck          ; 1.000        ; -0.243     ; 2.299      ;
; -1.552 ; pfs_8bit_reg:inst3|pfs_ff_enable:inst4|inst ; pfs_8bit_reg:inst3|pfs_ff_enable:inst3|inst                        ; ck           ; ck          ; 1.000        ; -0.250     ; 2.289      ;
; -1.537 ; pfs_8bit_reg:inst3|pfs_ff_enable:inst2|inst ; pfs_neander_pc:inst1|pfs_gen_counter_8:inst|pfs_uc_unit:inst5|inst ; ck           ; ck          ; 1.000        ; -0.243     ; 2.281      ;
; -1.535 ; pfs_8bit_reg:inst7|pfs_ff_enable:inst3|inst ; pfs_8bit_reg:inst3|pfs_ff_enable:inst4|inst                        ; ck           ; ck          ; 1.000        ; 0.167      ; 2.689      ;
; -1.535 ; pfs_8bit_reg:inst3|pfs_ff_enable:inst6|inst ; pfs_8bit_reg:inst3|pfs_ff_enable:inst5|inst                        ; ck           ; ck          ; 1.000        ; -0.038     ; 2.484      ;
; -1.535 ; pfs_8bit_reg:inst3|pfs_ff_enable:inst8|inst ; pfs_neander_pc:inst1|pfs_gen_counter_8:inst|pfs_uc_unit:inst8|inst ; ck           ; ck          ; 1.000        ; -0.037     ; 2.485      ;
; -1.533 ; pfs_8bit_reg:inst3|pfs_ff_enable:inst8|inst ; pfs_neander_pc:inst1|pfs_gen_counter_8:inst|pfs_uc_unit:inst7|inst ; ck           ; ck          ; 1.000        ; -0.037     ; 2.483      ;
; -1.529 ; pfs_8bit_reg:inst7|pfs_ff_enable:inst3|inst ; pfs_8bit_reg:inst3|pfs_ff_enable:inst6|inst                        ; ck           ; ck          ; 1.000        ; -0.037     ; 2.479      ;
; -1.527 ; pfs_8bit_reg:inst3|pfs_ff_enable:inst5|inst ; pfs_8bit_reg:inst3|pfs_ff_enable:inst3|inst                        ; ck           ; ck          ; 1.000        ; -0.038     ; 2.476      ;
; -1.520 ; pfs_8bit_reg:inst3|pfs_ff_enable:inst3|inst ; pfs_neander_pc:inst1|pfs_gen_counter_8:inst|pfs_uc_unit:inst8|inst ; ck           ; ck          ; 1.000        ; -0.037     ; 2.470      ;
; -1.519 ; pfs_8bit_reg:inst3|pfs_ff_enable:inst8|inst ; pfs_neander_pc:inst1|pfs_gen_counter_8:inst|pfs_uc_unit:inst4|inst ; ck           ; ck          ; 1.000        ; -0.037     ; 2.469      ;
; -1.518 ; pfs_8bit_reg:inst3|pfs_ff_enable:inst3|inst ; pfs_neander_pc:inst1|pfs_gen_counter_8:inst|pfs_uc_unit:inst7|inst ; ck           ; ck          ; 1.000        ; -0.037     ; 2.468      ;
; -1.516 ; pfs_8bit_reg:inst3|pfs_ff_enable:inst5|inst ; pfs_8bit_reg:inst6|pfs_ff_enable:inst8|inst                        ; ck           ; ck          ; 1.000        ; -0.038     ; 2.465      ;
; -1.508 ; pfs_8bit_reg:inst3|pfs_ff_enable:inst6|inst ; pfs_8bit_reg:inst6|pfs_ff_enable:inst8|inst                        ; ck           ; ck          ; 1.000        ; -0.038     ; 2.457      ;
; -1.504 ; pfs_8bit_reg:inst3|pfs_ff_enable:inst3|inst ; pfs_neander_pc:inst1|pfs_gen_counter_8:inst|pfs_uc_unit:inst4|inst ; ck           ; ck          ; 1.000        ; -0.037     ; 2.454      ;
; -1.501 ; pfs_8bit_reg:inst3|pfs_ff_enable:inst8|inst ; pfs_neander_pc:inst1|pfs_gen_counter_8:inst|pfs_uc_unit:inst5|inst ; ck           ; ck          ; 1.000        ; -0.037     ; 2.451      ;
; -1.498 ; pfs_8bit_reg:inst6|pfs_ff_enable:inst7|inst ; pfs_8bit_reg:inst3|pfs_ff_enable:inst3|inst                        ; ck           ; ck          ; 1.000        ; -0.035     ; 2.450      ;
; -1.494 ; pfs_8bit_reg:inst3|pfs_ff_enable:inst|inst  ; pfs_8bit_reg:inst6|pfs_ff_enable:inst8|inst                        ; ck           ; ck          ; 1.000        ; -0.250     ; 2.231      ;
; -1.486 ; pfs_8bit_reg:inst3|pfs_ff_enable:inst3|inst ; pfs_neander_pc:inst1|pfs_gen_counter_8:inst|pfs_uc_unit:inst5|inst ; ck           ; ck          ; 1.000        ; -0.037     ; 2.436      ;
; -1.478 ; pfs_8bit_reg:inst6|pfs_ff_enable:inst8|inst ; pfs_8bit_reg:inst3|pfs_ff_enable:inst4|inst                        ; ck           ; ck          ; 1.000        ; 0.166      ; 2.631      ;
; -1.477 ; pfs_8bit_reg:inst3|pfs_ff_enable:inst4|inst ; pfs_8bit_reg:inst6|pfs_ff_enable:inst8|inst                        ; ck           ; ck          ; 1.000        ; -0.250     ; 2.214      ;
; -1.472 ; pfs_8bit_reg:inst6|pfs_ff_enable:inst8|inst ; pfs_8bit_reg:inst3|pfs_ff_enable:inst6|inst                        ; ck           ; ck          ; 1.000        ; -0.038     ; 2.421      ;
; -1.455 ; pfs_8bit_reg:inst3|pfs_ff_enable:inst7|inst ; pfs_8bit_reg:inst3|pfs_ff_enable:inst5|inst                        ; ck           ; ck          ; 1.000        ; -0.038     ; 2.404      ;
; -1.455 ; pfs_8bit_reg:inst7|pfs_ff_enable:inst4|inst ; pfs_8bit_reg:inst3|pfs_ff_enable:inst7|inst                        ; ck           ; ck          ; 1.000        ; -0.037     ; 2.405      ;
; -1.434 ; pfs_8bit_reg:inst3|pfs_ff_enable:inst5|inst ; pfs_neander_pc:inst1|pfs_gen_counter_8:inst|pfs_uc_unit:inst3|inst ; ck           ; ck          ; 1.000        ; -0.037     ; 2.384      ;
; -1.432 ; pfs_8bit_reg:inst7|pfs_ff_enable:inst4|inst ; pfs_neander_pc:inst1|pfs_gen_counter_8:inst|pfs_uc_unit:inst8|inst ; ck           ; ck          ; 1.000        ; -0.036     ; 2.383      ;
; -1.430 ; pfs_8bit_reg:inst7|pfs_ff_enable:inst4|inst ; pfs_neander_pc:inst1|pfs_gen_counter_8:inst|pfs_uc_unit:inst7|inst ; ck           ; ck          ; 1.000        ; -0.036     ; 2.381      ;
; -1.426 ; pfs_8bit_reg:inst3|pfs_ff_enable:inst6|inst ; pfs_neander_pc:inst1|pfs_gen_counter_8:inst|pfs_uc_unit:inst3|inst ; ck           ; ck          ; 1.000        ; -0.037     ; 2.376      ;
; -1.417 ; pfs_8bit_reg:inst3|pfs_ff_enable:inst7|inst ; pfs_8bit_reg:inst6|pfs_ff_enable:inst8|inst                        ; ck           ; ck          ; 1.000        ; -0.038     ; 2.366      ;
; -1.416 ; pfs_8bit_reg:inst7|pfs_ff_enable:inst4|inst ; pfs_neander_pc:inst1|pfs_gen_counter_8:inst|pfs_uc_unit:inst4|inst ; ck           ; ck          ; 1.000        ; -0.036     ; 2.367      ;
; -1.411 ; pfs_8bit_reg:inst3|pfs_ff_enable:inst8|inst ; pfs_8bit_reg:inst3|pfs_ff_enable:inst4|inst                        ; ck           ; ck          ; 1.000        ; 0.166      ; 2.564      ;
; -1.405 ; pfs_8bit_reg:inst3|pfs_ff_enable:inst8|inst ; pfs_8bit_reg:inst3|pfs_ff_enable:inst6|inst                        ; ck           ; ck          ; 1.000        ; -0.038     ; 2.354      ;
; -1.403 ; pfs_8bit_reg:inst7|pfs_ff_enable:inst2|inst ; pfs_8bit_reg:inst3|pfs_ff_enable:inst4|inst                        ; ck           ; ck          ; 1.000        ; 0.167      ; 2.557      ;
; -1.401 ; pfs_8bit_reg:inst3|pfs_ff_enable:inst2|inst ; pfs_8bit_reg:inst6|pfs_ff_enable:inst8|inst                        ; ck           ; ck          ; 1.000        ; -0.244     ; 2.144      ;
; -1.399 ; pfs_8bit_reg:inst3|pfs_ff_enable:inst|inst  ; pfs_neander_pc:inst1|pfs_gen_counter_8:inst|pfs_uc_unit:inst3|inst ; ck           ; ck          ; 1.000        ; -0.249     ; 2.137      ;
; -1.398 ; pfs_8bit_reg:inst7|pfs_ff_enable:inst4|inst ; pfs_neander_pc:inst1|pfs_gen_counter_8:inst|pfs_uc_unit:inst5|inst ; ck           ; ck          ; 1.000        ; -0.036     ; 2.349      ;
; -1.397 ; pfs_8bit_reg:inst7|pfs_ff_enable:inst2|inst ; pfs_8bit_reg:inst3|pfs_ff_enable:inst6|inst                        ; ck           ; ck          ; 1.000        ; -0.037     ; 2.347      ;
; -1.390 ; pfs_8bit_reg:inst3|pfs_ff_enable:inst5|inst ; pfs_neander_pc:inst1|pfs_gen_counter_8:inst|pfs_uc_unit:inst2|inst ; ck           ; ck          ; 1.000        ; -0.037     ; 2.340      ;
; -1.382 ; pfs_8bit_reg:inst3|pfs_ff_enable:inst6|inst ; pfs_neander_pc:inst1|pfs_gen_counter_8:inst|pfs_uc_unit:inst2|inst ; ck           ; ck          ; 1.000        ; -0.037     ; 2.332      ;
; -1.381 ; pfs_8bit_reg:inst7|pfs_ff_enable:inst4|inst ; pfs_8bit_reg:inst3|pfs_ff_enable:inst4|inst                        ; ck           ; ck          ; 1.000        ; 0.167      ; 2.535      ;
; -1.376 ; pfs_8bit_reg:inst3|pfs_ff_enable:inst4|inst ; pfs_neander_pc:inst1|pfs_gen_counter_8:inst|pfs_uc_unit:inst3|inst ; ck           ; ck          ; 1.000        ; -0.249     ; 2.114      ;
; -1.375 ; pfs_8bit_reg:inst6|pfs_ff_enable:inst6|inst ; pfs_8bit_reg:inst3|pfs_ff_enable:inst2|inst                        ; ck           ; ck          ; 1.000        ; -0.037     ; 2.325      ;
; -1.375 ; pfs_8bit_reg:inst7|pfs_ff_enable:inst4|inst ; pfs_8bit_reg:inst3|pfs_ff_enable:inst6|inst                        ; ck           ; ck          ; 1.000        ; -0.037     ; 2.325      ;
+--------+---------------------------------------------+--------------------------------------------------------------------+--------------+-------------+--------------+------------+------------+


+-------------------------------------------------------------------------------------------------------------------------------------------------------------------------------------------------------------------------------+
; Fast 1200mV 0C Model Hold: 'ck'                                                                                                                                                                                               ;
+-------+------------------------------------------------------------------------+------------------------------------------------------------------------+--------------+-------------+--------------+------------+------------+
; Slack ; From Node                                                              ; To Node                                                                ; Launch Clock ; Latch Clock ; Relationship ; Clock Skew ; Data Delay ;
+-------+------------------------------------------------------------------------+------------------------------------------------------------------------+--------------+-------------+--------------+------------+------------+
; 0.186 ; pfs_neander_pc:inst1|pfs_gen_counter_8:inst|pfs_uc_unit:inst7|inst     ; pfs_neander_pc:inst1|pfs_gen_counter_8:inst|pfs_uc_unit:inst7|inst     ; ck           ; ck          ; 0.000        ; 0.037      ; 0.307      ;
; 0.186 ; pfs_neander_pc:inst1|pfs_gen_counter_8:inst|pfs_uc_unit:inst3|inst     ; pfs_neander_pc:inst1|pfs_gen_counter_8:inst|pfs_uc_unit:inst3|inst     ; ck           ; ck          ; 0.000        ; 0.037      ; 0.307      ;
; 0.186 ; pfs_neander_pc:inst1|pfs_gen_counter_8:inst|pfs_uc_unit:inst|inst      ; pfs_neander_pc:inst1|pfs_gen_counter_8:inst|pfs_uc_unit:inst|inst      ; ck           ; ck          ; 0.000        ; 0.037      ; 0.307      ;
; 0.186 ; pfs_neander_control:inst|pfs_neander_temp:inst1|pfs_uc_unit:inst4|inst ; pfs_neander_control:inst|pfs_neander_temp:inst1|pfs_uc_unit:inst4|inst ; ck           ; ck          ; 0.000        ; 0.037      ; 0.307      ;
; 0.186 ; pfs_neander_control:inst|pfs_neander_temp:inst1|pfs_uc_unit:inst3|inst ; pfs_neander_control:inst|pfs_neander_temp:inst1|pfs_uc_unit:inst3|inst ; ck           ; ck          ; 0.000        ; 0.037      ; 0.307      ;
; 0.193 ; pfs_neander_control:inst|pfs_neander_temp:inst1|pfs_uc_unit:inst2|inst ; pfs_neander_control:inst|pfs_neander_temp:inst1|pfs_uc_unit:inst2|inst ; ck           ; ck          ; 0.000        ; 0.037      ; 0.314      ;
; 0.196 ; pfs_neander_pc:inst1|pfs_gen_counter_8:inst|pfs_uc_unit:inst4|inst     ; pfs_8bit_reg:inst5|pfs_ff_enable:inst4|inst                            ; ck           ; ck          ; 0.000        ; 0.037      ; 0.317      ;
; 0.198 ; pfs_neander_pc:inst1|pfs_gen_counter_8:inst|pfs_uc_unit:inst8|inst     ; pfs_8bit_reg:inst5|pfs_ff_enable:inst|inst                             ; ck           ; ck          ; 0.000        ; 0.037      ; 0.319      ;
; 0.206 ; pfs_neander_pc:inst1|pfs_gen_counter_8:inst|pfs_uc_unit:inst7|inst     ; pfs_8bit_reg:inst5|pfs_ff_enable:inst2|inst                            ; ck           ; ck          ; 0.000        ; 0.037      ; 0.327      ;
; 0.219 ; pfs_neander_control:inst|pfs_neander_temp:inst1|pfs_uc_unit:inst3|inst ; pfs_neander_control:inst|pfs_neander_temp:inst1|pfs_uc_unit:inst4|inst ; ck           ; ck          ; 0.000        ; 0.037      ; 0.340      ;
; 0.230 ; pfs_8bit_reg:inst7|pfs_ff_enable:inst2|inst                            ; pfs_8bit_reg:inst3|pfs_ff_enable:inst2|inst                            ; ck           ; ck          ; 0.000        ; 0.244      ; 0.558      ;
; 0.267 ; pfs_neander_pc:inst1|pfs_gen_counter_8:inst|pfs_uc_unit:inst3|inst     ; pfs_8bit_reg:inst5|pfs_ff_enable:inst5|inst                            ; ck           ; ck          ; 0.000        ; 0.037      ; 0.388      ;
; 0.300 ; pfs_neander_pc:inst1|pfs_gen_counter_8:inst|pfs_uc_unit:inst5|inst     ; pfs_8bit_reg:inst5|pfs_ff_enable:inst3|inst                            ; ck           ; ck          ; 0.000        ; 0.037      ; 0.421      ;
; 0.339 ; pfs_neander_pc:inst1|pfs_gen_counter_8:inst|pfs_uc_unit:inst1|inst     ; pfs_8bit_reg:inst5|pfs_ff_enable:inst7|inst                            ; ck           ; ck          ; 0.000        ; 0.037      ; 0.460      ;
; 0.347 ; pfs_8bit_reg:inst7|pfs_ff_enable:inst3|inst                            ; pfs_8bit_reg:inst3|pfs_ff_enable:inst2|inst                            ; ck           ; ck          ; 0.000        ; 0.244      ; 0.675      ;
; 0.434 ; pfs_8bit_reg:inst5|pfs_ff_enable:inst3|inst                            ; pfs_8bit_reg:inst6|pfs_ff_enable:inst5|inst                            ; ck           ; ck          ; 0.000        ; 0.034      ; 0.552      ;
; 0.437 ; pfs_8bit_reg:inst5|pfs_ff_enable:inst3|inst                            ; pfs_8bit_reg:inst6|pfs_ff_enable:inst7|inst                            ; ck           ; ck          ; 0.000        ; 0.034      ; 0.555      ;
; 0.439 ; pfs_8bit_reg:inst6|pfs_ff_enable:inst5|inst                            ; pfs_8bit_reg:inst7|pfs_ff_enable:inst5|inst                            ; ck           ; ck          ; 0.000        ; 0.039      ; 0.562      ;
; 0.442 ; pfs_8bit_reg:inst6|pfs_ff_enable:inst7|inst                            ; pfs_8bit_reg:inst7|pfs_ff_enable:inst7|inst                            ; ck           ; ck          ; 0.000        ; 0.039      ; 0.565      ;
; 0.453 ; pfs_8bit_reg:inst6|pfs_ff_enable:inst3|inst                            ; pfs_8bit_reg:inst7|pfs_ff_enable:inst3|inst                            ; ck           ; ck          ; 0.000        ; 0.041      ; 0.578      ;
; 0.465 ; pfs_8bit_reg:inst6|pfs_ff_enable:inst4|inst                            ; pfs_8bit_reg:inst5|pfs_ff_enable:inst4|inst                            ; ck           ; ck          ; 0.000        ; 0.042      ; 0.591      ;
; 0.468 ; pfs_8bit_reg:inst6|pfs_ff_enable:inst5|inst                            ; pfs_8bit_reg:inst5|pfs_ff_enable:inst5|inst                            ; ck           ; ck          ; 0.000        ; 0.040      ; 0.592      ;
; 0.472 ; pfs_8bit_reg:inst6|pfs_ff_enable:inst5|inst                            ; pfs_8bit_reg:inst3|pfs_ff_enable:inst5|inst                            ; ck           ; ck          ; 0.000        ; 0.040      ; 0.596      ;
; 0.478 ; pfs_8bit_reg:inst6|pfs_ff_enable:inst|inst                             ; pfs_8bit_reg:inst7|pfs_ff_enable:inst|inst                             ; ck           ; ck          ; 0.000        ; 0.040      ; 0.602      ;
; 0.480 ; pfs_8bit_reg:inst6|pfs_ff_enable:inst2|inst                            ; pfs_8bit_reg:inst5|pfs_ff_enable:inst2|inst                            ; ck           ; ck          ; 0.000        ; 0.040      ; 0.604      ;
; 0.487 ; pfs_neander_pc:inst1|pfs_gen_counter_8:inst|pfs_uc_unit:inst2|inst     ; pfs_neander_pc:inst1|pfs_gen_counter_8:inst|pfs_uc_unit:inst2|inst     ; ck           ; ck          ; 0.000        ; 0.037      ; 0.608      ;
; 0.495 ; pfs_neander_pc:inst1|pfs_gen_counter_8:inst|pfs_uc_unit:inst4|inst     ; pfs_neander_pc:inst1|pfs_gen_counter_8:inst|pfs_uc_unit:inst4|inst     ; ck           ; ck          ; 0.000        ; 0.037      ; 0.616      ;
; 0.496 ; pfs_neander_pc:inst1|pfs_gen_counter_8:inst|pfs_uc_unit:inst4|inst     ; pfs_neander_pc:inst1|pfs_gen_counter_8:inst|pfs_uc_unit:inst5|inst     ; ck           ; ck          ; 0.000        ; 0.037      ; 0.617      ;
; 0.497 ; pfs_neander_pc:inst1|pfs_gen_counter_8:inst|pfs_uc_unit:inst2|inst     ; pfs_8bit_reg:inst5|pfs_ff_enable:inst6|inst                            ; ck           ; ck          ; 0.000        ; 0.037      ; 0.618      ;
; 0.502 ; pfs_neander_pc:inst1|pfs_gen_counter_8:inst|pfs_uc_unit:inst1|inst     ; pfs_neander_pc:inst1|pfs_gen_counter_8:inst|pfs_uc_unit:inst2|inst     ; ck           ; ck          ; 0.000        ; 0.037      ; 0.623      ;
; 0.513 ; pfs_8bit_reg:inst6|pfs_ff_enable:inst7|inst                            ; pfs_8bit_reg:inst5|pfs_ff_enable:inst7|inst                            ; ck           ; ck          ; 0.000        ; 0.040      ; 0.637      ;
; 0.521 ; pfs_8bit_reg:inst6|pfs_ff_enable:inst3|inst                            ; pfs_8bit_reg:inst5|pfs_ff_enable:inst3|inst                            ; ck           ; ck          ; 0.000        ; 0.042      ; 0.647      ;
; 0.529 ; pfs_8bit_reg:inst6|pfs_ff_enable:inst|inst                             ; pfs_8bit_reg:inst5|pfs_ff_enable:inst|inst                             ; ck           ; ck          ; 0.000        ; 0.042      ; 0.655      ;
; 0.530 ; pfs_8bit_reg:inst5|pfs_ff_enable:inst2|inst                            ; pfs_8bit_reg:inst6|pfs_ff_enable:inst2|inst                            ; ck           ; ck          ; 0.000        ; 0.034      ; 0.648      ;
; 0.530 ; pfs_8bit_reg:inst5|pfs_ff_enable:inst2|inst                            ; pfs_8bit_reg:inst6|pfs_ff_enable:inst5|inst                            ; ck           ; ck          ; 0.000        ; 0.034      ; 0.648      ;
; 0.534 ; pfs_8bit_reg:inst6|pfs_ff_enable:inst6|inst                            ; pfs_8bit_reg:inst7|pfs_ff_enable:inst6|inst                            ; ck           ; ck          ; 0.000        ; -0.153     ; 0.465      ;
; 0.535 ; pfs_neander_pc:inst1|pfs_gen_counter_8:inst|pfs_uc_unit:inst5|inst     ; pfs_neander_pc:inst1|pfs_gen_counter_8:inst|pfs_uc_unit:inst5|inst     ; ck           ; ck          ; 0.000        ; 0.037      ; 0.656      ;
; 0.541 ; pfs_8bit_reg:inst6|pfs_ff_enable:inst2|inst                            ; pfs_neander_pc:inst1|pfs_gen_counter_8:inst|pfs_uc_unit:inst7|inst     ; ck           ; ck          ; 0.000        ; 0.040      ; 0.665      ;
; 0.549 ; pfs_neander_pc:inst1|pfs_gen_counter_8:inst|pfs_uc_unit:inst8|inst     ; pfs_neander_pc:inst1|pfs_gen_counter_8:inst|pfs_uc_unit:inst8|inst     ; ck           ; ck          ; 0.000        ; 0.037      ; 0.670      ;
; 0.549 ; pfs_8bit_reg:inst5|pfs_ff_enable:inst2|inst                            ; pfs_8bit_reg:inst6|pfs_ff_enable:inst7|inst                            ; ck           ; ck          ; 0.000        ; 0.034      ; 0.667      ;
; 0.571 ; pfs_8bit_reg:inst6|pfs_ff_enable:inst8|inst                            ; pfs_8bit_reg:inst7|pfs_ff_enable:inst8|inst                            ; ck           ; ck          ; 0.000        ; 0.036      ; 0.691      ;
; 0.581 ; pfs_8bit_reg:inst6|pfs_ff_enable:inst2|inst                            ; pfs_8bit_reg:inst3|pfs_ff_enable:inst2|inst                            ; ck           ; ck          ; 0.000        ; 0.246      ; 0.911      ;
; 0.582 ; pfs_8bit_reg:inst6|pfs_ff_enable:inst4|inst                            ; pfs_8bit_reg:inst7|pfs_ff_enable:inst4|inst                            ; ck           ; ck          ; 0.000        ; 0.041      ; 0.707      ;
; 0.603 ; pfs_8bit_reg:inst5|pfs_ff_enable:inst2|inst                            ; pfs_8bit_reg:inst6|pfs_ff_enable:inst4|inst                            ; ck           ; ck          ; 0.000        ; 0.032      ; 0.719      ;
; 0.606 ; pfs_neander_pc:inst1|pfs_gen_counter_8:inst|pfs_uc_unit:inst1|inst     ; pfs_neander_pc:inst1|pfs_gen_counter_8:inst|pfs_uc_unit:inst1|inst     ; ck           ; ck          ; 0.000        ; 0.037      ; 0.727      ;
; 0.624 ; pfs_neander_pc:inst1|pfs_gen_counter_8:inst|pfs_uc_unit:inst3|inst     ; pfs_neander_pc:inst1|pfs_gen_counter_8:inst|pfs_uc_unit:inst4|inst     ; ck           ; ck          ; 0.000        ; 0.037      ; 0.745      ;
; 0.624 ; pfs_neander_pc:inst1|pfs_gen_counter_8:inst|pfs_uc_unit:inst3|inst     ; pfs_neander_pc:inst1|pfs_gen_counter_8:inst|pfs_uc_unit:inst5|inst     ; ck           ; ck          ; 0.000        ; 0.037      ; 0.745      ;
; 0.631 ; pfs_8bit_reg:inst6|pfs_ff_enable:inst5|inst                            ; pfs_neander_pc:inst1|pfs_gen_counter_8:inst|pfs_uc_unit:inst3|inst     ; ck           ; ck          ; 0.000        ; 0.040      ; 0.755      ;
; 0.637 ; pfs_8bit_reg:inst6|pfs_ff_enable:inst4|inst                            ; pfs_neander_pc:inst1|pfs_gen_counter_8:inst|pfs_uc_unit:inst4|inst     ; ck           ; ck          ; 0.000        ; 0.042      ; 0.763      ;
; 0.638 ; pfs_8bit_reg:inst6|pfs_ff_enable:inst4|inst                            ; pfs_neander_pc:inst1|pfs_gen_counter_8:inst|pfs_uc_unit:inst5|inst     ; ck           ; ck          ; 0.000        ; 0.042      ; 0.764      ;
; 0.640 ; pfs_8bit_reg:inst6|pfs_ff_enable:inst2|inst                            ; pfs_8bit_reg:inst7|pfs_ff_enable:inst2|inst                            ; ck           ; ck          ; 0.000        ; 0.039      ; 0.763      ;
; 0.648 ; pfs_neander_control:inst|pfs_neander_temp:inst1|pfs_uc_unit:inst2|inst ; pfs_neander_control:inst|pfs_neander_temp:inst1|pfs_uc_unit:inst4|inst ; ck           ; ck          ; 0.000        ; 0.041      ; 0.773      ;
; 0.650 ; pfs_neander_control:inst|pfs_neander_temp:inst1|pfs_uc_unit:inst2|inst ; pfs_neander_control:inst|pfs_neander_temp:inst1|pfs_uc_unit:inst3|inst ; ck           ; ck          ; 0.000        ; 0.041      ; 0.775      ;
; 0.651 ; pfs_neander_pc:inst1|pfs_gen_counter_8:inst|pfs_uc_unit:inst2|inst     ; pfs_neander_pc:inst1|pfs_gen_counter_8:inst|pfs_uc_unit:inst3|inst     ; ck           ; ck          ; 0.000        ; 0.037      ; 0.772      ;
; 0.659 ; pfs_neander_pc:inst1|pfs_gen_counter_8:inst|pfs_uc_unit:inst|inst      ; pfs_8bit_reg:inst5|pfs_ff_enable:inst8|inst                            ; ck           ; ck          ; 0.000        ; 0.037      ; 0.780      ;
; 0.674 ; pfs_8bit_reg:inst6|pfs_ff_enable:inst4|inst                            ; pfs_8bit_reg:inst3|pfs_ff_enable:inst4|inst                            ; ck           ; ck          ; 0.000        ; 0.254      ; 1.012      ;
; 0.676 ; pfs_8bit_reg:inst5|pfs_ff_enable:inst5|inst                            ; pfs_8bit_reg:inst6|pfs_ff_enable:inst7|inst                            ; ck           ; ck          ; 0.000        ; 0.034      ; 0.794      ;
; 0.679 ; pfs_8bit_reg:inst5|pfs_ff_enable:inst8|inst                            ; pfs_8bit_reg:inst6|pfs_ff_enable:inst2|inst                            ; ck           ; ck          ; 0.000        ; 0.034      ; 0.797      ;
; 0.687 ; pfs_neander_pc:inst1|pfs_gen_counter_8:inst|pfs_uc_unit:inst5|inst     ; pfs_neander_pc:inst1|pfs_gen_counter_8:inst|pfs_uc_unit:inst7|inst     ; ck           ; ck          ; 0.000        ; 0.037      ; 0.808      ;
; 0.689 ; pfs_neander_pc:inst1|pfs_gen_counter_8:inst|pfs_uc_unit:inst5|inst     ; pfs_neander_pc:inst1|pfs_gen_counter_8:inst|pfs_uc_unit:inst8|inst     ; ck           ; ck          ; 0.000        ; 0.037      ; 0.810      ;
; 0.691 ; pfs_8bit_reg:inst5|pfs_ff_enable:inst|inst                             ; pfs_8bit_reg:inst6|pfs_ff_enable:inst4|inst                            ; ck           ; ck          ; 0.000        ; 0.032      ; 0.807      ;
; 0.694 ; pfs_8bit_reg:inst6|pfs_ff_enable:inst8|inst                            ; pfs_neander_pc:inst1|pfs_gen_counter_8:inst|pfs_uc_unit:inst|inst      ; ck           ; ck          ; 0.000        ; 0.038      ; 0.816      ;
; 0.696 ; pfs_neander_pc:inst1|pfs_gen_counter_8:inst|pfs_uc_unit:inst|inst      ; pfs_neander_pc:inst1|pfs_gen_counter_8:inst|pfs_uc_unit:inst2|inst     ; ck           ; ck          ; 0.000        ; 0.037      ; 0.817      ;
; 0.700 ; pfs_8bit_reg:inst5|pfs_ff_enable:inst6|inst                            ; pfs_8bit_reg:inst6|pfs_ff_enable:inst2|inst                            ; ck           ; ck          ; 0.000        ; 0.034      ; 0.818      ;
; 0.700 ; pfs_8bit_reg:inst6|pfs_ff_enable:inst5|inst                            ; pfs_neander_pc:inst1|pfs_gen_counter_8:inst|pfs_uc_unit:inst4|inst     ; ck           ; ck          ; 0.000        ; 0.040      ; 0.824      ;
; 0.700 ; pfs_8bit_reg:inst6|pfs_ff_enable:inst5|inst                            ; pfs_neander_pc:inst1|pfs_gen_counter_8:inst|pfs_uc_unit:inst5|inst     ; ck           ; ck          ; 0.000        ; 0.040      ; 0.824      ;
; 0.709 ; pfs_8bit_reg:inst6|pfs_ff_enable:inst|inst                             ; pfs_neander_pc:inst1|pfs_gen_counter_8:inst|pfs_uc_unit:inst8|inst     ; ck           ; ck          ; 0.000        ; 0.042      ; 0.835      ;
; 0.716 ; pfs_8bit_reg:inst3|pfs_ff_enable:inst|inst                             ; pfs_8bit_reg:inst3|pfs_ff_enable:inst|inst                             ; ck           ; ck          ; 0.000        ; 0.046      ; 0.846      ;
; 0.718 ; pfs_8bit_reg:inst3|pfs_ff_enable:inst4|inst                            ; pfs_8bit_reg:inst3|pfs_ff_enable:inst4|inst                            ; ck           ; ck          ; 0.000        ; 0.046      ; 0.848      ;
; 0.725 ; pfs_neander_pc:inst1|pfs_gen_counter_8:inst|pfs_uc_unit:inst|inst      ; pfs_neander_pc:inst1|pfs_gen_counter_8:inst|pfs_uc_unit:inst1|inst     ; ck           ; ck          ; 0.000        ; 0.037      ; 0.846      ;
; 0.726 ; pfs_8bit_reg:inst5|pfs_ff_enable:inst|inst                             ; pfs_8bit_reg:inst6|pfs_ff_enable:inst2|inst                            ; ck           ; ck          ; 0.000        ; 0.034      ; 0.844      ;
; 0.727 ; pfs_8bit_reg:inst7|pfs_ff_enable:inst4|inst                            ; pfs_8bit_reg:inst3|pfs_ff_enable:inst2|inst                            ; ck           ; ck          ; 0.000        ; 0.244      ; 1.055      ;
; 0.727 ; pfs_8bit_reg:inst5|pfs_ff_enable:inst8|inst                            ; pfs_8bit_reg:inst6|pfs_ff_enable:inst5|inst                            ; ck           ; ck          ; 0.000        ; 0.034      ; 0.845      ;
; 0.733 ; pfs_8bit_reg:inst5|pfs_ff_enable:inst4|inst                            ; pfs_8bit_reg:inst6|pfs_ff_enable:inst7|inst                            ; ck           ; ck          ; 0.000        ; 0.034      ; 0.851      ;
; 0.738 ; pfs_8bit_reg:inst7|pfs_ff_enable:inst3|inst                            ; pfs_8bit_reg:inst3|pfs_ff_enable:inst5|inst                            ; ck           ; ck          ; 0.000        ; 0.038      ; 0.860      ;
; 0.743 ; pfs_8bit_reg:inst5|pfs_ff_enable:inst7|inst                            ; pfs_8bit_reg:inst6|pfs_ff_enable:inst2|inst                            ; ck           ; ck          ; 0.000        ; 0.034      ; 0.861      ;
; 0.752 ; pfs_8bit_reg:inst6|pfs_ff_enable:inst7|inst                            ; pfs_neander_pc:inst1|pfs_gen_counter_8:inst|pfs_uc_unit:inst2|inst     ; ck           ; ck          ; 0.000        ; 0.040      ; 0.876      ;
; 0.752 ; pfs_neander_pc:inst1|pfs_gen_counter_8:inst|pfs_uc_unit:inst4|inst     ; pfs_neander_pc:inst1|pfs_gen_counter_8:inst|pfs_uc_unit:inst7|inst     ; ck           ; ck          ; 0.000        ; 0.037      ; 0.873      ;
; 0.754 ; pfs_neander_pc:inst1|pfs_gen_counter_8:inst|pfs_uc_unit:inst4|inst     ; pfs_neander_pc:inst1|pfs_gen_counter_8:inst|pfs_uc_unit:inst8|inst     ; ck           ; ck          ; 0.000        ; 0.037      ; 0.875      ;
; 0.756 ; pfs_8bit_reg:inst6|pfs_ff_enable:inst3|inst                            ; pfs_8bit_reg:inst3|pfs_ff_enable:inst3|inst                            ; ck           ; ck          ; 0.000        ; 0.042      ; 0.882      ;
; 0.767 ; pfs_8bit_reg:inst5|pfs_ff_enable:inst4|inst                            ; pfs_8bit_reg:inst6|pfs_ff_enable:inst5|inst                            ; ck           ; ck          ; 0.000        ; 0.034      ; 0.885      ;
; 0.772 ; pfs_neander_pc:inst1|pfs_gen_counter_8:inst|pfs_uc_unit:inst1|inst     ; pfs_neander_pc:inst1|pfs_gen_counter_8:inst|pfs_uc_unit:inst3|inst     ; ck           ; ck          ; 0.000        ; 0.037      ; 0.893      ;
; 0.775 ; pfs_neander_pc:inst1|pfs_gen_counter_8:inst|pfs_uc_unit:inst3|inst     ; pfs_neander_pc:inst1|pfs_gen_counter_8:inst|pfs_uc_unit:inst7|inst     ; ck           ; ck          ; 0.000        ; 0.037      ; 0.896      ;
; 0.777 ; pfs_neander_pc:inst1|pfs_gen_counter_8:inst|pfs_uc_unit:inst3|inst     ; pfs_neander_pc:inst1|pfs_gen_counter_8:inst|pfs_uc_unit:inst8|inst     ; ck           ; ck          ; 0.000        ; 0.037      ; 0.898      ;
; 0.787 ; pfs_8bit_reg:inst5|pfs_ff_enable:inst5|inst                            ; pfs_8bit_reg:inst6|pfs_ff_enable:inst5|inst                            ; ck           ; ck          ; 0.000        ; 0.034      ; 0.905      ;
; 0.790 ; pfs_8bit_reg:inst5|pfs_ff_enable:inst5|inst                            ; pfs_8bit_reg:inst6|pfs_ff_enable:inst2|inst                            ; ck           ; ck          ; 0.000        ; 0.034      ; 0.908      ;
; 0.792 ; pfs_8bit_reg:inst5|pfs_ff_enable:inst4|inst                            ; pfs_8bit_reg:inst6|pfs_ff_enable:inst2|inst                            ; ck           ; ck          ; 0.000        ; 0.034      ; 0.910      ;
; 0.793 ; pfs_8bit_reg:inst5|pfs_ff_enable:inst|inst                             ; pfs_8bit_reg:inst6|pfs_ff_enable:inst5|inst                            ; ck           ; ck          ; 0.000        ; 0.034      ; 0.911      ;
; 0.797 ; pfs_8bit_reg:inst6|pfs_ff_enable:inst3|inst                            ; pfs_neander_pc:inst1|pfs_gen_counter_8:inst|pfs_uc_unit:inst5|inst     ; ck           ; ck          ; 0.000        ; 0.042      ; 0.923      ;
; 0.803 ; pfs_8bit_reg:inst6|pfs_ff_enable:inst|inst                             ; pfs_8bit_reg:inst3|pfs_ff_enable:inst|inst                             ; ck           ; ck          ; 0.000        ; 0.254      ; 1.141      ;
; 0.805 ; pfs_neander_pc:inst1|pfs_gen_counter_8:inst|pfs_uc_unit:inst7|inst     ; pfs_neander_pc:inst1|pfs_gen_counter_8:inst|pfs_uc_unit:inst8|inst     ; ck           ; ck          ; 0.000        ; 0.037      ; 0.926      ;
; 0.806 ; pfs_8bit_reg:inst5|pfs_ff_enable:inst4|inst                            ; pfs_8bit_reg:inst6|pfs_ff_enable:inst4|inst                            ; ck           ; ck          ; 0.000        ; 0.032      ; 0.922      ;
; 0.814 ; pfs_8bit_reg:inst7|pfs_ff_enable:inst|inst                             ; pfs_neander_pc:inst1|pfs_gen_counter_8:inst|pfs_uc_unit:inst|inst      ; ck           ; ck          ; 0.000        ; 0.039      ; 0.937      ;
; 0.818 ; pfs_8bit_reg:inst7|pfs_ff_enable:inst|inst                             ; pfs_neander_pc:inst1|pfs_gen_counter_8:inst|pfs_uc_unit:inst1|inst     ; ck           ; ck          ; 0.000        ; 0.039      ; 0.941      ;
; 0.819 ; pfs_8bit_reg:inst5|pfs_ff_enable:inst|inst                             ; pfs_8bit_reg:inst6|pfs_ff_enable:inst|inst                             ; ck           ; ck          ; 0.000        ; 0.032      ; 0.935      ;
; 0.836 ; pfs_8bit_reg:inst5|pfs_ff_enable:inst2|inst                            ; pfs_8bit_reg:inst6|pfs_ff_enable:inst|inst                             ; ck           ; ck          ; 0.000        ; 0.032      ; 0.952      ;
; 0.837 ; pfs_8bit_reg:inst5|pfs_ff_enable:inst6|inst                            ; pfs_8bit_reg:inst6|pfs_ff_enable:inst7|inst                            ; ck           ; ck          ; 0.000        ; 0.034      ; 0.955      ;
; 0.846 ; pfs_neander_pc:inst1|pfs_gen_counter_8:inst|pfs_uc_unit:inst2|inst     ; pfs_neander_pc:inst1|pfs_gen_counter_8:inst|pfs_uc_unit:inst5|inst     ; ck           ; ck          ; 0.000        ; 0.037      ; 0.967      ;
; 0.846 ; pfs_8bit_reg:inst5|pfs_ff_enable:inst8|inst                            ; pfs_8bit_reg:inst6|pfs_ff_enable:inst4|inst                            ; ck           ; ck          ; 0.000        ; 0.032      ; 0.962      ;
; 0.846 ; pfs_8bit_reg:inst7|pfs_ff_enable:inst2|inst                            ; pfs_8bit_reg:inst3|pfs_ff_enable:inst|inst                             ; ck           ; ck          ; 0.000        ; 0.250      ; 1.180      ;
+-------+------------------------------------------------------------------------+------------------------------------------------------------------------+--------------+-------------+--------------+------------+------------+


+--------------------------------------------------------------------------------------------------------------------------------------------------------+
; Fast 1200mV 0C Model Minimum Pulse Width: 'ck'                                                                                                         ;
+--------+--------------+----------------+-----------------+-------+------------+------------------------------------------------------------------------+
; Slack  ; Actual Width ; Required Width ; Type            ; Clock ; Clock Edge ; Target                                                                 ;
+--------+--------------+----------------+-----------------+-------+------------+------------------------------------------------------------------------+
; -3.000 ; 1.000        ; 4.000          ; Port Rate       ; ck    ; Rise       ; ck                                                                     ;
; -1.000 ; 1.000        ; 2.000          ; Min Period      ; ck    ; Rise       ; pfs_8bit_reg:inst3|pfs_ff_enable:inst2|inst                            ;
; -1.000 ; 1.000        ; 2.000          ; Min Period      ; ck    ; Rise       ; pfs_8bit_reg:inst3|pfs_ff_enable:inst3|inst                            ;
; -1.000 ; 1.000        ; 2.000          ; Min Period      ; ck    ; Rise       ; pfs_8bit_reg:inst3|pfs_ff_enable:inst4|inst                            ;
; -1.000 ; 1.000        ; 2.000          ; Min Period      ; ck    ; Rise       ; pfs_8bit_reg:inst3|pfs_ff_enable:inst5|inst                            ;
; -1.000 ; 1.000        ; 2.000          ; Min Period      ; ck    ; Rise       ; pfs_8bit_reg:inst3|pfs_ff_enable:inst6|inst                            ;
; -1.000 ; 1.000        ; 2.000          ; Min Period      ; ck    ; Rise       ; pfs_8bit_reg:inst3|pfs_ff_enable:inst7|inst                            ;
; -1.000 ; 1.000        ; 2.000          ; Min Period      ; ck    ; Rise       ; pfs_8bit_reg:inst3|pfs_ff_enable:inst8|inst                            ;
; -1.000 ; 1.000        ; 2.000          ; Min Period      ; ck    ; Rise       ; pfs_8bit_reg:inst3|pfs_ff_enable:inst|inst                             ;
; -1.000 ; 1.000        ; 2.000          ; Min Period      ; ck    ; Rise       ; pfs_8bit_reg:inst5|pfs_ff_enable:inst2|inst                            ;
; -1.000 ; 1.000        ; 2.000          ; Min Period      ; ck    ; Rise       ; pfs_8bit_reg:inst5|pfs_ff_enable:inst3|inst                            ;
; -1.000 ; 1.000        ; 2.000          ; Min Period      ; ck    ; Rise       ; pfs_8bit_reg:inst5|pfs_ff_enable:inst4|inst                            ;
; -1.000 ; 1.000        ; 2.000          ; Min Period      ; ck    ; Rise       ; pfs_8bit_reg:inst5|pfs_ff_enable:inst5|inst                            ;
; -1.000 ; 1.000        ; 2.000          ; Min Period      ; ck    ; Rise       ; pfs_8bit_reg:inst5|pfs_ff_enable:inst6|inst                            ;
; -1.000 ; 1.000        ; 2.000          ; Min Period      ; ck    ; Rise       ; pfs_8bit_reg:inst5|pfs_ff_enable:inst7|inst                            ;
; -1.000 ; 1.000        ; 2.000          ; Min Period      ; ck    ; Rise       ; pfs_8bit_reg:inst5|pfs_ff_enable:inst8|inst                            ;
; -1.000 ; 1.000        ; 2.000          ; Min Period      ; ck    ; Rise       ; pfs_8bit_reg:inst5|pfs_ff_enable:inst|inst                             ;
; -1.000 ; 1.000        ; 2.000          ; Min Period      ; ck    ; Rise       ; pfs_8bit_reg:inst6|pfs_ff_enable:inst2|inst                            ;
; -1.000 ; 1.000        ; 2.000          ; Min Period      ; ck    ; Rise       ; pfs_8bit_reg:inst6|pfs_ff_enable:inst3|inst                            ;
; -1.000 ; 1.000        ; 2.000          ; Min Period      ; ck    ; Rise       ; pfs_8bit_reg:inst6|pfs_ff_enable:inst4|inst                            ;
; -1.000 ; 1.000        ; 2.000          ; Min Period      ; ck    ; Rise       ; pfs_8bit_reg:inst6|pfs_ff_enable:inst5|inst                            ;
; -1.000 ; 1.000        ; 2.000          ; Min Period      ; ck    ; Rise       ; pfs_8bit_reg:inst6|pfs_ff_enable:inst6|inst                            ;
; -1.000 ; 1.000        ; 2.000          ; Min Period      ; ck    ; Rise       ; pfs_8bit_reg:inst6|pfs_ff_enable:inst7|inst                            ;
; -1.000 ; 1.000        ; 2.000          ; Min Period      ; ck    ; Rise       ; pfs_8bit_reg:inst6|pfs_ff_enable:inst8|inst                            ;
; -1.000 ; 1.000        ; 2.000          ; Min Period      ; ck    ; Rise       ; pfs_8bit_reg:inst6|pfs_ff_enable:inst|inst                             ;
; -1.000 ; 1.000        ; 2.000          ; Min Period      ; ck    ; Rise       ; pfs_8bit_reg:inst7|pfs_ff_enable:inst2|inst                            ;
; -1.000 ; 1.000        ; 2.000          ; Min Period      ; ck    ; Rise       ; pfs_8bit_reg:inst7|pfs_ff_enable:inst3|inst                            ;
; -1.000 ; 1.000        ; 2.000          ; Min Period      ; ck    ; Rise       ; pfs_8bit_reg:inst7|pfs_ff_enable:inst4|inst                            ;
; -1.000 ; 1.000        ; 2.000          ; Min Period      ; ck    ; Rise       ; pfs_8bit_reg:inst7|pfs_ff_enable:inst5|inst                            ;
; -1.000 ; 1.000        ; 2.000          ; Min Period      ; ck    ; Rise       ; pfs_8bit_reg:inst7|pfs_ff_enable:inst6|inst                            ;
; -1.000 ; 1.000        ; 2.000          ; Min Period      ; ck    ; Rise       ; pfs_8bit_reg:inst7|pfs_ff_enable:inst7|inst                            ;
; -1.000 ; 1.000        ; 2.000          ; Min Period      ; ck    ; Rise       ; pfs_8bit_reg:inst7|pfs_ff_enable:inst8|inst                            ;
; -1.000 ; 1.000        ; 2.000          ; Min Period      ; ck    ; Rise       ; pfs_8bit_reg:inst7|pfs_ff_enable:inst|inst                             ;
; -1.000 ; 1.000        ; 2.000          ; Min Period      ; ck    ; Rise       ; pfs_neander_control:inst|pfs_neander_temp:inst1|pfs_uc_unit:inst2|inst ;
; -1.000 ; 1.000        ; 2.000          ; Min Period      ; ck    ; Rise       ; pfs_neander_control:inst|pfs_neander_temp:inst1|pfs_uc_unit:inst3|inst ;
; -1.000 ; 1.000        ; 2.000          ; Min Period      ; ck    ; Rise       ; pfs_neander_control:inst|pfs_neander_temp:inst1|pfs_uc_unit:inst4|inst ;
; -1.000 ; 1.000        ; 2.000          ; Min Period      ; ck    ; Rise       ; pfs_neander_pc:inst1|pfs_gen_counter_8:inst|pfs_uc_unit:inst1|inst     ;
; -1.000 ; 1.000        ; 2.000          ; Min Period      ; ck    ; Rise       ; pfs_neander_pc:inst1|pfs_gen_counter_8:inst|pfs_uc_unit:inst2|inst     ;
; -1.000 ; 1.000        ; 2.000          ; Min Period      ; ck    ; Rise       ; pfs_neander_pc:inst1|pfs_gen_counter_8:inst|pfs_uc_unit:inst3|inst     ;
; -1.000 ; 1.000        ; 2.000          ; Min Period      ; ck    ; Rise       ; pfs_neander_pc:inst1|pfs_gen_counter_8:inst|pfs_uc_unit:inst4|inst     ;
; -1.000 ; 1.000        ; 2.000          ; Min Period      ; ck    ; Rise       ; pfs_neander_pc:inst1|pfs_gen_counter_8:inst|pfs_uc_unit:inst5|inst     ;
; -1.000 ; 1.000        ; 2.000          ; Min Period      ; ck    ; Rise       ; pfs_neander_pc:inst1|pfs_gen_counter_8:inst|pfs_uc_unit:inst7|inst     ;
; -1.000 ; 1.000        ; 2.000          ; Min Period      ; ck    ; Rise       ; pfs_neander_pc:inst1|pfs_gen_counter_8:inst|pfs_uc_unit:inst8|inst     ;
; -1.000 ; 1.000        ; 2.000          ; Min Period      ; ck    ; Rise       ; pfs_neander_pc:inst1|pfs_gen_counter_8:inst|pfs_uc_unit:inst|inst      ;
; -0.058 ; 0.126        ; 0.184          ; Low Pulse Width ; ck    ; Rise       ; pfs_8bit_reg:inst3|pfs_ff_enable:inst4|inst                            ;
; -0.058 ; 0.126        ; 0.184          ; Low Pulse Width ; ck    ; Rise       ; pfs_8bit_reg:inst3|pfs_ff_enable:inst|inst                             ;
; -0.057 ; 0.127        ; 0.184          ; Low Pulse Width ; ck    ; Rise       ; pfs_8bit_reg:inst3|pfs_ff_enable:inst2|inst                            ;
; -0.050 ; 0.134        ; 0.184          ; Low Pulse Width ; ck    ; Rise       ; pfs_8bit_reg:inst6|pfs_ff_enable:inst6|inst                            ;
; -0.028 ; 0.156        ; 0.184          ; Low Pulse Width ; ck    ; Rise       ; pfs_8bit_reg:inst6|pfs_ff_enable:inst3|inst                            ;
; -0.028 ; 0.156        ; 0.184          ; Low Pulse Width ; ck    ; Rise       ; pfs_8bit_reg:inst6|pfs_ff_enable:inst4|inst                            ;
; -0.028 ; 0.156        ; 0.184          ; Low Pulse Width ; ck    ; Rise       ; pfs_8bit_reg:inst6|pfs_ff_enable:inst|inst                             ;
; -0.027 ; 0.157        ; 0.184          ; Low Pulse Width ; ck    ; Rise       ; pfs_8bit_reg:inst3|pfs_ff_enable:inst3|inst                            ;
; -0.027 ; 0.157        ; 0.184          ; Low Pulse Width ; ck    ; Rise       ; pfs_8bit_reg:inst3|pfs_ff_enable:inst5|inst                            ;
; -0.027 ; 0.157        ; 0.184          ; Low Pulse Width ; ck    ; Rise       ; pfs_8bit_reg:inst3|pfs_ff_enable:inst6|inst                            ;
; -0.027 ; 0.157        ; 0.184          ; Low Pulse Width ; ck    ; Rise       ; pfs_8bit_reg:inst3|pfs_ff_enable:inst7|inst                            ;
; -0.027 ; 0.157        ; 0.184          ; Low Pulse Width ; ck    ; Rise       ; pfs_8bit_reg:inst3|pfs_ff_enable:inst8|inst                            ;
; -0.027 ; 0.157        ; 0.184          ; Low Pulse Width ; ck    ; Rise       ; pfs_8bit_reg:inst6|pfs_ff_enable:inst2|inst                            ;
; -0.027 ; 0.157        ; 0.184          ; Low Pulse Width ; ck    ; Rise       ; pfs_8bit_reg:inst6|pfs_ff_enable:inst5|inst                            ;
; -0.027 ; 0.157        ; 0.184          ; Low Pulse Width ; ck    ; Rise       ; pfs_8bit_reg:inst6|pfs_ff_enable:inst7|inst                            ;
; -0.027 ; 0.157        ; 0.184          ; Low Pulse Width ; ck    ; Rise       ; pfs_8bit_reg:inst6|pfs_ff_enable:inst8|inst                            ;
; -0.027 ; 0.157        ; 0.184          ; Low Pulse Width ; ck    ; Rise       ; pfs_8bit_reg:inst7|pfs_ff_enable:inst2|inst                            ;
; -0.027 ; 0.157        ; 0.184          ; Low Pulse Width ; ck    ; Rise       ; pfs_8bit_reg:inst7|pfs_ff_enable:inst3|inst                            ;
; -0.027 ; 0.157        ; 0.184          ; Low Pulse Width ; ck    ; Rise       ; pfs_8bit_reg:inst7|pfs_ff_enable:inst4|inst                            ;
; -0.027 ; 0.157        ; 0.184          ; Low Pulse Width ; ck    ; Rise       ; pfs_8bit_reg:inst7|pfs_ff_enable:inst5|inst                            ;
; -0.027 ; 0.157        ; 0.184          ; Low Pulse Width ; ck    ; Rise       ; pfs_8bit_reg:inst7|pfs_ff_enable:inst6|inst                            ;
; -0.027 ; 0.157        ; 0.184          ; Low Pulse Width ; ck    ; Rise       ; pfs_8bit_reg:inst7|pfs_ff_enable:inst7|inst                            ;
; -0.027 ; 0.157        ; 0.184          ; Low Pulse Width ; ck    ; Rise       ; pfs_8bit_reg:inst7|pfs_ff_enable:inst8|inst                            ;
; -0.027 ; 0.157        ; 0.184          ; Low Pulse Width ; ck    ; Rise       ; pfs_8bit_reg:inst7|pfs_ff_enable:inst|inst                             ;
; -0.027 ; 0.157        ; 0.184          ; Low Pulse Width ; ck    ; Rise       ; pfs_neander_control:inst|pfs_neander_temp:inst1|pfs_uc_unit:inst2|inst ;
; -0.026 ; 0.158        ; 0.184          ; Low Pulse Width ; ck    ; Rise       ; pfs_8bit_reg:inst5|pfs_ff_enable:inst2|inst                            ;
; -0.026 ; 0.158        ; 0.184          ; Low Pulse Width ; ck    ; Rise       ; pfs_8bit_reg:inst5|pfs_ff_enable:inst3|inst                            ;
; -0.026 ; 0.158        ; 0.184          ; Low Pulse Width ; ck    ; Rise       ; pfs_8bit_reg:inst5|pfs_ff_enable:inst4|inst                            ;
; -0.026 ; 0.158        ; 0.184          ; Low Pulse Width ; ck    ; Rise       ; pfs_8bit_reg:inst5|pfs_ff_enable:inst5|inst                            ;
; -0.026 ; 0.158        ; 0.184          ; Low Pulse Width ; ck    ; Rise       ; pfs_8bit_reg:inst5|pfs_ff_enable:inst6|inst                            ;
; -0.026 ; 0.158        ; 0.184          ; Low Pulse Width ; ck    ; Rise       ; pfs_8bit_reg:inst5|pfs_ff_enable:inst7|inst                            ;
; -0.026 ; 0.158        ; 0.184          ; Low Pulse Width ; ck    ; Rise       ; pfs_8bit_reg:inst5|pfs_ff_enable:inst8|inst                            ;
; -0.026 ; 0.158        ; 0.184          ; Low Pulse Width ; ck    ; Rise       ; pfs_8bit_reg:inst5|pfs_ff_enable:inst|inst                             ;
; -0.026 ; 0.158        ; 0.184          ; Low Pulse Width ; ck    ; Rise       ; pfs_neander_control:inst|pfs_neander_temp:inst1|pfs_uc_unit:inst3|inst ;
; -0.026 ; 0.158        ; 0.184          ; Low Pulse Width ; ck    ; Rise       ; pfs_neander_control:inst|pfs_neander_temp:inst1|pfs_uc_unit:inst4|inst ;
; -0.026 ; 0.158        ; 0.184          ; Low Pulse Width ; ck    ; Rise       ; pfs_neander_pc:inst1|pfs_gen_counter_8:inst|pfs_uc_unit:inst1|inst     ;
; -0.026 ; 0.158        ; 0.184          ; Low Pulse Width ; ck    ; Rise       ; pfs_neander_pc:inst1|pfs_gen_counter_8:inst|pfs_uc_unit:inst2|inst     ;
; -0.026 ; 0.158        ; 0.184          ; Low Pulse Width ; ck    ; Rise       ; pfs_neander_pc:inst1|pfs_gen_counter_8:inst|pfs_uc_unit:inst3|inst     ;
; -0.026 ; 0.158        ; 0.184          ; Low Pulse Width ; ck    ; Rise       ; pfs_neander_pc:inst1|pfs_gen_counter_8:inst|pfs_uc_unit:inst4|inst     ;
; -0.026 ; 0.158        ; 0.184          ; Low Pulse Width ; ck    ; Rise       ; pfs_neander_pc:inst1|pfs_gen_counter_8:inst|pfs_uc_unit:inst5|inst     ;
; -0.026 ; 0.158        ; 0.184          ; Low Pulse Width ; ck    ; Rise       ; pfs_neander_pc:inst1|pfs_gen_counter_8:inst|pfs_uc_unit:inst7|inst     ;
; -0.026 ; 0.158        ; 0.184          ; Low Pulse Width ; ck    ; Rise       ; pfs_neander_pc:inst1|pfs_gen_counter_8:inst|pfs_uc_unit:inst8|inst     ;
; -0.026 ; 0.158        ; 0.184          ; Low Pulse Width ; ck    ; Rise       ; pfs_neander_pc:inst1|pfs_gen_counter_8:inst|pfs_uc_unit:inst|inst      ;
; 0.122  ; 0.122        ; 0.000          ; Low Pulse Width ; ck    ; Rise       ; inst3|inst4|inst|clk                                                   ;
; 0.122  ; 0.122        ; 0.000          ; Low Pulse Width ; ck    ; Rise       ; inst3|inst|inst|clk                                                    ;
; 0.123  ; 0.123        ; 0.000          ; Low Pulse Width ; ck    ; Rise       ; inst3|inst2|inst|clk                                                   ;
; 0.125  ; 0.125        ; 0.000          ; Low Pulse Width ; ck    ; Rise       ; ck~input|o                                                             ;
; 0.130  ; 0.130        ; 0.000          ; Low Pulse Width ; ck    ; Rise       ; inst6|inst6|inst|clk                                                   ;
; 0.139  ; 0.139        ; 0.000          ; Low Pulse Width ; ck    ; Rise       ; ck~inputclkctrl|inclk[0]                                               ;
; 0.139  ; 0.139        ; 0.000          ; Low Pulse Width ; ck    ; Rise       ; ck~inputclkctrl|outclk                                                 ;
; 0.152  ; 0.152        ; 0.000          ; Low Pulse Width ; ck    ; Rise       ; inst3|inst3|inst|clk                                                   ;
; 0.152  ; 0.152        ; 0.000          ; Low Pulse Width ; ck    ; Rise       ; inst3|inst5|inst|clk                                                   ;
; 0.152  ; 0.152        ; 0.000          ; Low Pulse Width ; ck    ; Rise       ; inst3|inst6|inst|clk                                                   ;
; 0.152  ; 0.152        ; 0.000          ; Low Pulse Width ; ck    ; Rise       ; inst3|inst7|inst|clk                                                   ;
; 0.152  ; 0.152        ; 0.000          ; Low Pulse Width ; ck    ; Rise       ; inst3|inst8|inst|clk                                                   ;
; 0.152  ; 0.152        ; 0.000          ; Low Pulse Width ; ck    ; Rise       ; inst6|inst2|inst|clk                                                   ;
+--------+--------------+----------------+-----------------+-------+------------+------------------------------------------------------------------------+


+-----------------------------------------------------------------------+
; Clock to Output Times                                                 ;
+-----------+------------+-------+-------+------------+-----------------+
; Data Port ; Clock Port ; Rise  ; Fall  ; Clock Edge ; Clock Reference ;
+-----------+------------+-------+-------+------------+-----------------+
; AC[*]     ; ck         ; 5.000 ; 5.226 ; Rise       ; ck              ;
;  AC[0]    ; ck         ; 4.129 ; 4.199 ; Rise       ; ck              ;
;  AC[1]    ; ck         ; 3.927 ; 3.969 ; Rise       ; ck              ;
;  AC[2]    ; ck         ; 4.294 ; 4.432 ; Rise       ; ck              ;
;  AC[3]    ; ck         ; 4.161 ; 4.260 ; Rise       ; ck              ;
;  AC[4]    ; ck         ; 4.249 ; 4.289 ; Rise       ; ck              ;
;  AC[5]    ; ck         ; 3.895 ; 3.978 ; Rise       ; ck              ;
;  AC[6]    ; ck         ; 4.257 ; 4.371 ; Rise       ; ck              ;
;  AC[7]    ; ck         ; 5.000 ; 5.226 ; Rise       ; ck              ;
; MEM[*]    ; ck         ; 6.070 ; 6.290 ; Rise       ; ck              ;
;  MEM[0]   ; ck         ; 5.951 ; 6.093 ; Rise       ; ck              ;
;  MEM[1]   ; ck         ; 5.787 ; 6.012 ; Rise       ; ck              ;
;  MEM[2]   ; ck         ; 5.245 ; 5.365 ; Rise       ; ck              ;
;  MEM[3]   ; ck         ; 5.139 ; 5.224 ; Rise       ; ck              ;
;  MEM[4]   ; ck         ; 6.070 ; 6.290 ; Rise       ; ck              ;
;  MEM[5]   ; ck         ; 5.499 ; 5.776 ; Rise       ; ck              ;
;  MEM[6]   ; ck         ; 5.464 ; 5.594 ; Rise       ; ck              ;
;  MEM[7]   ; ck         ; 5.638 ; 5.817 ; Rise       ; ck              ;
; MUX[*]    ; ck         ; 6.431 ; 6.608 ; Rise       ; ck              ;
;  MUX[0]   ; ck         ; 5.729 ; 5.792 ; Rise       ; ck              ;
;  MUX[1]   ; ck         ; 6.225 ; 6.352 ; Rise       ; ck              ;
;  MUX[2]   ; ck         ; 6.059 ; 6.167 ; Rise       ; ck              ;
;  MUX[3]   ; ck         ; 6.253 ; 6.370 ; Rise       ; ck              ;
;  MUX[4]   ; ck         ; 6.431 ; 6.608 ; Rise       ; ck              ;
;  MUX[5]   ; ck         ; 6.311 ; 6.449 ; Rise       ; ck              ;
;  MUX[6]   ; ck         ; 6.370 ; 6.500 ; Rise       ; ck              ;
;  MUX[7]   ; ck         ; 6.335 ; 6.476 ; Rise       ; ck              ;
; PC[*]     ; ck         ; 6.270 ; 6.420 ; Rise       ; ck              ;
;  PC[0]    ; ck         ; 5.773 ; 5.863 ; Rise       ; ck              ;
;  PC[1]    ; ck         ; 5.895 ; 5.998 ; Rise       ; ck              ;
;  PC[2]    ; ck         ; 5.712 ; 5.785 ; Rise       ; ck              ;
;  PC[3]    ; ck         ; 6.195 ; 6.349 ; Rise       ; ck              ;
;  PC[4]    ; ck         ; 5.897 ; 6.009 ; Rise       ; ck              ;
;  PC[5]    ; ck         ; 6.270 ; 6.420 ; Rise       ; ck              ;
;  PC[6]    ; ck         ; 5.693 ; 5.799 ; Rise       ; ck              ;
;  PC[7]    ; ck         ; 5.794 ; 5.812 ; Rise       ; ck              ;
; RDM[*]    ; ck         ; 4.039 ; 4.089 ; Rise       ; ck              ;
;  RDM[0]   ; ck         ; 3.902 ; 3.936 ; Rise       ; ck              ;
;  RDM[1]   ; ck         ; 4.008 ; 4.055 ; Rise       ; ck              ;
;  RDM[2]   ; ck         ; 3.795 ; 3.833 ; Rise       ; ck              ;
;  RDM[3]   ; ck         ; 3.848 ; 3.877 ; Rise       ; ck              ;
;  RDM[4]   ; ck         ; 3.865 ; 3.888 ; Rise       ; ck              ;
;  RDM[5]   ; ck         ; 4.025 ; 4.068 ; Rise       ; ck              ;
;  RDM[6]   ; ck         ; 4.007 ; 4.050 ; Rise       ; ck              ;
;  RDM[7]   ; ck         ; 4.039 ; 4.089 ; Rise       ; ck              ;
; REM[*]    ; ck         ; 4.275 ; 4.414 ; Rise       ; ck              ;
;  REM[0]   ; ck         ; 4.163 ; 4.281 ; Rise       ; ck              ;
;  REM[1]   ; ck         ; 4.054 ; 4.167 ; Rise       ; ck              ;
;  REM[2]   ; ck         ; 4.167 ; 4.296 ; Rise       ; ck              ;
;  REM[3]   ; ck         ; 4.010 ; 4.050 ; Rise       ; ck              ;
;  REM[4]   ; ck         ; 3.668 ; 3.665 ; Rise       ; ck              ;
;  REM[5]   ; ck         ; 4.275 ; 4.414 ; Rise       ; ck              ;
;  REM[6]   ; ck         ; 4.169 ; 4.296 ; Rise       ; ck              ;
;  REM[7]   ; ck         ; 4.026 ; 4.065 ; Rise       ; ck              ;
; RI[*]     ; ck         ; 4.414 ; 4.579 ; Rise       ; ck              ;
;  RI[0]    ; ck         ; 4.414 ; 4.579 ; Rise       ; ck              ;
;  RI[1]    ; ck         ; 4.043 ; 4.090 ; Rise       ; ck              ;
;  RI[2]    ; ck         ; 4.052 ; 4.150 ; Rise       ; ck              ;
;  RI[3]    ; ck         ; 4.041 ; 4.134 ; Rise       ; ck              ;
;  RI[4]    ; ck         ; 4.250 ; 4.307 ; Rise       ; ck              ;
;  RI[5]    ; ck         ; 3.946 ; 3.982 ; Rise       ; ck              ;
;  RI[6]    ; ck         ; 3.973 ; 4.024 ; Rise       ; ck              ;
;  RI[7]    ; ck         ; 4.349 ; 4.502 ; Rise       ; ck              ;
; T[*]      ; ck         ; 5.589 ; 5.685 ; Rise       ; ck              ;
;  T[0]     ; ck         ; 4.814 ; 4.865 ; Rise       ; ck              ;
;  T[1]     ; ck         ; 4.891 ; 4.903 ; Rise       ; ck              ;
;  T[2]     ; ck         ; 5.589 ; 5.685 ; Rise       ; ck              ;
;  T[3]     ; ck         ; 4.569 ; 4.598 ; Rise       ; ck              ;
;  T[4]     ; ck         ; 4.972 ; 5.186 ; Rise       ; ck              ;
;  T[5]     ; ck         ; 5.201 ; 5.458 ; Rise       ; ck              ;
;  T[6]     ; ck         ; 4.636 ; 4.602 ; Rise       ; ck              ;
;  T[7]     ; ck         ; 4.488 ; 4.574 ; Rise       ; ck              ;
; ULA[*]    ; ck         ; 7.875 ; 8.118 ; Rise       ; ck              ;
;  ULA[0]   ; ck         ; 5.491 ; 5.469 ; Rise       ; ck              ;
;  ULA[1]   ; ck         ; 6.141 ; 6.156 ; Rise       ; ck              ;
;  ULA[2]   ; ck         ; 5.782 ; 5.797 ; Rise       ; ck              ;
;  ULA[3]   ; ck         ; 6.762 ; 6.895 ; Rise       ; ck              ;
;  ULA[4]   ; ck         ; 6.743 ; 6.881 ; Rise       ; ck              ;
;  ULA[5]   ; ck         ; 7.039 ; 7.212 ; Rise       ; ck              ;
;  ULA[6]   ; ck         ; 7.875 ; 8.118 ; Rise       ; ck              ;
;  ULA[7]   ; ck         ; 7.148 ; 7.241 ; Rise       ; ck              ;
; cg_AC     ; ck         ; 5.116 ; 5.198 ; Rise       ; ck              ;
; cg_PC     ; ck         ; 5.335 ; 5.354 ; Rise       ; ck              ;
; cg_RDM    ; ck         ; 5.267 ; 5.199 ; Rise       ; ck              ;
; cg_REM    ; ck         ; 5.447 ; 5.407 ; Rise       ; ck              ;
; cg_RI     ; ck         ; 5.049 ; 5.029 ; Rise       ; ck              ;
; i_add     ; ck         ; 5.340 ; 5.637 ; Rise       ; ck              ;
; i_and     ; ck         ; 5.145 ; 5.234 ; Rise       ; ck              ;
; i_lda     ; ck         ; 5.268 ; 5.371 ; Rise       ; ck              ;
; i_not     ; ck         ; 4.485 ; 4.620 ; Rise       ; ck              ;
; i_or      ; ck         ; 4.929 ; 5.090 ; Rise       ; ck              ;
; inc_pc    ; ck         ; 5.301 ; 5.525 ; Rise       ; ck              ;
; mux_REM   ; ck         ; 4.816 ; 4.957 ; Rise       ; ck              ;
; n         ; ck         ; 5.226 ; 5.000 ; Rise       ; ck              ;
; tempo[*]  ; ck         ; 4.562 ; 4.663 ; Rise       ; ck              ;
;  tempo[0] ; ck         ; 4.232 ; 4.356 ; Rise       ; ck              ;
;  tempo[1] ; ck         ; 3.956 ; 3.995 ; Rise       ; ck              ;
;  tempo[2] ; ck         ; 4.562 ; 4.663 ; Rise       ; ck              ;
; z         ; ck         ; 5.509 ; 5.277 ; Rise       ; ck              ;
+-----------+------------+-------+-------+------------+-----------------+


+-----------------------------------------------------------------------+
; Minimum Clock to Output Times                                         ;
+-----------+------------+-------+-------+------------+-----------------+
; Data Port ; Clock Port ; Rise  ; Fall  ; Clock Edge ; Clock Reference ;
+-----------+------------+-------+-------+------------+-----------------+
; AC[*]     ; ck         ; 3.758 ; 3.833 ; Rise       ; ck              ;
;  AC[0]    ; ck         ; 3.990 ; 4.055 ; Rise       ; ck              ;
;  AC[1]    ; ck         ; 3.795 ; 3.833 ; Rise       ; ck              ;
;  AC[2]    ; ck         ; 4.144 ; 4.275 ; Rise       ; ck              ;
;  AC[3]    ; ck         ; 4.016 ; 4.111 ; Rise       ; ck              ;
;  AC[4]    ; ck         ; 4.106 ; 4.142 ; Rise       ; ck              ;
;  AC[5]    ; ck         ; 3.758 ; 3.837 ; Rise       ; ck              ;
;  AC[6]    ; ck         ; 4.108 ; 4.217 ; Rise       ; ck              ;
;  AC[7]    ; ck         ; 4.823 ; 5.040 ; Rise       ; ck              ;
; MEM[*]    ; ck         ; 4.287 ; 4.341 ; Rise       ; ck              ;
;  MEM[0]   ; ck         ; 4.902 ; 4.983 ; Rise       ; ck              ;
;  MEM[1]   ; ck         ; 4.898 ; 4.995 ; Rise       ; ck              ;
;  MEM[2]   ; ck         ; 4.287 ; 4.341 ; Rise       ; ck              ;
;  MEM[3]   ; ck         ; 4.305 ; 4.397 ; Rise       ; ck              ;
;  MEM[4]   ; ck         ; 4.983 ; 5.075 ; Rise       ; ck              ;
;  MEM[5]   ; ck         ; 4.663 ; 4.696 ; Rise       ; ck              ;
;  MEM[6]   ; ck         ; 4.680 ; 4.734 ; Rise       ; ck              ;
;  MEM[7]   ; ck         ; 4.849 ; 4.928 ; Rise       ; ck              ;
; MUX[*]    ; ck         ; 4.102 ; 4.216 ; Rise       ; ck              ;
;  MUX[0]   ; ck         ; 4.102 ; 4.216 ; Rise       ; ck              ;
;  MUX[1]   ; ck         ; 4.413 ; 4.578 ; Rise       ; ck              ;
;  MUX[2]   ; ck         ; 4.260 ; 4.407 ; Rise       ; ck              ;
;  MUX[3]   ; ck         ; 4.366 ; 4.520 ; Rise       ; ck              ;
;  MUX[4]   ; ck         ; 4.467 ; 4.674 ; Rise       ; ck              ;
;  MUX[5]   ; ck         ; 4.528 ; 4.712 ; Rise       ; ck              ;
;  MUX[6]   ; ck         ; 4.417 ; 4.576 ; Rise       ; ck              ;
;  MUX[7]   ; ck         ; 4.447 ; 4.620 ; Rise       ; ck              ;
; PC[*]     ; ck         ; 4.114 ; 4.217 ; Rise       ; ck              ;
;  PC[0]    ; ck         ; 4.328 ; 4.466 ; Rise       ; ck              ;
;  PC[1]    ; ck         ; 4.360 ; 4.500 ; Rise       ; ck              ;
;  PC[2]    ; ck         ; 4.114 ; 4.228 ; Rise       ; ck              ;
;  PC[3]    ; ck         ; 4.604 ; 4.802 ; Rise       ; ck              ;
;  PC[4]    ; ck         ; 4.252 ; 4.399 ; Rise       ; ck              ;
;  PC[5]    ; ck         ; 4.547 ; 4.735 ; Rise       ; ck              ;
;  PC[6]    ; ck         ; 4.342 ; 4.516 ; Rise       ; ck              ;
;  PC[7]    ; ck         ; 4.157 ; 4.217 ; Rise       ; ck              ;
; RDM[*]    ; ck         ; 3.662 ; 3.697 ; Rise       ; ck              ;
;  RDM[0]   ; ck         ; 3.771 ; 3.802 ; Rise       ; ck              ;
;  RDM[1]   ; ck         ; 3.873 ; 3.916 ; Rise       ; ck              ;
;  RDM[2]   ; ck         ; 3.662 ; 3.697 ; Rise       ; ck              ;
;  RDM[3]   ; ck         ; 3.720 ; 3.746 ; Rise       ; ck              ;
;  RDM[4]   ; ck         ; 3.736 ; 3.757 ; Rise       ; ck              ;
;  RDM[5]   ; ck         ; 3.890 ; 3.930 ; Rise       ; ck              ;
;  RDM[6]   ; ck         ; 3.874 ; 3.913 ; Rise       ; ck              ;
;  RDM[7]   ; ck         ; 3.905 ; 3.950 ; Rise       ; ck              ;
; REM[*]    ; ck         ; 3.548 ; 3.543 ; Rise       ; ck              ;
;  REM[0]   ; ck         ; 4.023 ; 4.135 ; Rise       ; ck              ;
;  REM[1]   ; ck         ; 3.918 ; 4.025 ; Rise       ; ck              ;
;  REM[2]   ; ck         ; 4.025 ; 4.149 ; Rise       ; ck              ;
;  REM[3]   ; ck         ; 3.876 ; 3.913 ; Rise       ; ck              ;
;  REM[4]   ; ck         ; 3.548 ; 3.543 ; Rise       ; ck              ;
;  REM[5]   ; ck         ; 4.129 ; 4.262 ; Rise       ; ck              ;
;  REM[6]   ; ck         ; 4.026 ; 4.148 ; Rise       ; ck              ;
;  REM[7]   ; ck         ; 3.893 ; 3.928 ; Rise       ; ck              ;
; RI[*]     ; ck         ; 3.815 ; 3.848 ; Rise       ; ck              ;
;  RI[0]    ; ck         ; 4.261 ; 4.419 ; Rise       ; ck              ;
;  RI[1]    ; ck         ; 3.908 ; 3.952 ; Rise       ; ck              ;
;  RI[2]    ; ck         ; 3.913 ; 4.006 ; Rise       ; ck              ;
;  RI[3]    ; ck         ; 3.902 ; 3.991 ; Rise       ; ck              ;
;  RI[4]    ; ck         ; 4.125 ; 4.179 ; Rise       ; ck              ;
;  RI[5]    ; ck         ; 3.815 ; 3.848 ; Rise       ; ck              ;
;  RI[6]    ; ck         ; 3.841 ; 3.888 ; Rise       ; ck              ;
;  RI[7]    ; ck         ; 4.200 ; 4.346 ; Rise       ; ck              ;
; T[*]      ; ck         ; 3.949 ; 3.991 ; Rise       ; ck              ;
;  T[0]     ; ck         ; 4.550 ; 4.597 ; Rise       ; ck              ;
;  T[1]     ; ck         ; 4.470 ; 4.528 ; Rise       ; ck              ;
;  T[2]     ; ck         ; 5.255 ; 5.425 ; Rise       ; ck              ;
;  T[3]     ; ck         ; 4.242 ; 4.402 ; Rise       ; ck              ;
;  T[4]     ; ck         ; 4.760 ; 4.820 ; Rise       ; ck              ;
;  T[5]     ; ck         ; 4.674 ; 4.800 ; Rise       ; ck              ;
;  T[6]     ; ck         ; 4.034 ; 4.101 ; Rise       ; ck              ;
;  T[7]     ; ck         ; 3.949 ; 3.991 ; Rise       ; ck              ;
; ULA[*]    ; ck         ; 4.270 ; 4.296 ; Rise       ; ck              ;
;  ULA[0]   ; ck         ; 4.270 ; 4.296 ; Rise       ; ck              ;
;  ULA[1]   ; ck         ; 4.501 ; 4.529 ; Rise       ; ck              ;
;  ULA[2]   ; ck         ; 4.320 ; 4.355 ; Rise       ; ck              ;
;  ULA[3]   ; ck         ; 4.550 ; 4.661 ; Rise       ; ck              ;
;  ULA[4]   ; ck         ; 4.927 ; 5.052 ; Rise       ; ck              ;
;  ULA[5]   ; ck         ; 4.861 ; 5.030 ; Rise       ; ck              ;
;  ULA[6]   ; ck         ; 5.063 ; 5.341 ; Rise       ; ck              ;
;  ULA[7]   ; ck         ; 4.571 ; 4.700 ; Rise       ; ck              ;
; cg_AC     ; ck         ; 4.141 ; 4.078 ; Rise       ; ck              ;
; cg_PC     ; ck         ; 4.310 ; 4.453 ; Rise       ; ck              ;
; cg_RDM    ; ck         ; 4.248 ; 4.308 ; Rise       ; ck              ;
; cg_REM    ; ck         ; 4.422 ; 4.509 ; Rise       ; ck              ;
; cg_RI     ; ck         ; 4.629 ; 4.655 ; Rise       ; ck              ;
; i_add     ; ck         ; 5.048 ; 5.198 ; Rise       ; ck              ;
; i_and     ; ck         ; 4.744 ; 4.890 ; Rise       ; ck              ;
; i_lda     ; ck         ; 4.873 ; 4.923 ; Rise       ; ck              ;
; i_not     ; ck         ; 4.166 ; 4.244 ; Rise       ; ck              ;
; i_or      ; ck         ; 4.611 ; 4.612 ; Rise       ; ck              ;
; inc_pc    ; ck         ; 4.337 ; 4.496 ; Rise       ; ck              ;
; mux_REM   ; ck         ; 4.300 ; 4.337 ; Rise       ; ck              ;
; n         ; ck         ; 5.040 ; 4.823 ; Rise       ; ck              ;
; tempo[*]  ; ck         ; 3.825 ; 3.860 ; Rise       ; ck              ;
;  tempo[0] ; ck         ; 4.088 ; 4.206 ; Rise       ; ck              ;
;  tempo[1] ; ck         ; 3.825 ; 3.860 ; Rise       ; ck              ;
;  tempo[2] ; ck         ; 4.424 ; 4.521 ; Rise       ; ck              ;
; z         ; ck         ; 5.139 ; 4.930 ; Rise       ; ck              ;
+-----------+------------+-------+-------+------------+-----------------+


---------------------------------------------
; Fast 1200mV 0C Model Metastability Report ;
---------------------------------------------
No synchronizer chains to report.


+--------------------------------------------------------------------------------+
; Multicorner Timing Analysis Summary                                            ;
+------------------+----------+-------+----------+---------+---------------------+
; Clock            ; Setup    ; Hold  ; Recovery ; Removal ; Minimum Pulse Width ;
+------------------+----------+-------+----------+---------+---------------------+
; Worst-case Slack ; -5.024   ; 0.186 ; N/A      ; N/A     ; -3.000              ;
;  ck              ; -5.024   ; 0.186 ; N/A      ; N/A     ; -3.000              ;
; Design-wide TNS  ; -126.197 ; 0.0   ; 0.0      ; 0.0     ; -47.261             ;
;  ck              ; -126.197 ; 0.000 ; N/A      ; N/A     ; -47.261             ;
+------------------+----------+-------+----------+---------+---------------------+


+-------------------------------------------------------------------------+
; Clock to Output Times                                                   ;
+-----------+------------+--------+--------+------------+-----------------+
; Data Port ; Clock Port ; Rise   ; Fall   ; Clock Edge ; Clock Reference ;
+-----------+------------+--------+--------+------------+-----------------+
; AC[*]     ; ck         ; 8.630  ; 8.661  ; Rise       ; ck              ;
;  AC[0]    ; ck         ; 6.944  ; 6.947  ; Rise       ; ck              ;
;  AC[1]    ; ck         ; 6.602  ; 6.578  ; Rise       ; ck              ;
;  AC[2]    ; ck         ; 7.310  ; 7.287  ; Rise       ; ck              ;
;  AC[3]    ; ck         ; 7.107  ; 7.041  ; Rise       ; ck              ;
;  AC[4]    ; ck         ; 7.201  ; 7.150  ; Rise       ; ck              ;
;  AC[5]    ; ck         ; 6.677  ; 6.620  ; Rise       ; ck              ;
;  AC[6]    ; ck         ; 7.343  ; 7.363  ; Rise       ; ck              ;
;  AC[7]    ; ck         ; 8.630  ; 8.661  ; Rise       ; ck              ;
; MEM[*]    ; ck         ; 10.493 ; 10.470 ; Rise       ; ck              ;
;  MEM[0]   ; ck         ; 10.259 ; 10.196 ; Rise       ; ck              ;
;  MEM[1]   ; ck         ; 10.007 ; 10.036 ; Rise       ; ck              ;
;  MEM[2]   ; ck         ; 9.060  ; 9.072  ; Rise       ; ck              ;
;  MEM[3]   ; ck         ; 8.781  ; 8.705  ; Rise       ; ck              ;
;  MEM[4]   ; ck         ; 10.493 ; 10.470 ; Rise       ; ck              ;
;  MEM[5]   ; ck         ; 9.595  ; 9.666  ; Rise       ; ck              ;
;  MEM[6]   ; ck         ; 9.419  ; 9.350  ; Rise       ; ck              ;
;  MEM[7]   ; ck         ; 9.747  ; 9.709  ; Rise       ; ck              ;
; MUX[*]    ; ck         ; 11.181 ; 11.204 ; Rise       ; ck              ;
;  MUX[0]   ; ck         ; 10.001 ; 9.922  ; Rise       ; ck              ;
;  MUX[1]   ; ck         ; 10.867 ; 10.790 ; Rise       ; ck              ;
;  MUX[2]   ; ck         ; 10.572 ; 10.496 ; Rise       ; ck              ;
;  MUX[3]   ; ck         ; 10.892 ; 10.804 ; Rise       ; ck              ;
;  MUX[4]   ; ck         ; 11.181 ; 11.204 ; Rise       ; ck              ;
;  MUX[5]   ; ck         ; 11.018 ; 10.971 ; Rise       ; ck              ;
;  MUX[6]   ; ck         ; 11.097 ; 11.028 ; Rise       ; ck              ;
;  MUX[7]   ; ck         ; 11.042 ; 10.993 ; Rise       ; ck              ;
; PC[*]     ; ck         ; 10.926 ; 10.855 ; Rise       ; ck              ;
;  PC[0]    ; ck         ; 10.066 ; 9.994  ; Rise       ; ck              ;
;  PC[1]    ; ck         ; 10.315 ; 10.261 ; Rise       ; ck              ;
;  PC[2]    ; ck         ; 9.975  ; 9.871  ; Rise       ; ck              ;
;  PC[3]    ; ck         ; 10.782 ; 10.755 ; Rise       ; ck              ;
;  PC[4]    ; ck         ; 10.255 ; 10.217 ; Rise       ; ck              ;
;  PC[5]    ; ck         ; 10.926 ; 10.855 ; Rise       ; ck              ;
;  PC[6]    ; ck         ; 9.886  ; 9.852  ; Rise       ; ck              ;
;  PC[7]    ; ck         ; 10.023 ; 9.930  ; Rise       ; ck              ;
; RDM[*]    ; ck         ; 6.807  ; 6.770  ; Rise       ; ck              ;
;  RDM[0]   ; ck         ; 6.577  ; 6.543  ; Rise       ; ck              ;
;  RDM[1]   ; ck         ; 6.766  ; 6.730  ; Rise       ; ck              ;
;  RDM[2]   ; ck         ; 6.527  ; 6.451  ; Rise       ; ck              ;
;  RDM[3]   ; ck         ; 6.495  ; 6.457  ; Rise       ; ck              ;
;  RDM[4]   ; ck         ; 6.517  ; 6.464  ; Rise       ; ck              ;
;  RDM[5]   ; ck         ; 6.781  ; 6.741  ; Rise       ; ck              ;
;  RDM[6]   ; ck         ; 6.753  ; 6.711  ; Rise       ; ck              ;
;  RDM[7]   ; ck         ; 6.807  ; 6.770  ; Rise       ; ck              ;
; REM[*]    ; ck         ; 7.302  ; 7.261  ; Rise       ; ck              ;
;  REM[0]   ; ck         ; 7.071  ; 7.023  ; Rise       ; ck              ;
;  REM[1]   ; ck         ; 6.889  ; 6.868  ; Rise       ; ck              ;
;  REM[2]   ; ck         ; 7.095  ; 7.069  ; Rise       ; ck              ;
;  REM[3]   ; ck         ; 6.760  ; 6.717  ; Rise       ; ck              ;
;  REM[4]   ; ck         ; 6.169  ; 6.112  ; Rise       ; ck              ;
;  REM[5]   ; ck         ; 7.302  ; 7.261  ; Rise       ; ck              ;
;  REM[6]   ; ck         ; 7.176  ; 7.135  ; Rise       ; ck              ;
;  REM[7]   ; ck         ; 6.770  ; 6.717  ; Rise       ; ck              ;
; RI[*]     ; ck         ; 7.556  ; 7.542  ; Rise       ; ck              ;
;  RI[0]    ; ck         ; 7.556  ; 7.542  ; Rise       ; ck              ;
;  RI[1]    ; ck         ; 6.793  ; 6.772  ; Rise       ; ck              ;
;  RI[2]    ; ck         ; 6.929  ; 6.931  ; Rise       ; ck              ;
;  RI[3]    ; ck         ; 6.883  ; 6.826  ; Rise       ; ck              ;
;  RI[4]    ; ck         ; 7.030  ; 7.026  ; Rise       ; ck              ;
;  RI[5]    ; ck         ; 6.625  ; 6.591  ; Rise       ; ck              ;
;  RI[6]    ; ck         ; 6.675  ; 6.653  ; Rise       ; ck              ;
;  RI[7]    ; ck         ; 7.395  ; 7.373  ; Rise       ; ck              ;
; T[*]      ; ck         ; 9.342  ; 9.298  ; Rise       ; ck              ;
;  T[0]     ; ck         ; 8.232  ; 8.092  ; Rise       ; ck              ;
;  T[1]     ; ck         ; 8.388  ; 8.204  ; Rise       ; ck              ;
;  T[2]     ; ck         ; 9.342  ; 9.298  ; Rise       ; ck              ;
;  T[3]     ; ck         ; 7.795  ; 7.682  ; Rise       ; ck              ;
;  T[4]     ; ck         ; 8.517  ; 8.521  ; Rise       ; ck              ;
;  T[5]     ; ck         ; 8.970  ; 9.029  ; Rise       ; ck              ;
;  T[6]     ; ck         ; 7.793  ; 7.714  ; Rise       ; ck              ;
;  T[7]     ; ck         ; 7.643  ; 7.616  ; Rise       ; ck              ;
; ULA[*]    ; ck         ; 13.777 ; 13.804 ; Rise       ; ck              ;
;  ULA[0]   ; ck         ; 9.303  ; 9.182  ; Rise       ; ck              ;
;  ULA[1]   ; ck         ; 10.400 ; 10.336 ; Rise       ; ck              ;
;  ULA[2]   ; ck         ; 9.806  ; 9.760  ; Rise       ; ck              ;
;  ULA[3]   ; ck         ; 11.624 ; 11.580 ; Rise       ; ck              ;
;  ULA[4]   ; ck         ; 11.712 ; 11.640 ; Rise       ; ck              ;
;  ULA[5]   ; ck         ; 12.233 ; 12.236 ; Rise       ; ck              ;
;  ULA[6]   ; ck         ; 13.777 ; 13.804 ; Rise       ; ck              ;
;  ULA[7]   ; ck         ; 12.487 ; 12.394 ; Rise       ; ck              ;
; cg_AC     ; ck         ; 8.798  ; 8.771  ; Rise       ; ck              ;
; cg_PC     ; ck         ; 9.272  ; 9.087  ; Rise       ; ck              ;
; cg_RDM    ; ck         ; 9.068  ; 8.875  ; Rise       ; ck              ;
; cg_REM    ; ck         ; 9.364  ; 9.179  ; Rise       ; ck              ;
; cg_RI     ; ck         ; 8.541  ; 8.377  ; Rise       ; ck              ;
; i_add     ; ck         ; 9.283  ; 9.335  ; Rise       ; ck              ;
; i_and     ; ck         ; 8.558  ; 8.556  ; Rise       ; ck              ;
; i_lda     ; ck         ; 8.976  ; 8.884  ; Rise       ; ck              ;
; i_not     ; ck         ; 7.751  ; 7.728  ; Rise       ; ck              ;
; i_or      ; ck         ; 8.408  ; 8.436  ; Rise       ; ck              ;
; inc_pc    ; ck         ; 9.222  ; 9.281  ; Rise       ; ck              ;
; mux_REM   ; ck         ; 8.192  ; 8.244  ; Rise       ; ck              ;
; n         ; ck         ; 8.661  ; 8.630  ; Rise       ; ck              ;
; tempo[*]  ; ck         ; 7.567  ; 7.583  ; Rise       ; ck              ;
;  tempo[0] ; ck         ; 7.235  ; 7.176  ; Rise       ; ck              ;
;  tempo[1] ; ck         ; 6.636  ; 6.608  ; Rise       ; ck              ;
;  tempo[2] ; ck         ; 7.567  ; 7.583  ; Rise       ; ck              ;
; z         ; ck         ; 9.137  ; 9.137  ; Rise       ; ck              ;
+-----------+------------+--------+--------+------------+-----------------+


+-----------------------------------------------------------------------+
; Minimum Clock to Output Times                                         ;
+-----------+------------+-------+-------+------------+-----------------+
; Data Port ; Clock Port ; Rise  ; Fall  ; Clock Edge ; Clock Reference ;
+-----------+------------+-------+-------+------------+-----------------+
; AC[*]     ; ck         ; 3.758 ; 3.833 ; Rise       ; ck              ;
;  AC[0]    ; ck         ; 3.990 ; 4.055 ; Rise       ; ck              ;
;  AC[1]    ; ck         ; 3.795 ; 3.833 ; Rise       ; ck              ;
;  AC[2]    ; ck         ; 4.144 ; 4.275 ; Rise       ; ck              ;
;  AC[3]    ; ck         ; 4.016 ; 4.111 ; Rise       ; ck              ;
;  AC[4]    ; ck         ; 4.106 ; 4.142 ; Rise       ; ck              ;
;  AC[5]    ; ck         ; 3.758 ; 3.837 ; Rise       ; ck              ;
;  AC[6]    ; ck         ; 4.108 ; 4.217 ; Rise       ; ck              ;
;  AC[7]    ; ck         ; 4.823 ; 5.040 ; Rise       ; ck              ;
; MEM[*]    ; ck         ; 4.287 ; 4.341 ; Rise       ; ck              ;
;  MEM[0]   ; ck         ; 4.902 ; 4.983 ; Rise       ; ck              ;
;  MEM[1]   ; ck         ; 4.898 ; 4.995 ; Rise       ; ck              ;
;  MEM[2]   ; ck         ; 4.287 ; 4.341 ; Rise       ; ck              ;
;  MEM[3]   ; ck         ; 4.305 ; 4.397 ; Rise       ; ck              ;
;  MEM[4]   ; ck         ; 4.983 ; 5.075 ; Rise       ; ck              ;
;  MEM[5]   ; ck         ; 4.663 ; 4.696 ; Rise       ; ck              ;
;  MEM[6]   ; ck         ; 4.680 ; 4.734 ; Rise       ; ck              ;
;  MEM[7]   ; ck         ; 4.849 ; 4.928 ; Rise       ; ck              ;
; MUX[*]    ; ck         ; 4.102 ; 4.216 ; Rise       ; ck              ;
;  MUX[0]   ; ck         ; 4.102 ; 4.216 ; Rise       ; ck              ;
;  MUX[1]   ; ck         ; 4.413 ; 4.578 ; Rise       ; ck              ;
;  MUX[2]   ; ck         ; 4.260 ; 4.407 ; Rise       ; ck              ;
;  MUX[3]   ; ck         ; 4.366 ; 4.520 ; Rise       ; ck              ;
;  MUX[4]   ; ck         ; 4.467 ; 4.674 ; Rise       ; ck              ;
;  MUX[5]   ; ck         ; 4.528 ; 4.712 ; Rise       ; ck              ;
;  MUX[6]   ; ck         ; 4.417 ; 4.576 ; Rise       ; ck              ;
;  MUX[7]   ; ck         ; 4.447 ; 4.620 ; Rise       ; ck              ;
; PC[*]     ; ck         ; 4.114 ; 4.217 ; Rise       ; ck              ;
;  PC[0]    ; ck         ; 4.328 ; 4.466 ; Rise       ; ck              ;
;  PC[1]    ; ck         ; 4.360 ; 4.500 ; Rise       ; ck              ;
;  PC[2]    ; ck         ; 4.114 ; 4.228 ; Rise       ; ck              ;
;  PC[3]    ; ck         ; 4.604 ; 4.802 ; Rise       ; ck              ;
;  PC[4]    ; ck         ; 4.252 ; 4.399 ; Rise       ; ck              ;
;  PC[5]    ; ck         ; 4.547 ; 4.735 ; Rise       ; ck              ;
;  PC[6]    ; ck         ; 4.342 ; 4.516 ; Rise       ; ck              ;
;  PC[7]    ; ck         ; 4.157 ; 4.217 ; Rise       ; ck              ;
; RDM[*]    ; ck         ; 3.662 ; 3.697 ; Rise       ; ck              ;
;  RDM[0]   ; ck         ; 3.771 ; 3.802 ; Rise       ; ck              ;
;  RDM[1]   ; ck         ; 3.873 ; 3.916 ; Rise       ; ck              ;
;  RDM[2]   ; ck         ; 3.662 ; 3.697 ; Rise       ; ck              ;
;  RDM[3]   ; ck         ; 3.720 ; 3.746 ; Rise       ; ck              ;
;  RDM[4]   ; ck         ; 3.736 ; 3.757 ; Rise       ; ck              ;
;  RDM[5]   ; ck         ; 3.890 ; 3.930 ; Rise       ; ck              ;
;  RDM[6]   ; ck         ; 3.874 ; 3.913 ; Rise       ; ck              ;
;  RDM[7]   ; ck         ; 3.905 ; 3.950 ; Rise       ; ck              ;
; REM[*]    ; ck         ; 3.548 ; 3.543 ; Rise       ; ck              ;
;  REM[0]   ; ck         ; 4.023 ; 4.135 ; Rise       ; ck              ;
;  REM[1]   ; ck         ; 3.918 ; 4.025 ; Rise       ; ck              ;
;  REM[2]   ; ck         ; 4.025 ; 4.149 ; Rise       ; ck              ;
;  REM[3]   ; ck         ; 3.876 ; 3.913 ; Rise       ; ck              ;
;  REM[4]   ; ck         ; 3.548 ; 3.543 ; Rise       ; ck              ;
;  REM[5]   ; ck         ; 4.129 ; 4.262 ; Rise       ; ck              ;
;  REM[6]   ; ck         ; 4.026 ; 4.148 ; Rise       ; ck              ;
;  REM[7]   ; ck         ; 3.893 ; 3.928 ; Rise       ; ck              ;
; RI[*]     ; ck         ; 3.815 ; 3.848 ; Rise       ; ck              ;
;  RI[0]    ; ck         ; 4.261 ; 4.419 ; Rise       ; ck              ;
;  RI[1]    ; ck         ; 3.908 ; 3.952 ; Rise       ; ck              ;
;  RI[2]    ; ck         ; 3.913 ; 4.006 ; Rise       ; ck              ;
;  RI[3]    ; ck         ; 3.902 ; 3.991 ; Rise       ; ck              ;
;  RI[4]    ; ck         ; 4.125 ; 4.179 ; Rise       ; ck              ;
;  RI[5]    ; ck         ; 3.815 ; 3.848 ; Rise       ; ck              ;
;  RI[6]    ; ck         ; 3.841 ; 3.888 ; Rise       ; ck              ;
;  RI[7]    ; ck         ; 4.200 ; 4.346 ; Rise       ; ck              ;
; T[*]      ; ck         ; 3.949 ; 3.991 ; Rise       ; ck              ;
;  T[0]     ; ck         ; 4.550 ; 4.597 ; Rise       ; ck              ;
;  T[1]     ; ck         ; 4.470 ; 4.528 ; Rise       ; ck              ;
;  T[2]     ; ck         ; 5.255 ; 5.425 ; Rise       ; ck              ;
;  T[3]     ; ck         ; 4.242 ; 4.402 ; Rise       ; ck              ;
;  T[4]     ; ck         ; 4.760 ; 4.820 ; Rise       ; ck              ;
;  T[5]     ; ck         ; 4.674 ; 4.800 ; Rise       ; ck              ;
;  T[6]     ; ck         ; 4.034 ; 4.101 ; Rise       ; ck              ;
;  T[7]     ; ck         ; 3.949 ; 3.991 ; Rise       ; ck              ;
; ULA[*]    ; ck         ; 4.270 ; 4.296 ; Rise       ; ck              ;
;  ULA[0]   ; ck         ; 4.270 ; 4.296 ; Rise       ; ck              ;
;  ULA[1]   ; ck         ; 4.501 ; 4.529 ; Rise       ; ck              ;
;  ULA[2]   ; ck         ; 4.320 ; 4.355 ; Rise       ; ck              ;
;  ULA[3]   ; ck         ; 4.550 ; 4.661 ; Rise       ; ck              ;
;  ULA[4]   ; ck         ; 4.927 ; 5.052 ; Rise       ; ck              ;
;  ULA[5]   ; ck         ; 4.861 ; 5.030 ; Rise       ; ck              ;
;  ULA[6]   ; ck         ; 5.063 ; 5.341 ; Rise       ; ck              ;
;  ULA[7]   ; ck         ; 4.571 ; 4.700 ; Rise       ; ck              ;
; cg_AC     ; ck         ; 4.141 ; 4.078 ; Rise       ; ck              ;
; cg_PC     ; ck         ; 4.310 ; 4.453 ; Rise       ; ck              ;
; cg_RDM    ; ck         ; 4.248 ; 4.308 ; Rise       ; ck              ;
; cg_REM    ; ck         ; 4.422 ; 4.509 ; Rise       ; ck              ;
; cg_RI     ; ck         ; 4.629 ; 4.655 ; Rise       ; ck              ;
; i_add     ; ck         ; 5.048 ; 5.198 ; Rise       ; ck              ;
; i_and     ; ck         ; 4.744 ; 4.890 ; Rise       ; ck              ;
; i_lda     ; ck         ; 4.873 ; 4.923 ; Rise       ; ck              ;
; i_not     ; ck         ; 4.166 ; 4.244 ; Rise       ; ck              ;
; i_or      ; ck         ; 4.611 ; 4.612 ; Rise       ; ck              ;
; inc_pc    ; ck         ; 4.337 ; 4.496 ; Rise       ; ck              ;
; mux_REM   ; ck         ; 4.300 ; 4.337 ; Rise       ; ck              ;
; n         ; ck         ; 5.040 ; 4.823 ; Rise       ; ck              ;
; tempo[*]  ; ck         ; 3.825 ; 3.860 ; Rise       ; ck              ;
;  tempo[0] ; ck         ; 4.088 ; 4.206 ; Rise       ; ck              ;
;  tempo[1] ; ck         ; 3.825 ; 3.860 ; Rise       ; ck              ;
;  tempo[2] ; ck         ; 4.424 ; 4.521 ; Rise       ; ck              ;
; z         ; ck         ; 5.139 ; 4.930 ; Rise       ; ck              ;
+-----------+------------+-------+-------+------------+-----------------+


+------------------------------------------------------------------------------------------------------------------------------------------------------------------------------------------------------------------------------------------------------------------------------------------------------------------------------------------------------------------------------------------------------------------+
; Board Trace Model Assignments                                                                                                                                                                                                                                                                                                                                                                                    ;
+---------------+--------------+-------------------+-------------------------+-------------------------+---------------+---------------------+----------------+------------------+--------+------------------+------------------------+------------------------+--------------+---------------+-----------------+-------+---------------------+--------------------+---------------+-----------------+-------------+
; Pin           ; I/O Standard ; Near Tline Length ; Near Tline L per Length ; Near Tline C per Length ; Near Series R ; Near Differential R ; Near Pull-up R ; Near Pull-down R ; Near C ; Far Tline Length ; Far Tline L per Length ; Far Tline C per Length ; Far Series R ; Far Pull-up R ; Far Pull-down R ; Far C ; Termination Voltage ; Far Differential R ; EBD File Name ; EBD Signal Name ; EBD Far-end ;
+---------------+--------------+-------------------+-------------------------+-------------------------+---------------+---------------------+----------------+------------------+--------+------------------+------------------------+------------------------+--------------+---------------+-----------------+-------+---------------------+--------------------+---------------+-----------------+-------------+
; n             ; 2.5 V        ; 0 in              ; 0 H/in                  ; 0 F/in                  ; short         ; -                   ; open           ; open             ; open   ; 0 in             ; 0 H/in                 ; 0 F/in                 ; short        ; open          ; open            ; open  ; 0 V                 ; -                  ; n/a           ; n/a             ; n/a         ;
; AC[7]         ; 2.5 V        ; 0 in              ; 0 H/in                  ; 0 F/in                  ; short         ; -                   ; open           ; open             ; open   ; 0 in             ; 0 H/in                 ; 0 F/in                 ; short        ; open          ; open            ; open  ; 0 V                 ; -                  ; n/a           ; n/a             ; n/a         ;
; AC[6]         ; 2.5 V        ; 0 in              ; 0 H/in                  ; 0 F/in                  ; short         ; -                   ; open           ; open             ; open   ; 0 in             ; 0 H/in                 ; 0 F/in                 ; short        ; open          ; open            ; open  ; 0 V                 ; -                  ; n/a           ; n/a             ; n/a         ;
; AC[5]         ; 2.5 V        ; 0 in              ; 0 H/in                  ; 0 F/in                  ; short         ; -                   ; open           ; open             ; open   ; 0 in             ; 0 H/in                 ; 0 F/in                 ; short        ; open          ; open            ; open  ; 0 V                 ; -                  ; n/a           ; n/a             ; n/a         ;
; AC[4]         ; 2.5 V        ; 0 in              ; 0 H/in                  ; 0 F/in                  ; short         ; -                   ; open           ; open             ; open   ; 0 in             ; 0 H/in                 ; 0 F/in                 ; short        ; open          ; open            ; open  ; 0 V                 ; -                  ; n/a           ; n/a             ; n/a         ;
; AC[3]         ; 2.5 V        ; 0 in              ; 0 H/in                  ; 0 F/in                  ; short         ; -                   ; open           ; open             ; open   ; 0 in             ; 0 H/in                 ; 0 F/in                 ; short        ; open          ; open            ; open  ; 0 V                 ; -                  ; n/a           ; n/a             ; n/a         ;
; AC[2]         ; 2.5 V        ; 0 in              ; 0 H/in                  ; 0 F/in                  ; short         ; -                   ; open           ; open             ; open   ; 0 in             ; 0 H/in                 ; 0 F/in                 ; short        ; open          ; open            ; open  ; 0 V                 ; -                  ; n/a           ; n/a             ; n/a         ;
; AC[1]         ; 2.5 V        ; 0 in              ; 0 H/in                  ; 0 F/in                  ; short         ; -                   ; open           ; open             ; open   ; 0 in             ; 0 H/in                 ; 0 F/in                 ; short        ; open          ; open            ; open  ; 0 V                 ; -                  ; n/a           ; n/a             ; n/a         ;
; AC[0]         ; 2.5 V        ; 0 in              ; 0 H/in                  ; 0 F/in                  ; short         ; -                   ; open           ; open             ; open   ; 0 in             ; 0 H/in                 ; 0 F/in                 ; short        ; open          ; open            ; open  ; 0 V                 ; -                  ; n/a           ; n/a             ; n/a         ;
; cg_AC         ; 2.5 V        ; 0 in              ; 0 H/in                  ; 0 F/in                  ; short         ; -                   ; open           ; open             ; open   ; 0 in             ; 0 H/in                 ; 0 F/in                 ; short        ; open          ; open            ; open  ; 0 V                 ; -                  ; n/a           ; n/a             ; n/a         ;
; z             ; 2.5 V        ; 0 in              ; 0 H/in                  ; 0 F/in                  ; short         ; -                   ; open           ; open             ; open   ; 0 in             ; 0 H/in                 ; 0 F/in                 ; short        ; open          ; open            ; open  ; 0 V                 ; -                  ; n/a           ; n/a             ; n/a         ;
; tempo[2]      ; 2.5 V        ; 0 in              ; 0 H/in                  ; 0 F/in                  ; short         ; -                   ; open           ; open             ; open   ; 0 in             ; 0 H/in                 ; 0 F/in                 ; short        ; open          ; open            ; open  ; 0 V                 ; -                  ; n/a           ; n/a             ; n/a         ;
; tempo[1]      ; 2.5 V        ; 0 in              ; 0 H/in                  ; 0 F/in                  ; short         ; -                   ; open           ; open             ; open   ; 0 in             ; 0 H/in                 ; 0 F/in                 ; short        ; open          ; open            ; open  ; 0 V                 ; -                  ; n/a           ; n/a             ; n/a         ;
; tempo[0]      ; 2.5 V        ; 0 in              ; 0 H/in                  ; 0 F/in                  ; short         ; -                   ; open           ; open             ; open   ; 0 in             ; 0 H/in                 ; 0 F/in                 ; short        ; open          ; open            ; open  ; 0 V                 ; -                  ; n/a           ; n/a             ; n/a         ;
; RI[7]         ; 2.5 V        ; 0 in              ; 0 H/in                  ; 0 F/in                  ; short         ; -                   ; open           ; open             ; open   ; 0 in             ; 0 H/in                 ; 0 F/in                 ; short        ; open          ; open            ; open  ; 0 V                 ; -                  ; n/a           ; n/a             ; n/a         ;
; RI[6]         ; 2.5 V        ; 0 in              ; 0 H/in                  ; 0 F/in                  ; short         ; -                   ; open           ; open             ; open   ; 0 in             ; 0 H/in                 ; 0 F/in                 ; short        ; open          ; open            ; open  ; 0 V                 ; -                  ; n/a           ; n/a             ; n/a         ;
; RI[5]         ; 2.5 V        ; 0 in              ; 0 H/in                  ; 0 F/in                  ; short         ; -                   ; open           ; open             ; open   ; 0 in             ; 0 H/in                 ; 0 F/in                 ; short        ; open          ; open            ; open  ; 0 V                 ; -                  ; n/a           ; n/a             ; n/a         ;
; RI[4]         ; 2.5 V        ; 0 in              ; 0 H/in                  ; 0 F/in                  ; short         ; -                   ; open           ; open             ; open   ; 0 in             ; 0 H/in                 ; 0 F/in                 ; short        ; open          ; open            ; open  ; 0 V                 ; -                  ; n/a           ; n/a             ; n/a         ;
; RI[3]         ; 2.5 V        ; 0 in              ; 0 H/in                  ; 0 F/in                  ; short         ; -                   ; open           ; open             ; open   ; 0 in             ; 0 H/in                 ; 0 F/in                 ; short        ; open          ; open            ; open  ; 0 V                 ; -                  ; n/a           ; n/a             ; n/a         ;
; RI[2]         ; 2.5 V        ; 0 in              ; 0 H/in                  ; 0 F/in                  ; short         ; -                   ; open           ; open             ; open   ; 0 in             ; 0 H/in                 ; 0 F/in                 ; short        ; open          ; open            ; open  ; 0 V                 ; -                  ; n/a           ; n/a             ; n/a         ;
; RI[1]         ; 2.5 V        ; 0 in              ; 0 H/in                  ; 0 F/in                  ; short         ; -                   ; open           ; open             ; open   ; 0 in             ; 0 H/in                 ; 0 F/in                 ; short        ; open          ; open            ; open  ; 0 V                 ; -                  ; n/a           ; n/a             ; n/a         ;
; RI[0]         ; 2.5 V        ; 0 in              ; 0 H/in                  ; 0 F/in                  ; short         ; -                   ; open           ; open             ; open   ; 0 in             ; 0 H/in                 ; 0 F/in                 ; short        ; open          ; open            ; open  ; 0 V                 ; -                  ; n/a           ; n/a             ; n/a         ;
; cg_RI         ; 2.5 V        ; 0 in              ; 0 H/in                  ; 0 F/in                  ; short         ; -                   ; open           ; open             ; open   ; 0 in             ; 0 H/in                 ; 0 F/in                 ; short        ; open          ; open            ; open  ; 0 V                 ; -                  ; n/a           ; n/a             ; n/a         ;
; RDM[7]        ; 2.5 V        ; 0 in              ; 0 H/in                  ; 0 F/in                  ; short         ; -                   ; open           ; open             ; open   ; 0 in             ; 0 H/in                 ; 0 F/in                 ; short        ; open          ; open            ; open  ; 0 V                 ; -                  ; n/a           ; n/a             ; n/a         ;
; RDM[6]        ; 2.5 V        ; 0 in              ; 0 H/in                  ; 0 F/in                  ; short         ; -                   ; open           ; open             ; open   ; 0 in             ; 0 H/in                 ; 0 F/in                 ; short        ; open          ; open            ; open  ; 0 V                 ; -                  ; n/a           ; n/a             ; n/a         ;
; RDM[5]        ; 2.5 V        ; 0 in              ; 0 H/in                  ; 0 F/in                  ; short         ; -                   ; open           ; open             ; open   ; 0 in             ; 0 H/in                 ; 0 F/in                 ; short        ; open          ; open            ; open  ; 0 V                 ; -                  ; n/a           ; n/a             ; n/a         ;
; RDM[4]        ; 2.5 V        ; 0 in              ; 0 H/in                  ; 0 F/in                  ; short         ; -                   ; open           ; open             ; open   ; 0 in             ; 0 H/in                 ; 0 F/in                 ; short        ; open          ; open            ; open  ; 0 V                 ; -                  ; n/a           ; n/a             ; n/a         ;
; RDM[3]        ; 2.5 V        ; 0 in              ; 0 H/in                  ; 0 F/in                  ; short         ; -                   ; open           ; open             ; open   ; 0 in             ; 0 H/in                 ; 0 F/in                 ; short        ; open          ; open            ; open  ; 0 V                 ; -                  ; n/a           ; n/a             ; n/a         ;
; RDM[2]        ; 2.5 V        ; 0 in              ; 0 H/in                  ; 0 F/in                  ; short         ; -                   ; open           ; open             ; open   ; 0 in             ; 0 H/in                 ; 0 F/in                 ; short        ; open          ; open            ; open  ; 0 V                 ; -                  ; n/a           ; n/a             ; n/a         ;
; RDM[1]        ; 2.5 V        ; 0 in              ; 0 H/in                  ; 0 F/in                  ; short         ; -                   ; open           ; open             ; open   ; 0 in             ; 0 H/in                 ; 0 F/in                 ; short        ; open          ; open            ; open  ; 0 V                 ; -                  ; n/a           ; n/a             ; n/a         ;
; RDM[0]        ; 2.5 V        ; 0 in              ; 0 H/in                  ; 0 F/in                  ; short         ; -                   ; open           ; open             ; open   ; 0 in             ; 0 H/in                 ; 0 F/in                 ; short        ; open          ; open            ; open  ; 0 V                 ; -                  ; n/a           ; n/a             ; n/a         ;
; cg_RDM        ; 2.5 V        ; 0 in              ; 0 H/in                  ; 0 F/in                  ; short         ; -                   ; open           ; open             ; open   ; 0 in             ; 0 H/in                 ; 0 F/in                 ; short        ; open          ; open            ; open  ; 0 V                 ; -                  ; n/a           ; n/a             ; n/a         ;
; MEM[7]        ; 2.5 V        ; 0 in              ; 0 H/in                  ; 0 F/in                  ; short         ; -                   ; open           ; open             ; open   ; 0 in             ; 0 H/in                 ; 0 F/in                 ; short        ; open          ; open            ; open  ; 0 V                 ; -                  ; n/a           ; n/a             ; n/a         ;
; MEM[6]        ; 2.5 V        ; 0 in              ; 0 H/in                  ; 0 F/in                  ; short         ; -                   ; open           ; open             ; open   ; 0 in             ; 0 H/in                 ; 0 F/in                 ; short        ; open          ; open            ; open  ; 0 V                 ; -                  ; n/a           ; n/a             ; n/a         ;
; MEM[5]        ; 2.5 V        ; 0 in              ; 0 H/in                  ; 0 F/in                  ; short         ; -                   ; open           ; open             ; open   ; 0 in             ; 0 H/in                 ; 0 F/in                 ; short        ; open          ; open            ; open  ; 0 V                 ; -                  ; n/a           ; n/a             ; n/a         ;
; MEM[4]        ; 2.5 V        ; 0 in              ; 0 H/in                  ; 0 F/in                  ; short         ; -                   ; open           ; open             ; open   ; 0 in             ; 0 H/in                 ; 0 F/in                 ; short        ; open          ; open            ; open  ; 0 V                 ; -                  ; n/a           ; n/a             ; n/a         ;
; MEM[3]        ; 2.5 V        ; 0 in              ; 0 H/in                  ; 0 F/in                  ; short         ; -                   ; open           ; open             ; open   ; 0 in             ; 0 H/in                 ; 0 F/in                 ; short        ; open          ; open            ; open  ; 0 V                 ; -                  ; n/a           ; n/a             ; n/a         ;
; MEM[2]        ; 2.5 V        ; 0 in              ; 0 H/in                  ; 0 F/in                  ; short         ; -                   ; open           ; open             ; open   ; 0 in             ; 0 H/in                 ; 0 F/in                 ; short        ; open          ; open            ; open  ; 0 V                 ; -                  ; n/a           ; n/a             ; n/a         ;
; MEM[1]        ; 2.5 V        ; 0 in              ; 0 H/in                  ; 0 F/in                  ; short         ; -                   ; open           ; open             ; open   ; 0 in             ; 0 H/in                 ; 0 F/in                 ; short        ; open          ; open            ; open  ; 0 V                 ; -                  ; n/a           ; n/a             ; n/a         ;
; MEM[0]        ; 2.5 V        ; 0 in              ; 0 H/in                  ; 0 F/in                  ; short         ; -                   ; open           ; open             ; open   ; 0 in             ; 0 H/in                 ; 0 F/in                 ; short        ; open          ; open            ; open  ; 0 V                 ; -                  ; n/a           ; n/a             ; n/a         ;
; REM[7]        ; 2.5 V        ; 0 in              ; 0 H/in                  ; 0 F/in                  ; short         ; -                   ; open           ; open             ; open   ; 0 in             ; 0 H/in                 ; 0 F/in                 ; short        ; open          ; open            ; open  ; 0 V                 ; -                  ; n/a           ; n/a             ; n/a         ;
; REM[6]        ; 2.5 V        ; 0 in              ; 0 H/in                  ; 0 F/in                  ; short         ; -                   ; open           ; open             ; open   ; 0 in             ; 0 H/in                 ; 0 F/in                 ; short        ; open          ; open            ; open  ; 0 V                 ; -                  ; n/a           ; n/a             ; n/a         ;
; REM[5]        ; 2.5 V        ; 0 in              ; 0 H/in                  ; 0 F/in                  ; short         ; -                   ; open           ; open             ; open   ; 0 in             ; 0 H/in                 ; 0 F/in                 ; short        ; open          ; open            ; open  ; 0 V                 ; -                  ; n/a           ; n/a             ; n/a         ;
; REM[4]        ; 2.5 V        ; 0 in              ; 0 H/in                  ; 0 F/in                  ; short         ; -                   ; open           ; open             ; open   ; 0 in             ; 0 H/in                 ; 0 F/in                 ; short        ; open          ; open            ; open  ; 0 V                 ; -                  ; n/a           ; n/a             ; n/a         ;
; REM[3]        ; 2.5 V        ; 0 in              ; 0 H/in                  ; 0 F/in                  ; short         ; -                   ; open           ; open             ; open   ; 0 in             ; 0 H/in                 ; 0 F/in                 ; short        ; open          ; open            ; open  ; 0 V                 ; -                  ; n/a           ; n/a             ; n/a         ;
; REM[2]        ; 2.5 V        ; 0 in              ; 0 H/in                  ; 0 F/in                  ; short         ; -                   ; open           ; open             ; open   ; 0 in             ; 0 H/in                 ; 0 F/in                 ; short        ; open          ; open            ; open  ; 0 V                 ; -                  ; n/a           ; n/a             ; n/a         ;
; REM[1]        ; 2.5 V        ; 0 in              ; 0 H/in                  ; 0 F/in                  ; short         ; -                   ; open           ; open             ; open   ; 0 in             ; 0 H/in                 ; 0 F/in                 ; short        ; open          ; open            ; open  ; 0 V                 ; -                  ; n/a           ; n/a             ; n/a         ;
; REM[0]        ; 2.5 V        ; 0 in              ; 0 H/in                  ; 0 F/in                  ; short         ; -                   ; open           ; open             ; open   ; 0 in             ; 0 H/in                 ; 0 F/in                 ; short        ; open          ; open            ; open  ; 0 V                 ; -                  ; n/a           ; n/a             ; n/a         ;
; cg_REM        ; 2.5 V        ; 0 in              ; 0 H/in                  ; 0 F/in                  ; short         ; -                   ; open           ; open             ; open   ; 0 in             ; 0 H/in                 ; 0 F/in                 ; short        ; open          ; open            ; open  ; 0 V                 ; -                  ; n/a           ; n/a             ; n/a         ;
; MUX[7]        ; 2.5 V        ; 0 in              ; 0 H/in                  ; 0 F/in                  ; short         ; -                   ; open           ; open             ; open   ; 0 in             ; 0 H/in                 ; 0 F/in                 ; short        ; open          ; open            ; open  ; 0 V                 ; -                  ; n/a           ; n/a             ; n/a         ;
; MUX[6]        ; 2.5 V        ; 0 in              ; 0 H/in                  ; 0 F/in                  ; short         ; -                   ; open           ; open             ; open   ; 0 in             ; 0 H/in                 ; 0 F/in                 ; short        ; open          ; open            ; open  ; 0 V                 ; -                  ; n/a           ; n/a             ; n/a         ;
; MUX[5]        ; 2.5 V        ; 0 in              ; 0 H/in                  ; 0 F/in                  ; short         ; -                   ; open           ; open             ; open   ; 0 in             ; 0 H/in                 ; 0 F/in                 ; short        ; open          ; open            ; open  ; 0 V                 ; -                  ; n/a           ; n/a             ; n/a         ;
; MUX[4]        ; 2.5 V        ; 0 in              ; 0 H/in                  ; 0 F/in                  ; short         ; -                   ; open           ; open             ; open   ; 0 in             ; 0 H/in                 ; 0 F/in                 ; short        ; open          ; open            ; open  ; 0 V                 ; -                  ; n/a           ; n/a             ; n/a         ;
; MUX[3]        ; 2.5 V        ; 0 in              ; 0 H/in                  ; 0 F/in                  ; short         ; -                   ; open           ; open             ; open   ; 0 in             ; 0 H/in                 ; 0 F/in                 ; short        ; open          ; open            ; open  ; 0 V                 ; -                  ; n/a           ; n/a             ; n/a         ;
; MUX[2]        ; 2.5 V        ; 0 in              ; 0 H/in                  ; 0 F/in                  ; short         ; -                   ; open           ; open             ; open   ; 0 in             ; 0 H/in                 ; 0 F/in                 ; short        ; open          ; open            ; open  ; 0 V                 ; -                  ; n/a           ; n/a             ; n/a         ;
; MUX[1]        ; 2.5 V        ; 0 in              ; 0 H/in                  ; 0 F/in                  ; short         ; -                   ; open           ; open             ; open   ; 0 in             ; 0 H/in                 ; 0 F/in                 ; short        ; open          ; open            ; open  ; 0 V                 ; -                  ; n/a           ; n/a             ; n/a         ;
; MUX[0]        ; 2.5 V        ; 0 in              ; 0 H/in                  ; 0 F/in                  ; short         ; -                   ; open           ; open             ; open   ; 0 in             ; 0 H/in                 ; 0 F/in                 ; short        ; open          ; open            ; open  ; 0 V                 ; -                  ; n/a           ; n/a             ; n/a         ;
; mux_REM       ; 2.5 V        ; 0 in              ; 0 H/in                  ; 0 F/in                  ; short         ; -                   ; open           ; open             ; open   ; 0 in             ; 0 H/in                 ; 0 F/in                 ; short        ; open          ; open            ; open  ; 0 V                 ; -                  ; n/a           ; n/a             ; n/a         ;
; PC[7]         ; 2.5 V        ; 0 in              ; 0 H/in                  ; 0 F/in                  ; short         ; -                   ; open           ; open             ; open   ; 0 in             ; 0 H/in                 ; 0 F/in                 ; short        ; open          ; open            ; open  ; 0 V                 ; -                  ; n/a           ; n/a             ; n/a         ;
; PC[6]         ; 2.5 V        ; 0 in              ; 0 H/in                  ; 0 F/in                  ; short         ; -                   ; open           ; open             ; open   ; 0 in             ; 0 H/in                 ; 0 F/in                 ; short        ; open          ; open            ; open  ; 0 V                 ; -                  ; n/a           ; n/a             ; n/a         ;
; PC[5]         ; 2.5 V        ; 0 in              ; 0 H/in                  ; 0 F/in                  ; short         ; -                   ; open           ; open             ; open   ; 0 in             ; 0 H/in                 ; 0 F/in                 ; short        ; open          ; open            ; open  ; 0 V                 ; -                  ; n/a           ; n/a             ; n/a         ;
; PC[4]         ; 2.5 V        ; 0 in              ; 0 H/in                  ; 0 F/in                  ; short         ; -                   ; open           ; open             ; open   ; 0 in             ; 0 H/in                 ; 0 F/in                 ; short        ; open          ; open            ; open  ; 0 V                 ; -                  ; n/a           ; n/a             ; n/a         ;
; PC[3]         ; 2.5 V        ; 0 in              ; 0 H/in                  ; 0 F/in                  ; short         ; -                   ; open           ; open             ; open   ; 0 in             ; 0 H/in                 ; 0 F/in                 ; short        ; open          ; open            ; open  ; 0 V                 ; -                  ; n/a           ; n/a             ; n/a         ;
; PC[2]         ; 2.5 V        ; 0 in              ; 0 H/in                  ; 0 F/in                  ; short         ; -                   ; open           ; open             ; open   ; 0 in             ; 0 H/in                 ; 0 F/in                 ; short        ; open          ; open            ; open  ; 0 V                 ; -                  ; n/a           ; n/a             ; n/a         ;
; PC[1]         ; 2.5 V        ; 0 in              ; 0 H/in                  ; 0 F/in                  ; short         ; -                   ; open           ; open             ; open   ; 0 in             ; 0 H/in                 ; 0 F/in                 ; short        ; open          ; open            ; open  ; 0 V                 ; -                  ; n/a           ; n/a             ; n/a         ;
; PC[0]         ; 2.5 V        ; 0 in              ; 0 H/in                  ; 0 F/in                  ; short         ; -                   ; open           ; open             ; open   ; 0 in             ; 0 H/in                 ; 0 F/in                 ; short        ; open          ; open            ; open  ; 0 V                 ; -                  ; n/a           ; n/a             ; n/a         ;
; inc_pc        ; 2.5 V        ; 0 in              ; 0 H/in                  ; 0 F/in                  ; short         ; -                   ; open           ; open             ; open   ; 0 in             ; 0 H/in                 ; 0 F/in                 ; short        ; open          ; open            ; open  ; 0 V                 ; -                  ; n/a           ; n/a             ; n/a         ;
; cg_PC         ; 2.5 V        ; 0 in              ; 0 H/in                  ; 0 F/in                  ; short         ; -                   ; open           ; open             ; open   ; 0 in             ; 0 H/in                 ; 0 F/in                 ; short        ; open          ; open            ; open  ; 0 V                 ; -                  ; n/a           ; n/a             ; n/a         ;
; ULA[7]        ; 2.5 V        ; 0 in              ; 0 H/in                  ; 0 F/in                  ; short         ; -                   ; open           ; open             ; open   ; 0 in             ; 0 H/in                 ; 0 F/in                 ; short        ; open          ; open            ; open  ; 0 V                 ; -                  ; n/a           ; n/a             ; n/a         ;
; ULA[6]        ; 2.5 V        ; 0 in              ; 0 H/in                  ; 0 F/in                  ; short         ; -                   ; open           ; open             ; open   ; 0 in             ; 0 H/in                 ; 0 F/in                 ; short        ; open          ; open            ; open  ; 0 V                 ; -                  ; n/a           ; n/a             ; n/a         ;
; ULA[5]        ; 2.5 V        ; 0 in              ; 0 H/in                  ; 0 F/in                  ; short         ; -                   ; open           ; open             ; open   ; 0 in             ; 0 H/in                 ; 0 F/in                 ; short        ; open          ; open            ; open  ; 0 V                 ; -                  ; n/a           ; n/a             ; n/a         ;
; ULA[4]        ; 2.5 V        ; 0 in              ; 0 H/in                  ; 0 F/in                  ; short         ; -                   ; open           ; open             ; open   ; 0 in             ; 0 H/in                 ; 0 F/in                 ; short        ; open          ; open            ; open  ; 0 V                 ; -                  ; n/a           ; n/a             ; n/a         ;
; ULA[3]        ; 2.5 V        ; 0 in              ; 0 H/in                  ; 0 F/in                  ; short         ; -                   ; open           ; open             ; open   ; 0 in             ; 0 H/in                 ; 0 F/in                 ; short        ; open          ; open            ; open  ; 0 V                 ; -                  ; n/a           ; n/a             ; n/a         ;
; ULA[2]        ; 2.5 V        ; 0 in              ; 0 H/in                  ; 0 F/in                  ; short         ; -                   ; open           ; open             ; open   ; 0 in             ; 0 H/in                 ; 0 F/in                 ; short        ; open          ; open            ; open  ; 0 V                 ; -                  ; n/a           ; n/a             ; n/a         ;
; ULA[1]        ; 2.5 V        ; 0 in              ; 0 H/in                  ; 0 F/in                  ; short         ; -                   ; open           ; open             ; open   ; 0 in             ; 0 H/in                 ; 0 F/in                 ; short        ; open          ; open            ; open  ; 0 V                 ; -                  ; n/a           ; n/a             ; n/a         ;
; ULA[0]        ; 2.5 V        ; 0 in              ; 0 H/in                  ; 0 F/in                  ; short         ; -                   ; open           ; open             ; open   ; 0 in             ; 0 H/in                 ; 0 F/in                 ; short        ; open          ; open            ; open  ; 0 V                 ; -                  ; n/a           ; n/a             ; n/a         ;
; i_not         ; 2.5 V        ; 0 in              ; 0 H/in                  ; 0 F/in                  ; short         ; -                   ; open           ; open             ; open   ; 0 in             ; 0 H/in                 ; 0 F/in                 ; short        ; open          ; open            ; open  ; 0 V                 ; -                  ; n/a           ; n/a             ; n/a         ;
; i_and         ; 2.5 V        ; 0 in              ; 0 H/in                  ; 0 F/in                  ; short         ; -                   ; open           ; open             ; open   ; 0 in             ; 0 H/in                 ; 0 F/in                 ; short        ; open          ; open            ; open  ; 0 V                 ; -                  ; n/a           ; n/a             ; n/a         ;
; i_or          ; 2.5 V        ; 0 in              ; 0 H/in                  ; 0 F/in                  ; short         ; -                   ; open           ; open             ; open   ; 0 in             ; 0 H/in                 ; 0 F/in                 ; short        ; open          ; open            ; open  ; 0 V                 ; -                  ; n/a           ; n/a             ; n/a         ;
; i_add         ; 2.5 V        ; 0 in              ; 0 H/in                  ; 0 F/in                  ; short         ; -                   ; open           ; open             ; open   ; 0 in             ; 0 H/in                 ; 0 F/in                 ; short        ; open          ; open            ; open  ; 0 V                 ; -                  ; n/a           ; n/a             ; n/a         ;
; i_lda         ; 2.5 V        ; 0 in              ; 0 H/in                  ; 0 F/in                  ; short         ; -                   ; open           ; open             ; open   ; 0 in             ; 0 H/in                 ; 0 F/in                 ; short        ; open          ; open            ; open  ; 0 V                 ; -                  ; n/a           ; n/a             ; n/a         ;
; T[7]          ; 2.5 V        ; 0 in              ; 0 H/in                  ; 0 F/in                  ; short         ; -                   ; open           ; open             ; open   ; 0 in             ; 0 H/in                 ; 0 F/in                 ; short        ; open          ; open            ; open  ; 0 V                 ; -                  ; n/a           ; n/a             ; n/a         ;
; T[6]          ; 2.5 V        ; 0 in              ; 0 H/in                  ; 0 F/in                  ; short         ; -                   ; open           ; open             ; open   ; 0 in             ; 0 H/in                 ; 0 F/in                 ; short        ; open          ; open            ; open  ; 0 V                 ; -                  ; n/a           ; n/a             ; n/a         ;
; T[5]          ; 2.5 V        ; 0 in              ; 0 H/in                  ; 0 F/in                  ; short         ; -                   ; open           ; open             ; open   ; 0 in             ; 0 H/in                 ; 0 F/in                 ; short        ; open          ; open            ; open  ; 0 V                 ; -                  ; n/a           ; n/a             ; n/a         ;
; T[4]          ; 2.5 V        ; 0 in              ; 0 H/in                  ; 0 F/in                  ; short         ; -                   ; open           ; open             ; open   ; 0 in             ; 0 H/in                 ; 0 F/in                 ; short        ; open          ; open            ; open  ; 0 V                 ; -                  ; n/a           ; n/a             ; n/a         ;
; T[3]          ; 2.5 V        ; 0 in              ; 0 H/in                  ; 0 F/in                  ; short         ; -                   ; open           ; open             ; open   ; 0 in             ; 0 H/in                 ; 0 F/in                 ; short        ; open          ; open            ; open  ; 0 V                 ; -                  ; n/a           ; n/a             ; n/a         ;
; T[2]          ; 2.5 V        ; 0 in              ; 0 H/in                  ; 0 F/in                  ; short         ; -                   ; open           ; open             ; open   ; 0 in             ; 0 H/in                 ; 0 F/in                 ; short        ; open          ; open            ; open  ; 0 V                 ; -                  ; n/a           ; n/a             ; n/a         ;
; T[1]          ; 2.5 V        ; 0 in              ; 0 H/in                  ; 0 F/in                  ; short         ; -                   ; open           ; open             ; open   ; 0 in             ; 0 H/in                 ; 0 F/in                 ; short        ; open          ; open            ; open  ; 0 V                 ; -                  ; n/a           ; n/a             ; n/a         ;
; T[0]          ; 2.5 V        ; 0 in              ; 0 H/in                  ; 0 F/in                  ; short         ; -                   ; open           ; open             ; open   ; 0 in             ; 0 H/in                 ; 0 F/in                 ; short        ; open          ; open            ; open  ; 0 V                 ; -                  ; n/a           ; n/a             ; n/a         ;
; ~ALTERA_NCEO~ ; 2.5 V        ; 0 in              ; 0 H/in                  ; 0 F/in                  ; short         ; -                   ; open           ; open             ; open   ; 0 in             ; 0 H/in                 ; 0 F/in                 ; short        ; open          ; open            ; open  ; 0 V                 ; -                  ; n/a           ; n/a             ; n/a         ;
; ~ALTERA_DCLK~ ; 2.5 V        ; 0 in              ; 0 H/in                  ; 0 F/in                  ; short         ; -                   ; open           ; open             ; open   ; 0 in             ; 0 H/in                 ; 0 F/in                 ; short        ; open          ; open            ; open  ; 0 V                 ; -                  ; n/a           ; n/a             ; n/a         ;
+---------------+--------------+-------------------+-------------------------+-------------------------+---------------+---------------------+----------------+------------------+--------+------------------+------------------------+------------------------+--------------+---------------+-----------------+-------+---------------------+--------------------+---------------+-----------------+-------------+


+-------------------------------------------------------------------+
; Input Transition Times                                            ;
+----------------+--------------+-----------------+-----------------+
; Pin            ; I/O Standard ; 10-90 Rise Time ; 90-10 Fall Time ;
+----------------+--------------+-----------------+-----------------+
; ck             ; 2.5 V        ; 2000 ps         ; 2000 ps         ;
; reset          ; 2.5 V        ; 2000 ps         ; 2000 ps         ;
; ~ALTERA_DATA0~ ; 2.5 V        ; 2000 ps         ; 2000 ps         ;
; ~ALTERA_ASDO~  ; 2.5 V        ; 2000 ps         ; 2000 ps         ;
; ~ALTERA_NCSO~  ; 2.5 V        ; 2000 ps         ; 2000 ps         ;
+----------------+--------------+-----------------+-----------------+


+--------------------------------------------------------------------------------------------------------------------------------------------------------------------------------------------------------------------------------------------------------------------------------------------------------------------------------------------------------------------------------------------------------------------------------------------------------------------------------------------------------------------------------------------------------------------------------------------------------------------------------------------------------------------------------------------+
; Signal Integrity Metrics (Slow 1200mv 0c Model)                                                                                                                                                                                                                                                                                                                                                                                                                                                                                                                                                                                                                                            ;
+---------------+--------------+---------------------+---------------------+------------------------------+------------------------------+---------------------+---------------------+--------------------------------------+--------------------------------------+-----------------------------+-----------------------------+----------------------------+----------------------------+-----------------------------+-----------------------------+--------------------+--------------------+-------------------------------------+-------------------------------------+----------------------------+----------------------------+---------------------------+---------------------------+
; Pin           ; I/O Standard ; Board Delay on Rise ; Board Delay on Fall ; Steady State Voh at FPGA Pin ; Steady State Vol at FPGA Pin ; Voh Max at FPGA Pin ; Vol Min at FPGA Pin ; Ringback Voltage on Rise at FPGA Pin ; Ringback Voltage on Fall at FPGA Pin ; 10-90 Rise Time at FPGA Pin ; 90-10 Fall Time at FPGA Pin ; Monotonic Rise at FPGA Pin ; Monotonic Fall at FPGA Pin ; Steady State Voh at Far-end ; Steady State Vol at Far-end ; Voh Max at Far-end ; Vol Min at Far-end ; Ringback Voltage on Rise at Far-end ; Ringback Voltage on Fall at Far-end ; 10-90 Rise Time at Far-end ; 90-10 Fall Time at Far-end ; Monotonic Rise at Far-end ; Monotonic Fall at Far-end ;
+---------------+--------------+---------------------+---------------------+------------------------------+------------------------------+---------------------+---------------------+--------------------------------------+--------------------------------------+-----------------------------+-----------------------------+----------------------------+----------------------------+-----------------------------+-----------------------------+--------------------+--------------------+-------------------------------------+-------------------------------------+----------------------------+----------------------------+---------------------------+---------------------------+
; n             ; 2.5 V        ; 0 s                 ; 0 s                 ; 2.32 V                       ; 7.29e-09 V                   ; 2.39 V              ; -0.00317 V          ; 0.179 V                              ; 0.007 V                              ; 4.7e-10 s                   ; 4.72e-10 s                  ; No                         ; Yes                        ; 2.32 V                      ; 7.29e-09 V                  ; 2.39 V             ; -0.00317 V         ; 0.179 V                             ; 0.007 V                             ; 4.7e-10 s                  ; 4.72e-10 s                 ; No                        ; Yes                       ;
; AC[7]         ; 2.5 V        ; 0 s                 ; 0 s                 ; 2.32 V                       ; 7.29e-09 V                   ; 2.39 V              ; -0.00317 V          ; 0.179 V                              ; 0.007 V                              ; 4.7e-10 s                   ; 4.72e-10 s                  ; No                         ; Yes                        ; 2.32 V                      ; 7.29e-09 V                  ; 2.39 V             ; -0.00317 V         ; 0.179 V                             ; 0.007 V                             ; 4.7e-10 s                  ; 4.72e-10 s                 ; No                        ; Yes                       ;
; AC[6]         ; 2.5 V        ; 0 s                 ; 0 s                 ; 2.32 V                       ; 7.29e-09 V                   ; 2.39 V              ; -0.00339 V          ; 0.206 V                              ; 0.007 V                              ; 2.77e-10 s                  ; 3.24e-10 s                  ; Yes                        ; Yes                        ; 2.32 V                      ; 7.29e-09 V                  ; 2.39 V             ; -0.00339 V         ; 0.206 V                             ; 0.007 V                             ; 2.77e-10 s                 ; 3.24e-10 s                 ; Yes                       ; Yes                       ;
; AC[5]         ; 2.5 V        ; 0 s                 ; 0 s                 ; 2.32 V                       ; 5.16e-09 V                   ; 2.4 V               ; -0.00557 V          ; 0.238 V                              ; 0.014 V                              ; 2.9e-10 s                   ; 3.48e-10 s                  ; No                         ; Yes                        ; 2.32 V                      ; 5.16e-09 V                  ; 2.4 V              ; -0.00557 V         ; 0.238 V                             ; 0.014 V                             ; 2.9e-10 s                  ; 3.48e-10 s                 ; No                        ; Yes                       ;
; AC[4]         ; 2.5 V        ; 0 s                 ; 0 s                 ; 2.32 V                       ; 5.16e-09 V                   ; 2.37 V              ; -0.00861 V          ; 0.168 V                              ; 0.038 V                              ; 6.79e-10 s                  ; 6.49e-10 s                  ; No                         ; Yes                        ; 2.32 V                      ; 5.16e-09 V                  ; 2.37 V             ; -0.00861 V         ; 0.168 V                             ; 0.038 V                             ; 6.79e-10 s                 ; 6.49e-10 s                 ; No                        ; Yes                       ;
; AC[3]         ; 2.5 V        ; 0 s                 ; 0 s                 ; 2.32 V                       ; 7.29e-09 V                   ; 2.39 V              ; -0.00339 V          ; 0.206 V                              ; 0.007 V                              ; 2.77e-10 s                  ; 3.24e-10 s                  ; Yes                        ; Yes                        ; 2.32 V                      ; 7.29e-09 V                  ; 2.39 V             ; -0.00339 V         ; 0.206 V                             ; 0.007 V                             ; 2.77e-10 s                 ; 3.24e-10 s                 ; Yes                       ; Yes                       ;
; AC[2]         ; 2.5 V        ; 0 s                 ; 0 s                 ; 2.32 V                       ; 7.29e-09 V                   ; 2.39 V              ; -0.00339 V          ; 0.206 V                              ; 0.007 V                              ; 2.77e-10 s                  ; 3.24e-10 s                  ; Yes                        ; Yes                        ; 2.32 V                      ; 7.29e-09 V                  ; 2.39 V             ; -0.00339 V         ; 0.206 V                             ; 0.007 V                             ; 2.77e-10 s                 ; 3.24e-10 s                 ; Yes                       ; Yes                       ;
; AC[1]         ; 2.5 V        ; 0 s                 ; 0 s                 ; 2.32 V                       ; 5.16e-09 V                   ; 2.37 V              ; -0.00861 V          ; 0.168 V                              ; 0.038 V                              ; 6.79e-10 s                  ; 6.49e-10 s                  ; No                         ; Yes                        ; 2.32 V                      ; 5.16e-09 V                  ; 2.37 V             ; -0.00861 V         ; 0.168 V                             ; 0.038 V                             ; 6.79e-10 s                 ; 6.49e-10 s                 ; No                        ; Yes                       ;
; AC[0]         ; 2.5 V        ; 0 s                 ; 0 s                 ; 2.32 V                       ; 5.16e-09 V                   ; 2.37 V              ; -0.00861 V          ; 0.168 V                              ; 0.038 V                              ; 6.79e-10 s                  ; 6.49e-10 s                  ; No                         ; Yes                        ; 2.32 V                      ; 5.16e-09 V                  ; 2.37 V             ; -0.00861 V         ; 0.168 V                             ; 0.038 V                             ; 6.79e-10 s                 ; 6.49e-10 s                 ; No                        ; Yes                       ;
; cg_AC         ; 2.5 V        ; 0 s                 ; 0 s                 ; 2.32 V                       ; 5.16e-09 V                   ; 2.37 V              ; -0.00861 V          ; 0.168 V                              ; 0.038 V                              ; 6.79e-10 s                  ; 6.49e-10 s                  ; No                         ; Yes                        ; 2.32 V                      ; 5.16e-09 V                  ; 2.37 V             ; -0.00861 V         ; 0.168 V                             ; 0.038 V                             ; 6.79e-10 s                 ; 6.49e-10 s                 ; No                        ; Yes                       ;
; z             ; 2.5 V        ; 0 s                 ; 0 s                 ; 2.32 V                       ; 7.29e-09 V                   ; 2.39 V              ; -0.00317 V          ; 0.179 V                              ; 0.007 V                              ; 4.7e-10 s                   ; 4.72e-10 s                  ; No                         ; Yes                        ; 2.32 V                      ; 7.29e-09 V                  ; 2.39 V             ; -0.00317 V         ; 0.179 V                             ; 0.007 V                             ; 4.7e-10 s                  ; 4.72e-10 s                 ; No                        ; Yes                       ;
; tempo[2]      ; 2.5 V        ; 0 s                 ; 0 s                 ; 2.32 V                       ; 5.16e-09 V                   ; 2.34 V              ; -0.00633 V          ; 0.232 V                              ; 0.083 V                              ; 1.94e-09 s                  ; 1.83e-09 s                  ; No                         ; Yes                        ; 2.32 V                      ; 5.16e-09 V                  ; 2.34 V             ; -0.00633 V         ; 0.232 V                             ; 0.083 V                             ; 1.94e-09 s                 ; 1.83e-09 s                 ; No                        ; Yes                       ;
; tempo[1]      ; 2.5 V        ; 0 s                 ; 0 s                 ; 2.32 V                       ; 5.16e-09 V                   ; 2.37 V              ; -0.00861 V          ; 0.168 V                              ; 0.038 V                              ; 6.79e-10 s                  ; 6.49e-10 s                  ; No                         ; Yes                        ; 2.32 V                      ; 5.16e-09 V                  ; 2.37 V             ; -0.00861 V         ; 0.168 V                             ; 0.038 V                             ; 6.79e-10 s                 ; 6.49e-10 s                 ; No                        ; Yes                       ;
; tempo[0]      ; 2.5 V        ; 0 s                 ; 0 s                 ; 2.32 V                       ; 7.29e-09 V                   ; 2.39 V              ; -0.00317 V          ; 0.179 V                              ; 0.007 V                              ; 4.7e-10 s                   ; 4.72e-10 s                  ; No                         ; Yes                        ; 2.32 V                      ; 7.29e-09 V                  ; 2.39 V             ; -0.00317 V         ; 0.179 V                             ; 0.007 V                             ; 4.7e-10 s                  ; 4.72e-10 s                 ; No                        ; Yes                       ;
; RI[7]         ; 2.5 V        ; 0 s                 ; 0 s                 ; 2.32 V                       ; 7.29e-09 V                   ; 2.39 V              ; -0.00317 V          ; 0.179 V                              ; 0.007 V                              ; 4.7e-10 s                   ; 4.72e-10 s                  ; No                         ; Yes                        ; 2.32 V                      ; 7.29e-09 V                  ; 2.39 V             ; -0.00317 V         ; 0.179 V                             ; 0.007 V                             ; 4.7e-10 s                  ; 4.72e-10 s                 ; No                        ; Yes                       ;
; RI[6]         ; 2.5 V        ; 0 s                 ; 0 s                 ; 2.32 V                       ; 5.16e-09 V                   ; 2.37 V              ; -0.00861 V          ; 0.168 V                              ; 0.038 V                              ; 6.79e-10 s                  ; 6.49e-10 s                  ; No                         ; Yes                        ; 2.32 V                      ; 5.16e-09 V                  ; 2.37 V             ; -0.00861 V         ; 0.168 V                             ; 0.038 V                             ; 6.79e-10 s                 ; 6.49e-10 s                 ; No                        ; Yes                       ;
; RI[5]         ; 2.5 V        ; 0 s                 ; 0 s                 ; 2.32 V                       ; 5.16e-09 V                   ; 2.37 V              ; -0.00861 V          ; 0.168 V                              ; 0.038 V                              ; 6.79e-10 s                  ; 6.49e-10 s                  ; No                         ; Yes                        ; 2.32 V                      ; 5.16e-09 V                  ; 2.37 V             ; -0.00861 V         ; 0.168 V                             ; 0.038 V                             ; 6.79e-10 s                 ; 6.49e-10 s                 ; No                        ; Yes                       ;
; RI[4]         ; 2.5 V        ; 0 s                 ; 0 s                 ; 2.32 V                       ; 5.16e-09 V                   ; 2.34 V              ; -0.00633 V          ; 0.232 V                              ; 0.083 V                              ; 1.94e-09 s                  ; 1.83e-09 s                  ; No                         ; Yes                        ; 2.32 V                      ; 5.16e-09 V                  ; 2.34 V             ; -0.00633 V         ; 0.232 V                             ; 0.083 V                             ; 1.94e-09 s                 ; 1.83e-09 s                 ; No                        ; Yes                       ;
; RI[3]         ; 2.5 V        ; 0 s                 ; 0 s                 ; 2.32 V                       ; 7.29e-09 V                   ; 2.39 V              ; -0.00339 V          ; 0.206 V                              ; 0.007 V                              ; 2.77e-10 s                  ; 3.24e-10 s                  ; Yes                        ; Yes                        ; 2.32 V                      ; 7.29e-09 V                  ; 2.39 V             ; -0.00339 V         ; 0.206 V                             ; 0.007 V                             ; 2.77e-10 s                 ; 3.24e-10 s                 ; Yes                       ; Yes                       ;
; RI[2]         ; 2.5 V        ; 0 s                 ; 0 s                 ; 2.32 V                       ; 7.29e-09 V                   ; 2.39 V              ; -0.00339 V          ; 0.206 V                              ; 0.007 V                              ; 2.77e-10 s                  ; 3.24e-10 s                  ; Yes                        ; Yes                        ; 2.32 V                      ; 7.29e-09 V                  ; 2.39 V             ; -0.00339 V         ; 0.206 V                             ; 0.007 V                             ; 2.77e-10 s                 ; 3.24e-10 s                 ; Yes                       ; Yes                       ;
; RI[1]         ; 2.5 V        ; 0 s                 ; 0 s                 ; 2.32 V                       ; 5.16e-09 V                   ; 2.37 V              ; -0.00861 V          ; 0.168 V                              ; 0.038 V                              ; 6.79e-10 s                  ; 6.49e-10 s                  ; No                         ; Yes                        ; 2.32 V                      ; 5.16e-09 V                  ; 2.37 V             ; -0.00861 V         ; 0.168 V                             ; 0.038 V                             ; 6.79e-10 s                 ; 6.49e-10 s                 ; No                        ; Yes                       ;
; RI[0]         ; 2.5 V        ; 0 s                 ; 0 s                 ; 2.32 V                       ; 7.29e-09 V                   ; 2.39 V              ; -0.00317 V          ; 0.179 V                              ; 0.007 V                              ; 4.7e-10 s                   ; 4.72e-10 s                  ; No                         ; Yes                        ; 2.32 V                      ; 7.29e-09 V                  ; 2.39 V             ; -0.00317 V         ; 0.179 V                             ; 0.007 V                             ; 4.7e-10 s                  ; 4.72e-10 s                 ; No                        ; Yes                       ;
; cg_RI         ; 2.5 V        ; 0 s                 ; 0 s                 ; 2.32 V                       ; 5.16e-09 V                   ; 2.37 V              ; -0.00861 V          ; 0.168 V                              ; 0.038 V                              ; 6.79e-10 s                  ; 6.49e-10 s                  ; No                         ; Yes                        ; 2.32 V                      ; 5.16e-09 V                  ; 2.37 V             ; -0.00861 V         ; 0.168 V                             ; 0.038 V                             ; 6.79e-10 s                 ; 6.49e-10 s                 ; No                        ; Yes                       ;
; RDM[7]        ; 2.5 V        ; 0 s                 ; 0 s                 ; 2.32 V                       ; 5.16e-09 V                   ; 2.37 V              ; -0.00861 V          ; 0.168 V                              ; 0.038 V                              ; 6.79e-10 s                  ; 6.49e-10 s                  ; No                         ; Yes                        ; 2.32 V                      ; 5.16e-09 V                  ; 2.37 V             ; -0.00861 V         ; 0.168 V                             ; 0.038 V                             ; 6.79e-10 s                 ; 6.49e-10 s                 ; No                        ; Yes                       ;
; RDM[6]        ; 2.5 V        ; 0 s                 ; 0 s                 ; 2.32 V                       ; 5.16e-09 V                   ; 2.37 V              ; -0.00861 V          ; 0.168 V                              ; 0.038 V                              ; 6.79e-10 s                  ; 6.49e-10 s                  ; No                         ; Yes                        ; 2.32 V                      ; 5.16e-09 V                  ; 2.37 V             ; -0.00861 V         ; 0.168 V                             ; 0.038 V                             ; 6.79e-10 s                 ; 6.49e-10 s                 ; No                        ; Yes                       ;
; RDM[5]        ; 2.5 V        ; 0 s                 ; 0 s                 ; 2.32 V                       ; 5.16e-09 V                   ; 2.37 V              ; -0.00861 V          ; 0.168 V                              ; 0.038 V                              ; 6.79e-10 s                  ; 6.49e-10 s                  ; No                         ; Yes                        ; 2.32 V                      ; 5.16e-09 V                  ; 2.37 V             ; -0.00861 V         ; 0.168 V                             ; 0.038 V                             ; 6.79e-10 s                 ; 6.49e-10 s                 ; No                        ; Yes                       ;
; RDM[4]        ; 2.5 V        ; 0 s                 ; 0 s                 ; 2.32 V                       ; 5.16e-09 V                   ; 2.37 V              ; -0.00861 V          ; 0.168 V                              ; 0.038 V                              ; 6.79e-10 s                  ; 6.49e-10 s                  ; No                         ; Yes                        ; 2.32 V                      ; 5.16e-09 V                  ; 2.37 V             ; -0.00861 V         ; 0.168 V                             ; 0.038 V                             ; 6.79e-10 s                 ; 6.49e-10 s                 ; No                        ; Yes                       ;
; RDM[3]        ; 2.5 V        ; 0 s                 ; 0 s                 ; 2.32 V                       ; 5.16e-09 V                   ; 2.37 V              ; -0.00861 V          ; 0.168 V                              ; 0.038 V                              ; 6.79e-10 s                  ; 6.49e-10 s                  ; No                         ; Yes                        ; 2.32 V                      ; 5.16e-09 V                  ; 2.37 V             ; -0.00861 V         ; 0.168 V                             ; 0.038 V                             ; 6.79e-10 s                 ; 6.49e-10 s                 ; No                        ; Yes                       ;
; RDM[2]        ; 2.5 V        ; 0 s                 ; 0 s                 ; 2.32 V                       ; 5.16e-09 V                   ; 2.4 V               ; -0.00557 V          ; 0.238 V                              ; 0.014 V                              ; 2.9e-10 s                   ; 3.48e-10 s                  ; No                         ; Yes                        ; 2.32 V                      ; 5.16e-09 V                  ; 2.4 V              ; -0.00557 V         ; 0.238 V                             ; 0.014 V                             ; 2.9e-10 s                  ; 3.48e-10 s                 ; No                        ; Yes                       ;
; RDM[1]        ; 2.5 V        ; 0 s                 ; 0 s                 ; 2.32 V                       ; 5.16e-09 V                   ; 2.37 V              ; -0.00861 V          ; 0.168 V                              ; 0.038 V                              ; 6.79e-10 s                  ; 6.49e-10 s                  ; No                         ; Yes                        ; 2.32 V                      ; 5.16e-09 V                  ; 2.37 V             ; -0.00861 V         ; 0.168 V                             ; 0.038 V                             ; 6.79e-10 s                 ; 6.49e-10 s                 ; No                        ; Yes                       ;
; RDM[0]        ; 2.5 V        ; 0 s                 ; 0 s                 ; 2.32 V                       ; 5.16e-09 V                   ; 2.37 V              ; -0.00861 V          ; 0.168 V                              ; 0.038 V                              ; 6.79e-10 s                  ; 6.49e-10 s                  ; No                         ; Yes                        ; 2.32 V                      ; 5.16e-09 V                  ; 2.37 V             ; -0.00861 V         ; 0.168 V                             ; 0.038 V                             ; 6.79e-10 s                 ; 6.49e-10 s                 ; No                        ; Yes                       ;
; cg_RDM        ; 2.5 V        ; 0 s                 ; 0 s                 ; 2.32 V                       ; 5.16e-09 V                   ; 2.37 V              ; -0.00861 V          ; 0.168 V                              ; 0.038 V                              ; 6.79e-10 s                  ; 6.49e-10 s                  ; No                         ; Yes                        ; 2.32 V                      ; 5.16e-09 V                  ; 2.37 V             ; -0.00861 V         ; 0.168 V                             ; 0.038 V                             ; 6.79e-10 s                 ; 6.49e-10 s                 ; No                        ; Yes                       ;
; MEM[7]        ; 2.5 V        ; 0 s                 ; 0 s                 ; 2.32 V                       ; 7.29e-09 V                   ; 2.39 V              ; -0.00317 V          ; 0.179 V                              ; 0.007 V                              ; 4.7e-10 s                   ; 4.72e-10 s                  ; No                         ; Yes                        ; 2.32 V                      ; 7.29e-09 V                  ; 2.39 V             ; -0.00317 V         ; 0.179 V                             ; 0.007 V                             ; 4.7e-10 s                  ; 4.72e-10 s                 ; No                        ; Yes                       ;
; MEM[6]        ; 2.5 V        ; 0 s                 ; 0 s                 ; 2.32 V                       ; 7.29e-09 V                   ; 2.39 V              ; -0.00317 V          ; 0.179 V                              ; 0.007 V                              ; 4.7e-10 s                   ; 4.72e-10 s                  ; No                         ; Yes                        ; 2.32 V                      ; 7.29e-09 V                  ; 2.39 V             ; -0.00317 V         ; 0.179 V                             ; 0.007 V                             ; 4.7e-10 s                  ; 4.72e-10 s                 ; No                        ; Yes                       ;
; MEM[5]        ; 2.5 V        ; 0 s                 ; 0 s                 ; 2.32 V                       ; 7.29e-09 V                   ; 2.39 V              ; -0.00317 V          ; 0.179 V                              ; 0.007 V                              ; 4.7e-10 s                   ; 4.72e-10 s                  ; No                         ; Yes                        ; 2.32 V                      ; 7.29e-09 V                  ; 2.39 V             ; -0.00317 V         ; 0.179 V                             ; 0.007 V                             ; 4.7e-10 s                  ; 4.72e-10 s                 ; No                        ; Yes                       ;
; MEM[4]        ; 2.5 V        ; 0 s                 ; 0 s                 ; 2.32 V                       ; 7.29e-09 V                   ; 2.39 V              ; -0.00317 V          ; 0.179 V                              ; 0.007 V                              ; 4.7e-10 s                   ; 4.72e-10 s                  ; No                         ; Yes                        ; 2.32 V                      ; 7.29e-09 V                  ; 2.39 V             ; -0.00317 V         ; 0.179 V                             ; 0.007 V                             ; 4.7e-10 s                  ; 4.72e-10 s                 ; No                        ; Yes                       ;
; MEM[3]        ; 2.5 V        ; 0 s                 ; 0 s                 ; 2.32 V                       ; 7.29e-09 V                   ; 2.39 V              ; -0.00317 V          ; 0.179 V                              ; 0.007 V                              ; 4.7e-10 s                   ; 4.72e-10 s                  ; No                         ; Yes                        ; 2.32 V                      ; 7.29e-09 V                  ; 2.39 V             ; -0.00317 V         ; 0.179 V                             ; 0.007 V                             ; 4.7e-10 s                  ; 4.72e-10 s                 ; No                        ; Yes                       ;
; MEM[2]        ; 2.5 V        ; 0 s                 ; 0 s                 ; 2.32 V                       ; 7.29e-09 V                   ; 2.39 V              ; -0.00339 V          ; 0.206 V                              ; 0.007 V                              ; 2.77e-10 s                  ; 3.24e-10 s                  ; Yes                        ; Yes                        ; 2.32 V                      ; 7.29e-09 V                  ; 2.39 V             ; -0.00339 V         ; 0.206 V                             ; 0.007 V                             ; 2.77e-10 s                 ; 3.24e-10 s                 ; Yes                       ; Yes                       ;
; MEM[1]        ; 2.5 V        ; 0 s                 ; 0 s                 ; 2.32 V                       ; 7.29e-09 V                   ; 2.39 V              ; -0.00317 V          ; 0.179 V                              ; 0.007 V                              ; 4.7e-10 s                   ; 4.72e-10 s                  ; No                         ; Yes                        ; 2.32 V                      ; 7.29e-09 V                  ; 2.39 V             ; -0.00317 V         ; 0.179 V                             ; 0.007 V                             ; 4.7e-10 s                  ; 4.72e-10 s                 ; No                        ; Yes                       ;
; MEM[0]        ; 2.5 V        ; 0 s                 ; 0 s                 ; 2.32 V                       ; 7.29e-09 V                   ; 2.39 V              ; -0.00317 V          ; 0.179 V                              ; 0.007 V                              ; 4.7e-10 s                   ; 4.72e-10 s                  ; No                         ; Yes                        ; 2.32 V                      ; 7.29e-09 V                  ; 2.39 V             ; -0.00317 V         ; 0.179 V                             ; 0.007 V                             ; 4.7e-10 s                  ; 4.72e-10 s                 ; No                        ; Yes                       ;
; REM[7]        ; 2.5 V        ; 0 s                 ; 0 s                 ; 2.32 V                       ; 5.16e-09 V                   ; 2.37 V              ; -0.00861 V          ; 0.168 V                              ; 0.038 V                              ; 6.79e-10 s                  ; 6.49e-10 s                  ; No                         ; Yes                        ; 2.32 V                      ; 5.16e-09 V                  ; 2.37 V             ; -0.00861 V         ; 0.168 V                             ; 0.038 V                             ; 6.79e-10 s                 ; 6.49e-10 s                 ; No                        ; Yes                       ;
; REM[6]        ; 2.5 V        ; 0 s                 ; 0 s                 ; 2.32 V                       ; 7.29e-09 V                   ; 2.39 V              ; -0.00317 V          ; 0.179 V                              ; 0.007 V                              ; 4.7e-10 s                   ; 4.72e-10 s                  ; No                         ; Yes                        ; 2.32 V                      ; 7.29e-09 V                  ; 2.39 V             ; -0.00317 V         ; 0.179 V                             ; 0.007 V                             ; 4.7e-10 s                  ; 4.72e-10 s                 ; No                        ; Yes                       ;
; REM[5]        ; 2.5 V        ; 0 s                 ; 0 s                 ; 2.32 V                       ; 7.29e-09 V                   ; 2.39 V              ; -0.00317 V          ; 0.179 V                              ; 0.007 V                              ; 4.7e-10 s                   ; 4.72e-10 s                  ; No                         ; Yes                        ; 2.32 V                      ; 7.29e-09 V                  ; 2.39 V             ; -0.00317 V         ; 0.179 V                             ; 0.007 V                             ; 4.7e-10 s                  ; 4.72e-10 s                 ; No                        ; Yes                       ;
; REM[4]        ; 2.5 V        ; 0 s                 ; 0 s                 ; 2.32 V                       ; 5.16e-09 V                   ; 2.37 V              ; -0.00861 V          ; 0.168 V                              ; 0.038 V                              ; 6.79e-10 s                  ; 6.49e-10 s                  ; No                         ; Yes                        ; 2.32 V                      ; 5.16e-09 V                  ; 2.37 V             ; -0.00861 V         ; 0.168 V                             ; 0.038 V                             ; 6.79e-10 s                 ; 6.49e-10 s                 ; No                        ; Yes                       ;
; REM[3]        ; 2.5 V        ; 0 s                 ; 0 s                 ; 2.32 V                       ; 5.16e-09 V                   ; 2.37 V              ; -0.00861 V          ; 0.168 V                              ; 0.038 V                              ; 6.79e-10 s                  ; 6.49e-10 s                  ; No                         ; Yes                        ; 2.32 V                      ; 5.16e-09 V                  ; 2.37 V             ; -0.00861 V         ; 0.168 V                             ; 0.038 V                             ; 6.79e-10 s                 ; 6.49e-10 s                 ; No                        ; Yes                       ;
; REM[2]        ; 2.5 V        ; 0 s                 ; 0 s                 ; 2.32 V                       ; 7.29e-09 V                   ; 2.39 V              ; -0.00317 V          ; 0.179 V                              ; 0.007 V                              ; 4.7e-10 s                   ; 4.72e-10 s                  ; No                         ; Yes                        ; 2.32 V                      ; 7.29e-09 V                  ; 2.39 V             ; -0.00317 V         ; 0.179 V                             ; 0.007 V                             ; 4.7e-10 s                  ; 4.72e-10 s                 ; No                        ; Yes                       ;
; REM[1]        ; 2.5 V        ; 0 s                 ; 0 s                 ; 2.32 V                       ; 7.29e-09 V                   ; 2.39 V              ; -0.00317 V          ; 0.179 V                              ; 0.007 V                              ; 4.7e-10 s                   ; 4.72e-10 s                  ; No                         ; Yes                        ; 2.32 V                      ; 7.29e-09 V                  ; 2.39 V             ; -0.00317 V         ; 0.179 V                             ; 0.007 V                             ; 4.7e-10 s                  ; 4.72e-10 s                 ; No                        ; Yes                       ;
; REM[0]        ; 2.5 V        ; 0 s                 ; 0 s                 ; 2.32 V                       ; 7.29e-09 V                   ; 2.39 V              ; -0.00317 V          ; 0.179 V                              ; 0.007 V                              ; 4.7e-10 s                   ; 4.72e-10 s                  ; No                         ; Yes                        ; 2.32 V                      ; 7.29e-09 V                  ; 2.39 V             ; -0.00317 V         ; 0.179 V                             ; 0.007 V                             ; 4.7e-10 s                  ; 4.72e-10 s                 ; No                        ; Yes                       ;
; cg_REM        ; 2.5 V        ; 0 s                 ; 0 s                 ; 2.32 V                       ; 5.16e-09 V                   ; 2.37 V              ; -0.00861 V          ; 0.168 V                              ; 0.038 V                              ; 6.79e-10 s                  ; 6.49e-10 s                  ; No                         ; Yes                        ; 2.32 V                      ; 5.16e-09 V                  ; 2.37 V             ; -0.00861 V         ; 0.168 V                             ; 0.038 V                             ; 6.79e-10 s                 ; 6.49e-10 s                 ; No                        ; Yes                       ;
; MUX[7]        ; 2.5 V        ; 0 s                 ; 0 s                 ; 2.32 V                       ; 7.29e-09 V                   ; 2.39 V              ; -0.00317 V          ; 0.179 V                              ; 0.007 V                              ; 4.7e-10 s                   ; 4.72e-10 s                  ; No                         ; Yes                        ; 2.32 V                      ; 7.29e-09 V                  ; 2.39 V             ; -0.00317 V         ; 0.179 V                             ; 0.007 V                             ; 4.7e-10 s                  ; 4.72e-10 s                 ; No                        ; Yes                       ;
; MUX[6]        ; 2.5 V        ; 0 s                 ; 0 s                 ; 2.32 V                       ; 7.29e-09 V                   ; 2.39 V              ; -0.00317 V          ; 0.179 V                              ; 0.007 V                              ; 4.7e-10 s                   ; 4.72e-10 s                  ; No                         ; Yes                        ; 2.32 V                      ; 7.29e-09 V                  ; 2.39 V             ; -0.00317 V         ; 0.179 V                             ; 0.007 V                             ; 4.7e-10 s                  ; 4.72e-10 s                 ; No                        ; Yes                       ;
; MUX[5]        ; 2.5 V        ; 0 s                 ; 0 s                 ; 2.32 V                       ; 7.29e-09 V                   ; 2.39 V              ; -0.00317 V          ; 0.179 V                              ; 0.007 V                              ; 4.7e-10 s                   ; 4.72e-10 s                  ; No                         ; Yes                        ; 2.32 V                      ; 7.29e-09 V                  ; 2.39 V             ; -0.00317 V         ; 0.179 V                             ; 0.007 V                             ; 4.7e-10 s                  ; 4.72e-10 s                 ; No                        ; Yes                       ;
; MUX[4]        ; 2.5 V        ; 0 s                 ; 0 s                 ; 2.32 V                       ; 7.29e-09 V                   ; 2.39 V              ; -0.00317 V          ; 0.179 V                              ; 0.007 V                              ; 4.7e-10 s                   ; 4.72e-10 s                  ; No                         ; Yes                        ; 2.32 V                      ; 7.29e-09 V                  ; 2.39 V             ; -0.00317 V         ; 0.179 V                             ; 0.007 V                             ; 4.7e-10 s                  ; 4.72e-10 s                 ; No                        ; Yes                       ;
; MUX[3]        ; 2.5 V        ; 0 s                 ; 0 s                 ; 2.32 V                       ; 7.29e-09 V                   ; 2.39 V              ; -0.00317 V          ; 0.179 V                              ; 0.007 V                              ; 4.7e-10 s                   ; 4.72e-10 s                  ; No                         ; Yes                        ; 2.32 V                      ; 7.29e-09 V                  ; 2.39 V             ; -0.00317 V         ; 0.179 V                             ; 0.007 V                             ; 4.7e-10 s                  ; 4.72e-10 s                 ; No                        ; Yes                       ;
; MUX[2]        ; 2.5 V        ; 0 s                 ; 0 s                 ; 2.32 V                       ; 7.29e-09 V                   ; 2.39 V              ; -0.00317 V          ; 0.179 V                              ; 0.007 V                              ; 4.7e-10 s                   ; 4.72e-10 s                  ; No                         ; Yes                        ; 2.32 V                      ; 7.29e-09 V                  ; 2.39 V             ; -0.00317 V         ; 0.179 V                             ; 0.007 V                             ; 4.7e-10 s                  ; 4.72e-10 s                 ; No                        ; Yes                       ;
; MUX[1]        ; 2.5 V        ; 0 s                 ; 0 s                 ; 2.32 V                       ; 7.29e-09 V                   ; 2.39 V              ; -0.00317 V          ; 0.179 V                              ; 0.007 V                              ; 4.7e-10 s                   ; 4.72e-10 s                  ; No                         ; Yes                        ; 2.32 V                      ; 7.29e-09 V                  ; 2.39 V             ; -0.00317 V         ; 0.179 V                             ; 0.007 V                             ; 4.7e-10 s                  ; 4.72e-10 s                 ; No                        ; Yes                       ;
; MUX[0]        ; 2.5 V        ; 0 s                 ; 0 s                 ; 2.32 V                       ; 7.29e-09 V                   ; 2.39 V              ; -0.00317 V          ; 0.179 V                              ; 0.007 V                              ; 4.7e-10 s                   ; 4.72e-10 s                  ; No                         ; Yes                        ; 2.32 V                      ; 7.29e-09 V                  ; 2.39 V             ; -0.00317 V         ; 0.179 V                             ; 0.007 V                             ; 4.7e-10 s                  ; 4.72e-10 s                 ; No                        ; Yes                       ;
; mux_REM       ; 2.5 V        ; 0 s                 ; 0 s                 ; 2.32 V                       ; 5.16e-09 V                   ; 2.37 V              ; -0.00861 V          ; 0.168 V                              ; 0.038 V                              ; 6.79e-10 s                  ; 6.49e-10 s                  ; No                         ; Yes                        ; 2.32 V                      ; 5.16e-09 V                  ; 2.37 V             ; -0.00861 V         ; 0.168 V                             ; 0.038 V                             ; 6.79e-10 s                 ; 6.49e-10 s                 ; No                        ; Yes                       ;
; PC[7]         ; 2.5 V        ; 0 s                 ; 0 s                 ; 2.32 V                       ; 5.16e-09 V                   ; 2.37 V              ; -0.00861 V          ; 0.168 V                              ; 0.038 V                              ; 6.79e-10 s                  ; 6.49e-10 s                  ; No                         ; Yes                        ; 2.32 V                      ; 5.16e-09 V                  ; 2.37 V             ; -0.00861 V         ; 0.168 V                             ; 0.038 V                             ; 6.79e-10 s                 ; 6.49e-10 s                 ; No                        ; Yes                       ;
; PC[6]         ; 2.5 V        ; 0 s                 ; 0 s                 ; 2.32 V                       ; 7.29e-09 V                   ; 2.39 V              ; -0.00317 V          ; 0.179 V                              ; 0.007 V                              ; 4.7e-10 s                   ; 4.72e-10 s                  ; No                         ; Yes                        ; 2.32 V                      ; 7.29e-09 V                  ; 2.39 V             ; -0.00317 V         ; 0.179 V                             ; 0.007 V                             ; 4.7e-10 s                  ; 4.72e-10 s                 ; No                        ; Yes                       ;
; PC[5]         ; 2.5 V        ; 0 s                 ; 0 s                 ; 2.32 V                       ; 7.29e-09 V                   ; 2.39 V              ; -0.00317 V          ; 0.179 V                              ; 0.007 V                              ; 4.7e-10 s                   ; 4.72e-10 s                  ; No                         ; Yes                        ; 2.32 V                      ; 7.29e-09 V                  ; 2.39 V             ; -0.00317 V         ; 0.179 V                             ; 0.007 V                             ; 4.7e-10 s                  ; 4.72e-10 s                 ; No                        ; Yes                       ;
; PC[4]         ; 2.5 V        ; 0 s                 ; 0 s                 ; 2.32 V                       ; 7.29e-09 V                   ; 2.39 V              ; -0.00317 V          ; 0.179 V                              ; 0.007 V                              ; 4.7e-10 s                   ; 4.72e-10 s                  ; No                         ; Yes                        ; 2.32 V                      ; 7.29e-09 V                  ; 2.39 V             ; -0.00317 V         ; 0.179 V                             ; 0.007 V                             ; 4.7e-10 s                  ; 4.72e-10 s                 ; No                        ; Yes                       ;
; PC[3]         ; 2.5 V        ; 0 s                 ; 0 s                 ; 2.32 V                       ; 7.29e-09 V                   ; 2.39 V              ; -0.00317 V          ; 0.179 V                              ; 0.007 V                              ; 4.7e-10 s                   ; 4.72e-10 s                  ; No                         ; Yes                        ; 2.32 V                      ; 7.29e-09 V                  ; 2.39 V             ; -0.00317 V         ; 0.179 V                             ; 0.007 V                             ; 4.7e-10 s                  ; 4.72e-10 s                 ; No                        ; Yes                       ;
; PC[2]         ; 2.5 V        ; 0 s                 ; 0 s                 ; 2.32 V                       ; 7.29e-09 V                   ; 2.39 V              ; -0.00317 V          ; 0.179 V                              ; 0.007 V                              ; 4.7e-10 s                   ; 4.72e-10 s                  ; No                         ; Yes                        ; 2.32 V                      ; 7.29e-09 V                  ; 2.39 V             ; -0.00317 V         ; 0.179 V                             ; 0.007 V                             ; 4.7e-10 s                  ; 4.72e-10 s                 ; No                        ; Yes                       ;
; PC[1]         ; 2.5 V        ; 0 s                 ; 0 s                 ; 2.32 V                       ; 7.29e-09 V                   ; 2.39 V              ; -0.00339 V          ; 0.206 V                              ; 0.007 V                              ; 2.77e-10 s                  ; 3.24e-10 s                  ; Yes                        ; Yes                        ; 2.32 V                      ; 7.29e-09 V                  ; 2.39 V             ; -0.00339 V         ; 0.206 V                             ; 0.007 V                             ; 2.77e-10 s                 ; 3.24e-10 s                 ; Yes                       ; Yes                       ;
; PC[0]         ; 2.5 V        ; 0 s                 ; 0 s                 ; 2.32 V                       ; 7.29e-09 V                   ; 2.39 V              ; -0.00339 V          ; 0.206 V                              ; 0.007 V                              ; 2.77e-10 s                  ; 3.24e-10 s                  ; Yes                        ; Yes                        ; 2.32 V                      ; 7.29e-09 V                  ; 2.39 V             ; -0.00339 V         ; 0.206 V                             ; 0.007 V                             ; 2.77e-10 s                 ; 3.24e-10 s                 ; Yes                       ; Yes                       ;
; inc_pc        ; 2.5 V        ; 0 s                 ; 0 s                 ; 2.32 V                       ; 7.29e-09 V                   ; 2.39 V              ; -0.00317 V          ; 0.179 V                              ; 0.007 V                              ; 4.7e-10 s                   ; 4.72e-10 s                  ; No                         ; Yes                        ; 2.32 V                      ; 7.29e-09 V                  ; 2.39 V             ; -0.00317 V         ; 0.179 V                             ; 0.007 V                             ; 4.7e-10 s                  ; 4.72e-10 s                 ; No                        ; Yes                       ;
; cg_PC         ; 2.5 V        ; 0 s                 ; 0 s                 ; 2.32 V                       ; 7.29e-09 V                   ; 2.39 V              ; -0.00317 V          ; 0.179 V                              ; 0.007 V                              ; 4.7e-10 s                   ; 4.72e-10 s                  ; No                         ; Yes                        ; 2.32 V                      ; 7.29e-09 V                  ; 2.39 V             ; -0.00317 V         ; 0.179 V                             ; 0.007 V                             ; 4.7e-10 s                  ; 4.72e-10 s                 ; No                        ; Yes                       ;
; ULA[7]        ; 2.5 V        ; 0 s                 ; 0 s                 ; 2.32 V                       ; 5.16e-09 V                   ; 2.4 V               ; -0.00557 V          ; 0.238 V                              ; 0.014 V                              ; 2.9e-10 s                   ; 3.48e-10 s                  ; No                         ; Yes                        ; 2.32 V                      ; 5.16e-09 V                  ; 2.4 V              ; -0.00557 V         ; 0.238 V                             ; 0.014 V                             ; 2.9e-10 s                  ; 3.48e-10 s                 ; No                        ; Yes                       ;
; ULA[6]        ; 2.5 V        ; 0 s                 ; 0 s                 ; 2.32 V                       ; 7.29e-09 V                   ; 2.39 V              ; -0.00317 V          ; 0.179 V                              ; 0.007 V                              ; 4.7e-10 s                   ; 4.72e-10 s                  ; No                         ; Yes                        ; 2.32 V                      ; 7.29e-09 V                  ; 2.39 V             ; -0.00317 V         ; 0.179 V                             ; 0.007 V                             ; 4.7e-10 s                  ; 4.72e-10 s                 ; No                        ; Yes                       ;
; ULA[5]        ; 2.5 V        ; 0 s                 ; 0 s                 ; 2.32 V                       ; 7.29e-09 V                   ; 2.39 V              ; -0.00317 V          ; 0.179 V                              ; 0.007 V                              ; 4.7e-10 s                   ; 4.72e-10 s                  ; No                         ; Yes                        ; 2.32 V                      ; 7.29e-09 V                  ; 2.39 V             ; -0.00317 V         ; 0.179 V                             ; 0.007 V                             ; 4.7e-10 s                  ; 4.72e-10 s                 ; No                        ; Yes                       ;
; ULA[4]        ; 2.5 V        ; 0 s                 ; 0 s                 ; 2.32 V                       ; 7.29e-09 V                   ; 2.39 V              ; -0.00317 V          ; 0.179 V                              ; 0.007 V                              ; 4.7e-10 s                   ; 4.72e-10 s                  ; No                         ; Yes                        ; 2.32 V                      ; 7.29e-09 V                  ; 2.39 V             ; -0.00317 V         ; 0.179 V                             ; 0.007 V                             ; 4.7e-10 s                  ; 4.72e-10 s                 ; No                        ; Yes                       ;
; ULA[3]        ; 2.5 V        ; 0 s                 ; 0 s                 ; 2.32 V                       ; 7.29e-09 V                   ; 2.39 V              ; -0.00339 V          ; 0.206 V                              ; 0.007 V                              ; 2.77e-10 s                  ; 3.24e-10 s                  ; Yes                        ; Yes                        ; 2.32 V                      ; 7.29e-09 V                  ; 2.39 V             ; -0.00339 V         ; 0.206 V                             ; 0.007 V                             ; 2.77e-10 s                 ; 3.24e-10 s                 ; Yes                       ; Yes                       ;
; ULA[2]        ; 2.5 V        ; 0 s                 ; 0 s                 ; 2.32 V                       ; 5.16e-09 V                   ; 2.37 V              ; -0.00861 V          ; 0.168 V                              ; 0.038 V                              ; 6.79e-10 s                  ; 6.49e-10 s                  ; No                         ; Yes                        ; 2.32 V                      ; 5.16e-09 V                  ; 2.37 V             ; -0.00861 V         ; 0.168 V                             ; 0.038 V                             ; 6.79e-10 s                 ; 6.49e-10 s                 ; No                        ; Yes                       ;
; ULA[1]        ; 2.5 V        ; 0 s                 ; 0 s                 ; 2.32 V                       ; 5.16e-09 V                   ; 2.37 V              ; -0.00861 V          ; 0.168 V                              ; 0.038 V                              ; 6.79e-10 s                  ; 6.49e-10 s                  ; No                         ; Yes                        ; 2.32 V                      ; 5.16e-09 V                  ; 2.37 V             ; -0.00861 V         ; 0.168 V                             ; 0.038 V                             ; 6.79e-10 s                 ; 6.49e-10 s                 ; No                        ; Yes                       ;
; ULA[0]        ; 2.5 V        ; 0 s                 ; 0 s                 ; 2.32 V                       ; 5.16e-09 V                   ; 2.37 V              ; -0.00861 V          ; 0.168 V                              ; 0.038 V                              ; 6.79e-10 s                  ; 6.49e-10 s                  ; No                         ; Yes                        ; 2.32 V                      ; 5.16e-09 V                  ; 2.37 V             ; -0.00861 V         ; 0.168 V                             ; 0.038 V                             ; 6.79e-10 s                 ; 6.49e-10 s                 ; No                        ; Yes                       ;
; i_not         ; 2.5 V        ; 0 s                 ; 0 s                 ; 2.32 V                       ; 7.29e-09 V                   ; 2.39 V              ; -0.00339 V          ; 0.206 V                              ; 0.007 V                              ; 2.77e-10 s                  ; 3.24e-10 s                  ; Yes                        ; Yes                        ; 2.32 V                      ; 7.29e-09 V                  ; 2.39 V             ; -0.00339 V         ; 0.206 V                             ; 0.007 V                             ; 2.77e-10 s                 ; 3.24e-10 s                 ; Yes                       ; Yes                       ;
; i_and         ; 2.5 V        ; 0 s                 ; 0 s                 ; 2.32 V                       ; 7.29e-09 V                   ; 2.34 V              ; -0.00668 V          ; 0.218 V                              ; 0.076 V                              ; 1.92e-09 s                  ; 1.81e-09 s                  ; No                         ; Yes                        ; 2.32 V                      ; 7.29e-09 V                  ; 2.34 V             ; -0.00668 V         ; 0.218 V                             ; 0.076 V                             ; 1.92e-09 s                 ; 1.81e-09 s                 ; No                        ; Yes                       ;
; i_or          ; 2.5 V        ; 0 s                 ; 0 s                 ; 2.32 V                       ; 7.29e-09 V                   ; 2.39 V              ; -0.00317 V          ; 0.179 V                              ; 0.007 V                              ; 4.7e-10 s                   ; 4.72e-10 s                  ; No                         ; Yes                        ; 2.32 V                      ; 7.29e-09 V                  ; 2.39 V             ; -0.00317 V         ; 0.179 V                             ; 0.007 V                             ; 4.7e-10 s                  ; 4.72e-10 s                 ; No                        ; Yes                       ;
; i_add         ; 2.5 V        ; 0 s                 ; 0 s                 ; 2.32 V                       ; 7.29e-09 V                   ; 2.39 V              ; -0.00317 V          ; 0.179 V                              ; 0.007 V                              ; 4.7e-10 s                   ; 4.72e-10 s                  ; No                         ; Yes                        ; 2.32 V                      ; 7.29e-09 V                  ; 2.39 V             ; -0.00317 V         ; 0.179 V                             ; 0.007 V                             ; 4.7e-10 s                  ; 4.72e-10 s                 ; No                        ; Yes                       ;
; i_lda         ; 2.5 V        ; 0 s                 ; 0 s                 ; 2.32 V                       ; 7.29e-09 V                   ; 2.39 V              ; -0.00317 V          ; 0.179 V                              ; 0.007 V                              ; 4.7e-10 s                   ; 4.72e-10 s                  ; No                         ; Yes                        ; 2.32 V                      ; 7.29e-09 V                  ; 2.39 V             ; -0.00317 V         ; 0.179 V                             ; 0.007 V                             ; 4.7e-10 s                  ; 4.72e-10 s                 ; No                        ; Yes                       ;
; T[7]          ; 2.5 V        ; 0 s                 ; 0 s                 ; 2.32 V                       ; 5.16e-09 V                   ; 2.37 V              ; -0.00861 V          ; 0.168 V                              ; 0.038 V                              ; 6.79e-10 s                  ; 6.49e-10 s                  ; No                         ; Yes                        ; 2.32 V                      ; 5.16e-09 V                  ; 2.37 V             ; -0.00861 V         ; 0.168 V                             ; 0.038 V                             ; 6.79e-10 s                 ; 6.49e-10 s                 ; No                        ; Yes                       ;
; T[6]          ; 2.5 V        ; 0 s                 ; 0 s                 ; 2.32 V                       ; 5.16e-09 V                   ; 2.37 V              ; -0.00861 V          ; 0.168 V                              ; 0.038 V                              ; 6.79e-10 s                  ; 6.49e-10 s                  ; No                         ; Yes                        ; 2.32 V                      ; 5.16e-09 V                  ; 2.37 V             ; -0.00861 V         ; 0.168 V                             ; 0.038 V                             ; 6.79e-10 s                 ; 6.49e-10 s                 ; No                        ; Yes                       ;
; T[5]          ; 2.5 V        ; 0 s                 ; 0 s                 ; 2.32 V                       ; 7.29e-09 V                   ; 2.39 V              ; -0.00317 V          ; 0.179 V                              ; 0.007 V                              ; 4.7e-10 s                   ; 4.72e-10 s                  ; No                         ; Yes                        ; 2.32 V                      ; 7.29e-09 V                  ; 2.39 V             ; -0.00317 V         ; 0.179 V                             ; 0.007 V                             ; 4.7e-10 s                  ; 4.72e-10 s                 ; No                        ; Yes                       ;
; T[4]          ; 2.5 V        ; 0 s                 ; 0 s                 ; 2.32 V                       ; 7.29e-09 V                   ; 2.39 V              ; -0.00317 V          ; 0.179 V                              ; 0.007 V                              ; 4.7e-10 s                   ; 4.72e-10 s                  ; No                         ; Yes                        ; 2.32 V                      ; 7.29e-09 V                  ; 2.39 V             ; -0.00317 V         ; 0.179 V                             ; 0.007 V                             ; 4.7e-10 s                  ; 4.72e-10 s                 ; No                        ; Yes                       ;
; T[3]          ; 2.5 V        ; 0 s                 ; 0 s                 ; 2.32 V                       ; 7.29e-09 V                   ; 2.39 V              ; -0.00317 V          ; 0.179 V                              ; 0.007 V                              ; 4.7e-10 s                   ; 4.72e-10 s                  ; No                         ; Yes                        ; 2.32 V                      ; 7.29e-09 V                  ; 2.39 V             ; -0.00317 V         ; 0.179 V                             ; 0.007 V                             ; 4.7e-10 s                  ; 4.72e-10 s                 ; No                        ; Yes                       ;
; T[2]          ; 2.5 V        ; 0 s                 ; 0 s                 ; 2.32 V                       ; 7.29e-09 V                   ; 2.34 V              ; -0.00668 V          ; 0.218 V                              ; 0.076 V                              ; 1.92e-09 s                  ; 1.81e-09 s                  ; No                         ; Yes                        ; 2.32 V                      ; 7.29e-09 V                  ; 2.34 V             ; -0.00668 V         ; 0.218 V                             ; 0.076 V                             ; 1.92e-09 s                 ; 1.81e-09 s                 ; No                        ; Yes                       ;
; T[1]          ; 2.5 V        ; 0 s                 ; 0 s                 ; 2.32 V                       ; 5.16e-09 V                   ; 2.4 V               ; -0.00557 V          ; 0.238 V                              ; 0.014 V                              ; 2.9e-10 s                   ; 3.48e-10 s                  ; No                         ; Yes                        ; 2.32 V                      ; 5.16e-09 V                  ; 2.4 V              ; -0.00557 V         ; 0.238 V                             ; 0.014 V                             ; 2.9e-10 s                  ; 3.48e-10 s                 ; No                        ; Yes                       ;
; T[0]          ; 2.5 V        ; 0 s                 ; 0 s                 ; 2.32 V                       ; 7.29e-09 V                   ; 2.39 V              ; -0.00317 V          ; 0.179 V                              ; 0.007 V                              ; 4.7e-10 s                   ; 4.72e-10 s                  ; No                         ; Yes                        ; 2.32 V                      ; 7.29e-09 V                  ; 2.39 V             ; -0.00317 V         ; 0.179 V                             ; 0.007 V                             ; 4.7e-10 s                  ; 4.72e-10 s                 ; No                        ; Yes                       ;
; ~ALTERA_NCEO~ ; 2.5 V        ; 0 s                 ; 0 s                 ; 2.32 V                       ; 4.76e-09 V                   ; 2.4 V               ; -0.034 V            ; 0.102 V                              ; 0.065 V                              ; 2.49e-10 s                  ; 3.49e-10 s                  ; Yes                        ; Yes                        ; 2.32 V                      ; 4.76e-09 V                  ; 2.4 V              ; -0.034 V           ; 0.102 V                             ; 0.065 V                             ; 2.49e-10 s                 ; 3.49e-10 s                 ; Yes                       ; Yes                       ;
; ~ALTERA_DCLK~ ; 2.5 V        ; 0 s                 ; 0 s                 ; 2.32 V                       ; 5.94e-09 V                   ; 2.39 V              ; -0.0344 V           ; 0.156 V                              ; 0.089 V                              ; 2.68e-10 s                  ; 2.6e-10 s                   ; Yes                        ; Yes                        ; 2.32 V                      ; 5.94e-09 V                  ; 2.39 V             ; -0.0344 V          ; 0.156 V                             ; 0.089 V                             ; 2.68e-10 s                 ; 2.6e-10 s                  ; Yes                       ; Yes                       ;
+---------------+--------------+---------------------+---------------------+------------------------------+------------------------------+---------------------+---------------------+--------------------------------------+--------------------------------------+-----------------------------+-----------------------------+----------------------------+----------------------------+-----------------------------+-----------------------------+--------------------+--------------------+-------------------------------------+-------------------------------------+----------------------------+----------------------------+---------------------------+---------------------------+


+--------------------------------------------------------------------------------------------------------------------------------------------------------------------------------------------------------------------------------------------------------------------------------------------------------------------------------------------------------------------------------------------------------------------------------------------------------------------------------------------------------------------------------------------------------------------------------------------------------------------------------------------------------------------------------------------+
; Signal Integrity Metrics (Slow 1200mv 85c Model)                                                                                                                                                                                                                                                                                                                                                                                                                                                                                                                                                                                                                                           ;
+---------------+--------------+---------------------+---------------------+------------------------------+------------------------------+---------------------+---------------------+--------------------------------------+--------------------------------------+-----------------------------+-----------------------------+----------------------------+----------------------------+-----------------------------+-----------------------------+--------------------+--------------------+-------------------------------------+-------------------------------------+----------------------------+----------------------------+---------------------------+---------------------------+
; Pin           ; I/O Standard ; Board Delay on Rise ; Board Delay on Fall ; Steady State Voh at FPGA Pin ; Steady State Vol at FPGA Pin ; Voh Max at FPGA Pin ; Vol Min at FPGA Pin ; Ringback Voltage on Rise at FPGA Pin ; Ringback Voltage on Fall at FPGA Pin ; 10-90 Rise Time at FPGA Pin ; 90-10 Fall Time at FPGA Pin ; Monotonic Rise at FPGA Pin ; Monotonic Fall at FPGA Pin ; Steady State Voh at Far-end ; Steady State Vol at Far-end ; Voh Max at Far-end ; Vol Min at Far-end ; Ringback Voltage on Rise at Far-end ; Ringback Voltage on Fall at Far-end ; 10-90 Rise Time at Far-end ; 90-10 Fall Time at Far-end ; Monotonic Rise at Far-end ; Monotonic Fall at Far-end ;
+---------------+--------------+---------------------+---------------------+------------------------------+------------------------------+---------------------+---------------------+--------------------------------------+--------------------------------------+-----------------------------+-----------------------------+----------------------------+----------------------------+-----------------------------+-----------------------------+--------------------+--------------------+-------------------------------------+-------------------------------------+----------------------------+----------------------------+---------------------------+---------------------------+
; n             ; 2.5 V        ; 0 s                 ; 0 s                 ; 2.32 V                       ; 1.21e-06 V                   ; 2.36 V              ; -0.00833 V          ; 0.113 V                              ; 0.035 V                              ; 6.32e-10 s                  ; 5.89e-10 s                  ; No                         ; Yes                        ; 2.32 V                      ; 1.21e-06 V                  ; 2.36 V             ; -0.00833 V         ; 0.113 V                             ; 0.035 V                             ; 6.32e-10 s                 ; 5.89e-10 s                 ; No                        ; Yes                       ;
; AC[7]         ; 2.5 V        ; 0 s                 ; 0 s                 ; 2.32 V                       ; 1.21e-06 V                   ; 2.36 V              ; -0.00833 V          ; 0.113 V                              ; 0.035 V                              ; 6.32e-10 s                  ; 5.89e-10 s                  ; No                         ; Yes                        ; 2.32 V                      ; 1.21e-06 V                  ; 2.36 V             ; -0.00833 V         ; 0.113 V                             ; 0.035 V                             ; 6.32e-10 s                 ; 5.89e-10 s                 ; No                        ; Yes                       ;
; AC[6]         ; 2.5 V        ; 0 s                 ; 0 s                 ; 2.32 V                       ; 1.21e-06 V                   ; 2.37 V              ; -0.00606 V          ; 0.107 V                              ; 0.021 V                              ; 4.26e-10 s                  ; 4.03e-10 s                  ; Yes                        ; Yes                        ; 2.32 V                      ; 1.21e-06 V                  ; 2.37 V             ; -0.00606 V         ; 0.107 V                             ; 0.021 V                             ; 4.26e-10 s                 ; 4.03e-10 s                 ; Yes                       ; Yes                       ;
; AC[5]         ; 2.5 V        ; 0 s                 ; 0 s                 ; 2.32 V                       ; 8.13e-07 V                   ; 2.36 V              ; -0.00623 V          ; 0.121 V                              ; 0.03 V                               ; 4.4e-10 s                   ; 4.28e-10 s                  ; Yes                        ; Yes                        ; 2.32 V                      ; 8.13e-07 V                  ; 2.36 V             ; -0.00623 V         ; 0.121 V                             ; 0.03 V                              ; 4.4e-10 s                  ; 4.28e-10 s                 ; Yes                       ; Yes                       ;
; AC[4]         ; 2.5 V        ; 0 s                 ; 0 s                 ; 2.32 V                       ; 8.13e-07 V                   ; 2.35 V              ; -0.00662 V          ; 0.129 V                              ; 0.049 V                              ; 8.55e-10 s                  ; 8.01e-10 s                  ; No                         ; Yes                        ; 2.32 V                      ; 8.13e-07 V                  ; 2.35 V             ; -0.00662 V         ; 0.129 V                             ; 0.049 V                             ; 8.55e-10 s                 ; 8.01e-10 s                 ; No                        ; Yes                       ;
; AC[3]         ; 2.5 V        ; 0 s                 ; 0 s                 ; 2.32 V                       ; 1.21e-06 V                   ; 2.37 V              ; -0.00606 V          ; 0.107 V                              ; 0.021 V                              ; 4.26e-10 s                  ; 4.03e-10 s                  ; Yes                        ; Yes                        ; 2.32 V                      ; 1.21e-06 V                  ; 2.37 V             ; -0.00606 V         ; 0.107 V                             ; 0.021 V                             ; 4.26e-10 s                 ; 4.03e-10 s                 ; Yes                       ; Yes                       ;
; AC[2]         ; 2.5 V        ; 0 s                 ; 0 s                 ; 2.32 V                       ; 1.21e-06 V                   ; 2.37 V              ; -0.00606 V          ; 0.107 V                              ; 0.021 V                              ; 4.26e-10 s                  ; 4.03e-10 s                  ; Yes                        ; Yes                        ; 2.32 V                      ; 1.21e-06 V                  ; 2.37 V             ; -0.00606 V         ; 0.107 V                             ; 0.021 V                             ; 4.26e-10 s                 ; 4.03e-10 s                 ; Yes                       ; Yes                       ;
; AC[1]         ; 2.5 V        ; 0 s                 ; 0 s                 ; 2.32 V                       ; 8.13e-07 V                   ; 2.35 V              ; -0.00662 V          ; 0.129 V                              ; 0.049 V                              ; 8.55e-10 s                  ; 8.01e-10 s                  ; No                         ; Yes                        ; 2.32 V                      ; 8.13e-07 V                  ; 2.35 V             ; -0.00662 V         ; 0.129 V                             ; 0.049 V                             ; 8.55e-10 s                 ; 8.01e-10 s                 ; No                        ; Yes                       ;
; AC[0]         ; 2.5 V        ; 0 s                 ; 0 s                 ; 2.32 V                       ; 8.13e-07 V                   ; 2.35 V              ; -0.00662 V          ; 0.129 V                              ; 0.049 V                              ; 8.55e-10 s                  ; 8.01e-10 s                  ; No                         ; Yes                        ; 2.32 V                      ; 8.13e-07 V                  ; 2.35 V             ; -0.00662 V         ; 0.129 V                             ; 0.049 V                             ; 8.55e-10 s                 ; 8.01e-10 s                 ; No                        ; Yes                       ;
; cg_AC         ; 2.5 V        ; 0 s                 ; 0 s                 ; 2.32 V                       ; 8.13e-07 V                   ; 2.35 V              ; -0.00662 V          ; 0.129 V                              ; 0.049 V                              ; 8.55e-10 s                  ; 8.01e-10 s                  ; No                         ; Yes                        ; 2.32 V                      ; 8.13e-07 V                  ; 2.35 V             ; -0.00662 V         ; 0.129 V                             ; 0.049 V                             ; 8.55e-10 s                 ; 8.01e-10 s                 ; No                        ; Yes                       ;
; z             ; 2.5 V        ; 0 s                 ; 0 s                 ; 2.32 V                       ; 1.21e-06 V                   ; 2.36 V              ; -0.00833 V          ; 0.113 V                              ; 0.035 V                              ; 6.32e-10 s                  ; 5.89e-10 s                  ; No                         ; Yes                        ; 2.32 V                      ; 1.21e-06 V                  ; 2.36 V             ; -0.00833 V         ; 0.113 V                             ; 0.035 V                             ; 6.32e-10 s                 ; 5.89e-10 s                 ; No                        ; Yes                       ;
; tempo[2]      ; 2.5 V        ; 0 s                 ; 0 s                 ; 2.32 V                       ; 8.13e-07 V                   ; 2.33 V              ; -0.00252 V          ; 0.203 V                              ; 0.046 V                              ; 2.34e-09 s                  ; 2.24e-09 s                  ; Yes                        ; Yes                        ; 2.32 V                      ; 8.13e-07 V                  ; 2.33 V             ; -0.00252 V         ; 0.203 V                             ; 0.046 V                             ; 2.34e-09 s                 ; 2.24e-09 s                 ; Yes                       ; Yes                       ;
; tempo[1]      ; 2.5 V        ; 0 s                 ; 0 s                 ; 2.32 V                       ; 8.13e-07 V                   ; 2.35 V              ; -0.00662 V          ; 0.129 V                              ; 0.049 V                              ; 8.55e-10 s                  ; 8.01e-10 s                  ; No                         ; Yes                        ; 2.32 V                      ; 8.13e-07 V                  ; 2.35 V             ; -0.00662 V         ; 0.129 V                             ; 0.049 V                             ; 8.55e-10 s                 ; 8.01e-10 s                 ; No                        ; Yes                       ;
; tempo[0]      ; 2.5 V        ; 0 s                 ; 0 s                 ; 2.32 V                       ; 1.21e-06 V                   ; 2.36 V              ; -0.00833 V          ; 0.113 V                              ; 0.035 V                              ; 6.32e-10 s                  ; 5.89e-10 s                  ; No                         ; Yes                        ; 2.32 V                      ; 1.21e-06 V                  ; 2.36 V             ; -0.00833 V         ; 0.113 V                             ; 0.035 V                             ; 6.32e-10 s                 ; 5.89e-10 s                 ; No                        ; Yes                       ;
; RI[7]         ; 2.5 V        ; 0 s                 ; 0 s                 ; 2.32 V                       ; 1.21e-06 V                   ; 2.36 V              ; -0.00833 V          ; 0.113 V                              ; 0.035 V                              ; 6.32e-10 s                  ; 5.89e-10 s                  ; No                         ; Yes                        ; 2.32 V                      ; 1.21e-06 V                  ; 2.36 V             ; -0.00833 V         ; 0.113 V                             ; 0.035 V                             ; 6.32e-10 s                 ; 5.89e-10 s                 ; No                        ; Yes                       ;
; RI[6]         ; 2.5 V        ; 0 s                 ; 0 s                 ; 2.32 V                       ; 8.13e-07 V                   ; 2.35 V              ; -0.00662 V          ; 0.129 V                              ; 0.049 V                              ; 8.55e-10 s                  ; 8.01e-10 s                  ; No                         ; Yes                        ; 2.32 V                      ; 8.13e-07 V                  ; 2.35 V             ; -0.00662 V         ; 0.129 V                             ; 0.049 V                             ; 8.55e-10 s                 ; 8.01e-10 s                 ; No                        ; Yes                       ;
; RI[5]         ; 2.5 V        ; 0 s                 ; 0 s                 ; 2.32 V                       ; 8.13e-07 V                   ; 2.35 V              ; -0.00662 V          ; 0.129 V                              ; 0.049 V                              ; 8.55e-10 s                  ; 8.01e-10 s                  ; No                         ; Yes                        ; 2.32 V                      ; 8.13e-07 V                  ; 2.35 V             ; -0.00662 V         ; 0.129 V                             ; 0.049 V                             ; 8.55e-10 s                 ; 8.01e-10 s                 ; No                        ; Yes                       ;
; RI[4]         ; 2.5 V        ; 0 s                 ; 0 s                 ; 2.32 V                       ; 8.13e-07 V                   ; 2.33 V              ; -0.00252 V          ; 0.203 V                              ; 0.046 V                              ; 2.34e-09 s                  ; 2.24e-09 s                  ; Yes                        ; Yes                        ; 2.32 V                      ; 8.13e-07 V                  ; 2.33 V             ; -0.00252 V         ; 0.203 V                             ; 0.046 V                             ; 2.34e-09 s                 ; 2.24e-09 s                 ; Yes                       ; Yes                       ;
; RI[3]         ; 2.5 V        ; 0 s                 ; 0 s                 ; 2.32 V                       ; 1.21e-06 V                   ; 2.37 V              ; -0.00606 V          ; 0.107 V                              ; 0.021 V                              ; 4.26e-10 s                  ; 4.03e-10 s                  ; Yes                        ; Yes                        ; 2.32 V                      ; 1.21e-06 V                  ; 2.37 V             ; -0.00606 V         ; 0.107 V                             ; 0.021 V                             ; 4.26e-10 s                 ; 4.03e-10 s                 ; Yes                       ; Yes                       ;
; RI[2]         ; 2.5 V        ; 0 s                 ; 0 s                 ; 2.32 V                       ; 1.21e-06 V                   ; 2.37 V              ; -0.00606 V          ; 0.107 V                              ; 0.021 V                              ; 4.26e-10 s                  ; 4.03e-10 s                  ; Yes                        ; Yes                        ; 2.32 V                      ; 1.21e-06 V                  ; 2.37 V             ; -0.00606 V         ; 0.107 V                             ; 0.021 V                             ; 4.26e-10 s                 ; 4.03e-10 s                 ; Yes                       ; Yes                       ;
; RI[1]         ; 2.5 V        ; 0 s                 ; 0 s                 ; 2.32 V                       ; 8.13e-07 V                   ; 2.35 V              ; -0.00662 V          ; 0.129 V                              ; 0.049 V                              ; 8.55e-10 s                  ; 8.01e-10 s                  ; No                         ; Yes                        ; 2.32 V                      ; 8.13e-07 V                  ; 2.35 V             ; -0.00662 V         ; 0.129 V                             ; 0.049 V                             ; 8.55e-10 s                 ; 8.01e-10 s                 ; No                        ; Yes                       ;
; RI[0]         ; 2.5 V        ; 0 s                 ; 0 s                 ; 2.32 V                       ; 1.21e-06 V                   ; 2.36 V              ; -0.00833 V          ; 0.113 V                              ; 0.035 V                              ; 6.32e-10 s                  ; 5.89e-10 s                  ; No                         ; Yes                        ; 2.32 V                      ; 1.21e-06 V                  ; 2.36 V             ; -0.00833 V         ; 0.113 V                             ; 0.035 V                             ; 6.32e-10 s                 ; 5.89e-10 s                 ; No                        ; Yes                       ;
; cg_RI         ; 2.5 V        ; 0 s                 ; 0 s                 ; 2.32 V                       ; 8.13e-07 V                   ; 2.35 V              ; -0.00662 V          ; 0.129 V                              ; 0.049 V                              ; 8.55e-10 s                  ; 8.01e-10 s                  ; No                         ; Yes                        ; 2.32 V                      ; 8.13e-07 V                  ; 2.35 V             ; -0.00662 V         ; 0.129 V                             ; 0.049 V                             ; 8.55e-10 s                 ; 8.01e-10 s                 ; No                        ; Yes                       ;
; RDM[7]        ; 2.5 V        ; 0 s                 ; 0 s                 ; 2.32 V                       ; 8.13e-07 V                   ; 2.35 V              ; -0.00662 V          ; 0.129 V                              ; 0.049 V                              ; 8.55e-10 s                  ; 8.01e-10 s                  ; No                         ; Yes                        ; 2.32 V                      ; 8.13e-07 V                  ; 2.35 V             ; -0.00662 V         ; 0.129 V                             ; 0.049 V                             ; 8.55e-10 s                 ; 8.01e-10 s                 ; No                        ; Yes                       ;
; RDM[6]        ; 2.5 V        ; 0 s                 ; 0 s                 ; 2.32 V                       ; 8.13e-07 V                   ; 2.35 V              ; -0.00662 V          ; 0.129 V                              ; 0.049 V                              ; 8.55e-10 s                  ; 8.01e-10 s                  ; No                         ; Yes                        ; 2.32 V                      ; 8.13e-07 V                  ; 2.35 V             ; -0.00662 V         ; 0.129 V                             ; 0.049 V                             ; 8.55e-10 s                 ; 8.01e-10 s                 ; No                        ; Yes                       ;
; RDM[5]        ; 2.5 V        ; 0 s                 ; 0 s                 ; 2.32 V                       ; 8.13e-07 V                   ; 2.35 V              ; -0.00662 V          ; 0.129 V                              ; 0.049 V                              ; 8.55e-10 s                  ; 8.01e-10 s                  ; No                         ; Yes                        ; 2.32 V                      ; 8.13e-07 V                  ; 2.35 V             ; -0.00662 V         ; 0.129 V                             ; 0.049 V                             ; 8.55e-10 s                 ; 8.01e-10 s                 ; No                        ; Yes                       ;
; RDM[4]        ; 2.5 V        ; 0 s                 ; 0 s                 ; 2.32 V                       ; 8.13e-07 V                   ; 2.35 V              ; -0.00662 V          ; 0.129 V                              ; 0.049 V                              ; 8.55e-10 s                  ; 8.01e-10 s                  ; No                         ; Yes                        ; 2.32 V                      ; 8.13e-07 V                  ; 2.35 V             ; -0.00662 V         ; 0.129 V                             ; 0.049 V                             ; 8.55e-10 s                 ; 8.01e-10 s                 ; No                        ; Yes                       ;
; RDM[3]        ; 2.5 V        ; 0 s                 ; 0 s                 ; 2.32 V                       ; 8.13e-07 V                   ; 2.35 V              ; -0.00662 V          ; 0.129 V                              ; 0.049 V                              ; 8.55e-10 s                  ; 8.01e-10 s                  ; No                         ; Yes                        ; 2.32 V                      ; 8.13e-07 V                  ; 2.35 V             ; -0.00662 V         ; 0.129 V                             ; 0.049 V                             ; 8.55e-10 s                 ; 8.01e-10 s                 ; No                        ; Yes                       ;
; RDM[2]        ; 2.5 V        ; 0 s                 ; 0 s                 ; 2.32 V                       ; 8.13e-07 V                   ; 2.36 V              ; -0.00623 V          ; 0.121 V                              ; 0.03 V                               ; 4.4e-10 s                   ; 4.28e-10 s                  ; Yes                        ; Yes                        ; 2.32 V                      ; 8.13e-07 V                  ; 2.36 V             ; -0.00623 V         ; 0.121 V                             ; 0.03 V                              ; 4.4e-10 s                  ; 4.28e-10 s                 ; Yes                       ; Yes                       ;
; RDM[1]        ; 2.5 V        ; 0 s                 ; 0 s                 ; 2.32 V                       ; 8.13e-07 V                   ; 2.35 V              ; -0.00662 V          ; 0.129 V                              ; 0.049 V                              ; 8.55e-10 s                  ; 8.01e-10 s                  ; No                         ; Yes                        ; 2.32 V                      ; 8.13e-07 V                  ; 2.35 V             ; -0.00662 V         ; 0.129 V                             ; 0.049 V                             ; 8.55e-10 s                 ; 8.01e-10 s                 ; No                        ; Yes                       ;
; RDM[0]        ; 2.5 V        ; 0 s                 ; 0 s                 ; 2.32 V                       ; 8.13e-07 V                   ; 2.35 V              ; -0.00662 V          ; 0.129 V                              ; 0.049 V                              ; 8.55e-10 s                  ; 8.01e-10 s                  ; No                         ; Yes                        ; 2.32 V                      ; 8.13e-07 V                  ; 2.35 V             ; -0.00662 V         ; 0.129 V                             ; 0.049 V                             ; 8.55e-10 s                 ; 8.01e-10 s                 ; No                        ; Yes                       ;
; cg_RDM        ; 2.5 V        ; 0 s                 ; 0 s                 ; 2.32 V                       ; 8.13e-07 V                   ; 2.35 V              ; -0.00662 V          ; 0.129 V                              ; 0.049 V                              ; 8.55e-10 s                  ; 8.01e-10 s                  ; No                         ; Yes                        ; 2.32 V                      ; 8.13e-07 V                  ; 2.35 V             ; -0.00662 V         ; 0.129 V                             ; 0.049 V                             ; 8.55e-10 s                 ; 8.01e-10 s                 ; No                        ; Yes                       ;
; MEM[7]        ; 2.5 V        ; 0 s                 ; 0 s                 ; 2.32 V                       ; 1.21e-06 V                   ; 2.36 V              ; -0.00833 V          ; 0.113 V                              ; 0.035 V                              ; 6.32e-10 s                  ; 5.89e-10 s                  ; No                         ; Yes                        ; 2.32 V                      ; 1.21e-06 V                  ; 2.36 V             ; -0.00833 V         ; 0.113 V                             ; 0.035 V                             ; 6.32e-10 s                 ; 5.89e-10 s                 ; No                        ; Yes                       ;
; MEM[6]        ; 2.5 V        ; 0 s                 ; 0 s                 ; 2.32 V                       ; 1.21e-06 V                   ; 2.36 V              ; -0.00833 V          ; 0.113 V                              ; 0.035 V                              ; 6.32e-10 s                  ; 5.89e-10 s                  ; No                         ; Yes                        ; 2.32 V                      ; 1.21e-06 V                  ; 2.36 V             ; -0.00833 V         ; 0.113 V                             ; 0.035 V                             ; 6.32e-10 s                 ; 5.89e-10 s                 ; No                        ; Yes                       ;
; MEM[5]        ; 2.5 V        ; 0 s                 ; 0 s                 ; 2.32 V                       ; 1.21e-06 V                   ; 2.36 V              ; -0.00833 V          ; 0.113 V                              ; 0.035 V                              ; 6.32e-10 s                  ; 5.89e-10 s                  ; No                         ; Yes                        ; 2.32 V                      ; 1.21e-06 V                  ; 2.36 V             ; -0.00833 V         ; 0.113 V                             ; 0.035 V                             ; 6.32e-10 s                 ; 5.89e-10 s                 ; No                        ; Yes                       ;
; MEM[4]        ; 2.5 V        ; 0 s                 ; 0 s                 ; 2.32 V                       ; 1.21e-06 V                   ; 2.36 V              ; -0.00833 V          ; 0.113 V                              ; 0.035 V                              ; 6.32e-10 s                  ; 5.89e-10 s                  ; No                         ; Yes                        ; 2.32 V                      ; 1.21e-06 V                  ; 2.36 V             ; -0.00833 V         ; 0.113 V                             ; 0.035 V                             ; 6.32e-10 s                 ; 5.89e-10 s                 ; No                        ; Yes                       ;
; MEM[3]        ; 2.5 V        ; 0 s                 ; 0 s                 ; 2.32 V                       ; 1.21e-06 V                   ; 2.36 V              ; -0.00833 V          ; 0.113 V                              ; 0.035 V                              ; 6.32e-10 s                  ; 5.89e-10 s                  ; No                         ; Yes                        ; 2.32 V                      ; 1.21e-06 V                  ; 2.36 V             ; -0.00833 V         ; 0.113 V                             ; 0.035 V                             ; 6.32e-10 s                 ; 5.89e-10 s                 ; No                        ; Yes                       ;
; MEM[2]        ; 2.5 V        ; 0 s                 ; 0 s                 ; 2.32 V                       ; 1.21e-06 V                   ; 2.37 V              ; -0.00606 V          ; 0.107 V                              ; 0.021 V                              ; 4.26e-10 s                  ; 4.03e-10 s                  ; Yes                        ; Yes                        ; 2.32 V                      ; 1.21e-06 V                  ; 2.37 V             ; -0.00606 V         ; 0.107 V                             ; 0.021 V                             ; 4.26e-10 s                 ; 4.03e-10 s                 ; Yes                       ; Yes                       ;
; MEM[1]        ; 2.5 V        ; 0 s                 ; 0 s                 ; 2.32 V                       ; 1.21e-06 V                   ; 2.36 V              ; -0.00833 V          ; 0.113 V                              ; 0.035 V                              ; 6.32e-10 s                  ; 5.89e-10 s                  ; No                         ; Yes                        ; 2.32 V                      ; 1.21e-06 V                  ; 2.36 V             ; -0.00833 V         ; 0.113 V                             ; 0.035 V                             ; 6.32e-10 s                 ; 5.89e-10 s                 ; No                        ; Yes                       ;
; MEM[0]        ; 2.5 V        ; 0 s                 ; 0 s                 ; 2.32 V                       ; 1.21e-06 V                   ; 2.36 V              ; -0.00833 V          ; 0.113 V                              ; 0.035 V                              ; 6.32e-10 s                  ; 5.89e-10 s                  ; No                         ; Yes                        ; 2.32 V                      ; 1.21e-06 V                  ; 2.36 V             ; -0.00833 V         ; 0.113 V                             ; 0.035 V                             ; 6.32e-10 s                 ; 5.89e-10 s                 ; No                        ; Yes                       ;
; REM[7]        ; 2.5 V        ; 0 s                 ; 0 s                 ; 2.32 V                       ; 8.13e-07 V                   ; 2.35 V              ; -0.00662 V          ; 0.129 V                              ; 0.049 V                              ; 8.55e-10 s                  ; 8.01e-10 s                  ; No                         ; Yes                        ; 2.32 V                      ; 8.13e-07 V                  ; 2.35 V             ; -0.00662 V         ; 0.129 V                             ; 0.049 V                             ; 8.55e-10 s                 ; 8.01e-10 s                 ; No                        ; Yes                       ;
; REM[6]        ; 2.5 V        ; 0 s                 ; 0 s                 ; 2.32 V                       ; 1.21e-06 V                   ; 2.36 V              ; -0.00833 V          ; 0.113 V                              ; 0.035 V                              ; 6.32e-10 s                  ; 5.89e-10 s                  ; No                         ; Yes                        ; 2.32 V                      ; 1.21e-06 V                  ; 2.36 V             ; -0.00833 V         ; 0.113 V                             ; 0.035 V                             ; 6.32e-10 s                 ; 5.89e-10 s                 ; No                        ; Yes                       ;
; REM[5]        ; 2.5 V        ; 0 s                 ; 0 s                 ; 2.32 V                       ; 1.21e-06 V                   ; 2.36 V              ; -0.00833 V          ; 0.113 V                              ; 0.035 V                              ; 6.32e-10 s                  ; 5.89e-10 s                  ; No                         ; Yes                        ; 2.32 V                      ; 1.21e-06 V                  ; 2.36 V             ; -0.00833 V         ; 0.113 V                             ; 0.035 V                             ; 6.32e-10 s                 ; 5.89e-10 s                 ; No                        ; Yes                       ;
; REM[4]        ; 2.5 V        ; 0 s                 ; 0 s                 ; 2.32 V                       ; 8.13e-07 V                   ; 2.35 V              ; -0.00662 V          ; 0.129 V                              ; 0.049 V                              ; 8.55e-10 s                  ; 8.01e-10 s                  ; No                         ; Yes                        ; 2.32 V                      ; 8.13e-07 V                  ; 2.35 V             ; -0.00662 V         ; 0.129 V                             ; 0.049 V                             ; 8.55e-10 s                 ; 8.01e-10 s                 ; No                        ; Yes                       ;
; REM[3]        ; 2.5 V        ; 0 s                 ; 0 s                 ; 2.32 V                       ; 8.13e-07 V                   ; 2.35 V              ; -0.00662 V          ; 0.129 V                              ; 0.049 V                              ; 8.55e-10 s                  ; 8.01e-10 s                  ; No                         ; Yes                        ; 2.32 V                      ; 8.13e-07 V                  ; 2.35 V             ; -0.00662 V         ; 0.129 V                             ; 0.049 V                             ; 8.55e-10 s                 ; 8.01e-10 s                 ; No                        ; Yes                       ;
; REM[2]        ; 2.5 V        ; 0 s                 ; 0 s                 ; 2.32 V                       ; 1.21e-06 V                   ; 2.36 V              ; -0.00833 V          ; 0.113 V                              ; 0.035 V                              ; 6.32e-10 s                  ; 5.89e-10 s                  ; No                         ; Yes                        ; 2.32 V                      ; 1.21e-06 V                  ; 2.36 V             ; -0.00833 V         ; 0.113 V                             ; 0.035 V                             ; 6.32e-10 s                 ; 5.89e-10 s                 ; No                        ; Yes                       ;
; REM[1]        ; 2.5 V        ; 0 s                 ; 0 s                 ; 2.32 V                       ; 1.21e-06 V                   ; 2.36 V              ; -0.00833 V          ; 0.113 V                              ; 0.035 V                              ; 6.32e-10 s                  ; 5.89e-10 s                  ; No                         ; Yes                        ; 2.32 V                      ; 1.21e-06 V                  ; 2.36 V             ; -0.00833 V         ; 0.113 V                             ; 0.035 V                             ; 6.32e-10 s                 ; 5.89e-10 s                 ; No                        ; Yes                       ;
; REM[0]        ; 2.5 V        ; 0 s                 ; 0 s                 ; 2.32 V                       ; 1.21e-06 V                   ; 2.36 V              ; -0.00833 V          ; 0.113 V                              ; 0.035 V                              ; 6.32e-10 s                  ; 5.89e-10 s                  ; No                         ; Yes                        ; 2.32 V                      ; 1.21e-06 V                  ; 2.36 V             ; -0.00833 V         ; 0.113 V                             ; 0.035 V                             ; 6.32e-10 s                 ; 5.89e-10 s                 ; No                        ; Yes                       ;
; cg_REM        ; 2.5 V        ; 0 s                 ; 0 s                 ; 2.32 V                       ; 8.13e-07 V                   ; 2.35 V              ; -0.00662 V          ; 0.129 V                              ; 0.049 V                              ; 8.55e-10 s                  ; 8.01e-10 s                  ; No                         ; Yes                        ; 2.32 V                      ; 8.13e-07 V                  ; 2.35 V             ; -0.00662 V         ; 0.129 V                             ; 0.049 V                             ; 8.55e-10 s                 ; 8.01e-10 s                 ; No                        ; Yes                       ;
; MUX[7]        ; 2.5 V        ; 0 s                 ; 0 s                 ; 2.32 V                       ; 1.21e-06 V                   ; 2.36 V              ; -0.00833 V          ; 0.113 V                              ; 0.035 V                              ; 6.32e-10 s                  ; 5.89e-10 s                  ; No                         ; Yes                        ; 2.32 V                      ; 1.21e-06 V                  ; 2.36 V             ; -0.00833 V         ; 0.113 V                             ; 0.035 V                             ; 6.32e-10 s                 ; 5.89e-10 s                 ; No                        ; Yes                       ;
; MUX[6]        ; 2.5 V        ; 0 s                 ; 0 s                 ; 2.32 V                       ; 1.21e-06 V                   ; 2.36 V              ; -0.00833 V          ; 0.113 V                              ; 0.035 V                              ; 6.32e-10 s                  ; 5.89e-10 s                  ; No                         ; Yes                        ; 2.32 V                      ; 1.21e-06 V                  ; 2.36 V             ; -0.00833 V         ; 0.113 V                             ; 0.035 V                             ; 6.32e-10 s                 ; 5.89e-10 s                 ; No                        ; Yes                       ;
; MUX[5]        ; 2.5 V        ; 0 s                 ; 0 s                 ; 2.32 V                       ; 1.21e-06 V                   ; 2.36 V              ; -0.00833 V          ; 0.113 V                              ; 0.035 V                              ; 6.32e-10 s                  ; 5.89e-10 s                  ; No                         ; Yes                        ; 2.32 V                      ; 1.21e-06 V                  ; 2.36 V             ; -0.00833 V         ; 0.113 V                             ; 0.035 V                             ; 6.32e-10 s                 ; 5.89e-10 s                 ; No                        ; Yes                       ;
; MUX[4]        ; 2.5 V        ; 0 s                 ; 0 s                 ; 2.32 V                       ; 1.21e-06 V                   ; 2.36 V              ; -0.00833 V          ; 0.113 V                              ; 0.035 V                              ; 6.32e-10 s                  ; 5.89e-10 s                  ; No                         ; Yes                        ; 2.32 V                      ; 1.21e-06 V                  ; 2.36 V             ; -0.00833 V         ; 0.113 V                             ; 0.035 V                             ; 6.32e-10 s                 ; 5.89e-10 s                 ; No                        ; Yes                       ;
; MUX[3]        ; 2.5 V        ; 0 s                 ; 0 s                 ; 2.32 V                       ; 1.21e-06 V                   ; 2.36 V              ; -0.00833 V          ; 0.113 V                              ; 0.035 V                              ; 6.32e-10 s                  ; 5.89e-10 s                  ; No                         ; Yes                        ; 2.32 V                      ; 1.21e-06 V                  ; 2.36 V             ; -0.00833 V         ; 0.113 V                             ; 0.035 V                             ; 6.32e-10 s                 ; 5.89e-10 s                 ; No                        ; Yes                       ;
; MUX[2]        ; 2.5 V        ; 0 s                 ; 0 s                 ; 2.32 V                       ; 1.21e-06 V                   ; 2.36 V              ; -0.00833 V          ; 0.113 V                              ; 0.035 V                              ; 6.32e-10 s                  ; 5.89e-10 s                  ; No                         ; Yes                        ; 2.32 V                      ; 1.21e-06 V                  ; 2.36 V             ; -0.00833 V         ; 0.113 V                             ; 0.035 V                             ; 6.32e-10 s                 ; 5.89e-10 s                 ; No                        ; Yes                       ;
; MUX[1]        ; 2.5 V        ; 0 s                 ; 0 s                 ; 2.32 V                       ; 1.21e-06 V                   ; 2.36 V              ; -0.00833 V          ; 0.113 V                              ; 0.035 V                              ; 6.32e-10 s                  ; 5.89e-10 s                  ; No                         ; Yes                        ; 2.32 V                      ; 1.21e-06 V                  ; 2.36 V             ; -0.00833 V         ; 0.113 V                             ; 0.035 V                             ; 6.32e-10 s                 ; 5.89e-10 s                 ; No                        ; Yes                       ;
; MUX[0]        ; 2.5 V        ; 0 s                 ; 0 s                 ; 2.32 V                       ; 1.21e-06 V                   ; 2.36 V              ; -0.00833 V          ; 0.113 V                              ; 0.035 V                              ; 6.32e-10 s                  ; 5.89e-10 s                  ; No                         ; Yes                        ; 2.32 V                      ; 1.21e-06 V                  ; 2.36 V             ; -0.00833 V         ; 0.113 V                             ; 0.035 V                             ; 6.32e-10 s                 ; 5.89e-10 s                 ; No                        ; Yes                       ;
; mux_REM       ; 2.5 V        ; 0 s                 ; 0 s                 ; 2.32 V                       ; 8.13e-07 V                   ; 2.35 V              ; -0.00662 V          ; 0.129 V                              ; 0.049 V                              ; 8.55e-10 s                  ; 8.01e-10 s                  ; No                         ; Yes                        ; 2.32 V                      ; 8.13e-07 V                  ; 2.35 V             ; -0.00662 V         ; 0.129 V                             ; 0.049 V                             ; 8.55e-10 s                 ; 8.01e-10 s                 ; No                        ; Yes                       ;
; PC[7]         ; 2.5 V        ; 0 s                 ; 0 s                 ; 2.32 V                       ; 8.13e-07 V                   ; 2.35 V              ; -0.00662 V          ; 0.129 V                              ; 0.049 V                              ; 8.55e-10 s                  ; 8.01e-10 s                  ; No                         ; Yes                        ; 2.32 V                      ; 8.13e-07 V                  ; 2.35 V             ; -0.00662 V         ; 0.129 V                             ; 0.049 V                             ; 8.55e-10 s                 ; 8.01e-10 s                 ; No                        ; Yes                       ;
; PC[6]         ; 2.5 V        ; 0 s                 ; 0 s                 ; 2.32 V                       ; 1.21e-06 V                   ; 2.36 V              ; -0.00833 V          ; 0.113 V                              ; 0.035 V                              ; 6.32e-10 s                  ; 5.89e-10 s                  ; No                         ; Yes                        ; 2.32 V                      ; 1.21e-06 V                  ; 2.36 V             ; -0.00833 V         ; 0.113 V                             ; 0.035 V                             ; 6.32e-10 s                 ; 5.89e-10 s                 ; No                        ; Yes                       ;
; PC[5]         ; 2.5 V        ; 0 s                 ; 0 s                 ; 2.32 V                       ; 1.21e-06 V                   ; 2.36 V              ; -0.00833 V          ; 0.113 V                              ; 0.035 V                              ; 6.32e-10 s                  ; 5.89e-10 s                  ; No                         ; Yes                        ; 2.32 V                      ; 1.21e-06 V                  ; 2.36 V             ; -0.00833 V         ; 0.113 V                             ; 0.035 V                             ; 6.32e-10 s                 ; 5.89e-10 s                 ; No                        ; Yes                       ;
; PC[4]         ; 2.5 V        ; 0 s                 ; 0 s                 ; 2.32 V                       ; 1.21e-06 V                   ; 2.36 V              ; -0.00833 V          ; 0.113 V                              ; 0.035 V                              ; 6.32e-10 s                  ; 5.89e-10 s                  ; No                         ; Yes                        ; 2.32 V                      ; 1.21e-06 V                  ; 2.36 V             ; -0.00833 V         ; 0.113 V                             ; 0.035 V                             ; 6.32e-10 s                 ; 5.89e-10 s                 ; No                        ; Yes                       ;
; PC[3]         ; 2.5 V        ; 0 s                 ; 0 s                 ; 2.32 V                       ; 1.21e-06 V                   ; 2.36 V              ; -0.00833 V          ; 0.113 V                              ; 0.035 V                              ; 6.32e-10 s                  ; 5.89e-10 s                  ; No                         ; Yes                        ; 2.32 V                      ; 1.21e-06 V                  ; 2.36 V             ; -0.00833 V         ; 0.113 V                             ; 0.035 V                             ; 6.32e-10 s                 ; 5.89e-10 s                 ; No                        ; Yes                       ;
; PC[2]         ; 2.5 V        ; 0 s                 ; 0 s                 ; 2.32 V                       ; 1.21e-06 V                   ; 2.36 V              ; -0.00833 V          ; 0.113 V                              ; 0.035 V                              ; 6.32e-10 s                  ; 5.89e-10 s                  ; No                         ; Yes                        ; 2.32 V                      ; 1.21e-06 V                  ; 2.36 V             ; -0.00833 V         ; 0.113 V                             ; 0.035 V                             ; 6.32e-10 s                 ; 5.89e-10 s                 ; No                        ; Yes                       ;
; PC[1]         ; 2.5 V        ; 0 s                 ; 0 s                 ; 2.32 V                       ; 1.21e-06 V                   ; 2.37 V              ; -0.00606 V          ; 0.107 V                              ; 0.021 V                              ; 4.26e-10 s                  ; 4.03e-10 s                  ; Yes                        ; Yes                        ; 2.32 V                      ; 1.21e-06 V                  ; 2.37 V             ; -0.00606 V         ; 0.107 V                             ; 0.021 V                             ; 4.26e-10 s                 ; 4.03e-10 s                 ; Yes                       ; Yes                       ;
; PC[0]         ; 2.5 V        ; 0 s                 ; 0 s                 ; 2.32 V                       ; 1.21e-06 V                   ; 2.37 V              ; -0.00606 V          ; 0.107 V                              ; 0.021 V                              ; 4.26e-10 s                  ; 4.03e-10 s                  ; Yes                        ; Yes                        ; 2.32 V                      ; 1.21e-06 V                  ; 2.37 V             ; -0.00606 V         ; 0.107 V                             ; 0.021 V                             ; 4.26e-10 s                 ; 4.03e-10 s                 ; Yes                       ; Yes                       ;
; inc_pc        ; 2.5 V        ; 0 s                 ; 0 s                 ; 2.32 V                       ; 1.21e-06 V                   ; 2.36 V              ; -0.00833 V          ; 0.113 V                              ; 0.035 V                              ; 6.32e-10 s                  ; 5.89e-10 s                  ; No                         ; Yes                        ; 2.32 V                      ; 1.21e-06 V                  ; 2.36 V             ; -0.00833 V         ; 0.113 V                             ; 0.035 V                             ; 6.32e-10 s                 ; 5.89e-10 s                 ; No                        ; Yes                       ;
; cg_PC         ; 2.5 V        ; 0 s                 ; 0 s                 ; 2.32 V                       ; 1.21e-06 V                   ; 2.36 V              ; -0.00833 V          ; 0.113 V                              ; 0.035 V                              ; 6.32e-10 s                  ; 5.89e-10 s                  ; No                         ; Yes                        ; 2.32 V                      ; 1.21e-06 V                  ; 2.36 V             ; -0.00833 V         ; 0.113 V                             ; 0.035 V                             ; 6.32e-10 s                 ; 5.89e-10 s                 ; No                        ; Yes                       ;
; ULA[7]        ; 2.5 V        ; 0 s                 ; 0 s                 ; 2.32 V                       ; 8.13e-07 V                   ; 2.36 V              ; -0.00623 V          ; 0.121 V                              ; 0.03 V                               ; 4.4e-10 s                   ; 4.28e-10 s                  ; Yes                        ; Yes                        ; 2.32 V                      ; 8.13e-07 V                  ; 2.36 V             ; -0.00623 V         ; 0.121 V                             ; 0.03 V                              ; 4.4e-10 s                  ; 4.28e-10 s                 ; Yes                       ; Yes                       ;
; ULA[6]        ; 2.5 V        ; 0 s                 ; 0 s                 ; 2.32 V                       ; 1.21e-06 V                   ; 2.36 V              ; -0.00833 V          ; 0.113 V                              ; 0.035 V                              ; 6.32e-10 s                  ; 5.89e-10 s                  ; No                         ; Yes                        ; 2.32 V                      ; 1.21e-06 V                  ; 2.36 V             ; -0.00833 V         ; 0.113 V                             ; 0.035 V                             ; 6.32e-10 s                 ; 5.89e-10 s                 ; No                        ; Yes                       ;
; ULA[5]        ; 2.5 V        ; 0 s                 ; 0 s                 ; 2.32 V                       ; 1.21e-06 V                   ; 2.36 V              ; -0.00833 V          ; 0.113 V                              ; 0.035 V                              ; 6.32e-10 s                  ; 5.89e-10 s                  ; No                         ; Yes                        ; 2.32 V                      ; 1.21e-06 V                  ; 2.36 V             ; -0.00833 V         ; 0.113 V                             ; 0.035 V                             ; 6.32e-10 s                 ; 5.89e-10 s                 ; No                        ; Yes                       ;
; ULA[4]        ; 2.5 V        ; 0 s                 ; 0 s                 ; 2.32 V                       ; 1.21e-06 V                   ; 2.36 V              ; -0.00833 V          ; 0.113 V                              ; 0.035 V                              ; 6.32e-10 s                  ; 5.89e-10 s                  ; No                         ; Yes                        ; 2.32 V                      ; 1.21e-06 V                  ; 2.36 V             ; -0.00833 V         ; 0.113 V                             ; 0.035 V                             ; 6.32e-10 s                 ; 5.89e-10 s                 ; No                        ; Yes                       ;
; ULA[3]        ; 2.5 V        ; 0 s                 ; 0 s                 ; 2.32 V                       ; 1.21e-06 V                   ; 2.37 V              ; -0.00606 V          ; 0.107 V                              ; 0.021 V                              ; 4.26e-10 s                  ; 4.03e-10 s                  ; Yes                        ; Yes                        ; 2.32 V                      ; 1.21e-06 V                  ; 2.37 V             ; -0.00606 V         ; 0.107 V                             ; 0.021 V                             ; 4.26e-10 s                 ; 4.03e-10 s                 ; Yes                       ; Yes                       ;
; ULA[2]        ; 2.5 V        ; 0 s                 ; 0 s                 ; 2.32 V                       ; 8.13e-07 V                   ; 2.35 V              ; -0.00662 V          ; 0.129 V                              ; 0.049 V                              ; 8.55e-10 s                  ; 8.01e-10 s                  ; No                         ; Yes                        ; 2.32 V                      ; 8.13e-07 V                  ; 2.35 V             ; -0.00662 V         ; 0.129 V                             ; 0.049 V                             ; 8.55e-10 s                 ; 8.01e-10 s                 ; No                        ; Yes                       ;
; ULA[1]        ; 2.5 V        ; 0 s                 ; 0 s                 ; 2.32 V                       ; 8.13e-07 V                   ; 2.35 V              ; -0.00662 V          ; 0.129 V                              ; 0.049 V                              ; 8.55e-10 s                  ; 8.01e-10 s                  ; No                         ; Yes                        ; 2.32 V                      ; 8.13e-07 V                  ; 2.35 V             ; -0.00662 V         ; 0.129 V                             ; 0.049 V                             ; 8.55e-10 s                 ; 8.01e-10 s                 ; No                        ; Yes                       ;
; ULA[0]        ; 2.5 V        ; 0 s                 ; 0 s                 ; 2.32 V                       ; 8.13e-07 V                   ; 2.35 V              ; -0.00662 V          ; 0.129 V                              ; 0.049 V                              ; 8.55e-10 s                  ; 8.01e-10 s                  ; No                         ; Yes                        ; 2.32 V                      ; 8.13e-07 V                  ; 2.35 V             ; -0.00662 V         ; 0.129 V                             ; 0.049 V                             ; 8.55e-10 s                 ; 8.01e-10 s                 ; No                        ; Yes                       ;
; i_not         ; 2.5 V        ; 0 s                 ; 0 s                 ; 2.32 V                       ; 1.21e-06 V                   ; 2.37 V              ; -0.00606 V          ; 0.107 V                              ; 0.021 V                              ; 4.26e-10 s                  ; 4.03e-10 s                  ; Yes                        ; Yes                        ; 2.32 V                      ; 1.21e-06 V                  ; 2.37 V             ; -0.00606 V         ; 0.107 V                             ; 0.021 V                             ; 4.26e-10 s                 ; 4.03e-10 s                 ; Yes                       ; Yes                       ;
; i_and         ; 2.5 V        ; 0 s                 ; 0 s                 ; 2.32 V                       ; 1.21e-06 V                   ; 2.33 V              ; -0.00286 V          ; 0.193 V                              ; 0.042 V                              ; 2.32e-09 s                  ; 2.21e-09 s                  ; Yes                        ; Yes                        ; 2.32 V                      ; 1.21e-06 V                  ; 2.33 V             ; -0.00286 V         ; 0.193 V                             ; 0.042 V                             ; 2.32e-09 s                 ; 2.21e-09 s                 ; Yes                       ; Yes                       ;
; i_or          ; 2.5 V        ; 0 s                 ; 0 s                 ; 2.32 V                       ; 1.21e-06 V                   ; 2.36 V              ; -0.00833 V          ; 0.113 V                              ; 0.035 V                              ; 6.32e-10 s                  ; 5.89e-10 s                  ; No                         ; Yes                        ; 2.32 V                      ; 1.21e-06 V                  ; 2.36 V             ; -0.00833 V         ; 0.113 V                             ; 0.035 V                             ; 6.32e-10 s                 ; 5.89e-10 s                 ; No                        ; Yes                       ;
; i_add         ; 2.5 V        ; 0 s                 ; 0 s                 ; 2.32 V                       ; 1.21e-06 V                   ; 2.36 V              ; -0.00833 V          ; 0.113 V                              ; 0.035 V                              ; 6.32e-10 s                  ; 5.89e-10 s                  ; No                         ; Yes                        ; 2.32 V                      ; 1.21e-06 V                  ; 2.36 V             ; -0.00833 V         ; 0.113 V                             ; 0.035 V                             ; 6.32e-10 s                 ; 5.89e-10 s                 ; No                        ; Yes                       ;
; i_lda         ; 2.5 V        ; 0 s                 ; 0 s                 ; 2.32 V                       ; 1.21e-06 V                   ; 2.36 V              ; -0.00833 V          ; 0.113 V                              ; 0.035 V                              ; 6.32e-10 s                  ; 5.89e-10 s                  ; No                         ; Yes                        ; 2.32 V                      ; 1.21e-06 V                  ; 2.36 V             ; -0.00833 V         ; 0.113 V                             ; 0.035 V                             ; 6.32e-10 s                 ; 5.89e-10 s                 ; No                        ; Yes                       ;
; T[7]          ; 2.5 V        ; 0 s                 ; 0 s                 ; 2.32 V                       ; 8.13e-07 V                   ; 2.35 V              ; -0.00662 V          ; 0.129 V                              ; 0.049 V                              ; 8.55e-10 s                  ; 8.01e-10 s                  ; No                         ; Yes                        ; 2.32 V                      ; 8.13e-07 V                  ; 2.35 V             ; -0.00662 V         ; 0.129 V                             ; 0.049 V                             ; 8.55e-10 s                 ; 8.01e-10 s                 ; No                        ; Yes                       ;
; T[6]          ; 2.5 V        ; 0 s                 ; 0 s                 ; 2.32 V                       ; 8.13e-07 V                   ; 2.35 V              ; -0.00662 V          ; 0.129 V                              ; 0.049 V                              ; 8.55e-10 s                  ; 8.01e-10 s                  ; No                         ; Yes                        ; 2.32 V                      ; 8.13e-07 V                  ; 2.35 V             ; -0.00662 V         ; 0.129 V                             ; 0.049 V                             ; 8.55e-10 s                 ; 8.01e-10 s                 ; No                        ; Yes                       ;
; T[5]          ; 2.5 V        ; 0 s                 ; 0 s                 ; 2.32 V                       ; 1.21e-06 V                   ; 2.36 V              ; -0.00833 V          ; 0.113 V                              ; 0.035 V                              ; 6.32e-10 s                  ; 5.89e-10 s                  ; No                         ; Yes                        ; 2.32 V                      ; 1.21e-06 V                  ; 2.36 V             ; -0.00833 V         ; 0.113 V                             ; 0.035 V                             ; 6.32e-10 s                 ; 5.89e-10 s                 ; No                        ; Yes                       ;
; T[4]          ; 2.5 V        ; 0 s                 ; 0 s                 ; 2.32 V                       ; 1.21e-06 V                   ; 2.36 V              ; -0.00833 V          ; 0.113 V                              ; 0.035 V                              ; 6.32e-10 s                  ; 5.89e-10 s                  ; No                         ; Yes                        ; 2.32 V                      ; 1.21e-06 V                  ; 2.36 V             ; -0.00833 V         ; 0.113 V                             ; 0.035 V                             ; 6.32e-10 s                 ; 5.89e-10 s                 ; No                        ; Yes                       ;
; T[3]          ; 2.5 V        ; 0 s                 ; 0 s                 ; 2.32 V                       ; 1.21e-06 V                   ; 2.36 V              ; -0.00833 V          ; 0.113 V                              ; 0.035 V                              ; 6.32e-10 s                  ; 5.89e-10 s                  ; No                         ; Yes                        ; 2.32 V                      ; 1.21e-06 V                  ; 2.36 V             ; -0.00833 V         ; 0.113 V                             ; 0.035 V                             ; 6.32e-10 s                 ; 5.89e-10 s                 ; No                        ; Yes                       ;
; T[2]          ; 2.5 V        ; 0 s                 ; 0 s                 ; 2.32 V                       ; 1.21e-06 V                   ; 2.33 V              ; -0.00286 V          ; 0.193 V                              ; 0.042 V                              ; 2.32e-09 s                  ; 2.21e-09 s                  ; Yes                        ; Yes                        ; 2.32 V                      ; 1.21e-06 V                  ; 2.33 V             ; -0.00286 V         ; 0.193 V                             ; 0.042 V                             ; 2.32e-09 s                 ; 2.21e-09 s                 ; Yes                       ; Yes                       ;
; T[1]          ; 2.5 V        ; 0 s                 ; 0 s                 ; 2.32 V                       ; 8.13e-07 V                   ; 2.36 V              ; -0.00623 V          ; 0.121 V                              ; 0.03 V                               ; 4.4e-10 s                   ; 4.28e-10 s                  ; Yes                        ; Yes                        ; 2.32 V                      ; 8.13e-07 V                  ; 2.36 V             ; -0.00623 V         ; 0.121 V                             ; 0.03 V                              ; 4.4e-10 s                  ; 4.28e-10 s                 ; Yes                       ; Yes                       ;
; T[0]          ; 2.5 V        ; 0 s                 ; 0 s                 ; 2.32 V                       ; 1.21e-06 V                   ; 2.36 V              ; -0.00833 V          ; 0.113 V                              ; 0.035 V                              ; 6.32e-10 s                  ; 5.89e-10 s                  ; No                         ; Yes                        ; 2.32 V                      ; 1.21e-06 V                  ; 2.36 V             ; -0.00833 V         ; 0.113 V                             ; 0.035 V                             ; 6.32e-10 s                 ; 5.89e-10 s                 ; No                        ; Yes                       ;
; ~ALTERA_NCEO~ ; 2.5 V        ; 0 s                 ; 0 s                 ; 2.32 V                       ; 7.93e-07 V                   ; 2.37 V              ; -0.0278 V           ; 0.106 V                              ; 0.115 V                              ; 2.69e-10 s                  ; 4.05e-10 s                  ; Yes                        ; Yes                        ; 2.32 V                      ; 7.93e-07 V                  ; 2.37 V             ; -0.0278 V          ; 0.106 V                             ; 0.115 V                             ; 2.69e-10 s                 ; 4.05e-10 s                 ; Yes                       ; Yes                       ;
; ~ALTERA_DCLK~ ; 2.5 V        ; 0 s                 ; 0 s                 ; 2.32 V                       ; 9.76e-07 V                   ; 2.36 V              ; -0.00439 V          ; 0.088 V                              ; 0.007 V                              ; 4.05e-10 s                  ; 3.35e-10 s                  ; Yes                        ; Yes                        ; 2.32 V                      ; 9.76e-07 V                  ; 2.36 V             ; -0.00439 V         ; 0.088 V                             ; 0.007 V                             ; 4.05e-10 s                 ; 3.35e-10 s                 ; Yes                       ; Yes                       ;
+---------------+--------------+---------------------+---------------------+------------------------------+------------------------------+---------------------+---------------------+--------------------------------------+--------------------------------------+-----------------------------+-----------------------------+----------------------------+----------------------------+-----------------------------+-----------------------------+--------------------+--------------------+-------------------------------------+-------------------------------------+----------------------------+----------------------------+---------------------------+---------------------------+


+--------------------------------------------------------------------------------------------------------------------------------------------------------------------------------------------------------------------------------------------------------------------------------------------------------------------------------------------------------------------------------------------------------------------------------------------------------------------------------------------------------------------------------------------------------------------------------------------------------------------------------------------------------------------------------------------+
; Signal Integrity Metrics (Fast 1200mv 0c Model)                                                                                                                                                                                                                                                                                                                                                                                                                                                                                                                                                                                                                                            ;
+---------------+--------------+---------------------+---------------------+------------------------------+------------------------------+---------------------+---------------------+--------------------------------------+--------------------------------------+-----------------------------+-----------------------------+----------------------------+----------------------------+-----------------------------+-----------------------------+--------------------+--------------------+-------------------------------------+-------------------------------------+----------------------------+----------------------------+---------------------------+---------------------------+
; Pin           ; I/O Standard ; Board Delay on Rise ; Board Delay on Fall ; Steady State Voh at FPGA Pin ; Steady State Vol at FPGA Pin ; Voh Max at FPGA Pin ; Vol Min at FPGA Pin ; Ringback Voltage on Rise at FPGA Pin ; Ringback Voltage on Fall at FPGA Pin ; 10-90 Rise Time at FPGA Pin ; 90-10 Fall Time at FPGA Pin ; Monotonic Rise at FPGA Pin ; Monotonic Fall at FPGA Pin ; Steady State Voh at Far-end ; Steady State Vol at Far-end ; Voh Max at Far-end ; Vol Min at Far-end ; Ringback Voltage on Rise at Far-end ; Ringback Voltage on Fall at Far-end ; 10-90 Rise Time at Far-end ; 90-10 Fall Time at Far-end ; Monotonic Rise at Far-end ; Monotonic Fall at Far-end ;
+---------------+--------------+---------------------+---------------------+------------------------------+------------------------------+---------------------+---------------------+--------------------------------------+--------------------------------------+-----------------------------+-----------------------------+----------------------------+----------------------------+-----------------------------+-----------------------------+--------------------+--------------------+-------------------------------------+-------------------------------------+----------------------------+----------------------------+---------------------------+---------------------------+
; n             ; 2.5 V        ; 0 s                 ; 0 s                 ; 2.62 V                       ; 4.66e-08 V                   ; 2.72 V              ; -0.0215 V           ; 0.161 V                              ; 0.061 V                              ; 4.44e-10 s                  ; 4.06e-10 s                  ; No                         ; Yes                        ; 2.62 V                      ; 4.66e-08 V                  ; 2.72 V             ; -0.0215 V          ; 0.161 V                             ; 0.061 V                             ; 4.44e-10 s                 ; 4.06e-10 s                 ; No                        ; Yes                       ;
; AC[7]         ; 2.5 V        ; 0 s                 ; 0 s                 ; 2.62 V                       ; 4.66e-08 V                   ; 2.72 V              ; -0.0215 V           ; 0.161 V                              ; 0.061 V                              ; 4.44e-10 s                  ; 4.06e-10 s                  ; No                         ; Yes                        ; 2.62 V                      ; 4.66e-08 V                  ; 2.72 V             ; -0.0215 V          ; 0.161 V                             ; 0.061 V                             ; 4.44e-10 s                 ; 4.06e-10 s                 ; No                        ; Yes                       ;
; AC[6]         ; 2.5 V        ; 0 s                 ; 0 s                 ; 2.62 V                       ; 4.66e-08 V                   ; 2.73 V              ; -0.0205 V           ; 0.17 V                               ; 0.027 V                              ; 2.58e-10 s                  ; 2.57e-10 s                  ; Yes                        ; Yes                        ; 2.62 V                      ; 4.66e-08 V                  ; 2.73 V             ; -0.0205 V          ; 0.17 V                              ; 0.027 V                             ; 2.58e-10 s                 ; 2.57e-10 s                 ; Yes                       ; Yes                       ;
; AC[5]         ; 2.5 V        ; 0 s                 ; 0 s                 ; 2.62 V                       ; 3.16e-08 V                   ; 2.72 V              ; -0.0199 V           ; 0.186 V                              ; 0.027 V                              ; 2.63e-10 s                  ; 2.76e-10 s                  ; Yes                        ; Yes                        ; 2.62 V                      ; 3.16e-08 V                  ; 2.72 V             ; -0.0199 V          ; 0.186 V                             ; 0.027 V                             ; 2.63e-10 s                 ; 2.76e-10 s                 ; Yes                       ; Yes                       ;
; AC[4]         ; 2.5 V        ; 0 s                 ; 0 s                 ; 2.62 V                       ; 3.16e-08 V                   ; 2.71 V              ; -0.0171 V           ; 0.273 V                              ; 0.065 V                              ; 4.95e-10 s                  ; 5.37e-10 s                  ; No                         ; Yes                        ; 2.62 V                      ; 3.16e-08 V                  ; 2.71 V             ; -0.0171 V          ; 0.273 V                             ; 0.065 V                             ; 4.95e-10 s                 ; 5.37e-10 s                 ; No                        ; Yes                       ;
; AC[3]         ; 2.5 V        ; 0 s                 ; 0 s                 ; 2.62 V                       ; 4.66e-08 V                   ; 2.73 V              ; -0.0205 V           ; 0.17 V                               ; 0.027 V                              ; 2.58e-10 s                  ; 2.57e-10 s                  ; Yes                        ; Yes                        ; 2.62 V                      ; 4.66e-08 V                  ; 2.73 V             ; -0.0205 V          ; 0.17 V                              ; 0.027 V                             ; 2.58e-10 s                 ; 2.57e-10 s                 ; Yes                       ; Yes                       ;
; AC[2]         ; 2.5 V        ; 0 s                 ; 0 s                 ; 2.62 V                       ; 4.66e-08 V                   ; 2.73 V              ; -0.0205 V           ; 0.17 V                               ; 0.027 V                              ; 2.58e-10 s                  ; 2.57e-10 s                  ; Yes                        ; Yes                        ; 2.62 V                      ; 4.66e-08 V                  ; 2.73 V             ; -0.0205 V          ; 0.17 V                              ; 0.027 V                             ; 2.58e-10 s                 ; 2.57e-10 s                 ; Yes                       ; Yes                       ;
; AC[1]         ; 2.5 V        ; 0 s                 ; 0 s                 ; 2.62 V                       ; 3.16e-08 V                   ; 2.71 V              ; -0.0171 V           ; 0.273 V                              ; 0.065 V                              ; 4.95e-10 s                  ; 5.37e-10 s                  ; No                         ; Yes                        ; 2.62 V                      ; 3.16e-08 V                  ; 2.71 V             ; -0.0171 V          ; 0.273 V                             ; 0.065 V                             ; 4.95e-10 s                 ; 5.37e-10 s                 ; No                        ; Yes                       ;
; AC[0]         ; 2.5 V        ; 0 s                 ; 0 s                 ; 2.62 V                       ; 3.16e-08 V                   ; 2.71 V              ; -0.0171 V           ; 0.273 V                              ; 0.065 V                              ; 4.95e-10 s                  ; 5.37e-10 s                  ; No                         ; Yes                        ; 2.62 V                      ; 3.16e-08 V                  ; 2.71 V             ; -0.0171 V          ; 0.273 V                             ; 0.065 V                             ; 4.95e-10 s                 ; 5.37e-10 s                 ; No                        ; Yes                       ;
; cg_AC         ; 2.5 V        ; 0 s                 ; 0 s                 ; 2.62 V                       ; 3.16e-08 V                   ; 2.71 V              ; -0.0171 V           ; 0.273 V                              ; 0.065 V                              ; 4.95e-10 s                  ; 5.37e-10 s                  ; No                         ; Yes                        ; 2.62 V                      ; 3.16e-08 V                  ; 2.71 V             ; -0.0171 V          ; 0.273 V                             ; 0.065 V                             ; 4.95e-10 s                 ; 5.37e-10 s                 ; No                        ; Yes                       ;
; z             ; 2.5 V        ; 0 s                 ; 0 s                 ; 2.62 V                       ; 4.66e-08 V                   ; 2.72 V              ; -0.0215 V           ; 0.161 V                              ; 0.061 V                              ; 4.44e-10 s                  ; 4.06e-10 s                  ; No                         ; Yes                        ; 2.62 V                      ; 4.66e-08 V                  ; 2.72 V             ; -0.0215 V          ; 0.161 V                             ; 0.061 V                             ; 4.44e-10 s                 ; 4.06e-10 s                 ; No                        ; Yes                       ;
; tempo[2]      ; 2.5 V        ; 0 s                 ; 0 s                 ; 2.62 V                       ; 3.16e-08 V                   ; 2.65 V              ; -0.0109 V           ; 0.234 V                              ; 0.125 V                              ; 1.64e-09 s                  ; 1.59e-09 s                  ; No                         ; Yes                        ; 2.62 V                      ; 3.16e-08 V                  ; 2.65 V             ; -0.0109 V          ; 0.234 V                             ; 0.125 V                             ; 1.64e-09 s                 ; 1.59e-09 s                 ; No                        ; Yes                       ;
; tempo[1]      ; 2.5 V        ; 0 s                 ; 0 s                 ; 2.62 V                       ; 3.16e-08 V                   ; 2.71 V              ; -0.0171 V           ; 0.273 V                              ; 0.065 V                              ; 4.95e-10 s                  ; 5.37e-10 s                  ; No                         ; Yes                        ; 2.62 V                      ; 3.16e-08 V                  ; 2.71 V             ; -0.0171 V          ; 0.273 V                             ; 0.065 V                             ; 4.95e-10 s                 ; 5.37e-10 s                 ; No                        ; Yes                       ;
; tempo[0]      ; 2.5 V        ; 0 s                 ; 0 s                 ; 2.62 V                       ; 4.66e-08 V                   ; 2.72 V              ; -0.0215 V           ; 0.161 V                              ; 0.061 V                              ; 4.44e-10 s                  ; 4.06e-10 s                  ; No                         ; Yes                        ; 2.62 V                      ; 4.66e-08 V                  ; 2.72 V             ; -0.0215 V          ; 0.161 V                             ; 0.061 V                             ; 4.44e-10 s                 ; 4.06e-10 s                 ; No                        ; Yes                       ;
; RI[7]         ; 2.5 V        ; 0 s                 ; 0 s                 ; 2.62 V                       ; 4.66e-08 V                   ; 2.72 V              ; -0.0215 V           ; 0.161 V                              ; 0.061 V                              ; 4.44e-10 s                  ; 4.06e-10 s                  ; No                         ; Yes                        ; 2.62 V                      ; 4.66e-08 V                  ; 2.72 V             ; -0.0215 V          ; 0.161 V                             ; 0.061 V                             ; 4.44e-10 s                 ; 4.06e-10 s                 ; No                        ; Yes                       ;
; RI[6]         ; 2.5 V        ; 0 s                 ; 0 s                 ; 2.62 V                       ; 3.16e-08 V                   ; 2.71 V              ; -0.0171 V           ; 0.273 V                              ; 0.065 V                              ; 4.95e-10 s                  ; 5.37e-10 s                  ; No                         ; Yes                        ; 2.62 V                      ; 3.16e-08 V                  ; 2.71 V             ; -0.0171 V          ; 0.273 V                             ; 0.065 V                             ; 4.95e-10 s                 ; 5.37e-10 s                 ; No                        ; Yes                       ;
; RI[5]         ; 2.5 V        ; 0 s                 ; 0 s                 ; 2.62 V                       ; 3.16e-08 V                   ; 2.71 V              ; -0.0171 V           ; 0.273 V                              ; 0.065 V                              ; 4.95e-10 s                  ; 5.37e-10 s                  ; No                         ; Yes                        ; 2.62 V                      ; 3.16e-08 V                  ; 2.71 V             ; -0.0171 V          ; 0.273 V                             ; 0.065 V                             ; 4.95e-10 s                 ; 5.37e-10 s                 ; No                        ; Yes                       ;
; RI[4]         ; 2.5 V        ; 0 s                 ; 0 s                 ; 2.62 V                       ; 3.16e-08 V                   ; 2.65 V              ; -0.0109 V           ; 0.234 V                              ; 0.125 V                              ; 1.64e-09 s                  ; 1.59e-09 s                  ; No                         ; Yes                        ; 2.62 V                      ; 3.16e-08 V                  ; 2.65 V             ; -0.0109 V          ; 0.234 V                             ; 0.125 V                             ; 1.64e-09 s                 ; 1.59e-09 s                 ; No                        ; Yes                       ;
; RI[3]         ; 2.5 V        ; 0 s                 ; 0 s                 ; 2.62 V                       ; 4.66e-08 V                   ; 2.73 V              ; -0.0205 V           ; 0.17 V                               ; 0.027 V                              ; 2.58e-10 s                  ; 2.57e-10 s                  ; Yes                        ; Yes                        ; 2.62 V                      ; 4.66e-08 V                  ; 2.73 V             ; -0.0205 V          ; 0.17 V                              ; 0.027 V                             ; 2.58e-10 s                 ; 2.57e-10 s                 ; Yes                       ; Yes                       ;
; RI[2]         ; 2.5 V        ; 0 s                 ; 0 s                 ; 2.62 V                       ; 4.66e-08 V                   ; 2.73 V              ; -0.0205 V           ; 0.17 V                               ; 0.027 V                              ; 2.58e-10 s                  ; 2.57e-10 s                  ; Yes                        ; Yes                        ; 2.62 V                      ; 4.66e-08 V                  ; 2.73 V             ; -0.0205 V          ; 0.17 V                              ; 0.027 V                             ; 2.58e-10 s                 ; 2.57e-10 s                 ; Yes                       ; Yes                       ;
; RI[1]         ; 2.5 V        ; 0 s                 ; 0 s                 ; 2.62 V                       ; 3.16e-08 V                   ; 2.71 V              ; -0.0171 V           ; 0.273 V                              ; 0.065 V                              ; 4.95e-10 s                  ; 5.37e-10 s                  ; No                         ; Yes                        ; 2.62 V                      ; 3.16e-08 V                  ; 2.71 V             ; -0.0171 V          ; 0.273 V                             ; 0.065 V                             ; 4.95e-10 s                 ; 5.37e-10 s                 ; No                        ; Yes                       ;
; RI[0]         ; 2.5 V        ; 0 s                 ; 0 s                 ; 2.62 V                       ; 4.66e-08 V                   ; 2.72 V              ; -0.0215 V           ; 0.161 V                              ; 0.061 V                              ; 4.44e-10 s                  ; 4.06e-10 s                  ; No                         ; Yes                        ; 2.62 V                      ; 4.66e-08 V                  ; 2.72 V             ; -0.0215 V          ; 0.161 V                             ; 0.061 V                             ; 4.44e-10 s                 ; 4.06e-10 s                 ; No                        ; Yes                       ;
; cg_RI         ; 2.5 V        ; 0 s                 ; 0 s                 ; 2.62 V                       ; 3.16e-08 V                   ; 2.71 V              ; -0.0171 V           ; 0.273 V                              ; 0.065 V                              ; 4.95e-10 s                  ; 5.37e-10 s                  ; No                         ; Yes                        ; 2.62 V                      ; 3.16e-08 V                  ; 2.71 V             ; -0.0171 V          ; 0.273 V                             ; 0.065 V                             ; 4.95e-10 s                 ; 5.37e-10 s                 ; No                        ; Yes                       ;
; RDM[7]        ; 2.5 V        ; 0 s                 ; 0 s                 ; 2.62 V                       ; 3.16e-08 V                   ; 2.71 V              ; -0.0171 V           ; 0.273 V                              ; 0.065 V                              ; 4.95e-10 s                  ; 5.37e-10 s                  ; No                         ; Yes                        ; 2.62 V                      ; 3.16e-08 V                  ; 2.71 V             ; -0.0171 V          ; 0.273 V                             ; 0.065 V                             ; 4.95e-10 s                 ; 5.37e-10 s                 ; No                        ; Yes                       ;
; RDM[6]        ; 2.5 V        ; 0 s                 ; 0 s                 ; 2.62 V                       ; 3.16e-08 V                   ; 2.71 V              ; -0.0171 V           ; 0.273 V                              ; 0.065 V                              ; 4.95e-10 s                  ; 5.37e-10 s                  ; No                         ; Yes                        ; 2.62 V                      ; 3.16e-08 V                  ; 2.71 V             ; -0.0171 V          ; 0.273 V                             ; 0.065 V                             ; 4.95e-10 s                 ; 5.37e-10 s                 ; No                        ; Yes                       ;
; RDM[5]        ; 2.5 V        ; 0 s                 ; 0 s                 ; 2.62 V                       ; 3.16e-08 V                   ; 2.71 V              ; -0.0171 V           ; 0.273 V                              ; 0.065 V                              ; 4.95e-10 s                  ; 5.37e-10 s                  ; No                         ; Yes                        ; 2.62 V                      ; 3.16e-08 V                  ; 2.71 V             ; -0.0171 V          ; 0.273 V                             ; 0.065 V                             ; 4.95e-10 s                 ; 5.37e-10 s                 ; No                        ; Yes                       ;
; RDM[4]        ; 2.5 V        ; 0 s                 ; 0 s                 ; 2.62 V                       ; 3.16e-08 V                   ; 2.71 V              ; -0.0171 V           ; 0.273 V                              ; 0.065 V                              ; 4.95e-10 s                  ; 5.37e-10 s                  ; No                         ; Yes                        ; 2.62 V                      ; 3.16e-08 V                  ; 2.71 V             ; -0.0171 V          ; 0.273 V                             ; 0.065 V                             ; 4.95e-10 s                 ; 5.37e-10 s                 ; No                        ; Yes                       ;
; RDM[3]        ; 2.5 V        ; 0 s                 ; 0 s                 ; 2.62 V                       ; 3.16e-08 V                   ; 2.71 V              ; -0.0171 V           ; 0.273 V                              ; 0.065 V                              ; 4.95e-10 s                  ; 5.37e-10 s                  ; No                         ; Yes                        ; 2.62 V                      ; 3.16e-08 V                  ; 2.71 V             ; -0.0171 V          ; 0.273 V                             ; 0.065 V                             ; 4.95e-10 s                 ; 5.37e-10 s                 ; No                        ; Yes                       ;
; RDM[2]        ; 2.5 V        ; 0 s                 ; 0 s                 ; 2.62 V                       ; 3.16e-08 V                   ; 2.72 V              ; -0.0199 V           ; 0.186 V                              ; 0.027 V                              ; 2.63e-10 s                  ; 2.76e-10 s                  ; Yes                        ; Yes                        ; 2.62 V                      ; 3.16e-08 V                  ; 2.72 V             ; -0.0199 V          ; 0.186 V                             ; 0.027 V                             ; 2.63e-10 s                 ; 2.76e-10 s                 ; Yes                       ; Yes                       ;
; RDM[1]        ; 2.5 V        ; 0 s                 ; 0 s                 ; 2.62 V                       ; 3.16e-08 V                   ; 2.71 V              ; -0.0171 V           ; 0.273 V                              ; 0.065 V                              ; 4.95e-10 s                  ; 5.37e-10 s                  ; No                         ; Yes                        ; 2.62 V                      ; 3.16e-08 V                  ; 2.71 V             ; -0.0171 V          ; 0.273 V                             ; 0.065 V                             ; 4.95e-10 s                 ; 5.37e-10 s                 ; No                        ; Yes                       ;
; RDM[0]        ; 2.5 V        ; 0 s                 ; 0 s                 ; 2.62 V                       ; 3.16e-08 V                   ; 2.71 V              ; -0.0171 V           ; 0.273 V                              ; 0.065 V                              ; 4.95e-10 s                  ; 5.37e-10 s                  ; No                         ; Yes                        ; 2.62 V                      ; 3.16e-08 V                  ; 2.71 V             ; -0.0171 V          ; 0.273 V                             ; 0.065 V                             ; 4.95e-10 s                 ; 5.37e-10 s                 ; No                        ; Yes                       ;
; cg_RDM        ; 2.5 V        ; 0 s                 ; 0 s                 ; 2.62 V                       ; 3.16e-08 V                   ; 2.71 V              ; -0.0171 V           ; 0.273 V                              ; 0.065 V                              ; 4.95e-10 s                  ; 5.37e-10 s                  ; No                         ; Yes                        ; 2.62 V                      ; 3.16e-08 V                  ; 2.71 V             ; -0.0171 V          ; 0.273 V                             ; 0.065 V                             ; 4.95e-10 s                 ; 5.37e-10 s                 ; No                        ; Yes                       ;
; MEM[7]        ; 2.5 V        ; 0 s                 ; 0 s                 ; 2.62 V                       ; 4.66e-08 V                   ; 2.72 V              ; -0.0215 V           ; 0.161 V                              ; 0.061 V                              ; 4.44e-10 s                  ; 4.06e-10 s                  ; No                         ; Yes                        ; 2.62 V                      ; 4.66e-08 V                  ; 2.72 V             ; -0.0215 V          ; 0.161 V                             ; 0.061 V                             ; 4.44e-10 s                 ; 4.06e-10 s                 ; No                        ; Yes                       ;
; MEM[6]        ; 2.5 V        ; 0 s                 ; 0 s                 ; 2.62 V                       ; 4.66e-08 V                   ; 2.72 V              ; -0.0215 V           ; 0.161 V                              ; 0.061 V                              ; 4.44e-10 s                  ; 4.06e-10 s                  ; No                         ; Yes                        ; 2.62 V                      ; 4.66e-08 V                  ; 2.72 V             ; -0.0215 V          ; 0.161 V                             ; 0.061 V                             ; 4.44e-10 s                 ; 4.06e-10 s                 ; No                        ; Yes                       ;
; MEM[5]        ; 2.5 V        ; 0 s                 ; 0 s                 ; 2.62 V                       ; 4.66e-08 V                   ; 2.72 V              ; -0.0215 V           ; 0.161 V                              ; 0.061 V                              ; 4.44e-10 s                  ; 4.06e-10 s                  ; No                         ; Yes                        ; 2.62 V                      ; 4.66e-08 V                  ; 2.72 V             ; -0.0215 V          ; 0.161 V                             ; 0.061 V                             ; 4.44e-10 s                 ; 4.06e-10 s                 ; No                        ; Yes                       ;
; MEM[4]        ; 2.5 V        ; 0 s                 ; 0 s                 ; 2.62 V                       ; 4.66e-08 V                   ; 2.72 V              ; -0.0215 V           ; 0.161 V                              ; 0.061 V                              ; 4.44e-10 s                  ; 4.06e-10 s                  ; No                         ; Yes                        ; 2.62 V                      ; 4.66e-08 V                  ; 2.72 V             ; -0.0215 V          ; 0.161 V                             ; 0.061 V                             ; 4.44e-10 s                 ; 4.06e-10 s                 ; No                        ; Yes                       ;
; MEM[3]        ; 2.5 V        ; 0 s                 ; 0 s                 ; 2.62 V                       ; 4.66e-08 V                   ; 2.72 V              ; -0.0215 V           ; 0.161 V                              ; 0.061 V                              ; 4.44e-10 s                  ; 4.06e-10 s                  ; No                         ; Yes                        ; 2.62 V                      ; 4.66e-08 V                  ; 2.72 V             ; -0.0215 V          ; 0.161 V                             ; 0.061 V                             ; 4.44e-10 s                 ; 4.06e-10 s                 ; No                        ; Yes                       ;
; MEM[2]        ; 2.5 V        ; 0 s                 ; 0 s                 ; 2.62 V                       ; 4.66e-08 V                   ; 2.73 V              ; -0.0205 V           ; 0.17 V                               ; 0.027 V                              ; 2.58e-10 s                  ; 2.57e-10 s                  ; Yes                        ; Yes                        ; 2.62 V                      ; 4.66e-08 V                  ; 2.73 V             ; -0.0205 V          ; 0.17 V                              ; 0.027 V                             ; 2.58e-10 s                 ; 2.57e-10 s                 ; Yes                       ; Yes                       ;
; MEM[1]        ; 2.5 V        ; 0 s                 ; 0 s                 ; 2.62 V                       ; 4.66e-08 V                   ; 2.72 V              ; -0.0215 V           ; 0.161 V                              ; 0.061 V                              ; 4.44e-10 s                  ; 4.06e-10 s                  ; No                         ; Yes                        ; 2.62 V                      ; 4.66e-08 V                  ; 2.72 V             ; -0.0215 V          ; 0.161 V                             ; 0.061 V                             ; 4.44e-10 s                 ; 4.06e-10 s                 ; No                        ; Yes                       ;
; MEM[0]        ; 2.5 V        ; 0 s                 ; 0 s                 ; 2.62 V                       ; 4.66e-08 V                   ; 2.72 V              ; -0.0215 V           ; 0.161 V                              ; 0.061 V                              ; 4.44e-10 s                  ; 4.06e-10 s                  ; No                         ; Yes                        ; 2.62 V                      ; 4.66e-08 V                  ; 2.72 V             ; -0.0215 V          ; 0.161 V                             ; 0.061 V                             ; 4.44e-10 s                 ; 4.06e-10 s                 ; No                        ; Yes                       ;
; REM[7]        ; 2.5 V        ; 0 s                 ; 0 s                 ; 2.62 V                       ; 3.16e-08 V                   ; 2.71 V              ; -0.0171 V           ; 0.273 V                              ; 0.065 V                              ; 4.95e-10 s                  ; 5.37e-10 s                  ; No                         ; Yes                        ; 2.62 V                      ; 3.16e-08 V                  ; 2.71 V             ; -0.0171 V          ; 0.273 V                             ; 0.065 V                             ; 4.95e-10 s                 ; 5.37e-10 s                 ; No                        ; Yes                       ;
; REM[6]        ; 2.5 V        ; 0 s                 ; 0 s                 ; 2.62 V                       ; 4.66e-08 V                   ; 2.72 V              ; -0.0215 V           ; 0.161 V                              ; 0.061 V                              ; 4.44e-10 s                  ; 4.06e-10 s                  ; No                         ; Yes                        ; 2.62 V                      ; 4.66e-08 V                  ; 2.72 V             ; -0.0215 V          ; 0.161 V                             ; 0.061 V                             ; 4.44e-10 s                 ; 4.06e-10 s                 ; No                        ; Yes                       ;
; REM[5]        ; 2.5 V        ; 0 s                 ; 0 s                 ; 2.62 V                       ; 4.66e-08 V                   ; 2.72 V              ; -0.0215 V           ; 0.161 V                              ; 0.061 V                              ; 4.44e-10 s                  ; 4.06e-10 s                  ; No                         ; Yes                        ; 2.62 V                      ; 4.66e-08 V                  ; 2.72 V             ; -0.0215 V          ; 0.161 V                             ; 0.061 V                             ; 4.44e-10 s                 ; 4.06e-10 s                 ; No                        ; Yes                       ;
; REM[4]        ; 2.5 V        ; 0 s                 ; 0 s                 ; 2.62 V                       ; 3.16e-08 V                   ; 2.71 V              ; -0.0171 V           ; 0.273 V                              ; 0.065 V                              ; 4.95e-10 s                  ; 5.37e-10 s                  ; No                         ; Yes                        ; 2.62 V                      ; 3.16e-08 V                  ; 2.71 V             ; -0.0171 V          ; 0.273 V                             ; 0.065 V                             ; 4.95e-10 s                 ; 5.37e-10 s                 ; No                        ; Yes                       ;
; REM[3]        ; 2.5 V        ; 0 s                 ; 0 s                 ; 2.62 V                       ; 3.16e-08 V                   ; 2.71 V              ; -0.0171 V           ; 0.273 V                              ; 0.065 V                              ; 4.95e-10 s                  ; 5.37e-10 s                  ; No                         ; Yes                        ; 2.62 V                      ; 3.16e-08 V                  ; 2.71 V             ; -0.0171 V          ; 0.273 V                             ; 0.065 V                             ; 4.95e-10 s                 ; 5.37e-10 s                 ; No                        ; Yes                       ;
; REM[2]        ; 2.5 V        ; 0 s                 ; 0 s                 ; 2.62 V                       ; 4.66e-08 V                   ; 2.72 V              ; -0.0215 V           ; 0.161 V                              ; 0.061 V                              ; 4.44e-10 s                  ; 4.06e-10 s                  ; No                         ; Yes                        ; 2.62 V                      ; 4.66e-08 V                  ; 2.72 V             ; -0.0215 V          ; 0.161 V                             ; 0.061 V                             ; 4.44e-10 s                 ; 4.06e-10 s                 ; No                        ; Yes                       ;
; REM[1]        ; 2.5 V        ; 0 s                 ; 0 s                 ; 2.62 V                       ; 4.66e-08 V                   ; 2.72 V              ; -0.0215 V           ; 0.161 V                              ; 0.061 V                              ; 4.44e-10 s                  ; 4.06e-10 s                  ; No                         ; Yes                        ; 2.62 V                      ; 4.66e-08 V                  ; 2.72 V             ; -0.0215 V          ; 0.161 V                             ; 0.061 V                             ; 4.44e-10 s                 ; 4.06e-10 s                 ; No                        ; Yes                       ;
; REM[0]        ; 2.5 V        ; 0 s                 ; 0 s                 ; 2.62 V                       ; 4.66e-08 V                   ; 2.72 V              ; -0.0215 V           ; 0.161 V                              ; 0.061 V                              ; 4.44e-10 s                  ; 4.06e-10 s                  ; No                         ; Yes                        ; 2.62 V                      ; 4.66e-08 V                  ; 2.72 V             ; -0.0215 V          ; 0.161 V                             ; 0.061 V                             ; 4.44e-10 s                 ; 4.06e-10 s                 ; No                        ; Yes                       ;
; cg_REM        ; 2.5 V        ; 0 s                 ; 0 s                 ; 2.62 V                       ; 3.16e-08 V                   ; 2.71 V              ; -0.0171 V           ; 0.273 V                              ; 0.065 V                              ; 4.95e-10 s                  ; 5.37e-10 s                  ; No                         ; Yes                        ; 2.62 V                      ; 3.16e-08 V                  ; 2.71 V             ; -0.0171 V          ; 0.273 V                             ; 0.065 V                             ; 4.95e-10 s                 ; 5.37e-10 s                 ; No                        ; Yes                       ;
; MUX[7]        ; 2.5 V        ; 0 s                 ; 0 s                 ; 2.62 V                       ; 4.66e-08 V                   ; 2.72 V              ; -0.0215 V           ; 0.161 V                              ; 0.061 V                              ; 4.44e-10 s                  ; 4.06e-10 s                  ; No                         ; Yes                        ; 2.62 V                      ; 4.66e-08 V                  ; 2.72 V             ; -0.0215 V          ; 0.161 V                             ; 0.061 V                             ; 4.44e-10 s                 ; 4.06e-10 s                 ; No                        ; Yes                       ;
; MUX[6]        ; 2.5 V        ; 0 s                 ; 0 s                 ; 2.62 V                       ; 4.66e-08 V                   ; 2.72 V              ; -0.0215 V           ; 0.161 V                              ; 0.061 V                              ; 4.44e-10 s                  ; 4.06e-10 s                  ; No                         ; Yes                        ; 2.62 V                      ; 4.66e-08 V                  ; 2.72 V             ; -0.0215 V          ; 0.161 V                             ; 0.061 V                             ; 4.44e-10 s                 ; 4.06e-10 s                 ; No                        ; Yes                       ;
; MUX[5]        ; 2.5 V        ; 0 s                 ; 0 s                 ; 2.62 V                       ; 4.66e-08 V                   ; 2.72 V              ; -0.0215 V           ; 0.161 V                              ; 0.061 V                              ; 4.44e-10 s                  ; 4.06e-10 s                  ; No                         ; Yes                        ; 2.62 V                      ; 4.66e-08 V                  ; 2.72 V             ; -0.0215 V          ; 0.161 V                             ; 0.061 V                             ; 4.44e-10 s                 ; 4.06e-10 s                 ; No                        ; Yes                       ;
; MUX[4]        ; 2.5 V        ; 0 s                 ; 0 s                 ; 2.62 V                       ; 4.66e-08 V                   ; 2.72 V              ; -0.0215 V           ; 0.161 V                              ; 0.061 V                              ; 4.44e-10 s                  ; 4.06e-10 s                  ; No                         ; Yes                        ; 2.62 V                      ; 4.66e-08 V                  ; 2.72 V             ; -0.0215 V          ; 0.161 V                             ; 0.061 V                             ; 4.44e-10 s                 ; 4.06e-10 s                 ; No                        ; Yes                       ;
; MUX[3]        ; 2.5 V        ; 0 s                 ; 0 s                 ; 2.62 V                       ; 4.66e-08 V                   ; 2.72 V              ; -0.0215 V           ; 0.161 V                              ; 0.061 V                              ; 4.44e-10 s                  ; 4.06e-10 s                  ; No                         ; Yes                        ; 2.62 V                      ; 4.66e-08 V                  ; 2.72 V             ; -0.0215 V          ; 0.161 V                             ; 0.061 V                             ; 4.44e-10 s                 ; 4.06e-10 s                 ; No                        ; Yes                       ;
; MUX[2]        ; 2.5 V        ; 0 s                 ; 0 s                 ; 2.62 V                       ; 4.66e-08 V                   ; 2.72 V              ; -0.0215 V           ; 0.161 V                              ; 0.061 V                              ; 4.44e-10 s                  ; 4.06e-10 s                  ; No                         ; Yes                        ; 2.62 V                      ; 4.66e-08 V                  ; 2.72 V             ; -0.0215 V          ; 0.161 V                             ; 0.061 V                             ; 4.44e-10 s                 ; 4.06e-10 s                 ; No                        ; Yes                       ;
; MUX[1]        ; 2.5 V        ; 0 s                 ; 0 s                 ; 2.62 V                       ; 4.66e-08 V                   ; 2.72 V              ; -0.0215 V           ; 0.161 V                              ; 0.061 V                              ; 4.44e-10 s                  ; 4.06e-10 s                  ; No                         ; Yes                        ; 2.62 V                      ; 4.66e-08 V                  ; 2.72 V             ; -0.0215 V          ; 0.161 V                             ; 0.061 V                             ; 4.44e-10 s                 ; 4.06e-10 s                 ; No                        ; Yes                       ;
; MUX[0]        ; 2.5 V        ; 0 s                 ; 0 s                 ; 2.62 V                       ; 4.66e-08 V                   ; 2.72 V              ; -0.0215 V           ; 0.161 V                              ; 0.061 V                              ; 4.44e-10 s                  ; 4.06e-10 s                  ; No                         ; Yes                        ; 2.62 V                      ; 4.66e-08 V                  ; 2.72 V             ; -0.0215 V          ; 0.161 V                             ; 0.061 V                             ; 4.44e-10 s                 ; 4.06e-10 s                 ; No                        ; Yes                       ;
; mux_REM       ; 2.5 V        ; 0 s                 ; 0 s                 ; 2.62 V                       ; 3.16e-08 V                   ; 2.71 V              ; -0.0171 V           ; 0.273 V                              ; 0.065 V                              ; 4.95e-10 s                  ; 5.37e-10 s                  ; No                         ; Yes                        ; 2.62 V                      ; 3.16e-08 V                  ; 2.71 V             ; -0.0171 V          ; 0.273 V                             ; 0.065 V                             ; 4.95e-10 s                 ; 5.37e-10 s                 ; No                        ; Yes                       ;
; PC[7]         ; 2.5 V        ; 0 s                 ; 0 s                 ; 2.62 V                       ; 3.16e-08 V                   ; 2.71 V              ; -0.0171 V           ; 0.273 V                              ; 0.065 V                              ; 4.95e-10 s                  ; 5.37e-10 s                  ; No                         ; Yes                        ; 2.62 V                      ; 3.16e-08 V                  ; 2.71 V             ; -0.0171 V          ; 0.273 V                             ; 0.065 V                             ; 4.95e-10 s                 ; 5.37e-10 s                 ; No                        ; Yes                       ;
; PC[6]         ; 2.5 V        ; 0 s                 ; 0 s                 ; 2.62 V                       ; 4.66e-08 V                   ; 2.72 V              ; -0.0215 V           ; 0.161 V                              ; 0.061 V                              ; 4.44e-10 s                  ; 4.06e-10 s                  ; No                         ; Yes                        ; 2.62 V                      ; 4.66e-08 V                  ; 2.72 V             ; -0.0215 V          ; 0.161 V                             ; 0.061 V                             ; 4.44e-10 s                 ; 4.06e-10 s                 ; No                        ; Yes                       ;
; PC[5]         ; 2.5 V        ; 0 s                 ; 0 s                 ; 2.62 V                       ; 4.66e-08 V                   ; 2.72 V              ; -0.0215 V           ; 0.161 V                              ; 0.061 V                              ; 4.44e-10 s                  ; 4.06e-10 s                  ; No                         ; Yes                        ; 2.62 V                      ; 4.66e-08 V                  ; 2.72 V             ; -0.0215 V          ; 0.161 V                             ; 0.061 V                             ; 4.44e-10 s                 ; 4.06e-10 s                 ; No                        ; Yes                       ;
; PC[4]         ; 2.5 V        ; 0 s                 ; 0 s                 ; 2.62 V                       ; 4.66e-08 V                   ; 2.72 V              ; -0.0215 V           ; 0.161 V                              ; 0.061 V                              ; 4.44e-10 s                  ; 4.06e-10 s                  ; No                         ; Yes                        ; 2.62 V                      ; 4.66e-08 V                  ; 2.72 V             ; -0.0215 V          ; 0.161 V                             ; 0.061 V                             ; 4.44e-10 s                 ; 4.06e-10 s                 ; No                        ; Yes                       ;
; PC[3]         ; 2.5 V        ; 0 s                 ; 0 s                 ; 2.62 V                       ; 4.66e-08 V                   ; 2.72 V              ; -0.0215 V           ; 0.161 V                              ; 0.061 V                              ; 4.44e-10 s                  ; 4.06e-10 s                  ; No                         ; Yes                        ; 2.62 V                      ; 4.66e-08 V                  ; 2.72 V             ; -0.0215 V          ; 0.161 V                             ; 0.061 V                             ; 4.44e-10 s                 ; 4.06e-10 s                 ; No                        ; Yes                       ;
; PC[2]         ; 2.5 V        ; 0 s                 ; 0 s                 ; 2.62 V                       ; 4.66e-08 V                   ; 2.72 V              ; -0.0215 V           ; 0.161 V                              ; 0.061 V                              ; 4.44e-10 s                  ; 4.06e-10 s                  ; No                         ; Yes                        ; 2.62 V                      ; 4.66e-08 V                  ; 2.72 V             ; -0.0215 V          ; 0.161 V                             ; 0.061 V                             ; 4.44e-10 s                 ; 4.06e-10 s                 ; No                        ; Yes                       ;
; PC[1]         ; 2.5 V        ; 0 s                 ; 0 s                 ; 2.62 V                       ; 4.66e-08 V                   ; 2.73 V              ; -0.0205 V           ; 0.17 V                               ; 0.027 V                              ; 2.58e-10 s                  ; 2.57e-10 s                  ; Yes                        ; Yes                        ; 2.62 V                      ; 4.66e-08 V                  ; 2.73 V             ; -0.0205 V          ; 0.17 V                              ; 0.027 V                             ; 2.58e-10 s                 ; 2.57e-10 s                 ; Yes                       ; Yes                       ;
; PC[0]         ; 2.5 V        ; 0 s                 ; 0 s                 ; 2.62 V                       ; 4.66e-08 V                   ; 2.73 V              ; -0.0205 V           ; 0.17 V                               ; 0.027 V                              ; 2.58e-10 s                  ; 2.57e-10 s                  ; Yes                        ; Yes                        ; 2.62 V                      ; 4.66e-08 V                  ; 2.73 V             ; -0.0205 V          ; 0.17 V                              ; 0.027 V                             ; 2.58e-10 s                 ; 2.57e-10 s                 ; Yes                       ; Yes                       ;
; inc_pc        ; 2.5 V        ; 0 s                 ; 0 s                 ; 2.62 V                       ; 4.66e-08 V                   ; 2.72 V              ; -0.0215 V           ; 0.161 V                              ; 0.061 V                              ; 4.44e-10 s                  ; 4.06e-10 s                  ; No                         ; Yes                        ; 2.62 V                      ; 4.66e-08 V                  ; 2.72 V             ; -0.0215 V          ; 0.161 V                             ; 0.061 V                             ; 4.44e-10 s                 ; 4.06e-10 s                 ; No                        ; Yes                       ;
; cg_PC         ; 2.5 V        ; 0 s                 ; 0 s                 ; 2.62 V                       ; 4.66e-08 V                   ; 2.72 V              ; -0.0215 V           ; 0.161 V                              ; 0.061 V                              ; 4.44e-10 s                  ; 4.06e-10 s                  ; No                         ; Yes                        ; 2.62 V                      ; 4.66e-08 V                  ; 2.72 V             ; -0.0215 V          ; 0.161 V                             ; 0.061 V                             ; 4.44e-10 s                 ; 4.06e-10 s                 ; No                        ; Yes                       ;
; ULA[7]        ; 2.5 V        ; 0 s                 ; 0 s                 ; 2.62 V                       ; 3.16e-08 V                   ; 2.72 V              ; -0.0199 V           ; 0.186 V                              ; 0.027 V                              ; 2.63e-10 s                  ; 2.76e-10 s                  ; Yes                        ; Yes                        ; 2.62 V                      ; 3.16e-08 V                  ; 2.72 V             ; -0.0199 V          ; 0.186 V                             ; 0.027 V                             ; 2.63e-10 s                 ; 2.76e-10 s                 ; Yes                       ; Yes                       ;
; ULA[6]        ; 2.5 V        ; 0 s                 ; 0 s                 ; 2.62 V                       ; 4.66e-08 V                   ; 2.72 V              ; -0.0215 V           ; 0.161 V                              ; 0.061 V                              ; 4.44e-10 s                  ; 4.06e-10 s                  ; No                         ; Yes                        ; 2.62 V                      ; 4.66e-08 V                  ; 2.72 V             ; -0.0215 V          ; 0.161 V                             ; 0.061 V                             ; 4.44e-10 s                 ; 4.06e-10 s                 ; No                        ; Yes                       ;
; ULA[5]        ; 2.5 V        ; 0 s                 ; 0 s                 ; 2.62 V                       ; 4.66e-08 V                   ; 2.72 V              ; -0.0215 V           ; 0.161 V                              ; 0.061 V                              ; 4.44e-10 s                  ; 4.06e-10 s                  ; No                         ; Yes                        ; 2.62 V                      ; 4.66e-08 V                  ; 2.72 V             ; -0.0215 V          ; 0.161 V                             ; 0.061 V                             ; 4.44e-10 s                 ; 4.06e-10 s                 ; No                        ; Yes                       ;
; ULA[4]        ; 2.5 V        ; 0 s                 ; 0 s                 ; 2.62 V                       ; 4.66e-08 V                   ; 2.72 V              ; -0.0215 V           ; 0.161 V                              ; 0.061 V                              ; 4.44e-10 s                  ; 4.06e-10 s                  ; No                         ; Yes                        ; 2.62 V                      ; 4.66e-08 V                  ; 2.72 V             ; -0.0215 V          ; 0.161 V                             ; 0.061 V                             ; 4.44e-10 s                 ; 4.06e-10 s                 ; No                        ; Yes                       ;
; ULA[3]        ; 2.5 V        ; 0 s                 ; 0 s                 ; 2.62 V                       ; 4.66e-08 V                   ; 2.73 V              ; -0.0205 V           ; 0.17 V                               ; 0.027 V                              ; 2.58e-10 s                  ; 2.57e-10 s                  ; Yes                        ; Yes                        ; 2.62 V                      ; 4.66e-08 V                  ; 2.73 V             ; -0.0205 V          ; 0.17 V                              ; 0.027 V                             ; 2.58e-10 s                 ; 2.57e-10 s                 ; Yes                       ; Yes                       ;
; ULA[2]        ; 2.5 V        ; 0 s                 ; 0 s                 ; 2.62 V                       ; 3.16e-08 V                   ; 2.71 V              ; -0.0171 V           ; 0.273 V                              ; 0.065 V                              ; 4.95e-10 s                  ; 5.37e-10 s                  ; No                         ; Yes                        ; 2.62 V                      ; 3.16e-08 V                  ; 2.71 V             ; -0.0171 V          ; 0.273 V                             ; 0.065 V                             ; 4.95e-10 s                 ; 5.37e-10 s                 ; No                        ; Yes                       ;
; ULA[1]        ; 2.5 V        ; 0 s                 ; 0 s                 ; 2.62 V                       ; 3.16e-08 V                   ; 2.71 V              ; -0.0171 V           ; 0.273 V                              ; 0.065 V                              ; 4.95e-10 s                  ; 5.37e-10 s                  ; No                         ; Yes                        ; 2.62 V                      ; 3.16e-08 V                  ; 2.71 V             ; -0.0171 V          ; 0.273 V                             ; 0.065 V                             ; 4.95e-10 s                 ; 5.37e-10 s                 ; No                        ; Yes                       ;
; ULA[0]        ; 2.5 V        ; 0 s                 ; 0 s                 ; 2.62 V                       ; 3.16e-08 V                   ; 2.71 V              ; -0.0171 V           ; 0.273 V                              ; 0.065 V                              ; 4.95e-10 s                  ; 5.37e-10 s                  ; No                         ; Yes                        ; 2.62 V                      ; 3.16e-08 V                  ; 2.71 V             ; -0.0171 V          ; 0.273 V                             ; 0.065 V                             ; 4.95e-10 s                 ; 5.37e-10 s                 ; No                        ; Yes                       ;
; i_not         ; 2.5 V        ; 0 s                 ; 0 s                 ; 2.62 V                       ; 4.66e-08 V                   ; 2.73 V              ; -0.0205 V           ; 0.17 V                               ; 0.027 V                              ; 2.58e-10 s                  ; 2.57e-10 s                  ; Yes                        ; Yes                        ; 2.62 V                      ; 4.66e-08 V                  ; 2.73 V             ; -0.0205 V          ; 0.17 V                              ; 0.027 V                             ; 2.58e-10 s                 ; 2.57e-10 s                 ; Yes                       ; Yes                       ;
; i_and         ; 2.5 V        ; 0 s                 ; 0 s                 ; 2.62 V                       ; 4.66e-08 V                   ; 2.65 V              ; -0.0115 V           ; 0.219 V                              ; 0.115 V                              ; 1.64e-09 s                  ; 1.57e-09 s                  ; No                         ; Yes                        ; 2.62 V                      ; 4.66e-08 V                  ; 2.65 V             ; -0.0115 V          ; 0.219 V                             ; 0.115 V                             ; 1.64e-09 s                 ; 1.57e-09 s                 ; No                        ; Yes                       ;
; i_or          ; 2.5 V        ; 0 s                 ; 0 s                 ; 2.62 V                       ; 4.66e-08 V                   ; 2.72 V              ; -0.0215 V           ; 0.161 V                              ; 0.061 V                              ; 4.44e-10 s                  ; 4.06e-10 s                  ; No                         ; Yes                        ; 2.62 V                      ; 4.66e-08 V                  ; 2.72 V             ; -0.0215 V          ; 0.161 V                             ; 0.061 V                             ; 4.44e-10 s                 ; 4.06e-10 s                 ; No                        ; Yes                       ;
; i_add         ; 2.5 V        ; 0 s                 ; 0 s                 ; 2.62 V                       ; 4.66e-08 V                   ; 2.72 V              ; -0.0215 V           ; 0.161 V                              ; 0.061 V                              ; 4.44e-10 s                  ; 4.06e-10 s                  ; No                         ; Yes                        ; 2.62 V                      ; 4.66e-08 V                  ; 2.72 V             ; -0.0215 V          ; 0.161 V                             ; 0.061 V                             ; 4.44e-10 s                 ; 4.06e-10 s                 ; No                        ; Yes                       ;
; i_lda         ; 2.5 V        ; 0 s                 ; 0 s                 ; 2.62 V                       ; 4.66e-08 V                   ; 2.72 V              ; -0.0215 V           ; 0.161 V                              ; 0.061 V                              ; 4.44e-10 s                  ; 4.06e-10 s                  ; No                         ; Yes                        ; 2.62 V                      ; 4.66e-08 V                  ; 2.72 V             ; -0.0215 V          ; 0.161 V                             ; 0.061 V                             ; 4.44e-10 s                 ; 4.06e-10 s                 ; No                        ; Yes                       ;
; T[7]          ; 2.5 V        ; 0 s                 ; 0 s                 ; 2.62 V                       ; 3.16e-08 V                   ; 2.71 V              ; -0.0171 V           ; 0.273 V                              ; 0.065 V                              ; 4.95e-10 s                  ; 5.37e-10 s                  ; No                         ; Yes                        ; 2.62 V                      ; 3.16e-08 V                  ; 2.71 V             ; -0.0171 V          ; 0.273 V                             ; 0.065 V                             ; 4.95e-10 s                 ; 5.37e-10 s                 ; No                        ; Yes                       ;
; T[6]          ; 2.5 V        ; 0 s                 ; 0 s                 ; 2.62 V                       ; 3.16e-08 V                   ; 2.71 V              ; -0.0171 V           ; 0.273 V                              ; 0.065 V                              ; 4.95e-10 s                  ; 5.37e-10 s                  ; No                         ; Yes                        ; 2.62 V                      ; 3.16e-08 V                  ; 2.71 V             ; -0.0171 V          ; 0.273 V                             ; 0.065 V                             ; 4.95e-10 s                 ; 5.37e-10 s                 ; No                        ; Yes                       ;
; T[5]          ; 2.5 V        ; 0 s                 ; 0 s                 ; 2.62 V                       ; 4.66e-08 V                   ; 2.72 V              ; -0.0215 V           ; 0.161 V                              ; 0.061 V                              ; 4.44e-10 s                  ; 4.06e-10 s                  ; No                         ; Yes                        ; 2.62 V                      ; 4.66e-08 V                  ; 2.72 V             ; -0.0215 V          ; 0.161 V                             ; 0.061 V                             ; 4.44e-10 s                 ; 4.06e-10 s                 ; No                        ; Yes                       ;
; T[4]          ; 2.5 V        ; 0 s                 ; 0 s                 ; 2.62 V                       ; 4.66e-08 V                   ; 2.72 V              ; -0.0215 V           ; 0.161 V                              ; 0.061 V                              ; 4.44e-10 s                  ; 4.06e-10 s                  ; No                         ; Yes                        ; 2.62 V                      ; 4.66e-08 V                  ; 2.72 V             ; -0.0215 V          ; 0.161 V                             ; 0.061 V                             ; 4.44e-10 s                 ; 4.06e-10 s                 ; No                        ; Yes                       ;
; T[3]          ; 2.5 V        ; 0 s                 ; 0 s                 ; 2.62 V                       ; 4.66e-08 V                   ; 2.72 V              ; -0.0215 V           ; 0.161 V                              ; 0.061 V                              ; 4.44e-10 s                  ; 4.06e-10 s                  ; No                         ; Yes                        ; 2.62 V                      ; 4.66e-08 V                  ; 2.72 V             ; -0.0215 V          ; 0.161 V                             ; 0.061 V                             ; 4.44e-10 s                 ; 4.06e-10 s                 ; No                        ; Yes                       ;
; T[2]          ; 2.5 V        ; 0 s                 ; 0 s                 ; 2.62 V                       ; 4.66e-08 V                   ; 2.65 V              ; -0.0115 V           ; 0.219 V                              ; 0.115 V                              ; 1.64e-09 s                  ; 1.57e-09 s                  ; No                         ; Yes                        ; 2.62 V                      ; 4.66e-08 V                  ; 2.65 V             ; -0.0115 V          ; 0.219 V                             ; 0.115 V                             ; 1.64e-09 s                 ; 1.57e-09 s                 ; No                        ; Yes                       ;
; T[1]          ; 2.5 V        ; 0 s                 ; 0 s                 ; 2.62 V                       ; 3.16e-08 V                   ; 2.72 V              ; -0.0199 V           ; 0.186 V                              ; 0.027 V                              ; 2.63e-10 s                  ; 2.76e-10 s                  ; Yes                        ; Yes                        ; 2.62 V                      ; 3.16e-08 V                  ; 2.72 V             ; -0.0199 V          ; 0.186 V                             ; 0.027 V                             ; 2.63e-10 s                 ; 2.76e-10 s                 ; Yes                       ; Yes                       ;
; T[0]          ; 2.5 V        ; 0 s                 ; 0 s                 ; 2.62 V                       ; 4.66e-08 V                   ; 2.72 V              ; -0.0215 V           ; 0.161 V                              ; 0.061 V                              ; 4.44e-10 s                  ; 4.06e-10 s                  ; No                         ; Yes                        ; 2.62 V                      ; 4.66e-08 V                  ; 2.72 V             ; -0.0215 V          ; 0.161 V                             ; 0.061 V                             ; 4.44e-10 s                 ; 4.06e-10 s                 ; No                        ; Yes                       ;
; ~ALTERA_NCEO~ ; 2.5 V        ; 0 s                 ; 0 s                 ; 2.62 V                       ; 3.06e-08 V                   ; 2.86 V              ; -0.0341 V           ; 0.364 V                              ; 0.046 V                              ; 1.17e-10 s                  ; 2.6e-10 s                   ; No                         ; Yes                        ; 2.62 V                      ; 3.06e-08 V                  ; 2.86 V             ; -0.0341 V          ; 0.364 V                             ; 0.046 V                             ; 1.17e-10 s                 ; 2.6e-10 s                  ; No                        ; Yes                       ;
; ~ALTERA_DCLK~ ; 2.5 V        ; 0 s                 ; 0 s                 ; 2.62 V                       ; 3.81e-08 V                   ; 2.72 V              ; -0.0542 V           ; 0.144 V                              ; 0.087 V                              ; 2.55e-10 s                  ; 2.14e-10 s                  ; Yes                        ; Yes                        ; 2.62 V                      ; 3.81e-08 V                  ; 2.72 V             ; -0.0542 V          ; 0.144 V                             ; 0.087 V                             ; 2.55e-10 s                 ; 2.14e-10 s                 ; Yes                       ; Yes                       ;
+---------------+--------------+---------------------+---------------------+------------------------------+------------------------------+---------------------+---------------------+--------------------------------------+--------------------------------------+-----------------------------+-----------------------------+----------------------------+----------------------------+-----------------------------+-----------------------------+--------------------+--------------------+-------------------------------------+-------------------------------------+----------------------------+----------------------------+---------------------------+---------------------------+


+-------------------------------------------------------------------+
; Setup Transfers                                                   ;
+------------+----------+----------+----------+----------+----------+
; From Clock ; To Clock ; RR Paths ; FR Paths ; RF Paths ; FF Paths ;
+------------+----------+----------+----------+----------+----------+
; ck         ; ck       ; 2289     ; 0        ; 0        ; 0        ;
+------------+----------+----------+----------+----------+----------+
Entries labeled "false path" only account for clock-to-clock false paths and not path-based false paths. As a result, actual path counts may be lower than reported.


+-------------------------------------------------------------------+
; Hold Transfers                                                    ;
+------------+----------+----------+----------+----------+----------+
; From Clock ; To Clock ; RR Paths ; FR Paths ; RF Paths ; FF Paths ;
+------------+----------+----------+----------+----------+----------+
; ck         ; ck       ; 2289     ; 0        ; 0        ; 0        ;
+------------+----------+----------+----------+----------+----------+
Entries labeled "false path" only account for clock-to-clock false paths and not path-based false paths. As a result, actual path counts may be lower than reported.


---------------
; Report TCCS ;
---------------
No dedicated SERDES Transmitter circuitry present in device or used in design


---------------
; Report RSKM ;
---------------
No non-DPA dedicated SERDES Receiver circuitry present in device or used in design


+------------------------------------------------+
; Unconstrained Paths                            ;
+---------------------------------+-------+------+
; Property                        ; Setup ; Hold ;
+---------------------------------+-------+------+
; Illegal Clocks                  ; 0     ; 0    ;
; Unconstrained Clocks            ; 0     ; 0    ;
; Unconstrained Input Ports       ; 1     ; 1    ;
; Unconstrained Input Port Paths  ; 43    ; 43   ;
; Unconstrained Output Ports      ; 89    ; 89   ;
; Unconstrained Output Port Paths ; 598   ; 598  ;
+---------------------------------+-------+------+


+------------------------------------+
; TimeQuest Timing Analyzer Messages ;
+------------------------------------+
Info: *******************************************************************
Info: Running Quartus II 64-Bit TimeQuest Timing Analyzer
    Info: Version 13.1.0 Build 162 10/23/2013 SJ Web Edition
    Info: Processing started: Wed Jun 10 18:19:50 2026
Info: Command: quartus_sta pfs_neander -c pfs_neander
Info: qsta_default_script.tcl version: #1
Warning (20028): Parallel compilation is not licensed and has been disabled
Info (21076): High junction temperature operating condition is not set. Assuming a default value of '85'.
Info (21076): Low junction temperature operating condition is not set. Assuming a default value of '0'.
Critical Warning (332012): Synopsys Design Constraints File file not found: 'pfs_neander.sdc'. A Synopsys Design Constraints File is required by the TimeQuest Timing Analyzer to get proper timing constraints. Without it, the Compiler will not properly optimize the design.
Info (332142): No user constrained base clocks found in the design. Calling "derive_clocks -period 1.0"
Info (332105): Deriving Clocks
    Info (332105): create_clock -period 1.000 -name ck ck
Info (332143): No user constrained clock uncertainty found in the design. Calling "derive_clock_uncertainty"
Info (332123): Deriving Clock Uncertainty. Please refer to report_sdc in TimeQuest to see clock uncertainties.
Info: Found TIMEQUEST_REPORT_SCRIPT_INCLUDE_DEFAULT_ANALYSIS = ON
Info: Analyzing Slow 1200mV 85C Model
Critical Warning (332148): Timing requirements not met
    Info (11105): For recommendations on closing timing, run Report Timing Closure Recommendations in the TimeQuest Timing Analyzer.
Info (332146): Worst-case setup slack is -5.024
    Info (332119):     Slack       End Point TNS Clock 
    Info (332119): ========= =================== =====================
    Info (332119):    -5.024            -126.197 ck 
Info (332146): Worst-case hold slack is 0.355
    Info (332119):     Slack       End Point TNS Clock 
    Info (332119): ========= =================== =====================
    Info (332119):     0.355               0.000 ck 
Info (332140): No Recovery paths to report
Info (332140): No Removal paths to report
Info (332146): Worst-case minimum pulse width slack is -3.000
    Info (332119):     Slack       End Point TNS Clock 
    Info (332119): ========= =================== =====================
    Info (332119):    -3.000             -46.000 ck 
Info: Analyzing Slow 1200mV 0C Model
Info (334003): Started post-fitting delay annotation
Info (334004): Delay annotation completed successfully
Info (332123): Deriving Clock Uncertainty. Please refer to report_sdc in TimeQuest to see clock uncertainties.
Critical Warning (332148): Timing requirements not met
    Info (11105): For recommendations on closing timing, run Report Timing Closure Recommendations in the TimeQuest Timing Analyzer.
Info (332146): Worst-case setup slack is -4.372
    Info (332119):     Slack       End Point TNS Clock 
    Info (332119): ========= =================== =====================
    Info (332119):    -4.372            -109.298 ck 
Info (332146): Worst-case hold slack is 0.309
    Info (332119):     Slack       End Point TNS Clock 
    Info (332119): ========= =================== =====================
    Info (332119):     0.309               0.000 ck 
Info (332140): No Recovery paths to report
Info (332140): No Removal paths to report
Info (332146): Worst-case minimum pulse width slack is -3.000
    Info (332119):     Slack       End Point TNS Clock 
    Info (332119): ========= =================== =====================
    Info (332119):    -3.000             -46.000 ck 
Info: Analyzing Fast 1200mV 0C Model
Info (332123): Deriving Clock Uncertainty. Please refer to report_sdc in TimeQuest to see clock uncertainties.
Critical Warning (332148): Timing requirements not met
    Info (11105): For recommendations on closing timing, run Report Timing Closure Recommendations in the TimeQuest Timing Analyzer.
Info (332146): Worst-case setup slack is -2.373
    Info (332119):     Slack       End Point TNS Clock 
    Info (332119): ========= =================== =====================
    Info (332119):    -2.373             -51.725 ck 
Info (332146): Worst-case hold slack is 0.186
    Info (332119):     Slack       End Point TNS Clock 
    Info (332119): ========= =================== =====================
    Info (332119):     0.186               0.000 ck 
Info (332140): No Recovery paths to report
Info (332140): No Removal paths to report
Info (332146): Worst-case minimum pulse width slack is -3.000
    Info (332119):     Slack       End Point TNS Clock 
    Info (332119): ========= =================== =====================
    Info (332119):    -3.000             -47.261 ck 
Info (332102): Design is not fully constrained for setup requirements
Info (332102): Design is not fully constrained for hold requirements
Info: Quartus II 64-Bit TimeQuest Timing Analyzer was successful. 0 errors, 5 warnings
    Info: Peak virtual memory: 4642 megabytes
    Info: Processing ended: Wed Jun 10 18:19:53 2026
    Info: Elapsed time: 00:00:03
    Info: Total CPU time (on all processors): 00:00:03


