Fitter report for pfs_neander
Wed Jun 10 18:19:45 2026
Quartus II 64-Bit Version 13.1.0 Build 162 10/23/2013 SJ Web Edition


---------------------
; Table of Contents ;
---------------------
  1. Legal Notice
  2. Fitter Summary
  3. Fitter Settings
  4. Parallel Compilation
  5. I/O Assignment Warnings
  6. Incremental Compilation Preservation Summary
  7. Incremental Compilation Partition Settings
  8. Incremental Compilation Placement Preservation
  9. Pin-Out File
 10. Fitter Resource Usage Summary
 11. Fitter Partition Statistics
 12. Input Pins
 13. Output Pins
 14. Dual Purpose and Dedicated Pins
 15. I/O Bank Usage
 16. All Package Pins
 17. Fitter Resource Utilization by Entity
 18. Delay Chain Summary
 19. Pad To Core Delay Chain Fanout
 20. Control Signals
 21. Global & Other Fast Signals
 22. Non-Global High Fan-Out Signals
 23. Routing Usage Summary
 24. LAB Logic Elements
 25. LAB-wide Signals
 26. LAB Signals Sourced
 27. LAB Signals Sourced Out
 28. LAB Distinct Inputs
 29. I/O Rules Summary
 30. I/O Rules Details
 31. I/O Rules Matrix
 32. Fitter Device Options
 33. Operating Settings and Conditions
 34. Fitter Messages
 35. Fitter Suppressed Messages



----------------
; Legal Notice ;
----------------
Copyright (C) 1991-2013 Altera Corporation
Your use of Altera Corporation's design tools, logic functions 
and other software and tools, and its AMPP partner logic 
functions, and any output files from any of the foregoing 
(including device programming or simulation files), and any 
associated documentation or information are expressly subject 
to the terms and conditions of the Altera Program License 
Subscription Agreement, Altera MegaCore Function License 
Agreement, or other applicable license agreement, including, 
without limitation, that your use is for the sole purpose of 
programming logic devices manufactured by Altera and sold by 
Altera or its authorized distributors.  Please refer to the 
applicable agreement for further details.



+---------------------------------------------------------------------------------+
; Fitter Summary                                                                  ;
+------------------------------------+--------------------------------------------+
; Fitter Status                      ; Successful - Wed Jun 10 18:19:45 2026      ;
; Quartus II 64-Bit Version          ; 13.1.0 Build 162 10/23/2013 SJ Web Edition ;
; Revision Name                      ; pfs_neander                                ;
; Top-level Entity Name              ; pfs_neander                                ;
; Family                             ; Cyclone IV GX                              ;
; Device                             ; EP4CGX22CF19C6                             ;
; Timing Models                      ; Final                                      ;
; Total logic elements               ; 171 / 21,280 ( < 1 % )                     ;
;     Total combinational functions  ; 169 / 21,280 ( < 1 % )                     ;
;     Dedicated logic registers      ; 43 / 21,280 ( < 1 % )                      ;
; Total registers                    ; 43                                         ;
; Total pins                         ; 91 / 167 ( 54 % )                          ;
; Total virtual pins                 ; 0                                          ;
; Total memory bits                  ; 0 / 774,144 ( 0 % )                        ;
; Embedded Multiplier 9-bit elements ; 0 / 80 ( 0 % )                             ;
; Total GXB Receiver Channel PCS     ; 0 / 4 ( 0 % )                              ;
; Total GXB Receiver Channel PMA     ; 0 / 4 ( 0 % )                              ;
; Total GXB Transmitter Channel PCS  ; 0 / 4 ( 0 % )                              ;
; Total GXB Transmitter Channel PMA  ; 0 / 4 ( 0 % )                              ;
; Total PLLs                         ; 0 / 4 ( 0 % )                              ;
+------------------------------------+--------------------------------------------+


+------------------------------------------------------------------------------------------------------------------------------------------------------------+
; Fitter Settings                                                                                                                                            ;
+----------------------------------------------------------------------------+---------------------------------------+---------------------------------------+
; Option                                                                     ; Setting                               ; Default Value                         ;
+----------------------------------------------------------------------------+---------------------------------------+---------------------------------------+
; Device                                                                     ; auto                                  ;                                       ;
; Fit Attempts to Skip                                                       ; 0                                     ; 0.0                                   ;
; Use smart compilation                                                      ; Off                                   ; Off                                   ;
; Enable parallel Assembler and TimeQuest Timing Analyzer during compilation ; On                                    ; On                                    ;
; Enable compact report table                                                ; Off                                   ; Off                                   ;
; Auto Merge PLLs                                                            ; On                                    ; On                                    ;
; Router Timing Optimization Level                                           ; Normal                                ; Normal                                ;
; Perform Clocking Topology Analysis During Routing                          ; Off                                   ; Off                                   ;
; Placement Effort Multiplier                                                ; 1.0                                   ; 1.0                                   ;
; Router Effort Multiplier                                                   ; 1.0                                   ; 1.0                                   ;
; Optimize Hold Timing                                                       ; All Paths                             ; All Paths                             ;
; Optimize Multi-Corner Timing                                               ; On                                    ; On                                    ;
; PowerPlay Power Optimization                                               ; Normal compilation                    ; Normal compilation                    ;
; SSN Optimization                                                           ; Off                                   ; Off                                   ;
; Optimize Timing                                                            ; Normal compilation                    ; Normal compilation                    ;
; Optimize Timing for ECOs                                                   ; Off                                   ; Off                                   ;
; Regenerate full fit report during ECO compiles                             ; Off                                   ; Off                                   ;
; Optimize IOC Register Placement for Timing                                 ; Normal                                ; Normal                                ;
; Limit to One Fitting Attempt                                               ; Off                                   ; Off                                   ;
; Final Placement Optimizations                                              ; Automatically                         ; Automatically                         ;
; Fitter Aggressive Routability Optimizations                                ; Automatically                         ; Automatically                         ;
; Fitter Initial Placement Seed                                              ; 1                                     ; 1                                     ;
; PCI I/O                                                                    ; Off                                   ; Off                                   ;
; Weak Pull-Up Resistor                                                      ; Off                                   ; Off                                   ;
; Enable Bus-Hold Circuitry                                                  ; Off                                   ; Off                                   ;
; Auto Packed Registers                                                      ; Auto                                  ; Auto                                  ;
; Auto Delay Chains                                                          ; On                                    ; On                                    ;
; Auto Delay Chains for High Fanout Input Pins                               ; Off                                   ; Off                                   ;
; Allow Single-ended Buffer for Differential-XSTL Input                      ; Off                                   ; Off                                   ;
; Treat Bidirectional Pin as Output Pin                                      ; Off                                   ; Off                                   ;
; Perform Physical Synthesis for Combinational Logic for Fitting             ; Off                                   ; Off                                   ;
; Perform Physical Synthesis for Combinational Logic for Performance         ; Off                                   ; Off                                   ;
; Perform Register Duplication for Performance                               ; Off                                   ; Off                                   ;
; Perform Logic to Memory Mapping for Fitting                                ; Off                                   ; Off                                   ;
; Perform Register Retiming for Performance                                  ; Off                                   ; Off                                   ;
; Perform Asynchronous Signal Pipelining                                     ; Off                                   ; Off                                   ;
; Fitter Effort                                                              ; Auto Fit                              ; Auto Fit                              ;
; Physical Synthesis Effort Level                                            ; Normal                                ; Normal                                ;
; Logic Cell Insertion - Logic Duplication                                   ; Auto                                  ; Auto                                  ;
; Auto Register Duplication                                                  ; Auto                                  ; Auto                                  ;
; Auto Global Clock                                                          ; On                                    ; On                                    ;
; Auto Global Register Control Signals                                       ; On                                    ; On                                    ;
; Generate GXB Reconfig MIF                                                  ; Off                                   ; Off                                   ;
; Reserve all unused pins                                                    ; As input tri-stated with weak pull-up ; As input tri-stated with weak pull-up ;
; Synchronizer Identification                                                ; Off                                   ; Off                                   ;
; Enable Beneficial Skew Optimization                                        ; On                                    ; On                                    ;
; Optimize Design for Metastability                                          ; On                                    ; On                                    ;
; Active Serial clock source                                                 ; FREQ_40MHz                            ; FREQ_40MHz                            ;
; Force Fitter to Avoid Periphery Placement Warnings                         ; Off                                   ; Off                                   ;
; Enable input tri-state on active configuration pins in user mode           ; Off                                   ; Off                                   ;
+----------------------------------------------------------------------------+---------------------------------------+---------------------------------------+


Parallel compilation was disabled, but you have multiple processors available. Enable parallel compilation to reduce compilation time.
+-------------------------------------+
; Parallel Compilation                ;
+----------------------------+--------+
; Processors                 ; Number ;
+----------------------------+--------+
; Number detected on machine ; 4      ;
; Maximum allowed            ; 1      ;
+----------------------------+--------+


+------------------------------------------+
; I/O Assignment Warnings                  ;
+----------+-------------------------------+
; Pin Name ; Reason                        ;
+----------+-------------------------------+
; n        ; Incomplete set of assignments ;
; AC[7]    ; Incomplete set of assignments ;
; AC[6]    ; Incomplete set of assignments ;
; AC[5]    ; Incomplete set of assignments ;
; AC[4]    ; Incomplete set of assignments ;
; AC[3]    ; Incomplete set of assignments ;
; AC[2]    ; Incomplete set of assignments ;
; AC[1]    ; Incomplete set of assignments ;
; AC[0]    ; Incomplete set of assignments ;
; cg_AC    ; Incomplete set of assignments ;
; z        ; Incomplete set of assignments ;
; tempo[2] ; Incomplete set of assignments ;
; tempo[1] ; Incomplete set of assignments ;
; tempo[0] ; Incomplete set of assignments ;
; RI[7]    ; Incomplete set of assignments ;
; RI[6]    ; Incomplete set of assignments ;
; RI[5]    ; Incomplete set of assignments ;
; RI[4]    ; Incomplete set of assignments ;
; RI[3]    ; Incomplete set of assignments ;
; RI[2]    ; Incomplete set of assignments ;
; RI[1]    ; Incomplete set of assignments ;
; RI[0]    ; Incomplete set of assignments ;
; cg_RI    ; Incomplete set of assignments ;
; RDM[7]   ; Incomplete set of assignments ;
; RDM[6]   ; Incomplete set of assignments ;
; RDM[5]   ; Incomplete set of assignments ;
; RDM[4]   ; Incomplete set of assignments ;
; RDM[3]   ; Incomplete set of assignments ;
; RDM[2]   ; Incomplete set of assignments ;
; RDM[1]   ; Incomplete set of assignments ;
; RDM[0]   ; Incomplete set of assignments ;
; cg_RDM   ; Incomplete set of assignments ;
; MEM[7]   ; Incomplete set of assignments ;
; MEM[6]   ; Incomplete set of assignments ;
; MEM[5]   ; Incomplete set of assignments ;
; MEM[4]   ; Incomplete set of assignments ;
; MEM[3]   ; Incomplete set of assignments ;
; MEM[2]   ; Incomplete set of assignments ;
; MEM[1]   ; Incomplete set of assignments ;
; MEM[0]   ; Incomplete set of assignments ;
; REM[7]   ; Incomplete set of assignments ;
; REM[6]   ; Incomplete set of assignments ;
; REM[5]   ; Incomplete set of assignments ;
; REM[4]   ; Incomplete set of assignments ;
; REM[3]   ; Incomplete set of assignments ;
; REM[2]   ; Incomplete set of assignments ;
; REM[1]   ; Incomplete set of assignments ;
; REM[0]   ; Incomplete set of assignments ;
; cg_REM   ; Incomplete set of assignments ;
; MUX[7]   ; Incomplete set of assignments ;
; MUX[6]   ; Incomplete set of assignments ;
; MUX[5]   ; Incomplete set of assignments ;
; MUX[4]   ; Incomplete set of assignments ;
; MUX[3]   ; Incomplete set of assignments ;
; MUX[2]   ; Incomplete set of assignments ;
; MUX[1]   ; Incomplete set of assignments ;
; MUX[0]   ; Incomplete set of assignments ;
; mux_REM  ; Incomplete set of assignments ;
; PC[7]    ; Incomplete set of assignments ;
; PC[6]    ; Incomplete set of assignments ;
; PC[5]    ; Incomplete set of assignments ;
; PC[4]    ; Incomplete set of assignments ;
; PC[3]    ; Incomplete set of assignments ;
; PC[2]    ; Incomplete set of assignments ;
; PC[1]    ; Incomplete set of assignments ;
; PC[0]    ; Incomplete set of assignments ;
; inc_pc   ; Incomplete set of assignments ;
; cg_PC    ; Incomplete set of assignments ;
; ULA[7]   ; Incomplete set of assignments ;
; ULA[6]   ; Incomplete set of assignments ;
; ULA[5]   ; Incomplete set of assignments ;
; ULA[4]   ; Incomplete set of assignments ;
; ULA[3]   ; Incomplete set of assignments ;
; ULA[2]   ; Incomplete set of assignments ;
; ULA[1]   ; Incomplete set of assignments ;
; ULA[0]   ; Incomplete set of assignments ;
; i_not    ; Incomplete set of assignments ;
; i_and    ; Incomplete set of assignments ;
; i_or     ; Incomplete set of assignments ;
; i_add    ; Incomplete set of assignments ;
; i_lda    ; Incomplete set of assignments ;
; T[7]     ; Incomplete set of assignments ;
; T[6]     ; Incomplete set of assignments ;
; T[5]     ; Incomplete set of assignments ;
; T[4]     ; Incomplete set of assignments ;
; T[3]     ; Incomplete set of assignments ;
; T[2]     ; Incomplete set of assignments ;
; T[1]     ; Incomplete set of assignments ;
; T[0]     ; Incomplete set of assignments ;
; ck       ; Incomplete set of assignments ;
; reset    ; Incomplete set of assignments ;
+----------+-------------------------------+


+--------------------------------------------------------------------------------------------------+
; Incremental Compilation Preservation Summary                                                     ;
+---------------------+--------------------+----------------------------+--------------------------+
; Type                ; Total [A + B]      ; From Design Partitions [A] ; From Rapid Recompile [B] ;
+---------------------+--------------------+----------------------------+--------------------------+
; Placement (by node) ;                    ;                            ;                          ;
;     -- Requested    ; 0.00 % ( 0 / 407 ) ; 0.00 % ( 0 / 407 )         ; 0.00 % ( 0 / 407 )       ;
;     -- Achieved     ; 0.00 % ( 0 / 407 ) ; 0.00 % ( 0 / 407 )         ; 0.00 % ( 0 / 407 )       ;
;                     ;                    ;                            ;                          ;
; Routing (by net)    ;                    ;                            ;                          ;
;     -- Requested    ; 0.00 % ( 0 / 0 )   ; 0.00 % ( 0 / 0 )           ; 0.00 % ( 0 / 0 )         ;
;     -- Achieved     ; 0.00 % ( 0 / 0 )   ; 0.00 % ( 0 / 0 )           ; 0.00 % ( 0 / 0 )         ;
+---------------------+--------------------+----------------------------+--------------------------+


+----------------------------------------------------------------------------------------------------------------------------------------------------------------------------------------+
; Incremental Compilation Partition Settings                                                                                                                                             ;
+--------------------------------+----------------+-------------------+-------------------------+------------------------+------------------------------+--------------------------------+
; Partition Name                 ; Partition Type ; Netlist Type Used ; Preservation Level Used ; Netlist Type Requested ; Preservation Level Requested ; Contents                       ;
+--------------------------------+----------------+-------------------+-------------------------+------------------------+------------------------------+--------------------------------+
; Top                            ; User-created   ; Source File       ; N/A                     ; Source File            ; N/A                          ;                                ;
; hard_block:auto_generated_inst ; Auto-generated ; Source File       ; N/A                     ; Source File            ; N/A                          ; hard_block:auto_generated_inst ;
+--------------------------------+----------------+-------------------+-------------------------+------------------------+------------------------------+--------------------------------+


+------------------------------------------------------------------------------------------------------------------------------------+
; Incremental Compilation Placement Preservation                                                                                     ;
+--------------------------------+-----------------------+-------------------------+-------------------+---------------------+-------+
; Partition Name                 ; Preservation Achieved ; Preservation Level Used ; Netlist Type Used ; Preservation Method ; Notes ;
+--------------------------------+-----------------------+-------------------------+-------------------+---------------------+-------+
; Top                            ; 0.00 % ( 0 / 397 )    ; N/A                     ; Source File       ; N/A                 ;       ;
; hard_block:auto_generated_inst ; 0.00 % ( 0 / 10 )     ; N/A                     ; Source File       ; N/A                 ;       ;
+--------------------------------+-----------------------+-------------------------+-------------------+---------------------+-------+


+--------------+
; Pin-Out File ;
+--------------+
The pin-out file can be found in C:/Users/p-fan/apps/cd_pfs/output_files/pfs_neander.pin.


+----------------------------------------------------------------------+
; Fitter Resource Usage Summary                                        ;
+---------------------------------------------+------------------------+
; Resource                                    ; Usage                  ;
+---------------------------------------------+------------------------+
; Total logic elements                        ; 171 / 21,280 ( < 1 % ) ;
;     -- Combinational with no register       ; 128                    ;
;     -- Register only                        ; 2                      ;
;     -- Combinational with a register        ; 41                     ;
;                                             ;                        ;
; Logic element usage by number of LUT inputs ;                        ;
;     -- 4 input functions                    ; 99                     ;
;     -- 3 input functions                    ; 54                     ;
;     -- <=2 input functions                  ; 16                     ;
;     -- Register only                        ; 2                      ;
;                                             ;                        ;
; Logic elements by mode                      ;                        ;
;     -- normal mode                          ; 169                    ;
;     -- arithmetic mode                      ; 0                      ;
;                                             ;                        ;
; Total registers*                            ; 43 / 22,031 ( < 1 % )  ;
;     -- Dedicated logic registers            ; 43 / 21,280 ( < 1 % )  ;
;     -- I/O registers                        ; 0 / 751 ( 0 % )        ;
;                                             ;                        ;
; Total LABs:  partially or completely used   ; 16 / 1,330 ( 1 % )     ;
; Virtual pins                                ; 0                      ;
; I/O pins                                    ; 91 / 167 ( 54 % )      ;
;     -- Clock pins                           ; 1 / 6 ( 17 % )         ;
;     -- Dedicated input pins                 ; 0 / 16 ( 0 % )         ;
;                                             ;                        ;
; Global signals                              ; 2                      ;
; M9Ks                                        ; 0 / 84 ( 0 % )         ;
; Total block memory bits                     ; 0 / 774,144 ( 0 % )    ;
; Total block memory implementation bits      ; 0 / 774,144 ( 0 % )    ;
; Embedded Multiplier 9-bit elements          ; 0 / 80 ( 0 % )         ;
; PLLs                                        ; 0 / 4 ( 0 % )          ;
; Global clocks                               ; 2 / 20 ( 10 % )        ;
; JTAGs                                       ; 0 / 1 ( 0 % )          ;
; CRC blocks                                  ; 0 / 1 ( 0 % )          ;
; ASMI blocks                                 ; 0 / 1 ( 0 % )          ;
; GXB Receiver channel PCSs                   ; 0 / 4 ( 0 % )          ;
; GXB Receiver channel PMAs                   ; 0 / 4 ( 0 % )          ;
; GXB Transmitter channel PCSs                ; 0 / 4 ( 0 % )          ;
; GXB Transmitter channel PMAs                ; 0 / 4 ( 0 % )          ;
; Impedance control blocks                    ; 0 / 3 ( 0 % )          ;
; Average interconnect usage (total/H/V)      ; 0% / 0% / 0%           ;
; Peak interconnect usage (total/H/V)         ; 3% / 3% / 3%           ;
; Maximum fan-out                             ; 43                     ;
; Highest non-global fan-out                  ; 36                     ;
; Total fan-out                               ; 939                    ;
; Average fan-out                             ; 2.30                   ;
+---------------------------------------------+------------------------+
*  Register count does not include registers inside RAM blocks or DSP blocks.



+------------------------------------------------------------------------------------------------------+
; Fitter Partition Statistics                                                                          ;
+---------------------------------------------+-----------------------+--------------------------------+
; Statistic                                   ; Top                   ; hard_block:auto_generated_inst ;
+---------------------------------------------+-----------------------+--------------------------------+
; Difficulty Clustering Region                ; Low                   ; Low                            ;
;                                             ;                       ;                                ;
; Total logic elements                        ; 171 / 21280 ( < 1 % ) ; 0 / 21280 ( 0 % )              ;
;     -- Combinational with no register       ; 128                   ; 0                              ;
;     -- Register only                        ; 2                     ; 0                              ;
;     -- Combinational with a register        ; 41                    ; 0                              ;
;                                             ;                       ;                                ;
; Logic element usage by number of LUT inputs ;                       ;                                ;
;     -- 4 input functions                    ; 99                    ; 0                              ;
;     -- 3 input functions                    ; 54                    ; 0                              ;
;     -- <=2 input functions                  ; 16                    ; 0                              ;
;     -- Register only                        ; 2                     ; 0                              ;
;                                             ;                       ;                                ;
; Logic elements by mode                      ;                       ;                                ;
;     -- normal mode                          ; 169                   ; 0                              ;
;     -- arithmetic mode                      ; 0                     ; 0                              ;
;                                             ;                       ;                                ;
; Total registers                             ; 43                    ; 0                              ;
;     -- Dedicated logic registers            ; 43 / 21280 ( < 1 % )  ; 0 / 21280 ( 0 % )              ;
;     -- I/O registers                        ; 0                     ; 0                              ;
;                                             ;                       ;                                ;
; Total LABs:  partially or completely used   ; 16 / 1330 ( 1 % )     ; 0 / 1330 ( 0 % )               ;
;                                             ;                       ;                                ;
; Virtual pins                                ; 0                     ; 0                              ;
; I/O pins                                    ; 91                    ; 0                              ;
; Embedded Multiplier 9-bit elements          ; 0 / 80 ( 0 % )        ; 0 / 80 ( 0 % )                 ;
; Total memory bits                           ; 0                     ; 0                              ;
; Total RAM block bits                        ; 0                     ; 0                              ;
; Clock control block                         ; 2 / 24 ( 8 % )        ; 0 / 24 ( 0 % )                 ;
;                                             ;                       ;                                ;
; Connections                                 ;                       ;                                ;
;     -- Input Connections                    ; 0                     ; 0                              ;
;     -- Registered Input Connections         ; 0                     ; 0                              ;
;     -- Output Connections                   ; 0                     ; 0                              ;
;     -- Registered Output Connections        ; 0                     ; 0                              ;
;                                             ;                       ;                                ;
; Internal Connections                        ;                       ;                                ;
;     -- Total Connections                    ; 934                   ; 5                              ;
;     -- Registered Connections               ; 410                   ; 0                              ;
;                                             ;                       ;                                ;
; External Connections                        ;                       ;                                ;
;     -- Top                                  ; 0                     ; 0                              ;
;     -- hard_block:auto_generated_inst       ; 0                     ; 0                              ;
;                                             ;                       ;                                ;
; Partition Interface                         ;                       ;                                ;
;     -- Input Ports                          ; 2                     ; 0                              ;
;     -- Output Ports                         ; 89                    ; 0                              ;
;     -- Bidir Ports                          ; 0                     ; 0                              ;
;                                             ;                       ;                                ;
; Registered Ports                            ;                       ;                                ;
;     -- Registered Input Ports               ; 0                     ; 0                              ;
;     -- Registered Output Ports              ; 0                     ; 0                              ;
;                                             ;                       ;                                ;
; Port Connectivity                           ;                       ;                                ;
;     -- Input Ports driven by GND            ; 0                     ; 0                              ;
;     -- Output Ports driven by GND           ; 0                     ; 0                              ;
;     -- Input Ports driven by VCC            ; 0                     ; 0                              ;
;     -- Output Ports driven by VCC           ; 0                     ; 0                              ;
;     -- Input Ports with no Source           ; 0                     ; 0                              ;
;     -- Output Ports with no Source          ; 0                     ; 0                              ;
;     -- Input Ports with no Fanout           ; 0                     ; 0                              ;
;     -- Output Ports with no Fanout          ; 0                     ; 0                              ;
+---------------------------------------------+-----------------------+--------------------------------+


+------------------------------------------------------------------------------------------------------------------------------------------------------------------------------------------------------------------------------------------------------------------------------------------+
; Input Pins                                                                                                                                                                                                                                                                               ;
+-------+-------+----------+--------------+--------------+--------------+-----------------------+--------------------+--------+----------------+---------------+-----------------+----------+--------------+--------------+-------------+---------------------------+----------------------+
; Name  ; Pin # ; I/O Bank ; X coordinate ; Y coordinate ; Z coordinate ; Combinational Fan-Out ; Registered Fan-Out ; Global ; Input Register ; Power Up High ; PCI I/O Enabled ; Bus Hold ; Weak Pull Up ; I/O Standard ; Termination ; Termination Control Block ; Location assigned by ;
+-------+-------+----------+--------------+--------------+--------------+-----------------------+--------------------+--------+----------------+---------------+-----------------+----------+--------------+--------------+-------------+---------------------------+----------------------+
; ck    ; M10   ; 3A       ; 27           ; 0            ; 14           ; 43                    ; 0                  ; yes    ; no             ; no            ; yes             ; no       ; Off          ; 2.5 V        ; Off         ; --                        ; Fitter               ;
; reset ; M9    ; 3A       ; 27           ; 0            ; 21           ; 43                    ; 0                  ; yes    ; no             ; no            ; yes             ; no       ; Off          ; 2.5 V        ; Off         ; --                        ; Fitter               ;
+-------+-------+----------+--------------+--------------+--------------+-----------------------+--------------------+--------+----------------+---------------+-----------------+----------+--------------+--------------+-------------+---------------------------+----------------------+


+-----------------------------------------------------------------------------------------------------------------------------------------------------------------------------------------------------------------------------------------------------------------------------------------------------------------------------------------------------------------------------------------------------------------------------------------------------------+
; Output Pins                                                                                                                                                                                                                                                                                                                                                                                                                                               ;
+----------+-------+----------+--------------+--------------+--------------+-----------------+------------------------+---------------+-----------+-----------------+------------+---------------+----------+--------------+--------------+------------------+-----------------------------------+---------------------------+----------------------------+-----------------------------+----------------------+----------------------+---------------------+
; Name     ; Pin # ; I/O Bank ; X coordinate ; Y coordinate ; Z coordinate ; Output Register ; Output Enable Register ; Power Up High ; Slew Rate ; PCI I/O Enabled ; Open Drain ; TRI Primitive ; Bus Hold ; Weak Pull Up ; I/O Standard ; Current Strength ; Termination                       ; Termination Control Block ; Output Buffer Pre-emphasis ; Voltage Output Differential ; Location assigned by ; Output Enable Source ; Output Enable Group ;
+----------+-------+----------+--------------+--------------+--------------+-----------------+------------------------+---------------+-----------+-----------------+------------+---------------+----------+--------------+--------------+------------------+-----------------------------------+---------------------------+----------------------------+-----------------------------+----------------------+----------------------+---------------------+
; AC[0]    ; R16   ; 5        ; 52           ; 10           ; 0            ; no              ; no                     ; no            ; 2         ; no              ; no         ; no            ; no       ; Off          ; 2.5 V        ; Default          ; Series 50 Ohm without Calibration ; --                        ; no                         ; no                          ; Fitter               ; -                    ; -                   ;
; AC[1]    ; E15   ; 6        ; 52           ; 32           ; 7            ; no              ; no                     ; no            ; 2         ; no              ; no         ; no            ; no       ; Off          ; 2.5 V        ; Default          ; Series 50 Ohm without Calibration ; --                        ; no                         ; no                          ; Fitter               ; -                    ; -                   ;
; AC[2]    ; T15   ; 4        ; 48           ; 0            ; 0            ; no              ; no                     ; no            ; 2         ; no              ; no         ; no            ; no       ; Off          ; 2.5 V        ; Default          ; Series 50 Ohm without Calibration ; --                        ; no                         ; no                          ; Fitter               ; -                    ; -                   ;
; AC[3]    ; C18   ; 7        ; 50           ; 41           ; 0            ; no              ; no                     ; no            ; 2         ; no              ; no         ; no            ; no       ; Off          ; 2.5 V        ; Default          ; Series 50 Ohm without Calibration ; --                        ; no                         ; no                          ; Fitter               ; -                    ; -                   ;
; AC[4]    ; N17   ; 5        ; 52           ; 16           ; 0            ; no              ; no                     ; no            ; 2         ; no              ; no         ; no            ; no       ; Off          ; 2.5 V        ; Default          ; Series 50 Ohm without Calibration ; --                        ; no                         ; no                          ; Fitter               ; -                    ; -                   ;
; AC[5]    ; L15   ; 5        ; 52           ; 13           ; 0            ; no              ; no                     ; no            ; 2         ; no              ; no         ; no            ; no       ; Off          ; 2.5 V        ; Default          ; Series 50 Ohm without Calibration ; --                        ; no                         ; no                          ; Fitter               ; -                    ; -                   ;
; AC[6]    ; R14   ; 4        ; 48           ; 0            ; 7            ; no              ; no                     ; no            ; 2         ; no              ; no         ; no            ; no       ; Off          ; 2.5 V        ; Default          ; Series 50 Ohm without Calibration ; --                        ; no                         ; no                          ; Fitter               ; -                    ; -                   ;
; AC[7]    ; R11   ; 4        ; 31           ; 0            ; 21           ; no              ; no                     ; no            ; 2         ; no              ; no         ; no            ; no       ; Off          ; 2.5 V        ; Default          ; Series 50 Ohm without Calibration ; --                        ; no                         ; no                          ; Fitter               ; -                    ; -                   ;
; MEM[0]   ; C10   ; 8        ; 25           ; 41           ; 0            ; no              ; no                     ; no            ; 2         ; no              ; no         ; no            ; no       ; Off          ; 2.5 V        ; Default          ; Series 50 Ohm without Calibration ; --                        ; no                         ; no                          ; Fitter               ; -                    ; -                   ;
; MEM[1]   ; E10   ; 7        ; 29           ; 41           ; 7            ; no              ; no                     ; no            ; 2         ; no              ; no         ; no            ; no       ; Off          ; 2.5 V        ; Default          ; Series 50 Ohm without Calibration ; --                        ; no                         ; no                          ; Fitter               ; -                    ; -                   ;
; MEM[2]   ; D13   ; 7        ; 41           ; 41           ; 14           ; no              ; no                     ; no            ; 2         ; no              ; no         ; no            ; no       ; Off          ; 2.5 V        ; Default          ; Series 50 Ohm without Calibration ; --                        ; no                         ; no                          ; Fitter               ; -                    ; -                   ;
; MEM[3]   ; U16   ; 4        ; 41           ; 0            ; 0            ; no              ; no                     ; no            ; 2         ; no              ; no         ; no            ; no       ; Off          ; 2.5 V        ; Default          ; Series 50 Ohm without Calibration ; --                        ; no                         ; no                          ; Fitter               ; -                    ; -                   ;
; MEM[4]   ; A13   ; 7        ; 31           ; 41           ; 14           ; no              ; no                     ; no            ; 2         ; no              ; no         ; no            ; no       ; Off          ; 2.5 V        ; Default          ; Series 50 Ohm without Calibration ; --                        ; no                         ; no                          ; Fitter               ; -                    ; -                   ;
; MEM[5]   ; A16   ; 7        ; 38           ; 41           ; 0            ; no              ; no                     ; no            ; 2         ; no              ; no         ; no            ; no       ; Off          ; 2.5 V        ; Default          ; Series 50 Ohm without Calibration ; --                        ; no                         ; no                          ; Fitter               ; -                    ; -                   ;
; MEM[6]   ; C12   ; 7        ; 36           ; 41           ; 0            ; no              ; no                     ; no            ; 2         ; no              ; no         ; no            ; no       ; Off          ; 2.5 V        ; Default          ; Series 50 Ohm without Calibration ; --                        ; no                         ; no                          ; Fitter               ; -                    ; -                   ;
; MEM[7]   ; B13   ; 7        ; 31           ; 41           ; 21           ; no              ; no                     ; no            ; 2         ; no              ; no         ; no            ; no       ; Off          ; 2.5 V        ; Default          ; Series 50 Ohm without Calibration ; --                        ; no                         ; no                          ; Fitter               ; -                    ; -                   ;
; MUX[0]   ; V16   ; 4        ; 43           ; 0            ; 7            ; no              ; no                     ; no            ; 2         ; no              ; no         ; no            ; no       ; Off          ; 2.5 V        ; Default          ; Series 50 Ohm without Calibration ; --                        ; no                         ; no                          ; Fitter               ; -                    ; -                   ;
; MUX[1]   ; B15   ; 7        ; 41           ; 41           ; 0            ; no              ; no                     ; no            ; 2         ; no              ; no         ; no            ; no       ; Off          ; 2.5 V        ; Default          ; Series 50 Ohm without Calibration ; --                        ; no                         ; no                          ; Fitter               ; -                    ; -                   ;
; MUX[2]   ; T16   ; 4        ; 46           ; 0            ; 7            ; no              ; no                     ; no            ; 2         ; no              ; no         ; no            ; no       ; Off          ; 2.5 V        ; Default          ; Series 50 Ohm without Calibration ; --                        ; no                         ; no                          ; Fitter               ; -                    ; -                   ;
; MUX[3]   ; U15   ; 4        ; 41           ; 0            ; 7            ; no              ; no                     ; no            ; 2         ; no              ; no         ; no            ; no       ; Off          ; 2.5 V        ; Default          ; Series 50 Ohm without Calibration ; --                        ; no                         ; no                          ; Fitter               ; -                    ; -                   ;
; MUX[4]   ; R12   ; 4        ; 36           ; 0            ; 7            ; no              ; no                     ; no            ; 2         ; no              ; no         ; no            ; no       ; Off          ; 2.5 V        ; Default          ; Series 50 Ohm without Calibration ; --                        ; no                         ; no                          ; Fitter               ; -                    ; -                   ;
; MUX[5]   ; A14   ; 7        ; 34           ; 41           ; 0            ; no              ; no                     ; no            ; 2         ; no              ; no         ; no            ; no       ; Off          ; 2.5 V        ; Default          ; Series 50 Ohm without Calibration ; --                        ; no                         ; no                          ; Fitter               ; -                    ; -                   ;
; MUX[6]   ; V15   ; 4        ; 34           ; 0            ; 0            ; no              ; no                     ; no            ; 2         ; no              ; no         ; no            ; no       ; Off          ; 2.5 V        ; Default          ; Series 50 Ohm without Calibration ; --                        ; no                         ; no                          ; Fitter               ; -                    ; -                   ;
; MUX[7]   ; B10   ; 8        ; 21           ; 41           ; 7            ; no              ; no                     ; no            ; 2         ; no              ; no         ; no            ; no       ; Off          ; 2.5 V        ; Default          ; Series 50 Ohm without Calibration ; --                        ; no                         ; no                          ; Fitter               ; -                    ; -                   ;
; PC[0]    ; P15   ; 4        ; 50           ; 0            ; 7            ; no              ; no                     ; no            ; 2         ; no              ; no         ; no            ; no       ; Off          ; 2.5 V        ; Default          ; Series 50 Ohm without Calibration ; --                        ; no                         ; no                          ; Fitter               ; -                    ; -                   ;
; PC[1]    ; P13   ; 4        ; 38           ; 0            ; 0            ; no              ; no                     ; no            ; 2         ; no              ; no         ; no            ; no       ; Off          ; 2.5 V        ; Default          ; Series 50 Ohm without Calibration ; --                        ; no                         ; no                          ; Fitter               ; -                    ; -                   ;
; PC[2]    ; V17   ; 4        ; 43           ; 0            ; 0            ; no              ; no                     ; no            ; 2         ; no              ; no         ; no            ; no       ; Off          ; 2.5 V        ; Default          ; Series 50 Ohm without Calibration ; --                        ; no                         ; no                          ; Fitter               ; -                    ; -                   ;
; PC[3]    ; V14   ; 4        ; 34           ; 0            ; 7            ; no              ; no                     ; no            ; 2         ; no              ; no         ; no            ; no       ; Off          ; 2.5 V        ; Default          ; Series 50 Ohm without Calibration ; --                        ; no                         ; no                          ; Fitter               ; -                    ; -                   ;
; PC[4]    ; A15   ; 7        ; 34           ; 41           ; 7            ; no              ; no                     ; no            ; 2         ; no              ; no         ; no            ; no       ; Off          ; 2.5 V        ; Default          ; Series 50 Ohm without Calibration ; --                        ; no                         ; no                          ; Fitter               ; -                    ; -                   ;
; PC[5]    ; T14   ; 4        ; 41           ; 0            ; 14           ; no              ; no                     ; no            ; 2         ; no              ; no         ; no            ; no       ; Off          ; 2.5 V        ; Default          ; Series 50 Ohm without Calibration ; --                        ; no                         ; no                          ; Fitter               ; -                    ; -                   ;
; PC[6]    ; C13   ; 7        ; 36           ; 41           ; 7            ; no              ; no                     ; no            ; 2         ; no              ; no         ; no            ; no       ; Off          ; 2.5 V        ; Default          ; Series 50 Ohm without Calibration ; --                        ; no                         ; no                          ; Fitter               ; -                    ; -                   ;
; PC[7]    ; M16   ; 5        ; 52           ; 15           ; 0            ; no              ; no                     ; no            ; 2         ; no              ; no         ; no            ; no       ; Off          ; 2.5 V        ; Default          ; Series 50 Ohm without Calibration ; --                        ; no                         ; no                          ; Fitter               ; -                    ; -                   ;
; RDM[0]   ; K15   ; 5        ; 52           ; 18           ; 0            ; no              ; no                     ; no            ; 2         ; no              ; no         ; no            ; no       ; Off          ; 2.5 V        ; Default          ; Series 50 Ohm without Calibration ; --                        ; no                         ; no                          ; Fitter               ; -                    ; -                   ;
; RDM[1]   ; K16   ; 5        ; 52           ; 18           ; 7            ; no              ; no                     ; no            ; 2         ; no              ; no         ; no            ; no       ; Off          ; 2.5 V        ; Default          ; Series 50 Ohm without Calibration ; --                        ; no                         ; no                          ; Fitter               ; -                    ; -                   ;
; RDM[2]   ; H16   ; 6        ; 52           ; 28           ; 0            ; no              ; no                     ; no            ; 2         ; no              ; no         ; no            ; no       ; Off          ; 2.5 V        ; Default          ; Series 50 Ohm without Calibration ; --                        ; no                         ; no                          ; Fitter               ; -                    ; -                   ;
; RDM[3]   ; J16   ; 6        ; 52           ; 23           ; 0            ; no              ; no                     ; no            ; 2         ; no              ; no         ; no            ; no       ; Off          ; 2.5 V        ; Default          ; Series 50 Ohm without Calibration ; --                        ; no                         ; no                          ; Fitter               ; -                    ; -                   ;
; RDM[4]   ; G17   ; 6        ; 52           ; 27           ; 7            ; no              ; no                     ; no            ; 2         ; no              ; no         ; no            ; no       ; Off          ; 2.5 V        ; Default          ; Series 50 Ohm without Calibration ; --                        ; no                         ; no                          ; Fitter               ; -                    ; -                   ;
; RDM[5]   ; F16   ; 6        ; 52           ; 32           ; 14           ; no              ; no                     ; no            ; 2         ; no              ; no         ; no            ; no       ; Off          ; 2.5 V        ; Default          ; Series 50 Ohm without Calibration ; --                        ; no                         ; no                          ; Fitter               ; -                    ; -                   ;
; RDM[6]   ; L18   ; 5        ; 52           ; 19           ; 7            ; no              ; no                     ; no            ; 2         ; no              ; no         ; no            ; no       ; Off          ; 2.5 V        ; Default          ; Series 50 Ohm without Calibration ; --                        ; no                         ; no                          ; Fitter               ; -                    ; -                   ;
; RDM[7]   ; M18   ; 5        ; 52           ; 19           ; 0            ; no              ; no                     ; no            ; 2         ; no              ; no         ; no            ; no       ; Off          ; 2.5 V        ; Default          ; Series 50 Ohm without Calibration ; --                        ; no                         ; no                          ; Fitter               ; -                    ; -                   ;
; REM[0]   ; A18   ; 7        ; 46           ; 41           ; 21           ; no              ; no                     ; no            ; 2         ; no              ; no         ; no            ; no       ; Off          ; 2.5 V        ; Default          ; Series 50 Ohm without Calibration ; --                        ; no                         ; no                          ; Fitter               ; -                    ; -                   ;
; REM[1]   ; A17   ; 7        ; 46           ; 41           ; 14           ; no              ; no                     ; no            ; 2         ; no              ; no         ; no            ; no       ; Off          ; 2.5 V        ; Default          ; Series 50 Ohm without Calibration ; --                        ; no                         ; no                          ; Fitter               ; -                    ; -                   ;
; REM[2]   ; D16   ; 7        ; 46           ; 41           ; 7            ; no              ; no                     ; no            ; 2         ; no              ; no         ; no            ; no       ; Off          ; 2.5 V        ; Default          ; Series 50 Ohm without Calibration ; --                        ; no                         ; no                          ; Fitter               ; -                    ; -                   ;
; REM[3]   ; G18   ; 6        ; 52           ; 25           ; 7            ; no              ; no                     ; no            ; 2         ; no              ; no         ; no            ; no       ; Off          ; 2.5 V        ; Default          ; Series 50 Ohm without Calibration ; --                        ; no                         ; no                          ; Fitter               ; -                    ; -                   ;
; REM[4]   ; J17   ; 6        ; 52           ; 23           ; 7            ; no              ; no                     ; no            ; 2         ; no              ; no         ; no            ; no       ; Off          ; 2.5 V        ; Default          ; Series 50 Ohm without Calibration ; --                        ; no                         ; no                          ; Fitter               ; -                    ; -                   ;
; REM[5]   ; D15   ; 7        ; 46           ; 41           ; 0            ; no              ; no                     ; no            ; 2         ; no              ; no         ; no            ; no       ; Off          ; 2.5 V        ; Default          ; Series 50 Ohm without Calibration ; --                        ; no                         ; no                          ; Fitter               ; -                    ; -                   ;
; REM[6]   ; D14   ; 7        ; 43           ; 41           ; 7            ; no              ; no                     ; no            ; 2         ; no              ; no         ; no            ; no       ; Off          ; 2.5 V        ; Default          ; Series 50 Ohm without Calibration ; --                        ; no                         ; no                          ; Fitter               ; -                    ; -                   ;
; REM[7]   ; D17   ; 6        ; 52           ; 31           ; 0            ; no              ; no                     ; no            ; 2         ; no              ; no         ; no            ; no       ; Off          ; 2.5 V        ; Default          ; Series 50 Ohm without Calibration ; --                        ; no                         ; no                          ; Fitter               ; -                    ; -                   ;
; RI[0]    ; R13   ; 4        ; 36           ; 0            ; 0            ; no              ; no                     ; no            ; 2         ; no              ; no         ; no            ; no       ; Off          ; 2.5 V        ; Default          ; Series 50 Ohm without Calibration ; --                        ; no                         ; no                          ; Fitter               ; -                    ; -                   ;
; RI[1]    ; R18   ; 5        ; 52           ; 12           ; 0            ; no              ; no                     ; no            ; 2         ; no              ; no         ; no            ; no       ; Off          ; 2.5 V        ; Default          ; Series 50 Ohm without Calibration ; --                        ; no                         ; no                          ; Fitter               ; -                    ; -                   ;
; RI[2]    ; C16   ; 7        ; 48           ; 41           ; 0            ; no              ; no                     ; no            ; 2         ; no              ; no         ; no            ; no       ; Off          ; 2.5 V        ; Default          ; Series 50 Ohm without Calibration ; --                        ; no                         ; no                          ; Fitter               ; -                    ; -                   ;
; RI[3]    ; C17   ; 7        ; 48           ; 41           ; 7            ; no              ; no                     ; no            ; 2         ; no              ; no         ; no            ; no       ; Off          ; 2.5 V        ; Default          ; Series 50 Ohm without Calibration ; --                        ; no                         ; no                          ; Fitter               ; -                    ; -                   ;
; RI[4]    ; G15   ; 6        ; 52           ; 28           ; 7            ; no              ; no                     ; no            ; 2         ; no              ; no         ; no            ; no       ; Off          ; 2.5 V        ; Default          ; Series 50 Ohm without Calibration ; --                        ; no                         ; no                          ; Fitter               ; -                    ; -                   ;
; RI[5]    ; E18   ; 6        ; 52           ; 30           ; 7            ; no              ; no                     ; no            ; 2         ; no              ; no         ; no            ; no       ; Off          ; 2.5 V        ; Default          ; Series 50 Ohm without Calibration ; --                        ; no                         ; no                          ; Fitter               ; -                    ; -                   ;
; RI[6]    ; F18   ; 6        ; 52           ; 30           ; 0            ; no              ; no                     ; no            ; 2         ; no              ; no         ; no            ; no       ; Off          ; 2.5 V        ; Default          ; Series 50 Ohm without Calibration ; --                        ; no                         ; no                          ; Fitter               ; -                    ; -                   ;
; RI[7]    ; T17   ; 4        ; 46           ; 0            ; 0            ; no              ; no                     ; no            ; 2         ; no              ; no         ; no            ; no       ; Off          ; 2.5 V        ; Default          ; Series 50 Ohm without Calibration ; --                        ; no                         ; no                          ; Fitter               ; -                    ; -                   ;
; T[0]     ; B16   ; 7        ; 38           ; 41           ; 7            ; no              ; no                     ; no            ; 2         ; no              ; no         ; no            ; no       ; Off          ; 2.5 V        ; Default          ; Series 50 Ohm without Calibration ; --                        ; no                         ; no                          ; Fitter               ; -                    ; -                   ;
; T[1]     ; N15   ; 5        ; 52           ; 9            ; 7            ; no              ; no                     ; no            ; 2         ; no              ; no         ; no            ; no       ; Off          ; 2.5 V        ; Default          ; Series 50 Ohm without Calibration ; --                        ; no                         ; no                          ; Fitter               ; -                    ; -                   ;
; T[2]     ; P12   ; 4        ; 38           ; 0            ; 7            ; no              ; no                     ; no            ; 2         ; no              ; no         ; no            ; no       ; Off          ; 2.5 V        ; Default          ; Series 50 Ohm without Calibration ; --                        ; no                         ; no                          ; Fitter               ; -                    ; -                   ;
; T[3]     ; D9    ; 8        ; 18           ; 41           ; 7            ; no              ; no                     ; no            ; 2         ; no              ; no         ; no            ; no       ; Off          ; 2.5 V        ; Default          ; Series 50 Ohm without Calibration ; --                        ; no                         ; no                          ; Fitter               ; -                    ; -                   ;
; T[4]     ; V18   ; 4        ; 46           ; 0            ; 14           ; no              ; no                     ; no            ; 2         ; no              ; no         ; no            ; no       ; Off          ; 2.5 V        ; Default          ; Series 50 Ohm without Calibration ; --                        ; no                         ; no                          ; Fitter               ; -                    ; -                   ;
; T[5]     ; D12   ; 7        ; 31           ; 41           ; 7            ; no              ; no                     ; no            ; 2         ; no              ; no         ; no            ; no       ; Off          ; 2.5 V        ; Default          ; Series 50 Ohm without Calibration ; --                        ; no                         ; no                          ; Fitter               ; -                    ; -                   ;
; T[6]     ; T18   ; 5        ; 52           ; 11           ; 7            ; no              ; no                     ; no            ; 2         ; no              ; no         ; no            ; no       ; Off          ; 2.5 V        ; Default          ; Series 50 Ohm without Calibration ; --                        ; no                         ; no                          ; Fitter               ; -                    ; -                   ;
; T[7]     ; M17   ; 5        ; 52           ; 15           ; 7            ; no              ; no                     ; no            ; 2         ; no              ; no         ; no            ; no       ; Off          ; 2.5 V        ; Default          ; Series 50 Ohm without Calibration ; --                        ; no                         ; no                          ; Fitter               ; -                    ; -                   ;
; ULA[0]   ; E16   ; 6        ; 52           ; 32           ; 21           ; no              ; no                     ; no            ; 2         ; no              ; no         ; no            ; no       ; Off          ; 2.5 V        ; Default          ; Series 50 Ohm without Calibration ; --                        ; no                         ; no                          ; Fitter               ; -                    ; -                   ;
; ULA[1]   ; R17   ; 5        ; 52           ; 11           ; 0            ; no              ; no                     ; no            ; 2         ; no              ; no         ; no            ; no       ; Off          ; 2.5 V        ; Default          ; Series 50 Ohm without Calibration ; --                        ; no                         ; no                          ; Fitter               ; -                    ; -                   ;
; ULA[2]   ; F15   ; 6        ; 52           ; 32           ; 0            ; no              ; no                     ; no            ; 2         ; no              ; no         ; no            ; no       ; Off          ; 2.5 V        ; Default          ; Series 50 Ohm without Calibration ; --                        ; no                         ; no                          ; Fitter               ; -                    ; -                   ;
; ULA[3]   ; R15   ; 4        ; 50           ; 0            ; 0            ; no              ; no                     ; no            ; 2         ; no              ; no         ; no            ; no       ; Off          ; 2.5 V        ; Default          ; Series 50 Ohm without Calibration ; --                        ; no                         ; no                          ; Fitter               ; -                    ; -                   ;
; ULA[4]   ; D11   ; 7        ; 31           ; 41           ; 0            ; no              ; no                     ; no            ; 2         ; no              ; no         ; no            ; no       ; Off          ; 2.5 V        ; Default          ; Series 50 Ohm without Calibration ; --                        ; no                         ; no                          ; Fitter               ; -                    ; -                   ;
; ULA[5]   ; D10   ; 7        ; 29           ; 41           ; 0            ; no              ; no                     ; no            ; 2         ; no              ; no         ; no            ; no       ; Off          ; 2.5 V        ; Default          ; Series 50 Ohm without Calibration ; --                        ; no                         ; no                          ; Fitter               ; -                    ; -                   ;
; ULA[6]   ; B9    ; 8        ; 21           ; 41           ; 0            ; no              ; no                     ; no            ; 2         ; no              ; no         ; no            ; no       ; Off          ; 2.5 V        ; Default          ; Series 50 Ohm without Calibration ; --                        ; no                         ; no                          ; Fitter               ; -                    ; -                   ;
; ULA[7]   ; N16   ; 5        ; 52           ; 9            ; 0            ; no              ; no                     ; no            ; 2         ; no              ; no         ; no            ; no       ; Off          ; 2.5 V        ; Default          ; Series 50 Ohm without Calibration ; --                        ; no                         ; no                          ; Fitter               ; -                    ; -                   ;
; cg_AC    ; G16   ; 6        ; 52           ; 27           ; 0            ; no              ; no                     ; no            ; 2         ; no              ; no         ; no            ; no       ; Off          ; 2.5 V        ; Default          ; Series 50 Ohm without Calibration ; --                        ; no                         ; no                          ; Fitter               ; -                    ; -                   ;
; cg_PC    ; C14   ; 7        ; 43           ; 41           ; 0            ; no              ; no                     ; no            ; 2         ; no              ; no         ; no            ; no       ; Off          ; 2.5 V        ; Default          ; Series 50 Ohm without Calibration ; --                        ; no                         ; no                          ; Fitter               ; -                    ; -                   ;
; cg_RDM   ; F17   ; 6        ; 52           ; 25           ; 0            ; no              ; no                     ; no            ; 2         ; no              ; no         ; no            ; no       ; Off          ; 2.5 V        ; Default          ; Series 50 Ohm without Calibration ; --                        ; no                         ; no                          ; Fitter               ; -                    ; -                   ;
; cg_REM   ; D18   ; 6        ; 52           ; 31           ; 7            ; no              ; no                     ; no            ; 2         ; no              ; no         ; no            ; no       ; Off          ; 2.5 V        ; Default          ; Series 50 Ohm without Calibration ; --                        ; no                         ; no                          ; Fitter               ; -                    ; -                   ;
; cg_RI    ; P16   ; 5        ; 52           ; 10           ; 7            ; no              ; no                     ; no            ; 2         ; no              ; no         ; no            ; no       ; Off          ; 2.5 V        ; Default          ; Series 50 Ohm without Calibration ; --                        ; no                         ; no                          ; Fitter               ; -                    ; -                   ;
; i_add    ; C11   ; 8        ; 25           ; 41           ; 7            ; no              ; no                     ; no            ; 2         ; no              ; no         ; no            ; no       ; Off          ; 2.5 V        ; Default          ; Series 50 Ohm without Calibration ; --                        ; no                         ; no                          ; Fitter               ; -                    ; -                   ;
; i_and    ; E12   ; 7        ; 41           ; 41           ; 21           ; no              ; no                     ; no            ; 2         ; no              ; no         ; no            ; no       ; Off          ; 2.5 V        ; Default          ; Series 50 Ohm without Calibration ; --                        ; no                         ; no                          ; Fitter               ; -                    ; -                   ;
; i_lda    ; A10   ; 8        ; 23           ; 41           ; 0            ; no              ; no                     ; no            ; 2         ; no              ; no         ; no            ; no       ; Off          ; 2.5 V        ; Default          ; Series 50 Ohm without Calibration ; --                        ; no                         ; no                          ; Fitter               ; -                    ; -                   ;
; i_not    ; B18   ; 7        ; 50           ; 41           ; 7            ; no              ; no                     ; no            ; 2         ; no              ; no         ; no            ; no       ; Off          ; 2.5 V        ; Default          ; Series 50 Ohm without Calibration ; --                        ; no                         ; no                          ; Fitter               ; -                    ; -                   ;
; i_or     ; A11   ; 8        ; 23           ; 41           ; 7            ; no              ; no                     ; no            ; 2         ; no              ; no         ; no            ; no       ; Off          ; 2.5 V        ; Default          ; Series 50 Ohm without Calibration ; --                        ; no                         ; no                          ; Fitter               ; -                    ; -                   ;
; inc_pc   ; U18   ; 4        ; 46           ; 0            ; 21           ; no              ; no                     ; no            ; 2         ; no              ; no         ; no            ; no       ; Off          ; 2.5 V        ; Default          ; Series 50 Ohm without Calibration ; --                        ; no                         ; no                          ; Fitter               ; -                    ; -                   ;
; mux_REM  ; P18   ; 5        ; 52           ; 12           ; 7            ; no              ; no                     ; no            ; 2         ; no              ; no         ; no            ; no       ; Off          ; 2.5 V        ; Default          ; Series 50 Ohm without Calibration ; --                        ; no                         ; no                          ; Fitter               ; -                    ; -                   ;
; n        ; T11   ; 4        ; 31           ; 0            ; 14           ; no              ; no                     ; no            ; 2         ; no              ; no         ; no            ; no       ; Off          ; 2.5 V        ; Default          ; Series 50 Ohm without Calibration ; --                        ; no                         ; no                          ; Fitter               ; -                    ; -                   ;
; tempo[0] ; C15   ; 7        ; 41           ; 41           ; 7            ; no              ; no                     ; no            ; 2         ; no              ; no         ; no            ; no       ; Off          ; 2.5 V        ; Default          ; Series 50 Ohm without Calibration ; --                        ; no                         ; no                          ; Fitter               ; -                    ; -                   ;
; tempo[1] ; N18   ; 5        ; 52           ; 16           ; 7            ; no              ; no                     ; no            ; 2         ; no              ; no         ; no            ; no       ; Off          ; 2.5 V        ; Default          ; Series 50 Ohm without Calibration ; --                        ; no                         ; no                          ; Fitter               ; -                    ; -                   ;
; tempo[2] ; L16   ; 5        ; 52           ; 13           ; 7            ; no              ; no                     ; no            ; 2         ; no              ; no         ; no            ; no       ; Off          ; 2.5 V        ; Default          ; Series 50 Ohm without Calibration ; --                        ; no                         ; no                          ; Fitter               ; -                    ; -                   ;
; z        ; T13   ; 4        ; 41           ; 0            ; 21           ; no              ; no                     ; no            ; 2         ; no              ; no         ; no            ; no       ; Off          ; 2.5 V        ; Default          ; Series 50 Ohm without Calibration ; --                        ; no                         ; no                          ; Fitter               ; -                    ; -                   ;
+----------+-------+----------+--------------+--------------+--------------+-----------------+------------------------+---------------+-----------+-----------------+------------+---------------+----------+--------------+--------------+------------------+-----------------------------------+---------------------------+----------------------------+-----------------------------+----------------------+----------------------+---------------------+


+-----------------------------------------------------------------------------------------------------------+
; Dual Purpose and Dedicated Pins                                                                           ;
+----------+----------------------+--------------------------+------------------+---------------------------+
; Location ; Pin Name             ; Reserved As              ; User Signal Name ; Pin Type                  ;
+----------+----------------------+--------------------------+------------------+---------------------------+
; P4       ; MSEL2                ; -                        ; -                ; Dedicated Programming Pin ;
; R5       ; MSEL1                ; -                        ; -                ; Dedicated Programming Pin ;
; T5       ; MSEL0                ; -                        ; -                ; Dedicated Programming Pin ;
; U4       ; CONF_DONE            ; -                        ; -                ; Dedicated Programming Pin ;
; V4       ; nSTATUS              ; -                        ; -                ; Dedicated Programming Pin ;
; R6       ; DIFFIO_B1n, NCEO     ; Use as programming pin   ; ~ALTERA_NCEO~    ; Dual Purpose Pin          ;
; G18      ; DIFFIO_R6n, DEV_OE   ; Use as regular IO        ; REM[3]           ; Dual Purpose Pin          ;
; E18      ; DIFFIO_R4n, DEV_CLRn ; Use as regular IO        ; RI[5]            ; Dual Purpose Pin          ;
; A4       ; DATA0                ; As input tri-stated      ; ~ALTERA_DATA0~   ; Dual Purpose Pin          ;
; B4       ; ASDO                 ; As input tri-stated      ; ~ALTERA_ASDO~    ; Dual Purpose Pin          ;
; C5       ; NCSO                 ; As input tri-stated      ; ~ALTERA_NCSO~    ; Dual Purpose Pin          ;
; D5       ; DCLK                 ; As output driving ground ; ~ALTERA_DCLK~    ; Dual Purpose Pin          ;
; C4       ; nCONFIG              ; -                        ; -                ; Dedicated Programming Pin ;
; D3       ; nCE                  ; -                        ; -                ; Dedicated Programming Pin ;
+----------+----------------------+--------------------------+------------------+---------------------------+


+-------------------------------------------------------------------------------+
; I/O Bank Usage                                                                ;
+----------+------------------+---------------+--------------+------------------+
; I/O Bank ; Usage            ; VCCIO Voltage ; VREF Voltage ; VCCCLKIN Voltage ;
+----------+------------------+---------------+--------------+------------------+
; QL0      ; 0 / 16 ( 0 % )   ; --            ; --           ; --               ;
; 3        ; 1 / 26 ( 4 % )   ; 2.5V          ; --           ; --               ;
; 3A       ; 2 / 2 ( 100 % )  ; --            ; --           ; 2.5V             ;
; 4        ; 22 / 28 ( 79 % ) ; 2.5V          ; --           ; --               ;
; 5        ; 18 / 20 ( 90 % ) ; 2.5V          ; --           ; --               ;
; 6        ; 16 / 18 ( 89 % ) ; 2.5V          ; --           ; --               ;
; 7        ; 26 / 28 ( 93 % ) ; 2.5V          ; --           ; --               ;
; 8A       ; 0 / 2 ( 0 % )    ; --            ; --           ; 2.5V             ;
; 8        ; 7 / 23 ( 30 % )  ; 2.5V          ; --           ; --               ;
; 9        ; 4 / 4 ( 100 % )  ; 2.5V          ; --           ; --               ;
+----------+------------------+---------------+--------------+------------------+


+--------------------------------------------------------------------------------------------------------------------------------------------------------------------------------+
; All Package Pins                                                                                                                                                               ;
+----------+------------+----------+--------------------------------------------------+--------+--------------+---------+------------+-----------------+----------+--------------+
; Location ; Pad Number ; I/O Bank ; Pin Name/Usage                                   ; Dir.   ; I/O Standard ; Voltage ; I/O Type   ; User Assignment ; Bus Hold ; Weak Pull Up ;
+----------+------------+----------+--------------------------------------------------+--------+--------------+---------+------------+-----------------+----------+--------------+
; A1       ;            ;          ; GND                                              ; gnd    ;              ;         ; --         ;                 ; --       ; --           ;
; A2       ;            ;          ; GND                                              ; gnd    ;              ;         ; --         ;                 ; --       ; --           ;
; A3       ;            ;          ; GND                                              ; gnd    ;              ;         ; --         ;                 ; --       ; --           ;
; A4       ; 168        ; 9        ; ~ALTERA_DATA0~ / RESERVED_INPUT_WITH_WEAK_PULLUP ; input  ; 2.5 V        ;         ; Column I/O ; N               ; no       ; On           ;
; A5       ; 165        ; 8        ; RESERVED_INPUT_WITH_WEAK_PULLUP                  ;        ;              ;         ; Column I/O ;                 ; no       ; On           ;
; A6       ; 161        ; 8        ; RESERVED_INPUT_WITH_WEAK_PULLUP                  ;        ;              ;         ; Column I/O ;                 ; no       ; On           ;
; A7       ; 157        ; 8        ; RESERVED_INPUT_WITH_WEAK_PULLUP                  ;        ;              ;         ; Column I/O ;                 ; no       ; On           ;
; A8       ; 153        ; 8        ; RESERVED_INPUT_WITH_WEAK_PULLUP                  ;        ;              ;         ; Column I/O ;                 ; no       ; On           ;
; A9       ; 154        ; 8        ; RESERVED_INPUT_WITH_WEAK_PULLUP                  ;        ;              ;         ; Column I/O ;                 ; no       ; On           ;
; A10      ; 147        ; 8        ; i_lda                                            ; output ; 2.5 V        ;         ; Column I/O ; N               ; no       ; Off          ;
; A11      ; 148        ; 8        ; i_or                                             ; output ; 2.5 V        ;         ; Column I/O ; N               ; no       ; Off          ;
; A12      ; 141        ; 7        ; GND+                                             ;        ;              ;         ; Column I/O ;                 ; --       ; --           ;
; A13      ; 137        ; 7        ; MEM[4]                                           ; output ; 2.5 V        ;         ; Column I/O ; N               ; no       ; Off          ;
; A14      ; 133        ; 7        ; MUX[5]                                           ; output ; 2.5 V        ;         ; Column I/O ; N               ; no       ; Off          ;
; A15      ; 134        ; 7        ; PC[4]                                            ; output ; 2.5 V        ;         ; Column I/O ; N               ; no       ; Off          ;
; A16      ; 129        ; 7        ; MEM[5]                                           ; output ; 2.5 V        ;         ; Column I/O ; N               ; no       ; Off          ;
; A17      ; 121        ; 7        ; REM[1]                                           ; output ; 2.5 V        ;         ; Column I/O ; N               ; no       ; Off          ;
; A18      ; 122        ; 7        ; REM[0]                                           ; output ; 2.5 V        ;         ; Column I/O ; N               ; no       ; Off          ;
; B1       ; 1          ; QL0      ; GXB_NC                                           ;        ;              ;         ; --         ;                 ; --       ; --           ;
; B2       ; 0          ; QL0      ; GXB_NC                                           ;        ;              ;         ; --         ;                 ; --       ; --           ;
; B3       ;            ;          ; GND                                              ; gnd    ;              ;         ; --         ;                 ; --       ; --           ;
; B4       ; 169        ; 9        ; ~ALTERA_ASDO~ / RESERVED_INPUT_WITH_WEAK_PULLUP  ; input  ; 2.5 V        ;         ; Column I/O ; N               ; no       ; On           ;
; B5       ; 166        ; 8        ; RESERVED_INPUT_WITH_WEAK_PULLUP                  ;        ;              ;         ; Column I/O ;                 ; no       ; On           ;
; B6       ; 162        ; 8        ; RESERVED_INPUT_WITH_WEAK_PULLUP                  ;        ;              ;         ; Column I/O ;                 ; no       ; On           ;
; B7       ; 158        ; 8        ; RESERVED_INPUT_WITH_WEAK_PULLUP                  ;        ;              ;         ; Column I/O ;                 ; no       ; On           ;
; B8       ;            ;          ; GND                                              ; gnd    ;              ;         ; --         ;                 ; --       ; --           ;
; B9       ; 149        ; 8        ; ULA[6]                                           ; output ; 2.5 V        ;         ; Column I/O ; N               ; no       ; Off          ;
; B10      ; 150        ; 8        ; MUX[7]                                           ; output ; 2.5 V        ;         ; Column I/O ; N               ; no       ; Off          ;
; B11      ;            ;          ; GND                                              ; gnd    ;              ;         ; --         ;                 ; --       ; --           ;
; B12      ; 142        ; 7        ; GND+                                             ;        ;              ;         ; Column I/O ;                 ; --       ; --           ;
; B13      ; 138        ; 7        ; MEM[7]                                           ; output ; 2.5 V        ;         ; Column I/O ; N               ; no       ; Off          ;
; B14      ;            ;          ; GND                                              ; gnd    ;              ;         ; --         ;                 ; --       ; --           ;
; B15      ; 125        ; 7        ; MUX[1]                                           ; output ; 2.5 V        ;         ; Column I/O ; N               ; no       ; Off          ;
; B16      ; 130        ; 7        ; T[0]                                             ; output ; 2.5 V        ;         ; Column I/O ; N               ; no       ; Off          ;
; B17      ;            ;          ; GND                                              ; gnd    ;              ;         ; --         ;                 ; --       ; --           ;
; B18      ; 116        ; 7        ; i_not                                            ; output ; 2.5 V        ;         ; Column I/O ; N               ; no       ; Off          ;
; C1       ;            ;          ; GND                                              ; gnd    ;              ;         ; --         ;                 ; --       ; --           ;
; C2       ;            ;          ; GND                                              ; gnd    ;              ;         ; --         ;                 ; --       ; --           ;
; C3       ;            ;          ; GND                                              ; gnd    ;              ;         ; --         ;                 ; --       ; --           ;
; C4       ; 172        ; 9        ; ^nCONFIG                                         ;        ;              ;         ; --         ;                 ; --       ; --           ;
; C5       ; 170        ; 9        ; ~ALTERA_NCSO~ / RESERVED_INPUT_WITH_WEAK_PULLUP  ; input  ; 2.5 V        ;         ; Column I/O ; N               ; no       ; On           ;
; C6       ; 163        ; 8        ; RESERVED_INPUT_WITH_WEAK_PULLUP                  ;        ;              ;         ; Column I/O ;                 ; no       ; On           ;
; C7       ; 159        ; 8        ; RESERVED_INPUT_WITH_WEAK_PULLUP                  ;        ;              ;         ; Column I/O ;                 ; no       ; On           ;
; C8       ; 156        ; 8        ; RESERVED_INPUT_WITH_WEAK_PULLUP                  ;        ;              ;         ; Column I/O ;                 ; no       ; On           ;
; C9       ; 151        ; 8        ; RESERVED_INPUT_WITH_WEAK_PULLUP                  ;        ;              ;         ; Column I/O ;                 ; no       ; On           ;
; C10      ; 145        ; 8        ; MEM[0]                                           ; output ; 2.5 V        ;         ; Column I/O ; N               ; no       ; Off          ;
; C11      ; 146        ; 8        ; i_add                                            ; output ; 2.5 V        ;         ; Column I/O ; N               ; no       ; Off          ;
; C12      ; 131        ; 7        ; MEM[6]                                           ; output ; 2.5 V        ;         ; Column I/O ; N               ; no       ; Off          ;
; C13      ; 132        ; 7        ; PC[6]                                            ; output ; 2.5 V        ;         ; Column I/O ; N               ; no       ; Off          ;
; C14      ; 123        ; 7        ; cg_PC                                            ; output ; 2.5 V        ;         ; Column I/O ; N               ; no       ; Off          ;
; C15      ; 126        ; 7        ; tempo[0]                                         ; output ; 2.5 V        ;         ; Column I/O ; N               ; no       ; Off          ;
; C16      ; 117        ; 7        ; RI[2]                                            ; output ; 2.5 V        ;         ; Column I/O ; N               ; no       ; Off          ;
; C17      ; 118        ; 7        ; RI[3]                                            ; output ; 2.5 V        ;         ; Column I/O ; N               ; no       ; Off          ;
; C18      ; 115        ; 7        ; AC[3]                                            ; output ; 2.5 V        ;         ; Column I/O ; N               ; no       ; Off          ;
; D1       ; 3          ; QL0      ; GXB_GND*                                         ;        ;              ;         ; --         ;                 ; --       ; --           ;
; D2       ; 2          ; QL0      ; GXB_GND*                                         ;        ;              ;         ; --         ;                 ; --       ; --           ;
; D3       ; 173        ; 9        ; ^nCE                                             ;        ;              ;         ; --         ;                 ; --       ; --           ;
; D4       ; 174        ; 9        ; #TDI                                             ; input  ;              ;         ; --         ;                 ; --       ; --           ;
; D5       ; 171        ; 9        ; ~ALTERA_DCLK~                                    ; output ; 2.5 V        ;         ; Column I/O ; N               ; no       ; On           ;
; D6       ; 164        ; 8        ; RESERVED_INPUT_WITH_WEAK_PULLUP                  ;        ;              ;         ; Column I/O ;                 ; no       ; On           ;
; D7       ; 160        ; 8        ; RESERVED_INPUT_WITH_WEAK_PULLUP                  ;        ;              ;         ; Column I/O ;                 ; no       ; On           ;
; D8       ; 155        ; 8        ; RESERVED_INPUT_WITH_WEAK_PULLUP                  ;        ;              ;         ; Column I/O ;                 ; --       ; --           ;
; D9       ; 152        ; 8        ; T[3]                                             ; output ; 2.5 V        ;         ; Column I/O ; N               ; no       ; Off          ;
; D10      ; 139        ; 7        ; ULA[5]                                           ; output ; 2.5 V        ;         ; Column I/O ; N               ; no       ; Off          ;
; D11      ; 135        ; 7        ; ULA[4]                                           ; output ; 2.5 V        ;         ; Column I/O ; N               ; no       ; Off          ;
; D12      ; 136        ; 7        ; T[5]                                             ; output ; 2.5 V        ;         ; Column I/O ; N               ; no       ; Off          ;
; D13      ; 127        ; 7        ; MEM[2]                                           ; output ; 2.5 V        ;         ; Column I/O ; N               ; no       ; Off          ;
; D14      ; 124        ; 7        ; REM[6]                                           ; output ; 2.5 V        ;         ; Column I/O ; N               ; no       ; Off          ;
; D15      ; 119        ; 7        ; REM[5]                                           ; output ; 2.5 V        ;         ; Column I/O ; N               ; no       ; Off          ;
; D16      ; 120        ; 7        ; REM[2]                                           ; output ; 2.5 V        ;         ; Column I/O ; N               ; no       ; Off          ;
; D17      ; 110        ; 6        ; REM[7]                                           ; output ; 2.5 V        ;         ; Row I/O    ; N               ; no       ; Off          ;
; D18      ; 109        ; 6        ; cg_REM                                           ; output ; 2.5 V        ;         ; Row I/O    ; N               ; no       ; Off          ;
; E1       ;            ;          ; GND                                              ; gnd    ;              ;         ; --         ;                 ; --       ; --           ;
; E2       ;            ;          ; GND                                              ; gnd    ;              ;         ; --         ;                 ; --       ; --           ;
; E3       ; 176        ; 9        ; #TMS                                             ; input  ;              ;         ; --         ;                 ; --       ; --           ;
; E4       ; 177        ; 9        ; #TDO                                             ; output ;              ;         ; --         ;                 ; --       ; --           ;
; E5       ; 175        ; 9        ; #TCK                                             ; input  ;              ;         ; --         ;                 ; --       ; --           ;
; E6       ; 167        ; 8        ; RESERVED_INPUT_WITH_WEAK_PULLUP                  ;        ;              ;         ; Column I/O ;                 ; no       ; On           ;
; E7       ;            ; 8        ; VCCIO8                                           ; power  ;              ; 2.5V    ; --         ;                 ; --       ; --           ;
; E8       ;            ;          ; GND                                              ; gnd    ;              ;         ; --         ;                 ; --       ; --           ;
; E9       ;            ; 8        ; VCCIO8                                           ; power  ;              ; 2.5V    ; --         ;                 ; --       ; --           ;
; E10      ; 140        ; 7        ; MEM[1]                                           ; output ; 2.5 V        ;         ; Column I/O ; N               ; no       ; Off          ;
; E11      ;            ;          ; GND                                              ; gnd    ;              ;         ; --         ;                 ; --       ; --           ;
; E12      ; 128        ; 7        ; i_and                                            ; output ; 2.5 V        ;         ; Column I/O ; N               ; no       ; Off          ;
; E13      ;            ; 7        ; VCCIO7                                           ; power  ;              ; 2.5V    ; --         ;                 ; --       ; --           ;
; E14      ;            ;          ; GND                                              ; gnd    ;              ;         ; --         ;                 ; --       ; --           ;
; E15      ; 113        ; 6        ; AC[1]                                            ; output ; 2.5 V        ;         ; Row I/O    ; N               ; no       ; Off          ;
; E16      ; 111        ; 6        ; ULA[0]                                           ; output ; 2.5 V        ;         ; Row I/O    ; N               ; no       ; Off          ;
; E17      ;            ;          ; GND                                              ; gnd    ;              ;         ; --         ;                 ; --       ; --           ;
; E18      ; 107        ; 6        ; RI[5]                                            ; output ; 2.5 V        ;         ; Row I/O    ; N               ; no       ; Off          ;
; F1       ; 5          ; QL0      ; GXB_NC                                           ;        ;              ;         ; --         ;                 ; --       ; --           ;
; F2       ; 4          ; QL0      ; GXB_NC                                           ;        ;              ;         ; --         ;                 ; --       ; --           ;
; F3       ;            ; --       ; VCCL_GXB                                         ; power  ;              ; 1.2V    ; --         ;                 ; --       ; --           ;
; F4       ;            ; 9        ; VCCIO9                                           ; power  ;              ; 2.5V    ; --         ;                 ; --       ; --           ;
; F5       ;            ;          ; GND                                              ; gnd    ;              ;         ; --         ;                 ; --       ; --           ;
; F6       ;            ;          ; VCCD_PLL                                         ; power  ;              ; 1.2V    ; --         ;                 ; --       ; --           ;
; F7       ;            ;          ; VCCINT                                           ; power  ;              ; 1.2V    ; --         ;                 ; --       ; --           ;
; F8       ;            ; 8        ; VCCIO8                                           ; power  ;              ; 2.5V    ; --         ;                 ; --       ; --           ;
; F9       ;            ; 8A       ; VCC_CLKIN8A                                      ; power  ;              ; 2.5V    ; --         ;                 ; --       ; --           ;
; F10      ;            ; 7        ; VCCIO7                                           ; power  ;              ; 2.5V    ; --         ;                 ; --       ; --           ;
; F11      ;            ; 7        ; VCCIO7                                           ; power  ;              ; 2.5V    ; --         ;                 ; --       ; --           ;
; F12      ;            ; 7        ; VCCIO7                                           ; power  ;              ; 2.5V    ; --         ;                 ; --       ; --           ;
; F13      ;            ;          ; GND                                              ; gnd    ;              ;         ; --         ;                 ; --       ; --           ;
; F14      ;            ;          ; VCCD_PLL                                         ; power  ;              ; 1.2V    ; --         ;                 ; --       ; --           ;
; F15      ; 114        ; 6        ; ULA[2]                                           ; output ; 2.5 V        ;         ; Row I/O    ; N               ; no       ; Off          ;
; F16      ; 112        ; 6        ; RDM[5]                                           ; output ; 2.5 V        ;         ; Row I/O    ; N               ; no       ; Off          ;
; F17      ; 102        ; 6        ; cg_RDM                                           ; output ; 2.5 V        ;         ; Row I/O    ; N               ; no       ; Off          ;
; F18      ; 108        ; 6        ; RI[6]                                            ; output ; 2.5 V        ;         ; Row I/O    ; N               ; no       ; Off          ;
; G1       ;            ;          ; GND                                              ; gnd    ;              ;         ; --         ;                 ; --       ; --           ;
; G2       ;            ;          ; GND                                              ; gnd    ;              ;         ; --         ;                 ; --       ; --           ;
; G3       ;            ; --       ; VCCH_GXB                                         ; power  ;              ; 2.5V    ; --         ;                 ; --       ; --           ;
; G4       ;            ;          ; VCCINT                                           ; power  ;              ; 1.2V    ; --         ;                 ; --       ; --           ;
; G5       ;            ; --       ; VCCA                                             ; power  ;              ; 2.5V    ; --         ;                 ; --       ; --           ;
; G6       ;            ;          ; VCCINT                                           ; power  ;              ; 1.2V    ; --         ;                 ; --       ; --           ;
; G7       ;            ;          ; GND                                              ; gnd    ;              ;         ; --         ;                 ; --       ; --           ;
; G8       ;            ;          ; VCCINT                                           ; power  ;              ; 1.2V    ; --         ;                 ; --       ; --           ;
; G9       ; 143        ; 8A       ; GXB_GND*                                         ;        ;              ;         ; Column I/O ;                 ; --       ; --           ;
; G10      ; 144        ; 8A       ; GXB_GND*                                         ;        ;              ;         ; Column I/O ;                 ; --       ; --           ;
; G11      ;            ;          ; GND                                              ; gnd    ;              ;         ; --         ;                 ; --       ; --           ;
; G12      ;            ;          ; VCCINT                                           ; power  ;              ; 1.2V    ; --         ;                 ; --       ; --           ;
; G13      ;            ; --       ; VCCA                                             ; power  ;              ; 2.5V    ; --         ;                 ; --       ; --           ;
; G14      ;            ; 6        ; VCCIO6                                           ; power  ;              ; 2.5V    ; --         ;                 ; --       ; --           ;
; G15      ; 105        ; 6        ; RI[4]                                            ; output ; 2.5 V        ;         ; Row I/O    ; N               ; no       ; Off          ;
; G16      ; 104        ; 6        ; cg_AC                                            ; output ; 2.5 V        ;         ; Row I/O    ; N               ; no       ; Off          ;
; G17      ; 103        ; 6        ; RDM[4]                                           ; output ; 2.5 V        ;         ; Row I/O    ; N               ; no       ; Off          ;
; G18      ; 101        ; 6        ; REM[3]                                           ; output ; 2.5 V        ;         ; Row I/O    ; N               ; no       ; Off          ;
; H1       ; 7          ; QL0      ; GXB_GND*                                         ;        ;              ;         ; --         ;                 ; --       ; --           ;
; H2       ; 6          ; QL0      ; GXB_GND*                                         ;        ;              ;         ; --         ;                 ; --       ; --           ;
; H3       ;            ; --       ; VCCL_GXB                                         ; power  ;              ; 1.2V    ; --         ;                 ; --       ; --           ;
; H4       ;            ;          ; GND                                              ; gnd    ;              ;         ; --         ;                 ; --       ; --           ;
; H5       ;            ;          ; VCCINT                                           ; power  ;              ; 1.2V    ; --         ;                 ; --       ; --           ;
; H6       ;            ;          ; GND                                              ; gnd    ;              ;         ; --         ;                 ; --       ; --           ;
; H7       ;            ;          ; VCCINT                                           ; power  ;              ; 1.2V    ; --         ;                 ; --       ; --           ;
; H8       ;            ;          ; GND                                              ; gnd    ;              ;         ; --         ;                 ; --       ; --           ;
; H9       ;            ;          ; VCCINT                                           ; power  ;              ; 1.2V    ; --         ;                 ; --       ; --           ;
; H10      ;            ;          ; GND                                              ; gnd    ;              ;         ; --         ;                 ; --       ; --           ;
; H11      ;            ;          ; VCCINT                                           ; power  ;              ; 1.2V    ; --         ;                 ; --       ; --           ;
; H12      ;            ;          ; GND                                              ; gnd    ;              ;         ; --         ;                 ; --       ; --           ;
; H13      ;            ;          ; VCCINT                                           ; power  ;              ; 1.2V    ; --         ;                 ; --       ; --           ;
; H14      ;            ;          ; GND                                              ; gnd    ;              ;         ; --         ;                 ; --       ; --           ;
; H15      ;            ; 6        ; VCCIO6                                           ; power  ;              ; 2.5V    ; --         ;                 ; --       ; --           ;
; H16      ; 106        ; 6        ; RDM[2]                                           ; output ; 2.5 V        ;         ; Row I/O    ; N               ; no       ; Off          ;
; H17      ;            ;          ; GND                                              ; gnd    ;              ;         ; --         ;                 ; --       ; --           ;
; H18      ; 97         ; 6        ; GND+                                             ;        ;              ;         ; Row I/O    ;                 ; --       ; --           ;
; J1       ;            ;          ; GND                                              ; gnd    ;              ;         ; --         ;                 ; --       ; --           ;
; J2       ;            ;          ; GND                                              ; gnd    ;              ;         ; --         ;                 ; --       ; --           ;
; J3       ;            ; --       ; VCCA_GXB                                         ; power  ;              ; 2.5V    ; --         ;                 ; --       ; --           ;
; J4       ;            ;          ; VCCINT                                           ; power  ;              ; 1.2V    ; --         ;                 ; --       ; --           ;
; J5       ;            ;          ; GND                                              ; gnd    ;              ;         ; --         ;                 ; --       ; --           ;
; J6       ;            ;          ; VCCINT                                           ; power  ;              ; 1.2V    ; --         ;                 ; --       ; --           ;
; J7       ;            ;          ; GND                                              ; gnd    ;              ;         ; --         ;                 ; --       ; --           ;
; J8       ;            ;          ; VCCINT                                           ; power  ;              ; 1.2V    ; --         ;                 ; --       ; --           ;
; J9       ;            ;          ; GND                                              ; gnd    ;              ;         ; --         ;                 ; --       ; --           ;
; J10      ;            ;          ; VCCINT                                           ; power  ;              ; 1.2V    ; --         ;                 ; --       ; --           ;
; J11      ;            ;          ; GND                                              ; gnd    ;              ;         ; --         ;                 ; --       ; --           ;
; J12      ;            ;          ; VCCINT                                           ; power  ;              ; 1.2V    ; --         ;                 ; --       ; --           ;
; J13      ;            ;          ; GND                                              ; gnd    ;              ;         ; --         ;                 ; --       ; --           ;
; J14      ;            ;          ; VCCINT                                           ; power  ;              ; 1.2V    ; --         ;                 ; --       ; --           ;
; J15      ;            ; 6        ; VCCIO6                                           ; power  ;              ; 2.5V    ; --         ;                 ; --       ; --           ;
; J16      ; 100        ; 6        ; RDM[3]                                           ; output ; 2.5 V        ;         ; Row I/O    ; N               ; no       ; Off          ;
; J17      ; 99         ; 6        ; REM[4]                                           ; output ; 2.5 V        ;         ; Row I/O    ; N               ; no       ; Off          ;
; J18      ; 98         ; 6        ; GND+                                             ;        ;              ;         ; Row I/O    ;                 ; --       ; --           ;
; K1       ; 9          ; QL0      ; GXB_NC                                           ;        ;              ;         ; --         ;                 ; --       ; --           ;
; K2       ; 8          ; QL0      ; GXB_NC                                           ;        ;              ;         ; --         ;                 ; --       ; --           ;
; K3       ;            ; --       ; VCCL_GXB                                         ; power  ;              ; 1.2V    ; --         ;                 ; --       ; --           ;
; K4       ;            ;          ; GND                                              ; gnd    ;              ;         ; --         ;                 ; --       ; --           ;
; K5       ;            ;          ; VCCINT                                           ; power  ;              ; 1.2V    ; --         ;                 ; --       ; --           ;
; K6       ;            ;          ; GND                                              ; gnd    ;              ;         ; --         ;                 ; --       ; --           ;
; K7       ;            ;          ; VCCINT                                           ; power  ;              ; 1.2V    ; --         ;                 ; --       ; --           ;
; K8       ;            ;          ; GND                                              ; gnd    ;              ;         ; --         ;                 ; --       ; --           ;
; K9       ;            ;          ; VCCINT                                           ; power  ;              ; 1.2V    ; --         ;                 ; --       ; --           ;
; K10      ;            ;          ; GND                                              ; gnd    ;              ;         ; --         ;                 ; --       ; --           ;
; K11      ;            ;          ; VCCINT                                           ; power  ;              ; 1.2V    ; --         ;                 ; --       ; --           ;
; K12      ;            ;          ; GND                                              ; gnd    ;              ;         ; --         ;                 ; --       ; --           ;
; K13      ;            ;          ; VCCINT                                           ; power  ;              ; 1.2V    ; --         ;                 ; --       ; --           ;
; K14      ;            ; 5        ; VCCIO5                                           ; power  ;              ; 2.5V    ; --         ;                 ; --       ; --           ;
; K15      ; 92         ; 5        ; RDM[0]                                           ; output ; 2.5 V        ;         ; Row I/O    ; N               ; no       ; Off          ;
; K16      ; 91         ; 5        ; RDM[1]                                           ; output ; 2.5 V        ;         ; Row I/O    ; N               ; no       ; Off          ;
; K17      ; 96         ; 5        ; GND+                                             ;        ;              ;         ; Row I/O    ;                 ; --       ; --           ;
; K18      ; 95         ; 5        ; GND+                                             ;        ;              ;         ; Row I/O    ;                 ; --       ; --           ;
; L1       ;            ;          ; GND                                              ; gnd    ;              ;         ; --         ;                 ; --       ; --           ;
; L2       ;            ;          ; GND                                              ; gnd    ;              ;         ; --         ;                 ; --       ; --           ;
; L3       ;            ; --       ; VCCH_GXB                                         ; power  ;              ; 2.5V    ; --         ;                 ; --       ; --           ;
; L4       ;            ;          ; VCCINT                                           ; power  ;              ; 1.2V    ; --         ;                 ; --       ; --           ;
; L5       ;            ;          ; GND                                              ; gnd    ;              ;         ; --         ;                 ; --       ; --           ;
; L6       ;            ; --       ; VCCA                                             ; power  ;              ; 2.5V    ; --         ;                 ; --       ; --           ;
; L7       ;            ;          ; GND                                              ; gnd    ;              ;         ; --         ;                 ; --       ; --           ;
; L8       ;            ;          ; VCCINT                                           ; power  ;              ; 1.2V    ; --         ;                 ; --       ; --           ;
; L9       ;            ;          ; GND                                              ; gnd    ;              ;         ; --         ;                 ; --       ; --           ;
; L10      ;            ;          ; VCCINT                                           ; power  ;              ; 1.2V    ; --         ;                 ; --       ; --           ;
; L11      ;            ;          ; GND                                              ; gnd    ;              ;         ; --         ;                 ; --       ; --           ;
; L12      ;            ;          ; VCCINT                                           ; power  ;              ; 1.2V    ; --         ;                 ; --       ; --           ;
; L13      ;            ; --       ; VCCA                                             ; power  ;              ; 2.5V    ; --         ;                 ; --       ; --           ;
; L14      ;            ;          ; GND                                              ; gnd    ;              ;         ; --         ;                 ; --       ; --           ;
; L15      ; 86         ; 5        ; AC[5]                                            ; output ; 2.5 V        ;         ; Row I/O    ; N               ; no       ; Off          ;
; L16      ; 85         ; 5        ; tempo[2]                                         ; output ; 2.5 V        ;         ; Row I/O    ; N               ; no       ; Off          ;
; L17      ;            ;          ; GND                                              ; gnd    ;              ;         ; --         ;                 ; --       ; --           ;
; L18      ; 93         ; 5        ; RDM[6]                                           ; output ; 2.5 V        ;         ; Row I/O    ; N               ; no       ; Off          ;
; M1       ; 11         ; QL0      ; GXB_GND*                                         ;        ;              ;         ; --         ;                 ; --       ; --           ;
; M2       ; 10         ; QL0      ; GXB_GND*                                         ;        ;              ;         ; --         ;                 ; --       ; --           ;
; M3       ;            ; --       ; VCCL_GXB                                         ; power  ;              ; 1.2V    ; --         ;                 ; --       ; --           ;
; M4       ;            ;          ; GND                                              ; gnd    ;              ;         ; --         ;                 ; --       ; --           ;
; M5       ;            ;          ; VCCD_PLL                                         ; power  ;              ; 1.2V    ; --         ;                 ; --       ; --           ;
; M6       ;            ;          ; GND                                              ; gnd    ;              ;         ; --         ;                 ; --       ; --           ;
; M7       ; 31         ; 3        ; RESERVED_INPUT_WITH_WEAK_PULLUP                  ;        ;              ;         ; Column I/O ;                 ; no       ; On           ;
; M8       ;            ;          ; GND                                              ; gnd    ;              ;         ; --         ;                 ; --       ; --           ;
; M9       ; 47         ; 3A       ; reset                                            ; input  ; 2.5 V        ;         ; Column I/O ; N               ; no       ; Off          ;
; M10      ; 48         ; 3A       ; ck                                               ; input  ; 2.5 V        ;         ; Column I/O ; N               ; no       ; Off          ;
; M11      ;            ;          ; VCCINT                                           ; power  ;              ; 1.2V    ; --         ;                 ; --       ; --           ;
; M12      ;            ;          ; GND                                              ; gnd    ;              ;         ; --         ;                 ; --       ; --           ;
; M13      ;            ;          ; GND                                              ; gnd    ;              ;         ; --         ;                 ; --       ; --           ;
; M14      ;            ;          ; VCCD_PLL                                         ; power  ;              ; 1.2V    ; --         ;                 ; --       ; --           ;
; M15      ;            ; 5        ; VCCIO5                                           ; power  ;              ; 2.5V    ; --         ;                 ; --       ; --           ;
; M16      ; 88         ; 5        ; PC[7]                                            ; output ; 2.5 V        ;         ; Row I/O    ; N               ; no       ; Off          ;
; M17      ; 87         ; 5        ; T[7]                                             ; output ; 2.5 V        ;         ; Row I/O    ; N               ; no       ; Off          ;
; M18      ; 94         ; 5        ; RDM[7]                                           ; output ; 2.5 V        ;         ; Row I/O    ; N               ; no       ; Off          ;
; N1       ;            ;          ; GND                                              ; gnd    ;              ;         ; --         ;                 ; --       ; --           ;
; N2       ;            ;          ; GND                                              ; gnd    ;              ;         ; --         ;                 ; --       ; --           ;
; N3       ;            ; --       ; VCCA_GXB                                         ; power  ;              ; 2.5V    ; --         ;                 ; --       ; --           ;
; N4       ;            ;          ; VCCINT                                           ; power  ;              ; 1.2V    ; --         ;                 ; --       ; --           ;
; N5       ; 21         ; 3        ; RESERVED_INPUT_WITH_WEAK_PULLUP                  ;        ;              ;         ; Column I/O ;                 ; no       ; On           ;
; N6       ; 22         ; 3        ; RESERVED_INPUT_WITH_WEAK_PULLUP                  ;        ;              ;         ; Column I/O ;                 ; no       ; On           ;
; N7       ; 32         ; 3        ; RESERVED_INPUT_WITH_WEAK_PULLUP                  ;        ;              ;         ; Column I/O ;                 ; no       ; On           ;
; N8       ;            ; 3        ; VCCIO3                                           ; power  ;              ; 2.5V    ; --         ;                 ; --       ; --           ;
; N9       ;            ; 3A       ; VCC_CLKIN3A                                      ; power  ;              ; 2.5V    ; --         ;                 ; --       ; --           ;
; N10      ;            ;          ; GND                                              ; gnd    ;              ;         ; --         ;                 ; --       ; --           ;
; N11      ;            ; 4        ; VCCIO4                                           ; power  ;              ; 2.5V    ; --         ;                 ; --       ; --           ;
; N12      ;            ; 4        ; VCCIO4                                           ; power  ;              ; 2.5V    ; --         ;                 ; --       ; --           ;
; N13      ;            ; 4        ; VCCIO4                                           ; power  ;              ; 2.5V    ; --         ;                 ; --       ; --           ;
; N14      ;            ; 4        ; VCCIO4                                           ; power  ;              ; 2.5V    ; --         ;                 ; --       ; --           ;
; N15      ; 77         ; 5        ; T[1]                                             ; output ; 2.5 V        ;         ; Row I/O    ; N               ; no       ; Off          ;
; N16      ; 78         ; 5        ; ULA[7]                                           ; output ; 2.5 V        ;         ; Row I/O    ; N               ; no       ; Off          ;
; N17      ; 90         ; 5        ; AC[4]                                            ; output ; 2.5 V        ;         ; Row I/O    ; N               ; no       ; Off          ;
; N18      ; 89         ; 5        ; tempo[1]                                         ; output ; 2.5 V        ;         ; Row I/O    ; N               ; no       ; Off          ;
; P1       ; 13         ; QL0      ; GXB_NC                                           ;        ;              ;         ; --         ;                 ; --       ; --           ;
; P2       ; 12         ; QL0      ; GXB_NC                                           ;        ;              ;         ; --         ;                 ; --       ; --           ;
; P3       ;            ;          ; GND                                              ; gnd    ;              ;         ; --         ;                 ; --       ; --           ;
; P4       ; 16         ; 3        ; ^MSEL2                                           ;        ;              ;         ; --         ;                 ; --       ; --           ;
; P5       ;            ;          ; GND                                              ; gnd    ;              ;         ; --         ;                 ; --       ; --           ;
; P6       ; 23         ; 3        ; RESERVED_INPUT_WITH_WEAK_PULLUP                  ;        ;              ;         ; Column I/O ;                 ; no       ; On           ;
; P7       ;            ; 3        ; VCCIO3                                           ; power  ;              ; 2.5V    ; --         ;                 ; --       ; --           ;
; P8       ;            ;          ; GND                                              ; gnd    ;              ;         ; --         ;                 ; --       ; --           ;
; P9       ;            ; 3        ; VCCIO3                                           ; power  ;              ; 2.5V    ; --         ;                 ; --       ; --           ;
; P10      ; 45         ; 3        ; RESERVED_INPUT_WITH_WEAK_PULLUP                  ;        ;              ;         ; Column I/O ;                 ; no       ; On           ;
; P11      ;            ;          ; GND                                              ; gnd    ;              ;         ; --         ;                 ; --       ; --           ;
; P12      ; 61         ; 4        ; T[2]                                             ; output ; 2.5 V        ;         ; Column I/O ; N               ; no       ; Off          ;
; P13      ; 62         ; 4        ; PC[1]                                            ; output ; 2.5 V        ;         ; Column I/O ; N               ; no       ; Off          ;
; P14      ;            ;          ; GND                                              ; gnd    ;              ;         ; --         ;                 ; --       ; --           ;
; P15      ; 75         ; 4        ; PC[0]                                            ; output ; 2.5 V        ;         ; Column I/O ; N               ; no       ; Off          ;
; P16      ; 79         ; 5        ; cg_RI                                            ; output ; 2.5 V        ;         ; Row I/O    ; N               ; no       ; Off          ;
; P17      ;            ;          ; GND                                              ; gnd    ;              ;         ; --         ;                 ; --       ; --           ;
; P18      ; 83         ; 5        ; mux_REM                                          ; output ; 2.5 V        ;         ; Row I/O    ; N               ; no       ; Off          ;
; R1       ;            ;          ; GND                                              ; gnd    ;              ;         ; --         ;                 ; --       ; --           ;
; R2       ;            ;          ; GND                                              ; gnd    ;              ;         ; --         ;                 ; --       ; --           ;
; R3       ;            ;          ; GND                                              ; gnd    ;              ;         ; --         ;                 ; --       ; --           ;
; R4       ;            ; --       ; VCCL_GXB                                         ; power  ;              ; 1.2V    ; --         ;                 ; --       ; --           ;
; R5       ; 17         ; 3        ; ^MSEL1                                           ;        ;              ;         ; --         ;                 ; --       ; --           ;
; R6       ; 24         ; 3        ; ~ALTERA_NCEO~ / RESERVED_OUTPUT_OPEN_DRAIN       ; output ; 2.5 V        ;         ; Column I/O ; N               ; no       ; Off          ;
; R7       ; 29         ; 3        ; RESERVED_INPUT_WITH_WEAK_PULLUP                  ;        ;              ;         ; Column I/O ;                 ; no       ; On           ;
; R8       ; 36         ; 3        ; RESERVED_INPUT_WITH_WEAK_PULLUP                  ;        ;              ;         ; Column I/O ;                 ; --       ; --           ;
; R9       ; 39         ; 3        ; RESERVED_INPUT_WITH_WEAK_PULLUP                  ;        ;              ;         ; Column I/O ;                 ; no       ; On           ;
; R10      ; 46         ; 3        ; RESERVED_INPUT_WITH_WEAK_PULLUP                  ;        ;              ;         ; Column I/O ;                 ; no       ; On           ;
; R11      ; 53         ; 4        ; AC[7]                                            ; output ; 2.5 V        ;         ; Column I/O ; N               ; no       ; Off          ;
; R12      ; 59         ; 4        ; MUX[4]                                           ; output ; 2.5 V        ;         ; Column I/O ; N               ; no       ; Off          ;
; R13      ; 60         ; 4        ; RI[0]                                            ; output ; 2.5 V        ;         ; Column I/O ; N               ; no       ; Off          ;
; R14      ; 73         ; 4        ; AC[6]                                            ; output ; 2.5 V        ;         ; Column I/O ; N               ; no       ; Off          ;
; R15      ; 76         ; 4        ; ULA[3]                                           ; output ; 2.5 V        ;         ; Column I/O ; N               ; no       ; Off          ;
; R16      ; 80         ; 5        ; AC[0]                                            ; output ; 2.5 V        ;         ; Row I/O    ; N               ; no       ; Off          ;
; R17      ; 82         ; 5        ; ULA[1]                                           ; output ; 2.5 V        ;         ; Row I/O    ; N               ; no       ; Off          ;
; R18      ; 84         ; 5        ; RI[1]                                            ; output ; 2.5 V        ;         ; Row I/O    ; N               ; no       ; Off          ;
; T1       ; 15         ; QL0      ; GXB_GND*                                         ;        ;              ;         ; --         ;                 ; --       ; --           ;
; T2       ; 14         ; QL0      ; GXB_GND*                                         ;        ;              ;         ; --         ;                 ; --       ; --           ;
; T3       ;            ;          ; GND                                              ; gnd    ;              ;         ; --         ;                 ; --       ; --           ;
; T4       ;            ; --       ; VCCA_GXB                                         ; power  ;              ; 2.5V    ; --         ;                 ; --       ; --           ;
; T5       ; 18         ; 3        ; ^MSEL0                                           ;        ;              ;         ; --         ;                 ; --       ; --           ;
; T6       ; 25         ; 3        ; RESERVED_INPUT_WITH_WEAK_PULLUP                  ;        ;              ;         ; Column I/O ;                 ; no       ; On           ;
; T7       ; 30         ; 3        ; RESERVED_INPUT_WITH_WEAK_PULLUP                  ;        ;              ;         ; Column I/O ;                 ; no       ; On           ;
; T8       ; 35         ; 3        ; RESERVED_INPUT_WITH_WEAK_PULLUP                  ;        ;              ;         ; Column I/O ;                 ; no       ; On           ;
; T9       ; 40         ; 3        ; RESERVED_INPUT_WITH_WEAK_PULLUP                  ;        ;              ;         ; Column I/O ;                 ; no       ; On           ;
; T10      ; 43         ; 3        ; RESERVED_INPUT_WITH_WEAK_PULLUP                  ;        ;              ;         ; Column I/O ;                 ; no       ; On           ;
; T11      ; 54         ; 4        ; n                                                ; output ; 2.5 V        ;         ; Column I/O ; N               ; no       ; Off          ;
; T12      ; 55         ; 4        ; RESERVED_INPUT_WITH_WEAK_PULLUP                  ;        ;              ;         ; Column I/O ;                 ; no       ; On           ;
; T13      ; 63         ; 4        ; z                                                ; output ; 2.5 V        ;         ; Column I/O ; N               ; no       ; Off          ;
; T14      ; 64         ; 4        ; PC[5]                                            ; output ; 2.5 V        ;         ; Column I/O ; N               ; no       ; Off          ;
; T15      ; 74         ; 4        ; AC[2]                                            ; output ; 2.5 V        ;         ; Column I/O ; N               ; no       ; Off          ;
; T16      ; 71         ; 4        ; MUX[2]                                           ; output ; 2.5 V        ;         ; Column I/O ; N               ; no       ; Off          ;
; T17      ; 72         ; 4        ; RI[7]                                            ; output ; 2.5 V        ;         ; Column I/O ; N               ; no       ; Off          ;
; T18      ; 81         ; 5        ; T[6]                                             ; output ; 2.5 V        ;         ; Row I/O    ; N               ; no       ; Off          ;
; U1       ;            ;          ; GND                                              ; gnd    ;              ;         ; --         ;                 ; --       ; --           ;
; U2       ;            ;          ; GND                                              ; gnd    ;              ;         ; --         ;                 ; --       ; --           ;
; U3       ;            ;          ; NC                                               ;        ;              ;         ; --         ;                 ; --       ; --           ;
; U4       ; 19         ; 3        ; ^CONF_DONE                                       ;        ;              ;         ; --         ;                 ; --       ; --           ;
; U5       ;            ;          ; GND                                              ; gnd    ;              ;         ; --         ;                 ; --       ; --           ;
; U6       ; 26         ; 3        ; RESERVED_INPUT_WITH_WEAK_PULLUP                  ;        ;              ;         ; Column I/O ;                 ; no       ; On           ;
; U7       ; 33         ; 3        ; RESERVED_INPUT_WITH_WEAK_PULLUP                  ;        ;              ;         ; Column I/O ;                 ; no       ; On           ;
; U8       ;            ;          ; GND                                              ; gnd    ;              ;         ; --         ;                 ; --       ; --           ;
; U9       ; 37         ; 3        ; RESERVED_INPUT_WITH_WEAK_PULLUP                  ;        ;              ;         ; Column I/O ;                 ; no       ; On           ;
; U10      ; 44         ; 3        ; RESERVED_INPUT_WITH_WEAK_PULLUP                  ;        ;              ;         ; Column I/O ;                 ; no       ; On           ;
; U11      ;            ;          ; GND                                              ; gnd    ;              ;         ; --         ;                 ; --       ; --           ;
; U12      ; 56         ; 4        ; RESERVED_INPUT_WITH_WEAK_PULLUP                  ;        ;              ;         ; Column I/O ;                 ; no       ; On           ;
; U13      ; 51         ; 4        ; RESERVED_INPUT_WITH_WEAK_PULLUP                  ;        ;              ;         ; Column I/O ;                 ; no       ; On           ;
; U14      ;            ;          ; GND                                              ; gnd    ;              ;         ; --         ;                 ; --       ; --           ;
; U15      ; 65         ; 4        ; MUX[3]                                           ; output ; 2.5 V        ;         ; Column I/O ; N               ; no       ; Off          ;
; U16      ; 66         ; 4        ; MEM[3]                                           ; output ; 2.5 V        ;         ; Column I/O ; N               ; no       ; Off          ;
; U17      ;            ;          ; GND                                              ; gnd    ;              ;         ; --         ;                 ; --       ; --           ;
; U18      ; 69         ; 4        ; inc_pc                                           ; output ; 2.5 V        ;         ; Column I/O ; N               ; no       ; Off          ;
; V1       ;            ;          ; RREF                                             ;        ;              ;         ; --         ;                 ; --       ; --           ;
; V2       ;            ;          ; GND                                              ; gnd    ;              ;         ; --         ;                 ; --       ; --           ;
; V3       ;            ;          ; NC                                               ;        ;              ;         ; --         ;                 ; --       ; --           ;
; V4       ; 20         ; 3        ; ^nSTATUS                                         ;        ;              ;         ; --         ;                 ; --       ; --           ;
; V5       ; 27         ; 3        ; RESERVED_INPUT_WITH_WEAK_PULLUP                  ;        ;              ;         ; Column I/O ;                 ; no       ; On           ;
; V6       ; 28         ; 3        ; RESERVED_INPUT_WITH_WEAK_PULLUP                  ;        ;              ;         ; Column I/O ;                 ; no       ; On           ;
; V7       ; 34         ; 3        ; RESERVED_INPUT_WITH_WEAK_PULLUP                  ;        ;              ;         ; Column I/O ;                 ; no       ; On           ;
; V8       ; 38         ; 3        ; RESERVED_INPUT_WITH_WEAK_PULLUP                  ;        ;              ;         ; Column I/O ;                 ; no       ; On           ;
; V9       ; 41         ; 3        ; RESERVED_INPUT_WITH_WEAK_PULLUP                  ;        ;              ;         ; Column I/O ;                 ; no       ; On           ;
; V10      ; 42         ; 3        ; RESERVED_INPUT_WITH_WEAK_PULLUP                  ;        ;              ;         ; Column I/O ;                 ; no       ; On           ;
; V11      ; 49         ; 4        ; GND+                                             ;        ;              ;         ; Column I/O ;                 ; --       ; --           ;
; V12      ; 50         ; 4        ; GND+                                             ;        ;              ;         ; Column I/O ;                 ; --       ; --           ;
; V13      ; 52         ; 4        ; RESERVED_INPUT_WITH_WEAK_PULLUP                  ;        ;              ;         ; Column I/O ;                 ; no       ; On           ;
; V14      ; 57         ; 4        ; PC[3]                                            ; output ; 2.5 V        ;         ; Column I/O ; N               ; no       ; Off          ;
; V15      ; 58         ; 4        ; MUX[6]                                           ; output ; 2.5 V        ;         ; Column I/O ; N               ; no       ; Off          ;
; V16      ; 67         ; 4        ; MUX[0]                                           ; output ; 2.5 V        ;         ; Column I/O ; N               ; no       ; Off          ;
; V17      ; 68         ; 4        ; PC[2]                                            ; output ; 2.5 V        ;         ; Column I/O ; N               ; no       ; Off          ;
; V18      ; 70         ; 4        ; T[4]                                             ; output ; 2.5 V        ;         ; Column I/O ; N               ; no       ; Off          ;
+----------+------------+----------+--------------------------------------------------+--------+--------------+---------+------------+-----------------+----------+--------------+
Note: Pin directions (input, output or bidir) are based on device operating in user mode.


+-------------------------------------------------------------------------------------------------------------------------------------------------------------------------------------------------------------------------------------------------------------------------------------------------------------------------------------------------------------------------------+
; Fitter Resource Utilization by Entity                                                                                                                                                                                                                                                                                                                                         ;
+------------------------------------+-------------+---------------------------+---------------+-------------+------+--------------+---------+-----------+-----------+------+--------------+--------------+-------------------+------------------+---------------------------------------------------------------------------------------------------------------+--------------+
; Compilation Hierarchy Node         ; Logic Cells ; Dedicated Logic Registers ; I/O Registers ; Memory Bits ; M9Ks ; DSP Elements ; DSP 9x9 ; DSP 18x18 ; DSP 36x36 ; Pins ; Virtual Pins ; LUT-Only LCs ; Register-Only LCs ; LUT/Register LCs ; Full Hierarchy Name                                                                                           ; Library Name ;
+------------------------------------+-------------+---------------------------+---------------+-------------+------+--------------+---------+-----------+-----------+------+--------------+--------------+-------------------+------------------+---------------------------------------------------------------------------------------------------------------+--------------+
; |pfs_neander                       ; 171 (3)     ; 43 (0)                    ; 0 (0)         ; 0           ; 0    ; 0            ; 0       ; 0         ; 0         ; 91   ; 0            ; 128 (3)      ; 2 (0)             ; 41 (0)           ; |pfs_neander                                                                                                  ; work         ;
;    |pfs_8bit_reg:inst3|            ; 8 (0)       ; 8 (0)                     ; 0 (0)         ; 0           ; 0    ; 0            ; 0       ; 0         ; 0         ; 0    ; 0            ; 0 (0)        ; 0 (0)             ; 8 (0)            ; |pfs_neander|pfs_8bit_reg:inst3                                                                               ; work         ;
;       |pfs_ff_enable:inst2|        ; 1 (1)       ; 1 (1)                     ; 0 (0)         ; 0           ; 0    ; 0            ; 0       ; 0         ; 0         ; 0    ; 0            ; 0 (0)        ; 0 (0)             ; 1 (1)            ; |pfs_neander|pfs_8bit_reg:inst3|pfs_ff_enable:inst2                                                           ; work         ;
;       |pfs_ff_enable:inst3|        ; 1 (1)       ; 1 (1)                     ; 0 (0)         ; 0           ; 0    ; 0            ; 0       ; 0         ; 0         ; 0    ; 0            ; 0 (0)        ; 0 (0)             ; 1 (1)            ; |pfs_neander|pfs_8bit_reg:inst3|pfs_ff_enable:inst3                                                           ; work         ;
;       |pfs_ff_enable:inst4|        ; 1 (1)       ; 1 (1)                     ; 0 (0)         ; 0           ; 0    ; 0            ; 0       ; 0         ; 0         ; 0    ; 0            ; 0 (0)        ; 0 (0)             ; 1 (1)            ; |pfs_neander|pfs_8bit_reg:inst3|pfs_ff_enable:inst4                                                           ; work         ;
;       |pfs_ff_enable:inst5|        ; 1 (1)       ; 1 (1)                     ; 0 (0)         ; 0           ; 0    ; 0            ; 0       ; 0         ; 0         ; 0    ; 0            ; 0 (0)        ; 0 (0)             ; 1 (1)            ; |pfs_neander|pfs_8bit_reg:inst3|pfs_ff_enable:inst5                                                           ; work         ;
;       |pfs_ff_enable:inst6|        ; 1 (1)       ; 1 (1)                     ; 0 (0)         ; 0           ; 0    ; 0            ; 0       ; 0         ; 0         ; 0    ; 0            ; 0 (0)        ; 0 (0)             ; 1 (1)            ; |pfs_neander|pfs_8bit_reg:inst3|pfs_ff_enable:inst6                                                           ; work         ;
;       |pfs_ff_enable:inst7|        ; 1 (1)       ; 1 (1)                     ; 0 (0)         ; 0           ; 0    ; 0            ; 0       ; 0         ; 0         ; 0    ; 0            ; 0 (0)        ; 0 (0)             ; 1 (1)            ; |pfs_neander|pfs_8bit_reg:inst3|pfs_ff_enable:inst7                                                           ; work         ;
;       |pfs_ff_enable:inst8|        ; 1 (1)       ; 1 (1)                     ; 0 (0)         ; 0           ; 0    ; 0            ; 0       ; 0         ; 0         ; 0    ; 0            ; 0 (0)        ; 0 (0)             ; 1 (1)            ; |pfs_neander|pfs_8bit_reg:inst3|pfs_ff_enable:inst8                                                           ; work         ;
;       |pfs_ff_enable:inst|         ; 1 (1)       ; 1 (1)                     ; 0 (0)         ; 0           ; 0    ; 0            ; 0       ; 0         ; 0         ; 0    ; 0            ; 0 (0)        ; 0 (0)             ; 1 (1)            ; |pfs_neander|pfs_8bit_reg:inst3|pfs_ff_enable:inst                                                            ; work         ;
;    |pfs_8bit_reg:inst5|            ; 8 (0)       ; 8 (0)                     ; 0 (0)         ; 0           ; 0    ; 0            ; 0       ; 0         ; 0         ; 0    ; 0            ; 0 (0)        ; 0 (0)             ; 8 (0)            ; |pfs_neander|pfs_8bit_reg:inst5                                                                               ; work         ;
;       |pfs_ff_enable:inst2|        ; 1 (1)       ; 1 (1)                     ; 0 (0)         ; 0           ; 0    ; 0            ; 0       ; 0         ; 0         ; 0    ; 0            ; 0 (0)        ; 0 (0)             ; 1 (1)            ; |pfs_neander|pfs_8bit_reg:inst5|pfs_ff_enable:inst2                                                           ; work         ;
;       |pfs_ff_enable:inst3|        ; 1 (1)       ; 1 (1)                     ; 0 (0)         ; 0           ; 0    ; 0            ; 0       ; 0         ; 0         ; 0    ; 0            ; 0 (0)        ; 0 (0)             ; 1 (1)            ; |pfs_neander|pfs_8bit_reg:inst5|pfs_ff_enable:inst3                                                           ; work         ;
;       |pfs_ff_enable:inst4|        ; 1 (1)       ; 1 (1)                     ; 0 (0)         ; 0           ; 0    ; 0            ; 0       ; 0         ; 0         ; 0    ; 0            ; 0 (0)        ; 0 (0)             ; 1 (1)            ; |pfs_neander|pfs_8bit_reg:inst5|pfs_ff_enable:inst4                                                           ; work         ;
;       |pfs_ff_enable:inst5|        ; 1 (1)       ; 1 (1)                     ; 0 (0)         ; 0           ; 0    ; 0            ; 0       ; 0         ; 0         ; 0    ; 0            ; 0 (0)        ; 0 (0)             ; 1 (1)            ; |pfs_neander|pfs_8bit_reg:inst5|pfs_ff_enable:inst5                                                           ; work         ;
;       |pfs_ff_enable:inst6|        ; 1 (1)       ; 1 (1)                     ; 0 (0)         ; 0           ; 0    ; 0            ; 0       ; 0         ; 0         ; 0    ; 0            ; 0 (0)        ; 0 (0)             ; 1 (1)            ; |pfs_neander|pfs_8bit_reg:inst5|pfs_ff_enable:inst6                                                           ; work         ;
;       |pfs_ff_enable:inst7|        ; 1 (1)       ; 1 (1)                     ; 0 (0)         ; 0           ; 0    ; 0            ; 0       ; 0         ; 0         ; 0    ; 0            ; 0 (0)        ; 0 (0)             ; 1 (1)            ; |pfs_neander|pfs_8bit_reg:inst5|pfs_ff_enable:inst7                                                           ; work         ;
;       |pfs_ff_enable:inst8|        ; 1 (1)       ; 1 (1)                     ; 0 (0)         ; 0           ; 0    ; 0            ; 0       ; 0         ; 0         ; 0    ; 0            ; 0 (0)        ; 0 (0)             ; 1 (1)            ; |pfs_neander|pfs_8bit_reg:inst5|pfs_ff_enable:inst8                                                           ; work         ;
;       |pfs_ff_enable:inst|         ; 1 (1)       ; 1 (1)                     ; 0 (0)         ; 0           ; 0    ; 0            ; 0       ; 0         ; 0         ; 0    ; 0            ; 0 (0)        ; 0 (0)             ; 1 (1)            ; |pfs_neander|pfs_8bit_reg:inst5|pfs_ff_enable:inst                                                            ; work         ;
;    |pfs_8bit_reg:inst6|            ; 8 (0)       ; 8 (0)                     ; 0 (0)         ; 0           ; 0    ; 0            ; 0       ; 0         ; 0         ; 0    ; 0            ; 0 (0)        ; 2 (0)             ; 6 (0)            ; |pfs_neander|pfs_8bit_reg:inst6                                                                               ; work         ;
;       |pfs_ff_enable:inst2|        ; 1 (1)       ; 1 (1)                     ; 0 (0)         ; 0           ; 0    ; 0            ; 0       ; 0         ; 0         ; 0    ; 0            ; 0 (0)        ; 0 (0)             ; 1 (1)            ; |pfs_neander|pfs_8bit_reg:inst6|pfs_ff_enable:inst2                                                           ; work         ;
;       |pfs_ff_enable:inst3|        ; 1 (1)       ; 1 (1)                     ; 0 (0)         ; 0           ; 0    ; 0            ; 0       ; 0         ; 0         ; 0    ; 0            ; 0 (0)        ; 1 (1)             ; 0 (0)            ; |pfs_neander|pfs_8bit_reg:inst6|pfs_ff_enable:inst3                                                           ; work         ;
;       |pfs_ff_enable:inst4|        ; 1 (1)       ; 1 (1)                     ; 0 (0)         ; 0           ; 0    ; 0            ; 0       ; 0         ; 0         ; 0    ; 0            ; 0 (0)        ; 0 (0)             ; 1 (1)            ; |pfs_neander|pfs_8bit_reg:inst6|pfs_ff_enable:inst4                                                           ; work         ;
;       |pfs_ff_enable:inst5|        ; 1 (1)       ; 1 (1)                     ; 0 (0)         ; 0           ; 0    ; 0            ; 0       ; 0         ; 0         ; 0    ; 0            ; 0 (0)        ; 0 (0)             ; 1 (1)            ; |pfs_neander|pfs_8bit_reg:inst6|pfs_ff_enable:inst5                                                           ; work         ;
;       |pfs_ff_enable:inst6|        ; 1 (1)       ; 1 (1)                     ; 0 (0)         ; 0           ; 0    ; 0            ; 0       ; 0         ; 0         ; 0    ; 0            ; 0 (0)        ; 0 (0)             ; 1 (1)            ; |pfs_neander|pfs_8bit_reg:inst6|pfs_ff_enable:inst6                                                           ; work         ;
;       |pfs_ff_enable:inst7|        ; 1 (1)       ; 1 (1)                     ; 0 (0)         ; 0           ; 0    ; 0            ; 0       ; 0         ; 0         ; 0    ; 0            ; 0 (0)        ; 0 (0)             ; 1 (1)            ; |pfs_neander|pfs_8bit_reg:inst6|pfs_ff_enable:inst7                                                           ; work         ;
;       |pfs_ff_enable:inst8|        ; 1 (1)       ; 1 (1)                     ; 0 (0)         ; 0           ; 0    ; 0            ; 0       ; 0         ; 0         ; 0    ; 0            ; 0 (0)        ; 0 (0)             ; 1 (1)            ; |pfs_neander|pfs_8bit_reg:inst6|pfs_ff_enable:inst8                                                           ; work         ;
;       |pfs_ff_enable:inst|         ; 1 (1)       ; 1 (1)                     ; 0 (0)         ; 0           ; 0    ; 0            ; 0       ; 0         ; 0         ; 0    ; 0            ; 0 (0)        ; 1 (1)             ; 0 (0)            ; |pfs_neander|pfs_8bit_reg:inst6|pfs_ff_enable:inst                                                            ; work         ;
;    |pfs_8bit_reg:inst7|            ; 8 (0)       ; 8 (0)                     ; 0 (0)         ; 0           ; 0    ; 0            ; 0       ; 0         ; 0         ; 0    ; 0            ; 0 (0)        ; 0 (0)             ; 8 (0)            ; |pfs_neander|pfs_8bit_reg:inst7                                                                               ; work         ;
;       |pfs_ff_enable:inst2|        ; 1 (1)       ; 1 (1)                     ; 0 (0)         ; 0           ; 0    ; 0            ; 0       ; 0         ; 0         ; 0    ; 0            ; 0 (0)        ; 0 (0)             ; 1 (1)            ; |pfs_neander|pfs_8bit_reg:inst7|pfs_ff_enable:inst2                                                           ; work         ;
;       |pfs_ff_enable:inst3|        ; 1 (1)       ; 1 (1)                     ; 0 (0)         ; 0           ; 0    ; 0            ; 0       ; 0         ; 0         ; 0    ; 0            ; 0 (0)        ; 0 (0)             ; 1 (1)            ; |pfs_neander|pfs_8bit_reg:inst7|pfs_ff_enable:inst3                                                           ; work         ;
;       |pfs_ff_enable:inst4|        ; 1 (1)       ; 1 (1)                     ; 0 (0)         ; 0           ; 0    ; 0            ; 0       ; 0         ; 0         ; 0    ; 0            ; 0 (0)        ; 0 (0)             ; 1 (1)            ; |pfs_neander|pfs_8bit_reg:inst7|pfs_ff_enable:inst4                                                           ; work         ;
;       |pfs_ff_enable:inst5|        ; 1 (1)       ; 1 (1)                     ; 0 (0)         ; 0           ; 0    ; 0            ; 0       ; 0         ; 0         ; 0    ; 0            ; 0 (0)        ; 0 (0)             ; 1 (1)            ; |pfs_neander|pfs_8bit_reg:inst7|pfs_ff_enable:inst5                                                           ; work         ;
;       |pfs_ff_enable:inst6|        ; 1 (1)       ; 1 (1)                     ; 0 (0)         ; 0           ; 0    ; 0            ; 0       ; 0         ; 0         ; 0    ; 0            ; 0 (0)        ; 0 (0)             ; 1 (1)            ; |pfs_neander|pfs_8bit_reg:inst7|pfs_ff_enable:inst6                                                           ; work         ;
;       |pfs_ff_enable:inst7|        ; 1 (1)       ; 1 (1)                     ; 0 (0)         ; 0           ; 0    ; 0            ; 0       ; 0         ; 0         ; 0    ; 0            ; 0 (0)        ; 0 (0)             ; 1 (1)            ; |pfs_neander|pfs_8bit_reg:inst7|pfs_ff_enable:inst7                                                           ; work         ;
;       |pfs_ff_enable:inst8|        ; 1 (1)       ; 1 (1)                     ; 0 (0)         ; 0           ; 0    ; 0            ; 0       ; 0         ; 0         ; 0    ; 0            ; 0 (0)        ; 0 (0)             ; 1 (1)            ; |pfs_neander|pfs_8bit_reg:inst7|pfs_ff_enable:inst8                                                           ; work         ;
;       |pfs_ff_enable:inst|         ; 1 (1)       ; 1 (1)                     ; 0 (0)         ; 0           ; 0    ; 0            ; 0       ; 0         ; 0         ; 0    ; 0            ; 0 (0)        ; 0 (0)             ; 1 (1)            ; |pfs_neander|pfs_8bit_reg:inst7|pfs_ff_enable:inst                                                            ; work         ;
;    |pfs_mux2x1_8bit:inst4|         ; 9 (0)       ; 0 (0)                     ; 0 (0)         ; 0           ; 0    ; 0            ; 0       ; 0         ; 0         ; 0    ; 0            ; 3 (0)        ; 0 (0)             ; 6 (0)            ; |pfs_neander|pfs_mux2x1_8bit:inst4                                                                            ; work         ;
;       |pfs_mux2x1:inst1|           ; 1 (1)       ; 0 (0)                     ; 0 (0)         ; 0           ; 0    ; 0            ; 0       ; 0         ; 0         ; 0    ; 0            ; 0 (0)        ; 0 (0)             ; 1 (1)            ; |pfs_neander|pfs_mux2x1_8bit:inst4|pfs_mux2x1:inst1                                                           ; work         ;
;       |pfs_mux2x1:inst2|           ; 1 (1)       ; 0 (0)                     ; 0 (0)         ; 0           ; 0    ; 0            ; 0       ; 0         ; 0         ; 0    ; 0            ; 0 (0)        ; 0 (0)             ; 1 (1)            ; |pfs_neander|pfs_mux2x1_8bit:inst4|pfs_mux2x1:inst2                                                           ; work         ;
;       |pfs_mux2x1:inst3|           ; 1 (1)       ; 0 (0)                     ; 0 (0)         ; 0           ; 0    ; 0            ; 0       ; 0         ; 0         ; 0    ; 0            ; 0 (0)        ; 0 (0)             ; 1 (1)            ; |pfs_neander|pfs_mux2x1_8bit:inst4|pfs_mux2x1:inst3                                                           ; work         ;
;       |pfs_mux2x1:inst4|           ; 1 (1)       ; 0 (0)                     ; 0 (0)         ; 0           ; 0    ; 0            ; 0       ; 0         ; 0         ; 0    ; 0            ; 0 (0)        ; 0 (0)             ; 1 (1)            ; |pfs_neander|pfs_mux2x1_8bit:inst4|pfs_mux2x1:inst4                                                           ; work         ;
;       |pfs_mux2x1:inst5|           ; 1 (1)       ; 0 (0)                     ; 0 (0)         ; 0           ; 0    ; 0            ; 0       ; 0         ; 0         ; 0    ; 0            ; 1 (1)        ; 0 (0)             ; 0 (0)            ; |pfs_neander|pfs_mux2x1_8bit:inst4|pfs_mux2x1:inst5                                                           ; work         ;
;       |pfs_mux2x1:inst6|           ; 1 (1)       ; 0 (0)                     ; 0 (0)         ; 0           ; 0    ; 0            ; 0       ; 0         ; 0         ; 0    ; 0            ; 0 (0)        ; 0 (0)             ; 1 (1)            ; |pfs_neander|pfs_mux2x1_8bit:inst4|pfs_mux2x1:inst6                                                           ; work         ;
;       |pfs_mux2x1:inst7|           ; 1 (1)       ; 0 (0)                     ; 0 (0)         ; 0           ; 0    ; 0            ; 0       ; 0         ; 0         ; 0    ; 0            ; 1 (1)        ; 0 (0)             ; 0 (0)            ; |pfs_neander|pfs_mux2x1_8bit:inst4|pfs_mux2x1:inst7                                                           ; work         ;
;       |pfs_mux2x1:inst|            ; 2 (2)       ; 0 (0)                     ; 0 (0)         ; 0           ; 0    ; 0            ; 0       ; 0         ; 0         ; 0    ; 0            ; 1 (1)        ; 0 (0)             ; 1 (1)            ; |pfs_neander|pfs_mux2x1_8bit:inst4|pfs_mux2x1:inst                                                            ; work         ;
;    |pfs_neander_control:inst|      ; 26 (15)     ; 3 (0)                     ; 0 (0)         ; 0           ; 0    ; 0            ; 0       ; 0         ; 0         ; 0    ; 0            ; 21 (14)      ; 0 (0)             ; 5 (1)            ; |pfs_neander|pfs_neander_control:inst                                                                         ; work         ;
;       |pfs_decod_3x8:inst|         ; 8 (8)       ; 0 (0)                     ; 0 (0)         ; 0           ; 0    ; 0            ; 0       ; 0         ; 0         ; 0    ; 0            ; 7 (7)        ; 0 (0)             ; 1 (1)            ; |pfs_neander|pfs_neander_control:inst|pfs_decod_3x8:inst                                                      ; work         ;
;       |pfs_neander_temp:inst1|     ; 3 (0)       ; 3 (0)                     ; 0 (0)         ; 0           ; 0    ; 0            ; 0       ; 0         ; 0         ; 0    ; 0            ; 0 (0)        ; 0 (0)             ; 3 (0)            ; |pfs_neander|pfs_neander_control:inst|pfs_neander_temp:inst1                                                  ; work         ;
;          |pfs_uc_unit:inst2|       ; 1 (1)       ; 1 (1)                     ; 0 (0)         ; 0           ; 0    ; 0            ; 0       ; 0         ; 0         ; 0    ; 0            ; 0 (0)        ; 0 (0)             ; 1 (1)            ; |pfs_neander|pfs_neander_control:inst|pfs_neander_temp:inst1|pfs_uc_unit:inst2                                ; work         ;
;          |pfs_uc_unit:inst3|       ; 1 (1)       ; 1 (1)                     ; 0 (0)         ; 0           ; 0    ; 0            ; 0       ; 0         ; 0         ; 0    ; 0            ; 0 (0)        ; 0 (0)             ; 1 (1)            ; |pfs_neander|pfs_neander_control:inst|pfs_neander_temp:inst1|pfs_uc_unit:inst3                                ; work         ;
;          |pfs_uc_unit:inst4|       ; 1 (1)       ; 1 (1)                     ; 0 (0)         ; 0           ; 0    ; 0            ; 0       ; 0         ; 0         ; 0    ; 0            ; 0 (0)        ; 0 (0)             ; 1 (1)            ; |pfs_neander|pfs_neander_control:inst|pfs_neander_temp:inst1|pfs_uc_unit:inst4                                ; work         ;
;    |pfs_neander_memory:inst15|     ; 45 (45)     ; 0 (0)                     ; 0 (0)         ; 0           ; 0    ; 0            ; 0       ; 0         ; 0         ; 0    ; 0            ; 39 (39)      ; 0 (0)             ; 6 (6)            ; |pfs_neander|pfs_neander_memory:inst15                                                                        ; work         ;
;    |pfs_neander_pc:inst1|          ; 19 (0)      ; 8 (0)                     ; 0 (0)         ; 0           ; 0    ; 0            ; 0       ; 0         ; 0         ; 0    ; 0            ; 11 (0)       ; 0 (0)             ; 8 (0)            ; |pfs_neander|pfs_neander_pc:inst1                                                                             ; work         ;
;       |pfs_gen_counter_8:inst|     ; 19 (0)      ; 8 (0)                     ; 0 (0)         ; 0           ; 0    ; 0            ; 0       ; 0         ; 0         ; 0    ; 0            ; 11 (0)       ; 0 (0)             ; 8 (0)            ; |pfs_neander|pfs_neander_pc:inst1|pfs_gen_counter_8:inst                                                      ; work         ;
;          |pfs_uc_unit:inst1|       ; 2 (2)       ; 1 (1)                     ; 0 (0)         ; 0           ; 0    ; 0            ; 0       ; 0         ; 0         ; 0    ; 0            ; 1 (1)        ; 0 (0)             ; 1 (1)            ; |pfs_neander|pfs_neander_pc:inst1|pfs_gen_counter_8:inst|pfs_uc_unit:inst1                                    ; work         ;
;          |pfs_uc_unit:inst2|       ; 2 (2)       ; 1 (1)                     ; 0 (0)         ; 0           ; 0    ; 0            ; 0       ; 0         ; 0         ; 0    ; 0            ; 1 (1)        ; 0 (0)             ; 1 (1)            ; |pfs_neander|pfs_neander_pc:inst1|pfs_gen_counter_8:inst|pfs_uc_unit:inst2                                    ; work         ;
;          |pfs_uc_unit:inst3|       ; 3 (3)       ; 1 (1)                     ; 0 (0)         ; 0           ; 0    ; 0            ; 0       ; 0         ; 0         ; 0    ; 0            ; 2 (2)        ; 0 (0)             ; 1 (1)            ; |pfs_neander|pfs_neander_pc:inst1|pfs_gen_counter_8:inst|pfs_uc_unit:inst3                                    ; work         ;
;          |pfs_uc_unit:inst4|       ; 2 (2)       ; 1 (1)                     ; 0 (0)         ; 0           ; 0    ; 0            ; 0       ; 0         ; 0         ; 0    ; 0            ; 1 (1)        ; 0 (0)             ; 1 (1)            ; |pfs_neander|pfs_neander_pc:inst1|pfs_gen_counter_8:inst|pfs_uc_unit:inst4                                    ; work         ;
;          |pfs_uc_unit:inst5|       ; 2 (2)       ; 1 (1)                     ; 0 (0)         ; 0           ; 0    ; 0            ; 0       ; 0         ; 0         ; 0    ; 0            ; 1 (1)        ; 0 (0)             ; 1 (1)            ; |pfs_neander|pfs_neander_pc:inst1|pfs_gen_counter_8:inst|pfs_uc_unit:inst5                                    ; work         ;
;          |pfs_uc_unit:inst7|       ; 3 (3)       ; 1 (1)                     ; 0 (0)         ; 0           ; 0    ; 0            ; 0       ; 0         ; 0         ; 0    ; 0            ; 2 (2)        ; 0 (0)             ; 1 (1)            ; |pfs_neander|pfs_neander_pc:inst1|pfs_gen_counter_8:inst|pfs_uc_unit:inst7                                    ; work         ;
;          |pfs_uc_unit:inst8|       ; 2 (2)       ; 1 (1)                     ; 0 (0)         ; 0           ; 0    ; 0            ; 0       ; 0         ; 0         ; 0    ; 0            ; 1 (1)        ; 0 (0)             ; 1 (1)            ; |pfs_neander|pfs_neander_pc:inst1|pfs_gen_counter_8:inst|pfs_uc_unit:inst8                                    ; work         ;
;          |pfs_uc_unit:inst|        ; 3 (3)       ; 1 (1)                     ; 0 (0)         ; 0           ; 0    ; 0            ; 0       ; 0         ; 0         ; 0    ; 0            ; 2 (2)        ; 0 (0)             ; 1 (1)            ; |pfs_neander|pfs_neander_pc:inst1|pfs_gen_counter_8:inst|pfs_uc_unit:inst                                     ; work         ;
;    |pfs_neander_ula:inst2|         ; 67 (3)      ; 0 (0)                     ; 0 (0)         ; 0           ; 0    ; 0            ; 0       ; 0         ; 0         ; 0    ; 0            ; 51 (3)       ; 0 (0)             ; 16 (0)           ; |pfs_neander|pfs_neander_ula:inst2                                                                            ; work         ;
;       |pfs_ula_8bits:inst|         ; 64 (12)     ; 0 (0)                     ; 0 (0)         ; 0           ; 0    ; 0            ; 0       ; 0         ; 0         ; 0    ; 0            ; 48 (8)       ; 0 (0)             ; 16 (4)           ; |pfs_neander|pfs_neander_ula:inst2|pfs_ula_8bits:inst                                                         ; work         ;
;          |pfs_decod_3x8:inst1|     ; 4 (4)       ; 0 (0)                     ; 0 (0)         ; 0           ; 0    ; 0            ; 0       ; 0         ; 0         ; 0    ; 0            ; 4 (4)        ; 0 (0)             ; 0 (0)            ; |pfs_neander|pfs_neander_ula:inst2|pfs_ula_8bits:inst|pfs_decod_3x8:inst1                                     ; work         ;
;          |pfs_ula_1bit:inst28|     ; 4 (0)       ; 0 (0)                     ; 0 (0)         ; 0           ; 0    ; 0            ; 0       ; 0         ; 0         ; 0    ; 0            ; 1 (0)        ; 0 (0)             ; 3 (0)            ; |pfs_neander|pfs_neander_ula:inst2|pfs_ula_8bits:inst|pfs_ula_1bit:inst28                                     ; work         ;
;             |pfs_mux8x1:inst|      ; 4 (0)       ; 0 (0)                     ; 0 (0)         ; 0           ; 0    ; 0            ; 0       ; 0         ; 0         ; 0    ; 0            ; 1 (0)        ; 0 (0)             ; 3 (0)            ; |pfs_neander|pfs_neander_ula:inst2|pfs_ula_8bits:inst|pfs_ula_1bit:inst28|pfs_mux8x1:inst                     ; work         ;
;                |pfs_mux2x1:inst3|  ; 4 (4)       ; 0 (0)                     ; 0 (0)         ; 0           ; 0    ; 0            ; 0       ; 0         ; 0         ; 0    ; 0            ; 1 (1)        ; 0 (0)             ; 3 (3)            ; |pfs_neander|pfs_neander_ula:inst2|pfs_ula_8bits:inst|pfs_ula_1bit:inst28|pfs_mux8x1:inst|pfs_mux2x1:inst3    ; work         ;
;          |pfs_ula_1bit:inst3|      ; 7 (1)       ; 0 (0)                     ; 0 (0)         ; 0           ; 0    ; 0            ; 0       ; 0         ; 0         ; 0    ; 0            ; 6 (1)        ; 0 (0)             ; 1 (0)            ; |pfs_neander|pfs_neander_ula:inst2|pfs_ula_8bits:inst|pfs_ula_1bit:inst3                                      ; work         ;
;             |pfs_full_adder:inst7| ; 1 (0)       ; 0 (0)                     ; 0 (0)         ; 0           ; 0    ; 0            ; 0       ; 0         ; 0         ; 0    ; 0            ; 0 (0)        ; 0 (0)             ; 1 (0)            ; |pfs_neander|pfs_neander_ula:inst2|pfs_ula_8bits:inst|pfs_ula_1bit:inst3|pfs_full_adder:inst7                 ; work         ;
;                |pfs_maj3:inst2|    ; 1 (1)       ; 0 (0)                     ; 0 (0)         ; 0           ; 0    ; 0            ; 0       ; 0         ; 0         ; 0    ; 0            ; 0 (0)        ; 0 (0)             ; 1 (1)            ; |pfs_neander|pfs_neander_ula:inst2|pfs_ula_8bits:inst|pfs_ula_1bit:inst3|pfs_full_adder:inst7|pfs_maj3:inst2  ; work         ;
;             |pfs_mux8x1:inst|      ; 5 (0)       ; 0 (0)                     ; 0 (0)         ; 0           ; 0    ; 0            ; 0       ; 0         ; 0         ; 0    ; 0            ; 5 (0)        ; 0 (0)             ; 0 (0)            ; |pfs_neander|pfs_neander_ula:inst2|pfs_ula_8bits:inst|pfs_ula_1bit:inst3|pfs_mux8x1:inst                      ; work         ;
;                |pfs_mux2x1:inst3|  ; 5 (5)       ; 0 (0)                     ; 0 (0)         ; 0           ; 0    ; 0            ; 0       ; 0         ; 0         ; 0    ; 0            ; 5 (5)        ; 0 (0)             ; 0 (0)            ; |pfs_neander|pfs_neander_ula:inst2|pfs_ula_8bits:inst|pfs_ula_1bit:inst3|pfs_mux8x1:inst|pfs_mux2x1:inst3     ; work         ;
;          |pfs_ula_1bit:inst41|     ; 7 (0)       ; 0 (0)                     ; 0 (0)         ; 0           ; 0    ; 0            ; 0       ; 0         ; 0         ; 0    ; 0            ; 6 (0)        ; 0 (0)             ; 1 (0)            ; |pfs_neander|pfs_neander_ula:inst2|pfs_ula_8bits:inst|pfs_ula_1bit:inst41                                     ; work         ;
;             |pfs_full_adder:inst7| ; 3 (0)       ; 0 (0)                     ; 0 (0)         ; 0           ; 0    ; 0            ; 0       ; 0         ; 0         ; 0    ; 0            ; 2 (0)        ; 0 (0)             ; 1 (0)            ; |pfs_neander|pfs_neander_ula:inst2|pfs_ula_8bits:inst|pfs_ula_1bit:inst41|pfs_full_adder:inst7                ; work         ;
;                |pfs_maj3:inst2|    ; 3 (3)       ; 0 (0)                     ; 0 (0)         ; 0           ; 0    ; 0            ; 0       ; 0         ; 0         ; 0    ; 0            ; 2 (2)        ; 0 (0)             ; 1 (1)            ; |pfs_neander|pfs_neander_ula:inst2|pfs_ula_8bits:inst|pfs_ula_1bit:inst41|pfs_full_adder:inst7|pfs_maj3:inst2 ; work         ;
;             |pfs_mux8x1:inst|      ; 4 (0)       ; 0 (0)                     ; 0 (0)         ; 0           ; 0    ; 0            ; 0       ; 0         ; 0         ; 0    ; 0            ; 4 (0)        ; 0 (0)             ; 0 (0)            ; |pfs_neander|pfs_neander_ula:inst2|pfs_ula_8bits:inst|pfs_ula_1bit:inst41|pfs_mux8x1:inst                     ; work         ;
;                |pfs_mux2x1:inst3|  ; 4 (4)       ; 0 (0)                     ; 0 (0)         ; 0           ; 0    ; 0            ; 0       ; 0         ; 0         ; 0    ; 0            ; 4 (4)        ; 0 (0)             ; 0 (0)            ; |pfs_neander|pfs_neander_ula:inst2|pfs_ula_8bits:inst|pfs_ula_1bit:inst41|pfs_mux8x1:inst|pfs_mux2x1:inst3    ; work         ;
;          |pfs_ula_1bit:inst45|     ; 6 (2)       ; 0 (0)                     ; 0 (0)         ; 0           ; 0    ; 0            ; 0       ; 0         ; 0         ; 0    ; 0            ; 5 (2)        ; 0 (0)             ; 1 (0)            ; |pfs_neander|pfs_neander_ula:inst2|pfs_ula_8bits:inst|pfs_ula_1bit:inst45                                     ; work         ;
;             |pfs_mux8x1:inst|      ; 4 (0)       ; 0 (0)                     ; 0 (0)         ; 0           ; 0    ; 0            ; 0       ; 0         ; 0         ; 0    ; 0            ; 3 (0)        ; 0 (0)             ; 1 (0)            ; |pfs_neander|pfs_neander_ula:inst2|pfs_ula_8bits:inst|pfs_ula_1bit:inst45|pfs_mux8x1:inst                     ; work         ;
;                |pfs_mux2x1:inst3|  ; 4 (4)       ; 0 (0)                     ; 0 (0)         ; 0           ; 0    ; 0            ; 0       ; 0         ; 0         ; 0    ; 0            ; 3 (3)        ; 0 (0)             ; 1 (1)            ; |pfs_neander|pfs_neander_ula:inst2|pfs_ula_8bits:inst|pfs_ula_1bit:inst45|pfs_mux8x1:inst|pfs_mux2x1:inst3    ; work         ;
;          |pfs_ula_1bit:inst49|     ; 6 (0)       ; 0 (0)                     ; 0 (0)         ; 0           ; 0    ; 0            ; 0       ; 0         ; 0         ; 0    ; 0            ; 5 (0)        ; 0 (0)             ; 1 (0)            ; |pfs_neander|pfs_neander_ula:inst2|pfs_ula_8bits:inst|pfs_ula_1bit:inst49                                     ; work         ;
;             |pfs_full_adder:inst7| ; 1 (0)       ; 0 (0)                     ; 0 (0)         ; 0           ; 0    ; 0            ; 0       ; 0         ; 0         ; 0    ; 0            ; 1 (0)        ; 0 (0)             ; 0 (0)            ; |pfs_neander|pfs_neander_ula:inst2|pfs_ula_8bits:inst|pfs_ula_1bit:inst49|pfs_full_adder:inst7                ; work         ;
;                |pfs_maj3:inst2|    ; 1 (1)       ; 0 (0)                     ; 0 (0)         ; 0           ; 0    ; 0            ; 0       ; 0         ; 0         ; 0    ; 0            ; 1 (1)        ; 0 (0)             ; 0 (0)            ; |pfs_neander|pfs_neander_ula:inst2|pfs_ula_8bits:inst|pfs_ula_1bit:inst49|pfs_full_adder:inst7|pfs_maj3:inst2 ; work         ;
;             |pfs_mux8x1:inst|      ; 5 (0)       ; 0 (0)                     ; 0 (0)         ; 0           ; 0    ; 0            ; 0       ; 0         ; 0         ; 0    ; 0            ; 4 (0)        ; 0 (0)             ; 1 (0)            ; |pfs_neander|pfs_neander_ula:inst2|pfs_ula_8bits:inst|pfs_ula_1bit:inst49|pfs_mux8x1:inst                     ; work         ;
;                |pfs_mux2x1:inst3|  ; 5 (5)       ; 0 (0)                     ; 0 (0)         ; 0           ; 0    ; 0            ; 0       ; 0         ; 0         ; 0    ; 0            ; 4 (4)        ; 0 (0)             ; 1 (1)            ; |pfs_neander|pfs_neander_ula:inst2|pfs_ula_8bits:inst|pfs_ula_1bit:inst49|pfs_mux8x1:inst|pfs_mux2x1:inst3    ; work         ;
;          |pfs_ula_1bit:inst4|      ; 7 (2)       ; 0 (0)                     ; 0 (0)         ; 0           ; 0    ; 0            ; 0       ; 0         ; 0         ; 0    ; 0            ; 6 (1)        ; 0 (0)             ; 1 (1)            ; |pfs_neander|pfs_neander_ula:inst2|pfs_ula_8bits:inst|pfs_ula_1bit:inst4                                      ; work         ;
;             |pfs_mux8x1:inst|      ; 5 (0)       ; 0 (0)                     ; 0 (0)         ; 0           ; 0    ; 0            ; 0       ; 0         ; 0         ; 0    ; 0            ; 5 (0)        ; 0 (0)             ; 0 (0)            ; |pfs_neander|pfs_neander_ula:inst2|pfs_ula_8bits:inst|pfs_ula_1bit:inst4|pfs_mux8x1:inst                      ; work         ;
;                |pfs_mux2x1:inst3|  ; 5 (5)       ; 0 (0)                     ; 0 (0)         ; 0           ; 0    ; 0            ; 0       ; 0         ; 0         ; 0    ; 0            ; 5 (5)        ; 0 (0)             ; 0 (0)            ; |pfs_neander|pfs_neander_ula:inst2|pfs_ula_8bits:inst|pfs_ula_1bit:inst4|pfs_mux8x1:inst|pfs_mux2x1:inst3     ; work         ;
;          |pfs_ula_1bit:inst7|      ; 6 (1)       ; 0 (0)                     ; 0 (0)         ; 0           ; 0    ; 0            ; 0       ; 0         ; 0         ; 0    ; 0            ; 3 (1)        ; 0 (0)             ; 3 (0)            ; |pfs_neander|pfs_neander_ula:inst2|pfs_ula_8bits:inst|pfs_ula_1bit:inst7                                      ; work         ;
;             |pfs_full_adder:inst7| ; 1 (0)       ; 0 (0)                     ; 0 (0)         ; 0           ; 0    ; 0            ; 0       ; 0         ; 0         ; 0    ; 0            ; 0 (0)        ; 0 (0)             ; 1 (0)            ; |pfs_neander|pfs_neander_ula:inst2|pfs_ula_8bits:inst|pfs_ula_1bit:inst7|pfs_full_adder:inst7                 ; work         ;
;                |pfs_maj3:inst2|    ; 1 (1)       ; 0 (0)                     ; 0 (0)         ; 0           ; 0    ; 0            ; 0       ; 0         ; 0         ; 0    ; 0            ; 0 (0)        ; 0 (0)             ; 1 (1)            ; |pfs_neander|pfs_neander_ula:inst2|pfs_ula_8bits:inst|pfs_ula_1bit:inst7|pfs_full_adder:inst7|pfs_maj3:inst2  ; work         ;
;             |pfs_mux8x1:inst|      ; 4 (0)       ; 0 (0)                     ; 0 (0)         ; 0           ; 0    ; 0            ; 0       ; 0         ; 0         ; 0    ; 0            ; 2 (0)        ; 0 (0)             ; 2 (0)            ; |pfs_neander|pfs_neander_ula:inst2|pfs_ula_8bits:inst|pfs_ula_1bit:inst7|pfs_mux8x1:inst                      ; work         ;
;                |pfs_mux2x1:inst3|  ; 4 (4)       ; 0 (0)                     ; 0 (0)         ; 0           ; 0    ; 0            ; 0       ; 0         ; 0         ; 0    ; 0            ; 2 (2)        ; 0 (0)             ; 2 (2)            ; |pfs_neander|pfs_neander_ula:inst2|pfs_ula_8bits:inst|pfs_ula_1bit:inst7|pfs_mux8x1:inst|pfs_mux2x1:inst3     ; work         ;
;          |pfs_ula_1bit:inst|       ; 5 (0)       ; 0 (0)                     ; 0 (0)         ; 0           ; 0    ; 0            ; 0       ; 0         ; 0         ; 0    ; 0            ; 4 (0)        ; 0 (0)             ; 1 (0)            ; |pfs_neander|pfs_neander_ula:inst2|pfs_ula_8bits:inst|pfs_ula_1bit:inst                                       ; work         ;
;             |pfs_mux8x1:inst|      ; 5 (0)       ; 0 (0)                     ; 0 (0)         ; 0           ; 0    ; 0            ; 0       ; 0         ; 0         ; 0    ; 0            ; 4 (0)        ; 0 (0)             ; 1 (0)            ; |pfs_neander|pfs_neander_ula:inst2|pfs_ula_8bits:inst|pfs_ula_1bit:inst|pfs_mux8x1:inst                       ; work         ;
;                |pfs_mux2x1:inst3|  ; 5 (5)       ; 0 (0)                     ; 0 (0)         ; 0           ; 0    ; 0            ; 0       ; 0         ; 0         ; 0    ; 0            ; 4 (4)        ; 0 (0)             ; 1 (1)            ; |pfs_neander|pfs_neander_ula:inst2|pfs_ula_8bits:inst|pfs_ula_1bit:inst|pfs_mux8x1:inst|pfs_mux2x1:inst3      ; work         ;
+------------------------------------+-------------+---------------------------+---------------+-------------+------+--------------+---------+-----------+-----------+------+--------------+--------------+-------------------+------------------+---------------------------------------------------------------------------------------------------------------+--------------+
Note: For table entries with two numbers listed, the numbers in parentheses indicate the number of resources of the given type used by the specific entity alone. The numbers listed outside of parentheses indicate the total resources of the given type used by the specific entity and all of its sub-entities in the hierarchy.


+------------------------------------------------------------------------------------------+
; Delay Chain Summary                                                                      ;
+----------+----------+---------------+---------------+-----------------------+-----+------+
; Name     ; Pin Type ; Pad to Core 0 ; Pad to Core 1 ; Pad to Input Register ; TCO ; TCOE ;
+----------+----------+---------------+---------------+-----------------------+-----+------+
; n        ; Output   ; --            ; --            ; --                    ; --  ; --   ;
; AC[7]    ; Output   ; --            ; --            ; --                    ; --  ; --   ;
; AC[6]    ; Output   ; --            ; --            ; --                    ; --  ; --   ;
; AC[5]    ; Output   ; --            ; --            ; --                    ; --  ; --   ;
; AC[4]    ; Output   ; --            ; --            ; --                    ; --  ; --   ;
; AC[3]    ; Output   ; --            ; --            ; --                    ; --  ; --   ;
; AC[2]    ; Output   ; --            ; --            ; --                    ; --  ; --   ;
; AC[1]    ; Output   ; --            ; --            ; --                    ; --  ; --   ;
; AC[0]    ; Output   ; --            ; --            ; --                    ; --  ; --   ;
; cg_AC    ; Output   ; --            ; --            ; --                    ; --  ; --   ;
; z        ; Output   ; --            ; --            ; --                    ; --  ; --   ;
; tempo[2] ; Output   ; --            ; --            ; --                    ; --  ; --   ;
; tempo[1] ; Output   ; --            ; --            ; --                    ; --  ; --   ;
; tempo[0] ; Output   ; --            ; --            ; --                    ; --  ; --   ;
; RI[7]    ; Output   ; --            ; --            ; --                    ; --  ; --   ;
; RI[6]    ; Output   ; --            ; --            ; --                    ; --  ; --   ;
; RI[5]    ; Output   ; --            ; --            ; --                    ; --  ; --   ;
; RI[4]    ; Output   ; --            ; --            ; --                    ; --  ; --   ;
; RI[3]    ; Output   ; --            ; --            ; --                    ; --  ; --   ;
; RI[2]    ; Output   ; --            ; --            ; --                    ; --  ; --   ;
; RI[1]    ; Output   ; --            ; --            ; --                    ; --  ; --   ;
; RI[0]    ; Output   ; --            ; --            ; --                    ; --  ; --   ;
; cg_RI    ; Output   ; --            ; --            ; --                    ; --  ; --   ;
; RDM[7]   ; Output   ; --            ; --            ; --                    ; --  ; --   ;
; RDM[6]   ; Output   ; --            ; --            ; --                    ; --  ; --   ;
; RDM[5]   ; Output   ; --            ; --            ; --                    ; --  ; --   ;
; RDM[4]   ; Output   ; --            ; --            ; --                    ; --  ; --   ;
; RDM[3]   ; Output   ; --            ; --            ; --                    ; --  ; --   ;
; RDM[2]   ; Output   ; --            ; --            ; --                    ; --  ; --   ;
; RDM[1]   ; Output   ; --            ; --            ; --                    ; --  ; --   ;
; RDM[0]   ; Output   ; --            ; --            ; --                    ; --  ; --   ;
; cg_RDM   ; Output   ; --            ; --            ; --                    ; --  ; --   ;
; MEM[7]   ; Output   ; --            ; --            ; --                    ; --  ; --   ;
; MEM[6]   ; Output   ; --            ; --            ; --                    ; --  ; --   ;
; MEM[5]   ; Output   ; --            ; --            ; --                    ; --  ; --   ;
; MEM[4]   ; Output   ; --            ; --            ; --                    ; --  ; --   ;
; MEM[3]   ; Output   ; --            ; --            ; --                    ; --  ; --   ;
; MEM[2]   ; Output   ; --            ; --            ; --                    ; --  ; --   ;
; MEM[1]   ; Output   ; --            ; --            ; --                    ; --  ; --   ;
; MEM[0]   ; Output   ; --            ; --            ; --                    ; --  ; --   ;
; REM[7]   ; Output   ; --            ; --            ; --                    ; --  ; --   ;
; REM[6]   ; Output   ; --            ; --            ; --                    ; --  ; --   ;
; REM[5]   ; Output   ; --            ; --            ; --                    ; --  ; --   ;
; REM[4]   ; Output   ; --            ; --            ; --                    ; --  ; --   ;
; REM[3]   ; Output   ; --            ; --            ; --                    ; --  ; --   ;
; REM[2]   ; Output   ; --            ; --            ; --                    ; --  ; --   ;
; REM[1]   ; Output   ; --            ; --            ; --                    ; --  ; --   ;
; REM[0]   ; Output   ; --            ; --            ; --                    ; --  ; --   ;
; cg_REM   ; Output   ; --            ; --            ; --                    ; --  ; --   ;
; MUX[7]   ; Output   ; --            ; --            ; --                    ; --  ; --   ;
; MUX[6]   ; Output   ; --            ; --            ; --                    ; --  ; --   ;
; MUX[5]   ; Output   ; --            ; --            ; --                    ; --  ; --   ;
; MUX[4]   ; Output   ; --            ; --            ; --                    ; --  ; --   ;
; MUX[3]   ; Output   ; --            ; --            ; --                    ; --  ; --   ;
; MUX[2]   ; Output   ; --            ; --            ; --                    ; --  ; --   ;
; MUX[1]   ; Output   ; --            ; --            ; --                    ; --  ; --   ;
; MUX[0]   ; Output   ; --            ; --            ; --                    ; --  ; --   ;
; mux_REM  ; Output   ; --            ; --            ; --                    ; --  ; --   ;
; PC[7]    ; Output   ; --            ; --            ; --                    ; --  ; --   ;
; PC[6]    ; Output   ; --            ; --            ; --                    ; --  ; --   ;
; PC[5]    ; Output   ; --            ; --            ; --                    ; --  ; --   ;
; PC[4]    ; Output   ; --            ; --            ; --                    ; --  ; --   ;
; PC[3]    ; Output   ; --            ; --            ; --                    ; --  ; --   ;
; PC[2]    ; Output   ; --            ; --            ; --                    ; --  ; --   ;
; PC[1]    ; Output   ; --            ; --            ; --                    ; --  ; --   ;
; PC[0]    ; Output   ; --            ; --            ; --                    ; --  ; --   ;
; inc_pc   ; Output   ; --            ; --            ; --                    ; --  ; --   ;
; cg_PC    ; Output   ; --            ; --            ; --                    ; --  ; --   ;
; ULA[7]   ; Output   ; --            ; --            ; --                    ; --  ; --   ;
; ULA[6]   ; Output   ; --            ; --            ; --                    ; --  ; --   ;
; ULA[5]   ; Output   ; --            ; --            ; --                    ; --  ; --   ;
; ULA[4]   ; Output   ; --            ; --            ; --                    ; --  ; --   ;
; ULA[3]   ; Output   ; --            ; --            ; --                    ; --  ; --   ;
; ULA[2]   ; Output   ; --            ; --            ; --                    ; --  ; --   ;
; ULA[1]   ; Output   ; --            ; --            ; --                    ; --  ; --   ;
; ULA[0]   ; Output   ; --            ; --            ; --                    ; --  ; --   ;
; i_not    ; Output   ; --            ; --            ; --                    ; --  ; --   ;
; i_and    ; Output   ; --            ; --            ; --                    ; --  ; --   ;
; i_or     ; Output   ; --            ; --            ; --                    ; --  ; --   ;
; i_add    ; Output   ; --            ; --            ; --                    ; --  ; --   ;
; i_lda    ; Output   ; --            ; --            ; --                    ; --  ; --   ;
; T[7]     ; Output   ; --            ; --            ; --                    ; --  ; --   ;
; T[6]     ; Output   ; --            ; --            ; --                    ; --  ; --   ;
; T[5]     ; Output   ; --            ; --            ; --                    ; --  ; --   ;
; T[4]     ; Output   ; --            ; --            ; --                    ; --  ; --   ;
; T[3]     ; Output   ; --            ; --            ; --                    ; --  ; --   ;
; T[2]     ; Output   ; --            ; --            ; --                    ; --  ; --   ;
; T[1]     ; Output   ; --            ; --            ; --                    ; --  ; --   ;
; T[0]     ; Output   ; --            ; --            ; --                    ; --  ; --   ;
; ck       ; Input    ; (0) 0 ps      ; --            ; --                    ; --  ; --   ;
; reset    ; Input    ; (0) 0 ps      ; --            ; --                    ; --  ; --   ;
+----------+----------+---------------+---------------+-----------------------+-----+------+


+---------------------------------------------------+
; Pad To Core Delay Chain Fanout                    ;
+---------------------+-------------------+---------+
; Source Pin / Fanout ; Pad To Core Index ; Setting ;
+---------------------+-------------------+---------+
; ck                  ;                   ;         ;
; reset               ;                   ;         ;
+---------------------+-------------------+---------+


+---------------------------------------------------------------------------------------------------------------------------------------------------------------------------------+
; Control Signals                                                                                                                                                                 ;
+----------------------------------------------------+--------------------+---------+--------------+--------+----------------------+------------------+---------------------------+
; Name                                               ; Location           ; Fan-Out ; Usage        ; Global ; Global Resource Used ; Global Line Name ; Enable Signal Source Name ;
+----------------------------------------------------+--------------------+---------+--------------+--------+----------------------+------------------+---------------------------+
; ck                                                 ; PIN_M10            ; 43      ; Clock        ; yes    ; Global Clock         ; GCLK17           ; --                        ;
; pfs_neander_control:inst|inst19                    ; LCCOMB_X47_Y24_N10 ; 9       ; Clock enable ; no     ; --                   ; --               ; --                        ;
; pfs_neander_control:inst|inst2~1                   ; LCCOMB_X47_Y24_N12 ; 9       ; Clock enable ; no     ; --                   ; --               ; --                        ;
; pfs_neander_control:inst|inst6~1                   ; LCCOMB_X47_Y24_N6  ; 9       ; Clock enable ; no     ; --                   ; --               ; --                        ;
; pfs_neander_control:inst|pfs_decod_3x8:inst|inst~1 ; LCCOMB_X47_Y24_N24 ; 10      ; Clock enable ; no     ; --                   ; --               ; --                        ;
; reset                                              ; PIN_M9             ; 43      ; Async. clear ; yes    ; Global Clock         ; GCLK19           ; --                        ;
+----------------------------------------------------+--------------------+---------+--------------+--------+----------------------+------------------+---------------------------+


+-----------------------------------------------------------------------------------------------------------------------------------------+
; Global & Other Fast Signals                                                                                                             ;
+-------+----------+---------+--------------------------------------+----------------------+------------------+---------------------------+
; Name  ; Location ; Fan-Out ; Fan-Out Using Intentional Clock Skew ; Global Resource Used ; Global Line Name ; Enable Signal Source Name ;
+-------+----------+---------+--------------------------------------+----------------------+------------------+---------------------------+
; ck    ; PIN_M10  ; 43      ; 4                                    ; Global Clock         ; GCLK17           ; --                        ;
; reset ; PIN_M9   ; 43      ; 0                                    ; Global Clock         ; GCLK19           ; --                        ;
+-------+----------+---------+--------------------------------------+----------------------+------------------+---------------------------+


+--------------------------------------------------------------------------------------------------------------------+
; Non-Global High Fan-Out Signals                                                                                    ;
+----------------------------------------------------------------------------------------------------------+---------+
; Name                                                                                                     ; Fan-Out ;
+----------------------------------------------------------------------------------------------------------+---------+
; pfs_8bit_reg:inst7|pfs_ff_enable:inst4|inst                                                              ; 36      ;
; pfs_8bit_reg:inst7|pfs_ff_enable:inst2|inst                                                              ; 36      ;
; pfs_8bit_reg:inst7|pfs_ff_enable:inst3|inst                                                              ; 35      ;
; pfs_8bit_reg:inst5|pfs_ff_enable:inst5|inst                                                              ; 20      ;
; pfs_8bit_reg:inst5|pfs_ff_enable:inst7|inst                                                              ; 19      ;
; pfs_8bit_reg:inst5|pfs_ff_enable:inst6|inst                                                              ; 19      ;
; pfs_8bit_reg:inst5|pfs_ff_enable:inst8|inst                                                              ; 18      ;
; pfs_8bit_reg:inst5|pfs_ff_enable:inst3|inst                                                              ; 17      ;
; pfs_8bit_reg:inst5|pfs_ff_enable:inst4|inst                                                              ; 16      ;
; pfs_neander_control:inst|pfs_neander_temp:inst1|pfs_uc_unit:inst2|inst                                   ; 15      ;
; pfs_neander_control:inst|inst22                                                                          ; 14      ;
; pfs_8bit_reg:inst5|pfs_ff_enable:inst|inst                                                               ; 14      ;
; pfs_neander_control:inst|pfs_neander_temp:inst1|pfs_uc_unit:inst3|inst                                   ; 14      ;
; pfs_neander_control:inst|pfs_neander_temp:inst1|pfs_uc_unit:inst4|inst                                   ; 13      ;
; pfs_neander_control:inst|pfs_decod_3x8:inst|inst~1                                                       ; 10      ;
; pfs_neander_ula:inst2|inst2~0                                                                            ; 9       ;
; pfs_neander_control:inst|inst2~1                                                                         ; 9       ;
; pfs_8bit_reg:inst5|pfs_ff_enable:inst2|inst                                                              ; 9       ;
; pfs_neander_control:inst|inst6~1                                                                         ; 9       ;
; pfs_neander_control:inst|inst19                                                                          ; 9       ;
; pfs_8bit_reg:inst3|pfs_ff_enable:inst|inst                                                               ; 9       ;
; pfs_neander_ula:inst2|inst1~0                                                                            ; 8       ;
; pfs_neander_ula:inst2|inst3~0                                                                            ; 8       ;
; pfs_mux2x1_8bit:inst4|pfs_mux2x1:inst|inst~0                                                             ; 8       ;
; pfs_8bit_reg:inst6|pfs_ff_enable:inst8|inst                                                              ; 8       ;
; pfs_8bit_reg:inst6|pfs_ff_enable:inst5|inst                                                              ; 8       ;
; pfs_8bit_reg:inst6|pfs_ff_enable:inst2|inst                                                              ; 8       ;
; pfs_8bit_reg:inst6|pfs_ff_enable:inst6|inst                                                              ; 7       ;
; pfs_8bit_reg:inst6|pfs_ff_enable:inst4|inst                                                              ; 7       ;
; pfs_8bit_reg:inst6|pfs_ff_enable:inst3|inst                                                              ; 7       ;
; pfs_8bit_reg:inst6|pfs_ff_enable:inst|inst                                                               ; 7       ;
; pfs_8bit_reg:inst7|pfs_ff_enable:inst|inst                                                               ; 7       ;
; pfs_8bit_reg:inst6|pfs_ff_enable:inst7|inst                                                              ; 6       ;
; pfs_neander_control:inst|inst27~0                                                                        ; 5       ;
; pfs_8bit_reg:inst3|pfs_ff_enable:inst6|inst                                                              ; 5       ;
; pfs_8bit_reg:inst3|pfs_ff_enable:inst5|inst                                                              ; 5       ;
; pfs_8bit_reg:inst3|pfs_ff_enable:inst4|inst                                                              ; 5       ;
; pfs_8bit_reg:inst3|pfs_ff_enable:inst3|inst                                                              ; 5       ;
; pfs_neander_pc:inst1|pfs_gen_counter_8:inst|pfs_uc_unit:inst3|inst7~0                                    ; 4       ;
; pfs_neander_control:inst|inst23~2                                                                        ; 4       ;
; pfs_neander_pc:inst1|pfs_gen_counter_8:inst|pfs_uc_unit:inst|inst13~0                                    ; 4       ;
; pfs_neander_pc:inst1|pfs_gen_counter_8:inst|pfs_uc_unit:inst1|inst13~0                                   ; 4       ;
; pfs_neander_pc:inst1|pfs_gen_counter_8:inst|pfs_uc_unit:inst3|inst13~0                                   ; 4       ;
; pfs_neander_pc:inst1|pfs_gen_counter_8:inst|pfs_uc_unit:inst4|inst13~0                                   ; 4       ;
; pfs_neander_control:inst|pfs_decod_3x8:inst|inst~3                                                       ; 4       ;
; pfs_neander_control:inst|pfs_decod_3x8:inst|inst~0                                                       ; 4       ;
; pfs_8bit_reg:inst3|pfs_ff_enable:inst8|inst                                                              ; 4       ;
; pfs_8bit_reg:inst3|pfs_ff_enable:inst7|inst                                                              ; 4       ;
; pfs_8bit_reg:inst3|pfs_ff_enable:inst2|inst                                                              ; 4       ;
; pfs_neander_ula:inst2|pfs_ula_8bits:inst|inst50                                                          ; 3       ;
; pfs_neander_ula:inst2|pfs_ula_8bits:inst|inst52                                                          ; 3       ;
; pfs_neander_pc:inst1|pfs_gen_counter_8:inst|pfs_uc_unit:inst2|inst13~0                                   ; 3       ;
; pfs_neander_pc:inst1|pfs_gen_counter_8:inst|pfs_uc_unit:inst5|inst13~0                                   ; 3       ;
; pfs_neander_pc:inst1|pfs_gen_counter_8:inst|pfs_uc_unit:inst|inst                                        ; 3       ;
; pfs_neander_pc:inst1|pfs_gen_counter_8:inst|pfs_uc_unit:inst3|inst                                       ; 3       ;
; pfs_neander_pc:inst1|pfs_gen_counter_8:inst|pfs_uc_unit:inst7|inst                                       ; 3       ;
; pfs_neander_memory:inst15|Mux3~0                                                                         ; 3       ;
; pfs_neander_control:inst|inst12~1                                                                        ; 3       ;
; pfs_neander_control:inst|pfs_decod_3x8:inst|inst~2                                                       ; 3       ;
; inst10                                                                                                   ; 3       ;
; pfs_neander_ula:inst2|pfs_ula_8bits:inst|pfs_ula_1bit:inst4|pfs_mux8x1:inst|pfs_mux2x1:inst3|inst~6      ; 2       ;
; pfs_neander_ula:inst2|pfs_ula_8bits:inst|pfs_ula_1bit:inst49|pfs_mux8x1:inst|pfs_mux2x1:inst3|inst~10    ; 2       ;
; pfs_neander_ula:inst2|pfs_ula_8bits:inst|pfs_ula_1bit:inst45|inst8~3                                     ; 2       ;
; pfs_neander_memory:inst15|Mux0~8                                                                         ; 2       ;
; pfs_neander_pc:inst1|pfs_gen_counter_8:inst|pfs_uc_unit:inst7|inst7~0                                    ; 2       ;
; pfs_neander_pc:inst1|pfs_gen_counter_8:inst|pfs_uc_unit:inst|inst7~0                                     ; 2       ;
; pfs_neander_ula:inst2|pfs_ula_8bits:inst|pfs_ula_1bit:inst4|pfs_mux8x1:inst|pfs_mux2x1:inst3|inst~5      ; 2       ;
; pfs_neander_ula:inst2|pfs_ula_8bits:inst|pfs_ula_1bit:inst3|pfs_mux8x1:inst|pfs_mux2x1:inst3|inst~4      ; 2       ;
; pfs_neander_ula:inst2|pfs_ula_8bits:inst|pfs_ula_1bit:inst3|pfs_mux8x1:inst|pfs_mux2x1:inst3|inst~1      ; 2       ;
; pfs_neander_ula:inst2|pfs_ula_8bits:inst|pfs_ula_1bit:inst7|pfs_mux8x1:inst|pfs_mux2x1:inst3|inst~3      ; 2       ;
; pfs_neander_ula:inst2|pfs_ula_8bits:inst|pfs_ula_1bit:inst28|pfs_mux8x1:inst|pfs_mux2x1:inst3|inst~3     ; 2       ;
; pfs_neander_ula:inst2|pfs_ula_8bits:inst|pfs_ula_1bit:inst41|pfs_mux8x1:inst|pfs_mux2x1:inst3|inst~3     ; 2       ;
; pfs_neander_ula:inst2|pfs_ula_8bits:inst|pfs_ula_1bit:inst45|pfs_mux8x1:inst|pfs_mux2x1:inst3|inst~3     ; 2       ;
; pfs_neander_ula:inst2|pfs_ula_8bits:inst|pfs_ula_1bit:inst|pfs_mux8x1:inst|pfs_mux2x1:inst3|inst~5       ; 2       ;
; pfs_neander_ula:inst2|pfs_ula_8bits:inst|pfs_ula_1bit:inst49|pfs_full_adder:inst7|pfs_maj3:inst2|inst3~0 ; 2       ;
; pfs_neander_ula:inst2|pfs_ula_8bits:inst|pfs_ula_1bit:inst41|pfs_full_adder:inst7|pfs_maj3:inst2|inst3~3 ; 2       ;
; pfs_neander_ula:inst2|pfs_ula_8bits:inst|pfs_ula_1bit:inst41|pfs_full_adder:inst7|pfs_maj3:inst2|inst3~2 ; 2       ;
; pfs_neander_ula:inst2|pfs_ula_8bits:inst|pfs_ula_1bit:inst7|pfs_full_adder:inst7|pfs_maj3:inst2|inst3~0  ; 2       ;
; pfs_neander_ula:inst2|pfs_ula_8bits:inst|pfs_ula_1bit:inst3|pfs_full_adder:inst7|pfs_maj3:inst2|inst3~0  ; 2       ;
; pfs_neander_ula:inst2|pfs_ula_8bits:inst|pfs_ula_1bit:inst4|inst8~1                                      ; 2       ;
; pfs_neander_ula:inst2|pfs_ula_8bits:inst|inst12                                                          ; 2       ;
; pfs_neander_ula:inst2|pfs_ula_8bits:inst|inst8                                                           ; 2       ;
; pfs_neander_ula:inst2|pfs_ula_8bits:inst|inst14                                                          ; 2       ;
; pfs_neander_ula:inst2|pfs_ula_8bits:inst|inst16                                                          ; 2       ;
; pfs_neander_ula:inst2|pfs_ula_8bits:inst|inst30                                                          ; 2       ;
; pfs_neander_ula:inst2|pfs_ula_8bits:inst|inst36                                                          ; 2       ;
; pfs_neander_ula:inst2|pfs_ula_8bits:inst|inst42                                                          ; 2       ;
; pfs_neander_ula:inst2|pfs_ula_8bits:inst|inst44                                                          ; 2       ;
; pfs_neander_ula:inst2|pfs_ula_8bits:inst|inst46                                                          ; 2       ;
; pfs_neander_ula:inst2|pfs_ula_8bits:inst|inst48                                                          ; 2       ;
; pfs_neander_ula:inst2|pfs_ula_8bits:inst|pfs_decod_3x8:inst1|inst~0                                      ; 2       ;
; pfs_neander_control:inst|pfs_decod_3x8:inst|inst~4                                                       ; 2       ;
; pfs_neander_pc:inst1|pfs_gen_counter_8:inst|pfs_uc_unit:inst7|inst13~0                                   ; 2       ;
; pfs_neander_pc:inst1|pfs_gen_counter_8:inst|pfs_uc_unit:inst8|inst13~0                                   ; 2       ;
; pfs_mux2x1_8bit:inst4|pfs_mux2x1:inst7|inst~0                                                            ; 2       ;
; pfs_mux2x1_8bit:inst4|pfs_mux2x1:inst6|inst~0                                                            ; 2       ;
; pfs_neander_pc:inst1|pfs_gen_counter_8:inst|pfs_uc_unit:inst1|inst                                       ; 2       ;
; pfs_mux2x1_8bit:inst4|pfs_mux2x1:inst5|inst~0                                                            ; 2       ;
; pfs_neander_pc:inst1|pfs_gen_counter_8:inst|pfs_uc_unit:inst2|inst                                       ; 2       ;
; pfs_mux2x1_8bit:inst4|pfs_mux2x1:inst4|inst~0                                                            ; 2       ;
; pfs_mux2x1_8bit:inst4|pfs_mux2x1:inst3|inst~0                                                            ; 2       ;
; pfs_neander_pc:inst1|pfs_gen_counter_8:inst|pfs_uc_unit:inst4|inst                                       ; 2       ;
; pfs_mux2x1_8bit:inst4|pfs_mux2x1:inst2|inst~0                                                            ; 2       ;
; pfs_neander_pc:inst1|pfs_gen_counter_8:inst|pfs_uc_unit:inst5|inst                                       ; 2       ;
; pfs_mux2x1_8bit:inst4|pfs_mux2x1:inst1|inst~0                                                            ; 2       ;
; pfs_mux2x1_8bit:inst4|pfs_mux2x1:inst|inst~1                                                             ; 2       ;
; pfs_neander_pc:inst1|pfs_gen_counter_8:inst|pfs_uc_unit:inst8|inst                                       ; 2       ;
; pfs_neander_memory:inst15|Mux7~6                                                                         ; 2       ;
; pfs_neander_memory:inst15|Mux6~4                                                                         ; 2       ;
; pfs_neander_memory:inst15|Mux5~4                                                                         ; 2       ;
; pfs_neander_memory:inst15|Mux5~0                                                                         ; 2       ;
; pfs_neander_memory:inst15|Mux4~2                                                                         ; 2       ;
; pfs_neander_memory:inst15|Mux3~5                                                                         ; 2       ;
; pfs_neander_memory:inst15|Mux2~5                                                                         ; 2       ;
; pfs_neander_memory:inst15|Mux1~4                                                                         ; 2       ;
; pfs_neander_memory:inst15|Mux0~7                                                                         ; 2       ;
; pfs_neander_memory:inst15|Mux0~3                                                                         ; 2       ;
; pfs_neander_memory:inst15|Mux0~2                                                                         ; 2       ;
; pfs_neander_control:inst|inst12~0                                                                        ; 2       ;
; pfs_neander_control:inst|inst20~0                                                                        ; 2       ;
; pfs_neander_control:inst|pfs_neander_temp:inst1|pfs_uc_unit:inst2|inst~0                                 ; 1       ;
; pfs_neander_memory:inst15|Mux0~10                                                                        ; 1       ;
; pfs_neander_memory:inst15|Mux0~9                                                                         ; 1       ;
; pfs_neander_ula:inst2|pfs_ula_8bits:inst|pfs_ula_1bit:inst|pfs_mux8x1:inst|pfs_mux2x1:inst3|inst~6       ; 1       ;
; pfs_neander_ula:inst2|pfs_ula_8bits:inst|pfs_ula_1bit:inst|pfs_mux8x1:inst|pfs_mux2x1:inst3|inst~2       ; 1       ;
; pfs_neander_pc:inst1|pfs_gen_counter_8:inst|pfs_uc_unit:inst|inst2                                       ; 1       ;
; pfs_neander_pc:inst1|pfs_gen_counter_8:inst|pfs_uc_unit:inst3|inst2                                      ; 1       ;
; pfs_neander_pc:inst1|pfs_gen_counter_8:inst|pfs_uc_unit:inst7|inst2                                      ; 1       ;
; pfs_neander_ula:inst2|pfs_ula_8bits:inst|pfs_ula_1bit:inst49|pfs_mux8x1:inst|pfs_mux2x1:inst3|inst~9     ; 1       ;
; pfs_neander_ula:inst2|pfs_ula_8bits:inst|pfs_ula_1bit:inst49|pfs_mux8x1:inst|pfs_mux2x1:inst3|inst~8     ; 1       ;
; pfs_neander_ula:inst2|pfs_ula_8bits:inst|pfs_ula_1bit:inst41|pfs_full_adder:inst7|pfs_maj3:inst2|inst3~4 ; 1       ;
; pfs_neander_ula:inst2|pfs_ula_8bits:inst|pfs_ula_1bit:inst7|inst8~2                                      ; 1       ;
; pfs_neander_ula:inst2|pfs_ula_8bits:inst|pfs_ula_1bit:inst3|inst8~2                                      ; 1       ;
; pfs_neander_control:inst|inst4                                                                           ; 1       ;
; pfs_neander_memory:inst15|Mux7~7                                                                         ; 1       ;
; pfs_neander_pc:inst1|pfs_gen_counter_8:inst|pfs_uc_unit:inst1|inst2                                      ; 1       ;
; pfs_neander_pc:inst1|pfs_gen_counter_8:inst|pfs_uc_unit:inst2|inst2                                      ; 1       ;
; pfs_neander_pc:inst1|pfs_gen_counter_8:inst|pfs_uc_unit:inst4|inst2                                      ; 1       ;
; pfs_neander_pc:inst1|pfs_gen_counter_8:inst|pfs_uc_unit:inst5|inst2                                      ; 1       ;
; pfs_neander_pc:inst1|pfs_gen_counter_8:inst|pfs_uc_unit:inst8|inst2                                      ; 1       ;
; pfs_neander_control:inst|pfs_neander_temp:inst1|pfs_uc_unit:inst4|inst~0                                 ; 1       ;
; pfs_neander_control:inst|pfs_neander_temp:inst1|pfs_uc_unit:inst3|inst~0                                 ; 1       ;
; pfs_neander_control:inst|pfs_decod_3x8:inst|inst~7                                                       ; 1       ;
; pfs_neander_control:inst|pfs_decod_3x8:inst|inst~6                                                       ; 1       ;
; pfs_neander_control:inst|pfs_decod_3x8:inst|inst~5                                                       ; 1       ;
; pfs_neander_ula:inst2|pfs_ula_8bits:inst|pfs_decod_3x8:inst1|inst~3                                      ; 1       ;
; pfs_neander_ula:inst2|pfs_ula_8bits:inst|pfs_decod_3x8:inst1|inst~2                                      ; 1       ;
; pfs_neander_ula:inst2|pfs_ula_8bits:inst|pfs_decod_3x8:inst1|inst~1                                      ; 1       ;
; pfs_neander_ula:inst2|pfs_ula_8bits:inst|pfs_ula_1bit:inst4|pfs_mux8x1:inst|pfs_mux2x1:inst3|inst~4      ; 1       ;
; pfs_neander_ula:inst2|pfs_ula_8bits:inst|pfs_ula_1bit:inst4|pfs_mux8x1:inst|pfs_mux2x1:inst3|inst~3      ; 1       ;
; pfs_neander_ula:inst2|pfs_ula_8bits:inst|pfs_ula_1bit:inst4|pfs_mux8x1:inst|pfs_mux2x1:inst3|inst~2      ; 1       ;
; pfs_neander_ula:inst2|pfs_ula_8bits:inst|pfs_ula_1bit:inst3|pfs_mux8x1:inst|pfs_mux2x1:inst3|inst~3      ; 1       ;
; pfs_neander_ula:inst2|pfs_ula_8bits:inst|pfs_ula_1bit:inst3|pfs_mux8x1:inst|pfs_mux2x1:inst3|inst~2      ; 1       ;
; pfs_neander_ula:inst2|pfs_ula_8bits:inst|pfs_ula_1bit:inst3|pfs_mux8x1:inst|pfs_mux2x1:inst3|inst~0      ; 1       ;
; pfs_neander_ula:inst2|pfs_ula_8bits:inst|pfs_ula_1bit:inst7|pfs_mux8x1:inst|pfs_mux2x1:inst3|inst~2      ; 1       ;
; pfs_neander_ula:inst2|pfs_ula_8bits:inst|pfs_ula_1bit:inst7|pfs_mux8x1:inst|pfs_mux2x1:inst3|inst~1      ; 1       ;
; pfs_neander_ula:inst2|pfs_ula_8bits:inst|pfs_ula_1bit:inst7|pfs_mux8x1:inst|pfs_mux2x1:inst3|inst~0      ; 1       ;
; pfs_neander_ula:inst2|pfs_ula_8bits:inst|pfs_ula_1bit:inst28|pfs_mux8x1:inst|pfs_mux2x1:inst3|inst~2     ; 1       ;
; pfs_neander_ula:inst2|pfs_ula_8bits:inst|pfs_ula_1bit:inst28|pfs_mux8x1:inst|pfs_mux2x1:inst3|inst~1     ; 1       ;
; pfs_neander_ula:inst2|pfs_ula_8bits:inst|pfs_ula_1bit:inst28|pfs_mux8x1:inst|pfs_mux2x1:inst3|inst~0     ; 1       ;
; pfs_neander_ula:inst2|pfs_ula_8bits:inst|pfs_ula_1bit:inst41|pfs_mux8x1:inst|pfs_mux2x1:inst3|inst~2     ; 1       ;
; pfs_neander_ula:inst2|pfs_ula_8bits:inst|pfs_ula_1bit:inst41|pfs_mux8x1:inst|pfs_mux2x1:inst3|inst~1     ; 1       ;
; pfs_neander_ula:inst2|pfs_ula_8bits:inst|pfs_ula_1bit:inst41|pfs_mux8x1:inst|pfs_mux2x1:inst3|inst~0     ; 1       ;
; pfs_neander_ula:inst2|pfs_ula_8bits:inst|pfs_ula_1bit:inst45|pfs_mux8x1:inst|pfs_mux2x1:inst3|inst~2     ; 1       ;
; pfs_neander_ula:inst2|pfs_ula_8bits:inst|pfs_ula_1bit:inst45|pfs_mux8x1:inst|pfs_mux2x1:inst3|inst~1     ; 1       ;
; pfs_neander_ula:inst2|pfs_ula_8bits:inst|pfs_ula_1bit:inst45|pfs_mux8x1:inst|pfs_mux2x1:inst3|inst~0     ; 1       ;
; pfs_neander_ula:inst2|pfs_ula_8bits:inst|pfs_ula_1bit:inst49|pfs_mux8x1:inst|pfs_mux2x1:inst3|inst~7     ; 1       ;
; pfs_neander_ula:inst2|pfs_ula_8bits:inst|pfs_ula_1bit:inst49|pfs_mux8x1:inst|pfs_mux2x1:inst3|inst~6     ; 1       ;
; pfs_neander_ula:inst2|pfs_ula_8bits:inst|pfs_ula_1bit:inst|pfs_mux8x1:inst|pfs_mux2x1:inst3|inst~4       ; 1       ;
; pfs_neander_ula:inst2|pfs_ula_8bits:inst|pfs_ula_1bit:inst|pfs_mux8x1:inst|pfs_mux2x1:inst3|inst~3       ; 1       ;
; pfs_neander_ula:inst2|pfs_ula_8bits:inst|pfs_ula_1bit:inst45|inst8~2                                     ; 1       ;
; pfs_neander_ula:inst2|pfs_ula_8bits:inst|pfs_ula_1bit:inst4|inst8~0                                      ; 1       ;
; pfs_neander_control:inst|inst23~1                                                                        ; 1       ;
; pfs_neander_control:inst|inst23~0                                                                        ; 1       ;
; pfs_neander_control:inst|inst2~0                                                                         ; 1       ;
; pfs_neander_memory:inst15|Mux7~5                                                                         ; 1       ;
; pfs_neander_memory:inst15|Mux7~4                                                                         ; 1       ;
; pfs_neander_memory:inst15|Mux7~3                                                                         ; 1       ;
; pfs_neander_memory:inst15|Mux7~2                                                                         ; 1       ;
; pfs_neander_memory:inst15|Mux6~3                                                                         ; 1       ;
; pfs_neander_memory:inst15|Mux6~2                                                                         ; 1       ;
; pfs_neander_memory:inst15|Mux6~1                                                                         ; 1       ;
; pfs_neander_memory:inst15|Mux6~0                                                                         ; 1       ;
; pfs_neander_memory:inst15|Mux5~3                                                                         ; 1       ;
; pfs_neander_memory:inst15|Mux5~2                                                                         ; 1       ;
; pfs_neander_memory:inst15|Mux5~1                                                                         ; 1       ;
; pfs_neander_memory:inst15|Mux4~1                                                                         ; 1       ;
; pfs_neander_memory:inst15|Mux4~0                                                                         ; 1       ;
; pfs_neander_memory:inst15|Mux3~4                                                                         ; 1       ;
; pfs_neander_memory:inst15|Mux3~3                                                                         ; 1       ;
; pfs_neander_memory:inst15|Mux3~2                                                                         ; 1       ;
; pfs_neander_memory:inst15|Mux3~1                                                                         ; 1       ;
; pfs_neander_memory:inst15|Mux2~4                                                                         ; 1       ;
; pfs_neander_memory:inst15|Mux2~3                                                                         ; 1       ;
; pfs_neander_memory:inst15|Mux2~2                                                                         ; 1       ;
; pfs_neander_memory:inst15|Mux2~1                                                                         ; 1       ;
; pfs_neander_memory:inst15|Mux2~0                                                                         ; 1       ;
; pfs_neander_memory:inst15|Mux1~3                                                                         ; 1       ;
; pfs_neander_memory:inst15|Mux1~2                                                                         ; 1       ;
; pfs_neander_memory:inst15|Mux1~1                                                                         ; 1       ;
; pfs_neander_memory:inst15|Mux1~0                                                                         ; 1       ;
; pfs_neander_memory:inst15|Mux0~6                                                                         ; 1       ;
; pfs_neander_memory:inst15|Mux0~5                                                                         ; 1       ;
; pfs_neander_memory:inst15|Mux0~4                                                                         ; 1       ;
; pfs_neander_control:inst|inst6~0                                                                         ; 1       ;
; pfs_8bit_reg:inst7|pfs_ff_enable:inst8|inst                                                              ; 1       ;
; pfs_8bit_reg:inst7|pfs_ff_enable:inst7|inst                                                              ; 1       ;
; pfs_8bit_reg:inst7|pfs_ff_enable:inst6|inst                                                              ; 1       ;
; pfs_8bit_reg:inst7|pfs_ff_enable:inst5|inst                                                              ; 1       ;
; inst10~1                                                                                                 ; 1       ;
; inst10~0                                                                                                 ; 1       ;
; pfs_neander_control:inst|inst21                                                                          ; 1       ;
+----------------------------------------------------------------------------------------------------------+---------+


+------------------------------------------------------------+
; Routing Usage Summary                                      ;
+-----------------------------------+------------------------+
; Routing Resource Type             ; Usage                  ;
+-----------------------------------+------------------------+
; Block interconnects               ; 289 / 88,936 ( < 1 % ) ;
; C16 interconnects                 ; 48 / 2,912 ( 2 % )     ;
; C4 interconnects                  ; 270 / 54,912 ( < 1 % ) ;
; Direct links                      ; 55 / 88,936 ( < 1 % )  ;
; GXB block output buffers          ; 0 / 1,600 ( 0 % )      ;
; Global clocks                     ; 2 / 20 ( 10 % )        ;
; Interquad Reference Clock Outputs ; 0 / 1 ( 0 % )          ;
; Interquad TXRX Clocks             ; 0 / 8 ( 0 % )          ;
; Interquad TXRX PCSRX outputs      ; 0 / 4 ( 0 % )          ;
; Interquad TXRX PCSTX outputs      ; 0 / 4 ( 0 % )          ;
; Local interconnects               ; 113 / 29,440 ( < 1 % ) ;
; R24 interconnects                 ; 31 / 3,040 ( 1 % )     ;
; R4 interconnects                  ; 204 / 76,160 ( < 1 % ) ;
+-----------------------------------+------------------------+


+----------------------------------------------------------------------------+
; LAB Logic Elements                                                         ;
+---------------------------------------------+------------------------------+
; Number of Logic Elements  (Average = 10.69) ; Number of LABs  (Total = 16) ;
+---------------------------------------------+------------------------------+
; 1                                           ; 2                            ;
; 2                                           ; 2                            ;
; 3                                           ; 1                            ;
; 4                                           ; 0                            ;
; 5                                           ; 1                            ;
; 6                                           ; 0                            ;
; 7                                           ; 0                            ;
; 8                                           ; 0                            ;
; 9                                           ; 0                            ;
; 10                                          ; 0                            ;
; 11                                          ; 0                            ;
; 12                                          ; 0                            ;
; 13                                          ; 1                            ;
; 14                                          ; 0                            ;
; 15                                          ; 0                            ;
; 16                                          ; 9                            ;
+---------------------------------------------+------------------------------+


+-------------------------------------------------------------------+
; LAB-wide Signals                                                  ;
+------------------------------------+------------------------------+
; LAB-wide Signals  (Average = 1.56) ; Number of LABs  (Total = 16) ;
+------------------------------------+------------------------------+
; 1 Async. clear                     ; 9                            ;
; 1 Clock                            ; 9                            ;
; 1 Clock enable                     ; 4                            ;
; 2 Clock enables                    ; 3                            ;
+------------------------------------+------------------------------+


+-----------------------------------------------------------------------------+
; LAB Signals Sourced                                                         ;
+----------------------------------------------+------------------------------+
; Number of Signals Sourced  (Average = 13.38) ; Number of LABs  (Total = 16) ;
+----------------------------------------------+------------------------------+
; 0                                            ; 0                            ;
; 1                                            ; 2                            ;
; 2                                            ; 2                            ;
; 3                                            ; 1                            ;
; 4                                            ; 0                            ;
; 5                                            ; 0                            ;
; 6                                            ; 0                            ;
; 7                                            ; 1                            ;
; 8                                            ; 0                            ;
; 9                                            ; 0                            ;
; 10                                           ; 0                            ;
; 11                                           ; 0                            ;
; 12                                           ; 0                            ;
; 13                                           ; 1                            ;
; 14                                           ; 0                            ;
; 15                                           ; 0                            ;
; 16                                           ; 1                            ;
; 17                                           ; 0                            ;
; 18                                           ; 1                            ;
; 19                                           ; 2                            ;
; 20                                           ; 1                            ;
; 21                                           ; 0                            ;
; 22                                           ; 2                            ;
; 23                                           ; 1                            ;
; 24                                           ; 0                            ;
; 25                                           ; 0                            ;
; 26                                           ; 1                            ;
+----------------------------------------------+------------------------------+


+--------------------------------------------------------------------------------+
; LAB Signals Sourced Out                                                        ;
+-------------------------------------------------+------------------------------+
; Number of Signals Sourced Out  (Average = 8.50) ; Number of LABs  (Total = 16) ;
+-------------------------------------------------+------------------------------+
; 0                                               ; 0                            ;
; 1                                               ; 2                            ;
; 2                                               ; 2                            ;
; 3                                               ; 2                            ;
; 4                                               ; 0                            ;
; 5                                               ; 1                            ;
; 6                                               ; 0                            ;
; 7                                               ; 1                            ;
; 8                                               ; 1                            ;
; 9                                               ; 1                            ;
; 10                                              ; 0                            ;
; 11                                              ; 1                            ;
; 12                                              ; 0                            ;
; 13                                              ; 0                            ;
; 14                                              ; 0                            ;
; 15                                              ; 1                            ;
; 16                                              ; 2                            ;
; 17                                              ; 0                            ;
; 18                                              ; 1                            ;
; 19                                              ; 1                            ;
+-------------------------------------------------+------------------------------+


+-----------------------------------------------------------------------------+
; LAB Distinct Inputs                                                         ;
+----------------------------------------------+------------------------------+
; Number of Distinct Inputs  (Average = 11.63) ; Number of LABs  (Total = 16) ;
+----------------------------------------------+------------------------------+
; 0                                            ; 0                            ;
; 1                                            ; 0                            ;
; 2                                            ; 1                            ;
; 3                                            ; 4                            ;
; 4                                            ; 0                            ;
; 5                                            ; 1                            ;
; 6                                            ; 0                            ;
; 7                                            ; 0                            ;
; 8                                            ; 1                            ;
; 9                                            ; 0                            ;
; 10                                           ; 0                            ;
; 11                                           ; 0                            ;
; 12                                           ; 0                            ;
; 13                                           ; 0                            ;
; 14                                           ; 3                            ;
; 15                                           ; 1                            ;
; 16                                           ; 0                            ;
; 17                                           ; 1                            ;
; 18                                           ; 1                            ;
; 19                                           ; 1                            ;
; 20                                           ; 0                            ;
; 21                                           ; 0                            ;
; 22                                           ; 0                            ;
; 23                                           ; 0                            ;
; 24                                           ; 2                            ;
+----------------------------------------------+------------------------------+


+------------------------------------------+
; I/O Rules Summary                        ;
+----------------------------------+-------+
; I/O Rules Statistic              ; Total ;
+----------------------------------+-------+
; Total I/O Rules                  ; 30    ;
; Number of I/O Rules Passed       ; 9     ;
; Number of I/O Rules Failed       ; 0     ;
; Number of I/O Rules Unchecked    ; 0     ;
; Number of I/O Rules Inapplicable ; 21    ;
+----------------------------------+-------+


+-----------------------------------------------------------------------------------------------------------------------------------------------------------------------------------------------------------------------------------------------------------------------------------------------------+
; I/O Rules Details                                                                                                                                                                                                                                                                                   ;
+--------------+-----------+-----------------------------------+------------------------------------------------------------------------------------------------------+----------+--------------------------------------------------------------------------+---------------------+-------------------+
; Status       ; ID        ; Category                          ; Rule Description                                                                                     ; Severity ; Information                                                              ; Area                ; Extra Information ;
+--------------+-----------+-----------------------------------+------------------------------------------------------------------------------------------------------+----------+--------------------------------------------------------------------------+---------------------+-------------------+
; Inapplicable ; IO_000001 ; Capacity Checks                   ; Number of pins in an I/O bank should not exceed the number of locations available.                   ; Critical ; No Location assignments found.                                           ; I/O                 ;                   ;
; Inapplicable ; IO_000002 ; Capacity Checks                   ; Number of clocks in an I/O bank should not exceed the number of clocks available.                    ; Critical ; No Global Signal assignments found.                                      ; I/O                 ;                   ;
; Inapplicable ; IO_000003 ; Capacity Checks                   ; Number of pins in a Vrefgroup should not exceed the number of locations available.                   ; Critical ; No Location assignments found.                                           ; I/O                 ;                   ;
; Inapplicable ; IO_000004 ; Voltage Compatibility Checks      ; The I/O bank should support the requested VCCIO.                                                     ; Critical ; No IOBANK_VCCIO assignments found.                                       ; I/O                 ;                   ;
; Inapplicable ; IO_000005 ; Voltage Compatibility Checks      ; The I/O bank should not have competing VREF values.                                                  ; Critical ; No VREF I/O Standard assignments found.                                  ; I/O                 ;                   ;
; Pass         ; IO_000006 ; Voltage Compatibility Checks      ; The I/O bank should not have competing VCCIO values.                                                 ; Critical ; 0 such failures found.                                                   ; I/O                 ;                   ;
; Inapplicable ; IO_000007 ; Valid Location Checks             ; Checks for unavailable locations.                                                                    ; Critical ; No Location assignments found.                                           ; I/O                 ;                   ;
; Inapplicable ; IO_000008 ; Valid Location Checks             ; Checks for reserved locations.                                                                       ; Critical ; No reserved LogicLock region found.                                      ; I/O                 ;                   ;
; Pass         ; IO_000009 ; I/O Properties Checks for One I/O ; The location should support the requested I/O standard.                                              ; Critical ; 0 such failures found.                                                   ; I/O                 ;                   ;
; Pass         ; IO_000010 ; I/O Properties Checks for One I/O ; The location should support the requested I/O direction.                                             ; Critical ; 0 such failures found.                                                   ; I/O                 ;                   ;
; Inapplicable ; IO_000011 ; I/O Properties Checks for One I/O ; The location should support the requested Current Strength.                                          ; Critical ; No Current Strength assignments found.                                   ; I/O                 ;                   ;
; Pass         ; IO_000012 ; I/O Properties Checks for One I/O ; The location should support the requested On Chip Termination value.                                 ; Critical ; 0 such failures found.                                                   ; I/O                 ;                   ;
; Inapplicable ; IO_000013 ; I/O Properties Checks for One I/O ; The location should support the requested Bus Hold value.                                            ; Critical ; No Enable Bus-Hold Circuitry assignments found.                          ; I/O                 ;                   ;
; Inapplicable ; IO_000014 ; I/O Properties Checks for One I/O ; The location should support the requested Weak Pull Up value.                                        ; Critical ; No Weak Pull-Up Resistor assignments found.                              ; I/O                 ;                   ;
; Pass         ; IO_000015 ; I/O Properties Checks for One I/O ; The location should support the requested PCI Clamp Diode.                                           ; Critical ; 0 such failures found.                                                   ; I/O                 ;                   ;
; Inapplicable ; IO_000018 ; I/O Properties Checks for One I/O ; The I/O standard should support the requested Current Strength.                                      ; Critical ; No Current Strength assignments found.                                   ; I/O                 ;                   ;
; Pass         ; IO_000019 ; I/O Properties Checks for One I/O ; The I/O standard should support the requested On Chip Termination value.                             ; Critical ; 0 such failures found.                                                   ; I/O                 ;                   ;
; Pass         ; IO_000020 ; I/O Properties Checks for One I/O ; The I/O standard should support the requested PCI Clamp Diode.                                       ; Critical ; 0 such failures found.                                                   ; I/O                 ;                   ;
; Inapplicable ; IO_000021 ; I/O Properties Checks for One I/O ; The I/O standard should support the requested Weak Pull Up value.                                    ; Critical ; No Weak Pull-Up Resistor assignments found.                              ; I/O                 ;                   ;
; Inapplicable ; IO_000022 ; I/O Properties Checks for One I/O ; The I/O standard should support the requested Bus Hold value.                                        ; Critical ; No Enable Bus-Hold Circuitry assignments found.                          ; I/O                 ;                   ;
; Inapplicable ; IO_000023 ; I/O Properties Checks for One I/O ; The I/O standard should support the Open Drain value.                                                ; Critical ; No open drain assignments found.                                         ; I/O                 ;                   ;
; Pass         ; IO_000024 ; I/O Properties Checks for One I/O ; The I/O direction should support the On Chip Termination value.                                      ; Critical ; 0 such failures found.                                                   ; I/O                 ;                   ;
; Inapplicable ; IO_000026 ; I/O Properties Checks for One I/O ; On Chip Termination and Current Strength should not be used at the same time.                        ; Critical ; No Current Strength assignments found.                                   ; I/O                 ;                   ;
; Inapplicable ; IO_000027 ; I/O Properties Checks for One I/O ; Weak Pull Up and Bus Hold should not be used at the same time.                                       ; Critical ; No Enable Bus-Hold Circuitry or Weak Pull-Up Resistor assignments found. ; I/O                 ;                   ;
; Inapplicable ; IO_000045 ; I/O Properties Checks for One I/O ; The I/O standard should support the requested Slew Rate value.                                       ; Critical ; No Slew Rate assignments found.                                          ; I/O                 ;                   ;
; Inapplicable ; IO_000046 ; I/O Properties Checks for One I/O ; The location should support the requested Slew Rate value.                                           ; Critical ; No Slew Rate assignments found.                                          ; I/O                 ;                   ;
; Inapplicable ; IO_000047 ; I/O Properties Checks for One I/O ; On Chip Termination and Slew Rate should not be used at the same time.                               ; Critical ; No Slew Rate assignments found.                                          ; I/O                 ;                   ;
; Pass         ; IO_000033 ; Electromigration Checks           ; Current density for consecutive I/Os should not exceed 240mA for row I/Os and 240mA for column I/Os. ; Critical ; 0 such failures found.                                                   ; I/O                 ;                   ;
; Inapplicable ; IO_000034 ; SI Related Distance Checks        ; Single-ended outputs should be 5 LAB row(s) away from a differential I/O.                            ; High     ; No Differential I/O Standard assignments found.                          ; I/O                 ;                   ;
; Inapplicable ; IO_000042 ; SI Related SSO Limit Checks       ; No more than 20 outputs are allowed in a VREF group when VREF is being read from.                    ; High     ; No VREF I/O Standard assignments found.                                  ; I/O                 ;                   ;
; ----         ; ----      ; Disclaimer                        ; OCT rules are checked but not reported.                                                              ; None     ; ----                                                                     ; On Chip Termination ;                   ;
+--------------+-----------+-----------------------------------+------------------------------------------------------------------------------------------------------+----------+--------------------------------------------------------------------------+---------------------+-------------------+


+--------------------------------------------------------------------------------------------------------------------------------------------------------------------------------------------------------------------------------------------------------------------------------------------------------------------------------------------------------------------------------------------------------------------------------------------------------------------------+
; I/O Rules Matrix                                                                                                                                                                                                                                                                                                                                                                                                                                                         ;
+--------------------+--------------+--------------+--------------+--------------+--------------+-----------+--------------+--------------+-----------+-----------+--------------+--------------+--------------+--------------+--------------+--------------+--------------+--------------+--------------+--------------+--------------+--------------+--------------+--------------+--------------+--------------+--------------+-----------+--------------+--------------+
; Pin/Rules          ; IO_000001    ; IO_000002    ; IO_000003    ; IO_000004    ; IO_000005    ; IO_000006 ; IO_000007    ; IO_000008    ; IO_000009 ; IO_000010 ; IO_000011    ; IO_000012    ; IO_000013    ; IO_000014    ; IO_000015    ; IO_000018    ; IO_000019    ; IO_000020    ; IO_000021    ; IO_000022    ; IO_000023    ; IO_000024    ; IO_000026    ; IO_000027    ; IO_000045    ; IO_000046    ; IO_000047    ; IO_000033 ; IO_000034    ; IO_000042    ;
+--------------------+--------------+--------------+--------------+--------------+--------------+-----------+--------------+--------------+-----------+-----------+--------------+--------------+--------------+--------------+--------------+--------------+--------------+--------------+--------------+--------------+--------------+--------------+--------------+--------------+--------------+--------------+--------------+-----------+--------------+--------------+
; Total Pass         ; 0            ; 0            ; 0            ; 0            ; 0            ; 91        ; 0            ; 0            ; 91        ; 91        ; 0            ; 89           ; 0            ; 0            ; 2            ; 0            ; 89           ; 2            ; 0            ; 0            ; 0            ; 89           ; 0            ; 0            ; 0            ; 0            ; 0            ; 91        ; 0            ; 0            ;
; Total Unchecked    ; 0            ; 0            ; 0            ; 0            ; 0            ; 0         ; 0            ; 0            ; 0         ; 0         ; 0            ; 0            ; 0            ; 0            ; 0            ; 0            ; 0            ; 0            ; 0            ; 0            ; 0            ; 0            ; 0            ; 0            ; 0            ; 0            ; 0            ; 0         ; 0            ; 0            ;
; Total Inapplicable ; 91           ; 91           ; 91           ; 91           ; 91           ; 0         ; 91           ; 91           ; 0         ; 0         ; 91           ; 2            ; 91           ; 91           ; 89           ; 91           ; 2            ; 89           ; 91           ; 91           ; 91           ; 2            ; 91           ; 91           ; 91           ; 91           ; 91           ; 0         ; 91           ; 91           ;
; Total Fail         ; 0            ; 0            ; 0            ; 0            ; 0            ; 0         ; 0            ; 0            ; 0         ; 0         ; 0            ; 0            ; 0            ; 0            ; 0            ; 0            ; 0            ; 0            ; 0            ; 0            ; 0            ; 0            ; 0            ; 0            ; 0            ; 0            ; 0            ; 0         ; 0            ; 0            ;
; n                  ; Inapplicable ; Inapplicable ; Inapplicable ; Inapplicable ; Inapplicable ; Pass      ; Inapplicable ; Inapplicable ; Pass      ; Pass      ; Inapplicable ; Pass         ; Inapplicable ; Inapplicable ; Inapplicable ; Inapplicable ; Pass         ; Inapplicable ; Inapplicable ; Inapplicable ; Inapplicable ; Pass         ; Inapplicable ; Inapplicable ; Inapplicable ; Inapplicable ; Inapplicable ; Pass      ; Inapplicable ; Inapplicable ;
; AC[7]              ; Inapplicable ; Inapplicable ; Inapplicable ; Inapplicable ; Inapplicable ; Pass      ; Inapplicable ; Inapplicable ; Pass      ; Pass      ; Inapplicable ; Pass         ; Inapplicable ; Inapplicable ; Inapplicable ; Inapplicable ; Pass         ; Inapplicable ; Inapplicable ; Inapplicable ; Inapplicable ; Pass         ; Inapplicable ; Inapplicable ; Inapplicable ; Inapplicable ; Inapplicable ; Pass      ; Inapplicable ; Inapplicable ;
; AC[6]              ; Inapplicable ; Inapplicable ; Inapplicable ; Inapplicable ; Inapplicable ; Pass      ; Inapplicable ; Inapplicable ; Pass      ; Pass      ; Inapplicable ; Pass         ; Inapplicable ; Inapplicable ; Inapplicable ; Inapplicable ; Pass         ; Inapplicable ; Inapplicable ; Inapplicable ; Inapplicable ; Pass         ; Inapplicable ; Inapplicable ; Inapplicable ; Inapplicable ; Inapplicable ; Pass      ; Inapplicable ; Inapplicable ;
; AC[5]              ; Inapplicable ; Inapplicable ; Inapplicable ; Inapplicable ; Inapplicable ; Pass      ; Inapplicable ; Inapplicable ; Pass      ; Pass      ; Inapplicable ; Pass         ; Inapplicable ; Inapplicable ; Inapplicable ; Inapplicable ; Pass         ; Inapplicable ; Inapplicable ; Inapplicable ; Inapplicable ; Pass         ; Inapplicable ; Inapplicable ; Inapplicable ; Inapplicable ; Inapplicable ; Pass      ; Inapplicable ; Inapplicable ;
; AC[4]              ; Inapplicable ; Inapplicable ; Inapplicable ; Inapplicable ; Inapplicable ; Pass      ; Inapplicable ; Inapplicable ; Pass      ; Pass      ; Inapplicable ; Pass         ; Inapplicable ; Inapplicable ; Inapplicable ; Inapplicable ; Pass         ; Inapplicable ; Inapplicable ; Inapplicable ; Inapplicable ; Pass         ; Inapplicable ; Inapplicable ; Inapplicable ; Inapplicable ; Inapplicable ; Pass      ; Inapplicable ; Inapplicable ;
; AC[3]              ; Inapplicable ; Inapplicable ; Inapplicable ; Inapplicable ; Inapplicable ; Pass      ; Inapplicable ; Inapplicable ; Pass      ; Pass      ; Inapplicable ; Pass         ; Inapplicable ; Inapplicable ; Inapplicable ; Inapplicable ; Pass         ; Inapplicable ; Inapplicable ; Inapplicable ; Inapplicable ; Pass         ; Inapplicable ; Inapplicable ; Inapplicable ; Inapplicable ; Inapplicable ; Pass      ; Inapplicable ; Inapplicable ;
; AC[2]              ; Inapplicable ; Inapplicable ; Inapplicable ; Inapplicable ; Inapplicable ; Pass      ; Inapplicable ; Inapplicable ; Pass      ; Pass      ; Inapplicable ; Pass         ; Inapplicable ; Inapplicable ; Inapplicable ; Inapplicable ; Pass         ; Inapplicable ; Inapplicable ; Inapplicable ; Inapplicable ; Pass         ; Inapplicable ; Inapplicable ; Inapplicable ; Inapplicable ; Inapplicable ; Pass      ; Inapplicable ; Inapplicable ;
; AC[1]              ; Inapplicable ; Inapplicable ; Inapplicable ; Inapplicable ; Inapplicable ; Pass      ; Inapplicable ; Inapplicable ; Pass      ; Pass      ; Inapplicable ; Pass         ; Inapplicable ; Inapplicable ; Inapplicable ; Inapplicable ; Pass         ; Inapplicable ; Inapplicable ; Inapplicable ; Inapplicable ; Pass         ; Inapplicable ; Inapplicable ; Inapplicable ; Inapplicable ; Inapplicable ; Pass      ; Inapplicable ; Inapplicable ;
; AC[0]              ; Inapplicable ; Inapplicable ; Inapplicable ; Inapplicable ; Inapplicable ; Pass      ; Inapplicable ; Inapplicable ; Pass      ; Pass      ; Inapplicable ; Pass         ; Inapplicable ; Inapplicable ; Inapplicable ; Inapplicable ; Pass         ; Inapplicable ; Inapplicable ; Inapplicable ; Inapplicable ; Pass         ; Inapplicable ; Inapplicable ; Inapplicable ; Inapplicable ; Inapplicable ; Pass      ; Inapplicable ; Inapplicable ;
; cg_AC              ; Inapplicable ; Inapplicable ; Inapplicable ; Inapplicable ; Inapplicable ; Pass      ; Inapplicable ; Inapplicable ; Pass      ; Pass      ; Inapplicable ; Pass         ; Inapplicable ; Inapplicable ; Inapplicable ; Inapplicable ; Pass         ; Inapplicable ; Inapplicable ; Inapplicable ; Inapplicable ; Pass         ; Inapplicable ; Inapplicable ; Inapplicable ; Inapplicable ; Inapplicable ; Pass      ; Inapplicable ; Inapplicable ;
; z                  ; Inapplicable ; Inapplicable ; Inapplicable ; Inapplicable ; Inapplicable ; Pass      ; Inapplicable ; Inapplicable ; Pass      ; Pass      ; Inapplicable ; Pass         ; Inapplicable ; Inapplicable ; Inapplicable ; Inapplicable ; Pass         ; Inapplicable ; Inapplicable ; Inapplicable ; Inapplicable ; Pass         ; Inapplicable ; Inapplicable ; Inapplicable ; Inapplicable ; Inapplicable ; Pass      ; Inapplicable ; Inapplicable ;
; tempo[2]           ; Inapplicable ; Inapplicable ; Inapplicable ; Inapplicable ; Inapplicable ; Pass      ; Inapplicable ; Inapplicable ; Pass      ; Pass      ; Inapplicable ; Pass         ; Inapplicable ; Inapplicable ; Inapplicable ; Inapplicable ; Pass         ; Inapplicable ; Inapplicable ; Inapplicable ; Inapplicable ; Pass         ; Inapplicable ; Inapplicable ; Inapplicable ; Inapplicable ; Inapplicable ; Pass      ; Inapplicable ; Inapplicable ;
; tempo[1]           ; Inapplicable ; Inapplicable ; Inapplicable ; Inapplicable ; Inapplicable ; Pass      ; Inapplicable ; Inapplicable ; Pass      ; Pass      ; Inapplicable ; Pass         ; Inapplicable ; Inapplicable ; Inapplicable ; Inapplicable ; Pass         ; Inapplicable ; Inapplicable ; Inapplicable ; Inapplicable ; Pass         ; Inapplicable ; Inapplicable ; Inapplicable ; Inapplicable ; Inapplicable ; Pass      ; Inapplicable ; Inapplicable ;
; tempo[0]           ; Inapplicable ; Inapplicable ; Inapplicable ; Inapplicable ; Inapplicable ; Pass      ; Inapplicable ; Inapplicable ; Pass      ; Pass      ; Inapplicable ; Pass         ; Inapplicable ; Inapplicable ; Inapplicable ; Inapplicable ; Pass         ; Inapplicable ; Inapplicable ; Inapplicable ; Inapplicable ; Pass         ; Inapplicable ; Inapplicable ; Inapplicable ; Inapplicable ; Inapplicable ; Pass      ; Inapplicable ; Inapplicable ;
; RI[7]              ; Inapplicable ; Inapplicable ; Inapplicable ; Inapplicable ; Inapplicable ; Pass      ; Inapplicable ; Inapplicable ; Pass      ; Pass      ; Inapplicable ; Pass         ; Inapplicable ; Inapplicable ; Inapplicable ; Inapplicable ; Pass         ; Inapplicable ; Inapplicable ; Inapplicable ; Inapplicable ; Pass         ; Inapplicable ; Inapplicable ; Inapplicable ; Inapplicable ; Inapplicable ; Pass      ; Inapplicable ; Inapplicable ;
; RI[6]              ; Inapplicable ; Inapplicable ; Inapplicable ; Inapplicable ; Inapplicable ; Pass      ; Inapplicable ; Inapplicable ; Pass      ; Pass      ; Inapplicable ; Pass         ; Inapplicable ; Inapplicable ; Inapplicable ; Inapplicable ; Pass         ; Inapplicable ; Inapplicable ; Inapplicable ; Inapplicable ; Pass         ; Inapplicable ; Inapplicable ; Inapplicable ; Inapplicable ; Inapplicable ; Pass      ; Inapplicable ; Inapplicable ;
; RI[5]              ; Inapplicable ; Inapplicable ; Inapplicable ; Inapplicable ; Inapplicable ; Pass      ; Inapplicable ; Inapplicable ; Pass      ; Pass      ; Inapplicable ; Pass         ; Inapplicable ; Inapplicable ; Inapplicable ; Inapplicable ; Pass         ; Inapplicable ; Inapplicable ; Inapplicable ; Inapplicable ; Pass         ; Inapplicable ; Inapplicable ; Inapplicable ; Inapplicable ; Inapplicable ; Pass      ; Inapplicable ; Inapplicable ;
; RI[4]              ; Inapplicable ; Inapplicable ; Inapplicable ; Inapplicable ; Inapplicable ; Pass      ; Inapplicable ; Inapplicable ; Pass      ; Pass      ; Inapplicable ; Pass         ; Inapplicable ; Inapplicable ; Inapplicable ; Inapplicable ; Pass         ; Inapplicable ; Inapplicable ; Inapplicable ; Inapplicable ; Pass         ; Inapplicable ; Inapplicable ; Inapplicable ; Inapplicable ; Inapplicable ; Pass      ; Inapplicable ; Inapplicable ;
; RI[3]              ; Inapplicable ; Inapplicable ; Inapplicable ; Inapplicable ; Inapplicable ; Pass      ; Inapplicable ; Inapplicable ; Pass      ; Pass      ; Inapplicable ; Pass         ; Inapplicable ; Inapplicable ; Inapplicable ; Inapplicable ; Pass         ; Inapplicable ; Inapplicable ; Inapplicable ; Inapplicable ; Pass         ; Inapplicable ; Inapplicable ; Inapplicable ; Inapplicable ; Inapplicable ; Pass      ; Inapplicable ; Inapplicable ;
; RI[2]              ; Inapplicable ; Inapplicable ; Inapplicable ; Inapplicable ; Inapplicable ; Pass      ; Inapplicable ; Inapplicable ; Pass      ; Pass      ; Inapplicable ; Pass         ; Inapplicable ; Inapplicable ; Inapplicable ; Inapplicable ; Pass         ; Inapplicable ; Inapplicable ; Inapplicable ; Inapplicable ; Pass         ; Inapplicable ; Inapplicable ; Inapplicable ; Inapplicable ; Inapplicable ; Pass      ; Inapplicable ; Inapplicable ;
; RI[1]              ; Inapplicable ; Inapplicable ; Inapplicable ; Inapplicable ; Inapplicable ; Pass      ; Inapplicable ; Inapplicable ; Pass      ; Pass      ; Inapplicable ; Pass         ; Inapplicable ; Inapplicable ; Inapplicable ; Inapplicable ; Pass         ; Inapplicable ; Inapplicable ; Inapplicable ; Inapplicable ; Pass         ; Inapplicable ; Inapplicable ; Inapplicable ; Inapplicable ; Inapplicable ; Pass      ; Inapplicable ; Inapplicable ;
; RI[0]              ; Inapplicable ; Inapplicable ; Inapplicable ; Inapplicable ; Inapplicable ; Pass      ; Inapplicable ; Inapplicable ; Pass      ; Pass      ; Inapplicable ; Pass         ; Inapplicable ; Inapplicable ; Inapplicable ; Inapplicable ; Pass         ; Inapplicable ; Inapplicable ; Inapplicable ; Inapplicable ; Pass         ; Inapplicable ; Inapplicable ; Inapplicable ; Inapplicable ; Inapplicable ; Pass      ; Inapplicable ; Inapplicable ;
; cg_RI              ; Inapplicable ; Inapplicable ; Inapplicable ; Inapplicable ; Inapplicable ; Pass      ; Inapplicable ; Inapplicable ; Pass      ; Pass      ; Inapplicable ; Pass         ; Inapplicable ; Inapplicable ; Inapplicable ; Inapplicable ; Pass         ; Inapplicable ; Inapplicable ; Inapplicable ; Inapplicable ; Pass         ; Inapplicable ; Inapplicable ; Inapplicable ; Inapplicable ; Inapplicable ; Pass      ; Inapplicable ; Inapplicable ;
; RDM[7]             ; Inapplicable ; Inapplicable ; Inapplicable ; Inapplicable ; Inapplicable ; Pass      ; Inapplicable ; Inapplicable ; Pass      ; Pass      ; Inapplicable ; Pass         ; Inapplicable ; Inapplicable ; Inapplicable ; Inapplicable ; Pass         ; Inapplicable ; Inapplicable ; Inapplicable ; Inapplicable ; Pass         ; Inapplicable ; Inapplicable ; Inapplicable ; Inapplicable ; Inapplicable ; Pass      ; Inapplicable ; Inapplicable ;
; RDM[6]             ; Inapplicable ; Inapplicable ; Inapplicable ; Inapplicable ; Inapplicable ; Pass      ; Inapplicable ; Inapplicable ; Pass      ; Pass      ; Inapplicable ; Pass         ; Inapplicable ; Inapplicable ; Inapplicable ; Inapplicable ; Pass         ; Inapplicable ; Inapplicable ; Inapplicable ; Inapplicable ; Pass         ; Inapplicable ; Inapplicable ; Inapplicable ; Inapplicable ; Inapplicable ; Pass      ; Inapplicable ; Inapplicable ;
; RDM[5]             ; Inapplicable ; Inapplicable ; Inapplicable ; Inapplicable ; Inapplicable ; Pass      ; Inapplicable ; Inapplicable ; Pass      ; Pass      ; Inapplicable ; Pass         ; Inapplicable ; Inapplicable ; Inapplicable ; Inapplicable ; Pass         ; Inapplicable ; Inapplicable ; Inapplicable ; Inapplicable ; Pass         ; Inapplicable ; Inapplicable ; Inapplicable ; Inapplicable ; Inapplicable ; Pass      ; Inapplicable ; Inapplicable ;
; RDM[4]             ; Inapplicable ; Inapplicable ; Inapplicable ; Inapplicable ; Inapplicable ; Pass      ; Inapplicable ; Inapplicable ; Pass      ; Pass      ; Inapplicable ; Pass         ; Inapplicable ; Inapplicable ; Inapplicable ; Inapplicable ; Pass         ; Inapplicable ; Inapplicable ; Inapplicable ; Inapplicable ; Pass         ; Inapplicable ; Inapplicable ; Inapplicable ; Inapplicable ; Inapplicable ; Pass      ; Inapplicable ; Inapplicable ;
; RDM[3]             ; Inapplicable ; Inapplicable ; Inapplicable ; Inapplicable ; Inapplicable ; Pass      ; Inapplicable ; Inapplicable ; Pass      ; Pass      ; Inapplicable ; Pass         ; Inapplicable ; Inapplicable ; Inapplicable ; Inapplicable ; Pass         ; Inapplicable ; Inapplicable ; Inapplicable ; Inapplicable ; Pass         ; Inapplicable ; Inapplicable ; Inapplicable ; Inapplicable ; Inapplicable ; Pass      ; Inapplicable ; Inapplicable ;
; RDM[2]             ; Inapplicable ; Inapplicable ; Inapplicable ; Inapplicable ; Inapplicable ; Pass      ; Inapplicable ; Inapplicable ; Pass      ; Pass      ; Inapplicable ; Pass         ; Inapplicable ; Inapplicable ; Inapplicable ; Inapplicable ; Pass         ; Inapplicable ; Inapplicable ; Inapplicable ; Inapplicable ; Pass         ; Inapplicable ; Inapplicable ; Inapplicable ; Inapplicable ; Inapplicable ; Pass      ; Inapplicable ; Inapplicable ;
; RDM[1]             ; Inapplicable ; Inapplicable ; Inapplicable ; Inapplicable ; Inapplicable ; Pass      ; Inapplicable ; Inapplicable ; Pass      ; Pass      ; Inapplicable ; Pass         ; Inapplicable ; Inapplicable ; Inapplicable ; Inapplicable ; Pass         ; Inapplicable ; Inapplicable ; Inapplicable ; Inapplicable ; Pass         ; Inapplicable ; Inapplicable ; Inapplicable ; Inapplicable ; Inapplicable ; Pass      ; Inapplicable ; Inapplicable ;
; RDM[0]             ; Inapplicable ; Inapplicable ; Inapplicable ; Inapplicable ; Inapplicable ; Pass      ; Inapplicable ; Inapplicable ; Pass      ; Pass      ; Inapplicable ; Pass         ; Inapplicable ; Inapplicable ; Inapplicable ; Inapplicable ; Pass         ; Inapplicable ; Inapplicable ; Inapplicable ; Inapplicable ; Pass         ; Inapplicable ; Inapplicable ; Inapplicable ; Inapplicable ; Inapplicable ; Pass      ; Inapplicable ; Inapplicable ;
; cg_RDM             ; Inapplicable ; Inapplicable ; Inapplicable ; Inapplicable ; Inapplicable ; Pass      ; Inapplicable ; Inapplicable ; Pass      ; Pass      ; Inapplicable ; Pass         ; Inapplicable ; Inapplicable ; Inapplicable ; Inapplicable ; Pass         ; Inapplicable ; Inapplicable ; Inapplicable ; Inapplicable ; Pass         ; Inapplicable ; Inapplicable ; Inapplicable ; Inapplicable ; Inapplicable ; Pass      ; Inapplicable ; Inapplicable ;
; MEM[7]             ; Inapplicable ; Inapplicable ; Inapplicable ; Inapplicable ; Inapplicable ; Pass      ; Inapplicable ; Inapplicable ; Pass      ; Pass      ; Inapplicable ; Pass         ; Inapplicable ; Inapplicable ; Inapplicable ; Inapplicable ; Pass         ; Inapplicable ; Inapplicable ; Inapplicable ; Inapplicable ; Pass         ; Inapplicable ; Inapplicable ; Inapplicable ; Inapplicable ; Inapplicable ; Pass      ; Inapplicable ; Inapplicable ;
; MEM[6]             ; Inapplicable ; Inapplicable ; Inapplicable ; Inapplicable ; Inapplicable ; Pass      ; Inapplicable ; Inapplicable ; Pass      ; Pass      ; Inapplicable ; Pass         ; Inapplicable ; Inapplicable ; Inapplicable ; Inapplicable ; Pass         ; Inapplicable ; Inapplicable ; Inapplicable ; Inapplicable ; Pass         ; Inapplicable ; Inapplicable ; Inapplicable ; Inapplicable ; Inapplicable ; Pass      ; Inapplicable ; Inapplicable ;
; MEM[5]             ; Inapplicable ; Inapplicable ; Inapplicable ; Inapplicable ; Inapplicable ; Pass      ; Inapplicable ; Inapplicable ; Pass      ; Pass      ; Inapplicable ; Pass         ; Inapplicable ; Inapplicable ; Inapplicable ; Inapplicable ; Pass         ; Inapplicable ; Inapplicable ; Inapplicable ; Inapplicable ; Pass         ; Inapplicable ; Inapplicable ; Inapplicable ; Inapplicable ; Inapplicable ; Pass      ; Inapplicable ; Inapplicable ;
; MEM[4]             ; Inapplicable ; Inapplicable ; Inapplicable ; Inapplicable ; Inapplicable ; Pass      ; Inapplicable ; Inapplicable ; Pass      ; Pass      ; Inapplicable ; Pass         ; Inapplicable ; Inapplicable ; Inapplicable ; Inapplicable ; Pass         ; Inapplicable ; Inapplicable ; Inapplicable ; Inapplicable ; Pass         ; Inapplicable ; Inapplicable ; Inapplicable ; Inapplicable ; Inapplicable ; Pass      ; Inapplicable ; Inapplicable ;
; MEM[3]             ; Inapplicable ; Inapplicable ; Inapplicable ; Inapplicable ; Inapplicable ; Pass      ; Inapplicable ; Inapplicable ; Pass      ; Pass      ; Inapplicable ; Pass         ; Inapplicable ; Inapplicable ; Inapplicable ; Inapplicable ; Pass         ; Inapplicable ; Inapplicable ; Inapplicable ; Inapplicable ; Pass         ; Inapplicable ; Inapplicable ; Inapplicable ; Inapplicable ; Inapplicable ; Pass      ; Inapplicable ; Inapplicable ;
; MEM[2]             ; Inapplicable ; Inapplicable ; Inapplicable ; Inapplicable ; Inapplicable ; Pass      ; Inapplicable ; Inapplicable ; Pass      ; Pass      ; Inapplicable ; Pass         ; Inapplicable ; Inapplicable ; Inapplicable ; Inapplicable ; Pass         ; Inapplicable ; Inapplicable ; Inapplicable ; Inapplicable ; Pass         ; Inapplicable ; Inapplicable ; Inapplicable ; Inapplicable ; Inapplicable ; Pass      ; Inapplicable ; Inapplicable ;
; MEM[1]             ; Inapplicable ; Inapplicable ; Inapplicable ; Inapplicable ; Inapplicable ; Pass      ; Inapplicable ; Inapplicable ; Pass      ; Pass      ; Inapplicable ; Pass         ; Inapplicable ; Inapplicable ; Inapplicable ; Inapplicable ; Pass         ; Inapplicable ; Inapplicable ; Inapplicable ; Inapplicable ; Pass         ; Inapplicable ; Inapplicable ; Inapplicable ; Inapplicable ; Inapplicable ; Pass      ; Inapplicable ; Inapplicable ;
; MEM[0]             ; Inapplicable ; Inapplicable ; Inapplicable ; Inapplicable ; Inapplicable ; Pass      ; Inapplicable ; Inapplicable ; Pass      ; Pass      ; Inapplicable ; Pass         ; Inapplicable ; Inapplicable ; Inapplicable ; Inapplicable ; Pass         ; Inapplicable ; Inapplicable ; Inapplicable ; Inapplicable ; Pass         ; Inapplicable ; Inapplicable ; Inapplicable ; Inapplicable ; Inapplicable ; Pass      ; Inapplicable ; Inapplicable ;
; REM[7]             ; Inapplicable ; Inapplicable ; Inapplicable ; Inapplicable ; Inapplicable ; Pass      ; Inapplicable ; Inapplicable ; Pass      ; Pass      ; Inapplicable ; Pass         ; Inapplicable ; Inapplicable ; Inapplicable ; Inapplicable ; Pass         ; Inapplicable ; Inapplicable ; Inapplicable ; Inapplicable ; Pass         ; Inapplicable ; Inapplicable ; Inapplicable ; Inapplicable ; Inapplicable ; Pass      ; Inapplicable ; Inapplicable ;
; REM[6]             ; Inapplicable ; Inapplicable ; Inapplicable ; Inapplicable ; Inapplicable ; Pass      ; Inapplicable ; Inapplicable ; Pass      ; Pass      ; Inapplicable ; Pass         ; Inapplicable ; Inapplicable ; Inapplicable ; Inapplicable ; Pass         ; Inapplicable ; Inapplicable ; Inapplicable ; Inapplicable ; Pass         ; Inapplicable ; Inapplicable ; Inapplicable ; Inapplicable ; Inapplicable ; Pass      ; Inapplicable ; Inapplicable ;
; REM[5]             ; Inapplicable ; Inapplicable ; Inapplicable ; Inapplicable ; Inapplicable ; Pass      ; Inapplicable ; Inapplicable ; Pass      ; Pass      ; Inapplicable ; Pass         ; Inapplicable ; Inapplicable ; Inapplicable ; Inapplicable ; Pass         ; Inapplicable ; Inapplicable ; Inapplicable ; Inapplicable ; Pass         ; Inapplicable ; Inapplicable ; Inapplicable ; Inapplicable ; Inapplicable ; Pass      ; Inapplicable ; Inapplicable ;
; REM[4]             ; Inapplicable ; Inapplicable ; Inapplicable ; Inapplicable ; Inapplicable ; Pass      ; Inapplicable ; Inapplicable ; Pass      ; Pass      ; Inapplicable ; Pass         ; Inapplicable ; Inapplicable ; Inapplicable ; Inapplicable ; Pass         ; Inapplicable ; Inapplicable ; Inapplicable ; Inapplicable ; Pass         ; Inapplicable ; Inapplicable ; Inapplicable ; Inapplicable ; Inapplicable ; Pass      ; Inapplicable ; Inapplicable ;
; REM[3]             ; Inapplicable ; Inapplicable ; Inapplicable ; Inapplicable ; Inapplicable ; Pass      ; Inapplicable ; Inapplicable ; Pass      ; Pass      ; Inapplicable ; Pass         ; Inapplicable ; Inapplicable ; Inapplicable ; Inapplicable ; Pass         ; Inapplicable ; Inapplicable ; Inapplicable ; Inapplicable ; Pass         ; Inapplicable ; Inapplicable ; Inapplicable ; Inapplicable ; Inapplicable ; Pass      ; Inapplicable ; Inapplicable ;
; REM[2]             ; Inapplicable ; Inapplicable ; Inapplicable ; Inapplicable ; Inapplicable ; Pass      ; Inapplicable ; Inapplicable ; Pass      ; Pass      ; Inapplicable ; Pass         ; Inapplicable ; Inapplicable ; Inapplicable ; Inapplicable ; Pass         ; Inapplicable ; Inapplicable ; Inapplicable ; Inapplicable ; Pass         ; Inapplicable ; Inapplicable ; Inapplicable ; Inapplicable ; Inapplicable ; Pass      ; Inapplicable ; Inapplicable ;
; REM[1]             ; Inapplicable ; Inapplicable ; Inapplicable ; Inapplicable ; Inapplicable ; Pass      ; Inapplicable ; Inapplicable ; Pass      ; Pass      ; Inapplicable ; Pass         ; Inapplicable ; Inapplicable ; Inapplicable ; Inapplicable ; Pass         ; Inapplicable ; Inapplicable ; Inapplicable ; Inapplicable ; Pass         ; Inapplicable ; Inapplicable ; Inapplicable ; Inapplicable ; Inapplicable ; Pass      ; Inapplicable ; Inapplicable ;
; REM[0]             ; Inapplicable ; Inapplicable ; Inapplicable ; Inapplicable ; Inapplicable ; Pass      ; Inapplicable ; Inapplicable ; Pass      ; Pass      ; Inapplicable ; Pass         ; Inapplicable ; Inapplicable ; Inapplicable ; Inapplicable ; Pass         ; Inapplicable ; Inapplicable ; Inapplicable ; Inapplicable ; Pass         ; Inapplicable ; Inapplicable ; Inapplicable ; Inapplicable ; Inapplicable ; Pass      ; Inapplicable ; Inapplicable ;
; cg_REM             ; Inapplicable ; Inapplicable ; Inapplicable ; Inapplicable ; Inapplicable ; Pass      ; Inapplicable ; Inapplicable ; Pass      ; Pass      ; Inapplicable ; Pass         ; Inapplicable ; Inapplicable ; Inapplicable ; Inapplicable ; Pass         ; Inapplicable ; Inapplicable ; Inapplicable ; Inapplicable ; Pass         ; Inapplicable ; Inapplicable ; Inapplicable ; Inapplicable ; Inapplicable ; Pass      ; Inapplicable ; Inapplicable ;
; MUX[7]             ; Inapplicable ; Inapplicable ; Inapplicable ; Inapplicable ; Inapplicable ; Pass      ; Inapplicable ; Inapplicable ; Pass      ; Pass      ; Inapplicable ; Pass         ; Inapplicable ; Inapplicable ; Inapplicable ; Inapplicable ; Pass         ; Inapplicable ; Inapplicable ; Inapplicable ; Inapplicable ; Pass         ; Inapplicable ; Inapplicable ; Inapplicable ; Inapplicable ; Inapplicable ; Pass      ; Inapplicable ; Inapplicable ;
; MUX[6]             ; Inapplicable ; Inapplicable ; Inapplicable ; Inapplicable ; Inapplicable ; Pass      ; Inapplicable ; Inapplicable ; Pass      ; Pass      ; Inapplicable ; Pass         ; Inapplicable ; Inapplicable ; Inapplicable ; Inapplicable ; Pass         ; Inapplicable ; Inapplicable ; Inapplicable ; Inapplicable ; Pass         ; Inapplicable ; Inapplicable ; Inapplicable ; Inapplicable ; Inapplicable ; Pass      ; Inapplicable ; Inapplicable ;
; MUX[5]             ; Inapplicable ; Inapplicable ; Inapplicable ; Inapplicable ; Inapplicable ; Pass      ; Inapplicable ; Inapplicable ; Pass      ; Pass      ; Inapplicable ; Pass         ; Inapplicable ; Inapplicable ; Inapplicable ; Inapplicable ; Pass         ; Inapplicable ; Inapplicable ; Inapplicable ; Inapplicable ; Pass         ; Inapplicable ; Inapplicable ; Inapplicable ; Inapplicable ; Inapplicable ; Pass      ; Inapplicable ; Inapplicable ;
; MUX[4]             ; Inapplicable ; Inapplicable ; Inapplicable ; Inapplicable ; Inapplicable ; Pass      ; Inapplicable ; Inapplicable ; Pass      ; Pass      ; Inapplicable ; Pass         ; Inapplicable ; Inapplicable ; Inapplicable ; Inapplicable ; Pass         ; Inapplicable ; Inapplicable ; Inapplicable ; Inapplicable ; Pass         ; Inapplicable ; Inapplicable ; Inapplicable ; Inapplicable ; Inapplicable ; Pass      ; Inapplicable ; Inapplicable ;
; MUX[3]             ; Inapplicable ; Inapplicable ; Inapplicable ; Inapplicable ; Inapplicable ; Pass      ; Inapplicable ; Inapplicable ; Pass      ; Pass      ; Inapplicable ; Pass         ; Inapplicable ; Inapplicable ; Inapplicable ; Inapplicable ; Pass         ; Inapplicable ; Inapplicable ; Inapplicable ; Inapplicable ; Pass         ; Inapplicable ; Inapplicable ; Inapplicable ; Inapplicable ; Inapplicable ; Pass      ; Inapplicable ; Inapplicable ;
; MUX[2]             ; Inapplicable ; Inapplicable ; Inapplicable ; Inapplicable ; Inapplicable ; Pass      ; Inapplicable ; Inapplicable ; Pass      ; Pass      ; Inapplicable ; Pass         ; Inapplicable ; Inapplicable ; Inapplicable ; Inapplicable ; Pass         ; Inapplicable ; Inapplicable ; Inapplicable ; Inapplicable ; Pass         ; Inapplicable ; Inapplicable ; Inapplicable ; Inapplicable ; Inapplicable ; Pass      ; Inapplicable ; Inapplicable ;
; MUX[1]             ; Inapplicable ; Inapplicable ; Inapplicable ; Inapplicable ; Inapplicable ; Pass      ; Inapplicable ; Inapplicable ; Pass      ; Pass      ; Inapplicable ; Pass         ; Inapplicable ; Inapplicable ; Inapplicable ; Inapplicable ; Pass         ; Inapplicable ; Inapplicable ; Inapplicable ; Inapplicable ; Pass         ; Inapplicable ; Inapplicable ; Inapplicable ; Inapplicable ; Inapplicable ; Pass      ; Inapplicable ; Inapplicable ;
; MUX[0]             ; Inapplicable ; Inapplicable ; Inapplicable ; Inapplicable ; Inapplicable ; Pass      ; Inapplicable ; Inapplicable ; Pass      ; Pass      ; Inapplicable ; Pass         ; Inapplicable ; Inapplicable ; Inapplicable ; Inapplicable ; Pass         ; Inapplicable ; Inapplicable ; Inapplicable ; Inapplicable ; Pass         ; Inapplicable ; Inapplicable ; Inapplicable ; Inapplicable ; Inapplicable ; Pass      ; Inapplicable ; Inapplicable ;
; mux_REM            ; Inapplicable ; Inapplicable ; Inapplicable ; Inapplicable ; Inapplicable ; Pass      ; Inapplicable ; Inapplicable ; Pass      ; Pass      ; Inapplicable ; Pass         ; Inapplicable ; Inapplicable ; Inapplicable ; Inapplicable ; Pass         ; Inapplicable ; Inapplicable ; Inapplicable ; Inapplicable ; Pass         ; Inapplicable ; Inapplicable ; Inapplicable ; Inapplicable ; Inapplicable ; Pass      ; Inapplicable ; Inapplicable ;
; PC[7]              ; Inapplicable ; Inapplicable ; Inapplicable ; Inapplicable ; Inapplicable ; Pass      ; Inapplicable ; Inapplicable ; Pass      ; Pass      ; Inapplicable ; Pass         ; Inapplicable ; Inapplicable ; Inapplicable ; Inapplicable ; Pass         ; Inapplicable ; Inapplicable ; Inapplicable ; Inapplicable ; Pass         ; Inapplicable ; Inapplicable ; Inapplicable ; Inapplicable ; Inapplicable ; Pass      ; Inapplicable ; Inapplicable ;
; PC[6]              ; Inapplicable ; Inapplicable ; Inapplicable ; Inapplicable ; Inapplicable ; Pass      ; Inapplicable ; Inapplicable ; Pass      ; Pass      ; Inapplicable ; Pass         ; Inapplicable ; Inapplicable ; Inapplicable ; Inapplicable ; Pass         ; Inapplicable ; Inapplicable ; Inapplicable ; Inapplicable ; Pass         ; Inapplicable ; Inapplicable ; Inapplicable ; Inapplicable ; Inapplicable ; Pass      ; Inapplicable ; Inapplicable ;
; PC[5]              ; Inapplicable ; Inapplicable ; Inapplicable ; Inapplicable ; Inapplicable ; Pass      ; Inapplicable ; Inapplicable ; Pass      ; Pass      ; Inapplicable ; Pass         ; Inapplicable ; Inapplicable ; Inapplicable ; Inapplicable ; Pass         ; Inapplicable ; Inapplicable ; Inapplicable ; Inapplicable ; Pass         ; Inapplicable ; Inapplicable ; Inapplicable ; Inapplicable ; Inapplicable ; Pass      ; Inapplicable ; Inapplicable ;
; PC[4]              ; Inapplicable ; Inapplicable ; Inapplicable ; Inapplicable ; Inapplicable ; Pass      ; Inapplicable ; Inapplicable ; Pass      ; Pass      ; Inapplicable ; Pass         ; Inapplicable ; Inapplicable ; Inapplicable ; Inapplicable ; Pass         ; Inapplicable ; Inapplicable ; Inapplicable ; Inapplicable ; Pass         ; Inapplicable ; Inapplicable ; Inapplicable ; Inapplicable ; Inapplicable ; Pass      ; Inapplicable ; Inapplicable ;
; PC[3]              ; Inapplicable ; Inapplicable ; Inapplicable ; Inapplicable ; Inapplicable ; Pass      ; Inapplicable ; Inapplicable ; Pass      ; Pass      ; Inapplicable ; Pass         ; Inapplicable ; Inapplicable ; Inapplicable ; Inapplicable ; Pass         ; Inapplicable ; Inapplicable ; Inapplicable ; Inapplicable ; Pass         ; Inapplicable ; Inapplicable ; Inapplicable ; Inapplicable ; Inapplicable ; Pass      ; Inapplicable ; Inapplicable ;
; PC[2]              ; Inapplicable ; Inapplicable ; Inapplicable ; Inapplicable ; Inapplicable ; Pass      ; Inapplicable ; Inapplicable ; Pass      ; Pass      ; Inapplicable ; Pass         ; Inapplicable ; Inapplicable ; Inapplicable ; Inapplicable ; Pass         ; Inapplicable ; Inapplicable ; Inapplicable ; Inapplicable ; Pass         ; Inapplicable ; Inapplicable ; Inapplicable ; Inapplicable ; Inapplicable ; Pass      ; Inapplicable ; Inapplicable ;
; PC[1]              ; Inapplicable ; Inapplicable ; Inapplicable ; Inapplicable ; Inapplicable ; Pass      ; Inapplicable ; Inapplicable ; Pass      ; Pass      ; Inapplicable ; Pass         ; Inapplicable ; Inapplicable ; Inapplicable ; Inapplicable ; Pass         ; Inapplicable ; Inapplicable ; Inapplicable ; Inapplicable ; Pass         ; Inapplicable ; Inapplicable ; Inapplicable ; Inapplicable ; Inapplicable ; Pass      ; Inapplicable ; Inapplicable ;
; PC[0]              ; Inapplicable ; Inapplicable ; Inapplicable ; Inapplicable ; Inapplicable ; Pass      ; Inapplicable ; Inapplicable ; Pass      ; Pass      ; Inapplicable ; Pass         ; Inapplicable ; Inapplicable ; Inapplicable ; Inapplicable ; Pass         ; Inapplicable ; Inapplicable ; Inapplicable ; Inapplicable ; Pass         ; Inapplicable ; Inapplicable ; Inapplicable ; Inapplicable ; Inapplicable ; Pass      ; Inapplicable ; Inapplicable ;
; inc_pc             ; Inapplicable ; Inapplicable ; Inapplicable ; Inapplicable ; Inapplicable ; Pass      ; Inapplicable ; Inapplicable ; Pass      ; Pass      ; Inapplicable ; Pass         ; Inapplicable ; Inapplicable ; Inapplicable ; Inapplicable ; Pass         ; Inapplicable ; Inapplicable ; Inapplicable ; Inapplicable ; Pass         ; Inapplicable ; Inapplicable ; Inapplicable ; Inapplicable ; Inapplicable ; Pass      ; Inapplicable ; Inapplicable ;
; cg_PC              ; Inapplicable ; Inapplicable ; Inapplicable ; Inapplicable ; Inapplicable ; Pass      ; Inapplicable ; Inapplicable ; Pass      ; Pass      ; Inapplicable ; Pass         ; Inapplicable ; Inapplicable ; Inapplicable ; Inapplicable ; Pass         ; Inapplicable ; Inapplicable ; Inapplicable ; Inapplicable ; Pass         ; Inapplicable ; Inapplicable ; Inapplicable ; Inapplicable ; Inapplicable ; Pass      ; Inapplicable ; Inapplicable ;
; ULA[7]             ; Inapplicable ; Inapplicable ; Inapplicable ; Inapplicable ; Inapplicable ; Pass      ; Inapplicable ; Inapplicable ; Pass      ; Pass      ; Inapplicable ; Pass         ; Inapplicable ; Inapplicable ; Inapplicable ; Inapplicable ; Pass         ; Inapplicable ; Inapplicable ; Inapplicable ; Inapplicable ; Pass         ; Inapplicable ; Inapplicable ; Inapplicable ; Inapplicable ; Inapplicable ; Pass      ; Inapplicable ; Inapplicable ;
; ULA[6]             ; Inapplicable ; Inapplicable ; Inapplicable ; Inapplicable ; Inapplicable ; Pass      ; Inapplicable ; Inapplicable ; Pass      ; Pass      ; Inapplicable ; Pass         ; Inapplicable ; Inapplicable ; Inapplicable ; Inapplicable ; Pass         ; Inapplicable ; Inapplicable ; Inapplicable ; Inapplicable ; Pass         ; Inapplicable ; Inapplicable ; Inapplicable ; Inapplicable ; Inapplicable ; Pass      ; Inapplicable ; Inapplicable ;
; ULA[5]             ; Inapplicable ; Inapplicable ; Inapplicable ; Inapplicable ; Inapplicable ; Pass      ; Inapplicable ; Inapplicable ; Pass      ; Pass      ; Inapplicable ; Pass         ; Inapplicable ; Inapplicable ; Inapplicable ; Inapplicable ; Pass         ; Inapplicable ; Inapplicable ; Inapplicable ; Inapplicable ; Pass         ; Inapplicable ; Inapplicable ; Inapplicable ; Inapplicable ; Inapplicable ; Pass      ; Inapplicable ; Inapplicable ;
; ULA[4]             ; Inapplicable ; Inapplicable ; Inapplicable ; Inapplicable ; Inapplicable ; Pass      ; Inapplicable ; Inapplicable ; Pass      ; Pass      ; Inapplicable ; Pass         ; Inapplicable ; Inapplicable ; Inapplicable ; Inapplicable ; Pass         ; Inapplicable ; Inapplicable ; Inapplicable ; Inapplicable ; Pass         ; Inapplicable ; Inapplicable ; Inapplicable ; Inapplicable ; Inapplicable ; Pass      ; Inapplicable ; Inapplicable ;
; ULA[3]             ; Inapplicable ; Inapplicable ; Inapplicable ; Inapplicable ; Inapplicable ; Pass      ; Inapplicable ; Inapplicable ; Pass      ; Pass      ; Inapplicable ; Pass         ; Inapplicable ; Inapplicable ; Inapplicable ; Inapplicable ; Pass         ; Inapplicable ; Inapplicable ; Inapplicable ; Inapplicable ; Pass         ; Inapplicable ; Inapplicable ; Inapplicable ; Inapplicable ; Inapplicable ; Pass      ; Inapplicable ; Inapplicable ;
; ULA[2]             ; Inapplicable ; Inapplicable ; Inapplicable ; Inapplicable ; Inapplicable ; Pass      ; Inapplicable ; Inapplicable ; Pass      ; Pass      ; Inapplicable ; Pass         ; Inapplicable ; Inapplicable ; Inapplicable ; Inapplicable ; Pass         ; Inapplicable ; Inapplicable ; Inapplicable ; Inapplicable ; Pass         ; Inapplicable ; Inapplicable ; Inapplicable ; Inapplicable ; Inapplicable ; Pass      ; Inapplicable ; Inapplicable ;
; ULA[1]             ; Inapplicable ; Inapplicable ; Inapplicable ; Inapplicable ; Inapplicable ; Pass      ; Inapplicable ; Inapplicable ; Pass      ; Pass      ; Inapplicable ; Pass         ; Inapplicable ; Inapplicable ; Inapplicable ; Inapplicable ; Pass         ; Inapplicable ; Inapplicable ; Inapplicable ; Inapplicable ; Pass         ; Inapplicable ; Inapplicable ; Inapplicable ; Inapplicable ; Inapplicable ; Pass      ; Inapplicable ; Inapplicable ;
; ULA[0]             ; Inapplicable ; Inapplicable ; Inapplicable ; Inapplicable ; Inapplicable ; Pass      ; Inapplicable ; Inapplicable ; Pass      ; Pass      ; Inapplicable ; Pass         ; Inapplicable ; Inapplicable ; Inapplicable ; Inapplicable ; Pass         ; Inapplicable ; Inapplicable ; Inapplicable ; Inapplicable ; Pass         ; Inapplicable ; Inapplicable ; Inapplicable ; Inapplicable ; Inapplicable ; Pass      ; Inapplicable ; Inapplicable ;
; i_not              ; Inapplicable ; Inapplicable ; Inapplicable ; Inapplicable ; Inapplicable ; Pass      ; Inapplicable ; Inapplicable ; Pass      ; Pass      ; Inapplicable ; Pass         ; Inapplicable ; Inapplicable ; Inapplicable ; Inapplicable ; Pass         ; Inapplicable ; Inapplicable ; Inapplicable ; Inapplicable ; Pass         ; Inapplicable ; Inapplicable ; Inapplicable ; Inapplicable ; Inapplicable ; Pass      ; Inapplicable ; Inapplicable ;
; i_and              ; Inapplicable ; Inapplicable ; Inapplicable ; Inapplicable ; Inapplicable ; Pass      ; Inapplicable ; Inapplicable ; Pass      ; Pass      ; Inapplicable ; Pass         ; Inapplicable ; Inapplicable ; Inapplicable ; Inapplicable ; Pass         ; Inapplicable ; Inapplicable ; Inapplicable ; Inapplicable ; Pass         ; Inapplicable ; Inapplicable ; Inapplicable ; Inapplicable ; Inapplicable ; Pass      ; Inapplicable ; Inapplicable ;
; i_or               ; Inapplicable ; Inapplicable ; Inapplicable ; Inapplicable ; Inapplicable ; Pass      ; Inapplicable ; Inapplicable ; Pass      ; Pass      ; Inapplicable ; Pass         ; Inapplicable ; Inapplicable ; Inapplicable ; Inapplicable ; Pass         ; Inapplicable ; Inapplicable ; Inapplicable ; Inapplicable ; Pass         ; Inapplicable ; Inapplicable ; Inapplicable ; Inapplicable ; Inapplicable ; Pass      ; Inapplicable ; Inapplicable ;
; i_add              ; Inapplicable ; Inapplicable ; Inapplicable ; Inapplicable ; Inapplicable ; Pass      ; Inapplicable ; Inapplicable ; Pass      ; Pass      ; Inapplicable ; Pass         ; Inapplicable ; Inapplicable ; Inapplicable ; Inapplicable ; Pass         ; Inapplicable ; Inapplicable ; Inapplicable ; Inapplicable ; Pass         ; Inapplicable ; Inapplicable ; Inapplicable ; Inapplicable ; Inapplicable ; Pass      ; Inapplicable ; Inapplicable ;
; i_lda              ; Inapplicable ; Inapplicable ; Inapplicable ; Inapplicable ; Inapplicable ; Pass      ; Inapplicable ; Inapplicable ; Pass      ; Pass      ; Inapplicable ; Pass         ; Inapplicable ; Inapplicable ; Inapplicable ; Inapplicable ; Pass         ; Inapplicable ; Inapplicable ; Inapplicable ; Inapplicable ; Pass         ; Inapplicable ; Inapplicable ; Inapplicable ; Inapplicable ; Inapplicable ; Pass      ; Inapplicable ; Inapplicable ;
; T[7]               ; Inapplicable ; Inapplicable ; Inapplicable ; Inapplicable ; Inapplicable ; Pass      ; Inapplicable ; Inapplicable ; Pass      ; Pass      ; Inapplicable ; Pass         ; Inapplicable ; Inapplicable ; Inapplicable ; Inapplicable ; Pass         ; Inapplicable ; Inapplicable ; Inapplicable ; Inapplicable ; Pass         ; Inapplicable ; Inapplicable ; Inapplicable ; Inapplicable ; Inapplicable ; Pass      ; Inapplicable ; Inapplicable ;
; T[6]               ; Inapplicable ; Inapplicable ; Inapplicable ; Inapplicable ; Inapplicable ; Pass      ; Inapplicable ; Inapplicable ; Pass      ; Pass      ; Inapplicable ; Pass         ; Inapplicable ; Inapplicable ; Inapplicable ; Inapplicable ; Pass         ; Inapplicable ; Inapplicable ; Inapplicable ; Inapplicable ; Pass         ; Inapplicable ; Inapplicable ; Inapplicable ; Inapplicable ; Inapplicable ; Pass      ; Inapplicable ; Inapplicable ;
; T[5]               ; Inapplicable ; Inapplicable ; Inapplicable ; Inapplicable ; Inapplicable ; Pass      ; Inapplicable ; Inapplicable ; Pass      ; Pass      ; Inapplicable ; Pass         ; Inapplicable ; Inapplicable ; Inapplicable ; Inapplicable ; Pass         ; Inapplicable ; Inapplicable ; Inapplicable ; Inapplicable ; Pass         ; Inapplicable ; Inapplicable ; Inapplicable ; Inapplicable ; Inapplicable ; Pass      ; Inapplicable ; Inapplicable ;
; T[4]               ; Inapplicable ; Inapplicable ; Inapplicable ; Inapplicable ; Inapplicable ; Pass      ; Inapplicable ; Inapplicable ; Pass      ; Pass      ; Inapplicable ; Pass         ; Inapplicable ; Inapplicable ; Inapplicable ; Inapplicable ; Pass         ; Inapplicable ; Inapplicable ; Inapplicable ; Inapplicable ; Pass         ; Inapplicable ; Inapplicable ; Inapplicable ; Inapplicable ; Inapplicable ; Pass      ; Inapplicable ; Inapplicable ;
; T[3]               ; Inapplicable ; Inapplicable ; Inapplicable ; Inapplicable ; Inapplicable ; Pass      ; Inapplicable ; Inapplicable ; Pass      ; Pass      ; Inapplicable ; Pass         ; Inapplicable ; Inapplicable ; Inapplicable ; Inapplicable ; Pass         ; Inapplicable ; Inapplicable ; Inapplicable ; Inapplicable ; Pass         ; Inapplicable ; Inapplicable ; Inapplicable ; Inapplicable ; Inapplicable ; Pass      ; Inapplicable ; Inapplicable ;
; T[2]               ; Inapplicable ; Inapplicable ; Inapplicable ; Inapplicable ; Inapplicable ; Pass      ; Inapplicable ; Inapplicable ; Pass      ; Pass      ; Inapplicable ; Pass         ; Inapplicable ; Inapplicable ; Inapplicable ; Inapplicable ; Pass         ; Inapplicable ; Inapplicable ; Inapplicable ; Inapplicable ; Pass         ; Inapplicable ; Inapplicable ; Inapplicable ; Inapplicable ; Inapplicable ; Pass      ; Inapplicable ; Inapplicable ;
; T[1]               ; Inapplicable ; Inapplicable ; Inapplicable ; Inapplicable ; Inapplicable ; Pass      ; Inapplicable ; Inapplicable ; Pass      ; Pass      ; Inapplicable ; Pass         ; Inapplicable ; Inapplicable ; Inapplicable ; Inapplicable ; Pass         ; Inapplicable ; Inapplicable ; Inapplicable ; Inapplicable ; Pass         ; Inapplicable ; Inapplicable ; Inapplicable ; Inapplicable ; Inapplicable ; Pass      ; Inapplicable ; Inapplicable ;
; T[0]               ; Inapplicable ; Inapplicable ; Inapplicable ; Inapplicable ; Inapplicable ; Pass      ; Inapplicable ; Inapplicable ; Pass      ; Pass      ; Inapplicable ; Pass         ; Inapplicable ; Inapplicable ; Inapplicable ; Inapplicable ; Pass         ; Inapplicable ; Inapplicable ; Inapplicable ; Inapplicable ; Pass         ; Inapplicable ; Inapplicable ; Inapplicable ; Inapplicable ; Inapplicable ; Pass      ; Inapplicable ; Inapplicable ;
; ck                 ; Inapplicable ; Inapplicable ; Inapplicable ; Inapplicable ; Inapplicable ; Pass      ; Inapplicable ; Inapplicable ; Pass      ; Pass      ; Inapplicable ; Inapplicable ; Inapplicable ; Inapplicable ; Pass         ; Inapplicable ; Inapplicable ; Pass         ; Inapplicable ; Inapplicable ; Inapplicable ; Inapplicable ; Inapplicable ; Inapplicable ; Inapplicable ; Inapplicable ; Inapplicable ; Pass      ; Inapplicable ; Inapplicable ;
; reset              ; Inapplicable ; Inapplicable ; Inapplicable ; Inapplicable ; Inapplicable ; Pass      ; Inapplicable ; Inapplicable ; Pass      ; Pass      ; Inapplicable ; Inapplicable ; Inapplicable ; Inapplicable ; Pass         ; Inapplicable ; Inapplicable ; Pass         ; Inapplicable ; Inapplicable ; Inapplicable ; Inapplicable ; Inapplicable ; Inapplicable ; Inapplicable ; Inapplicable ; Inapplicable ; Pass      ; Inapplicable ; Inapplicable ;
+--------------------+--------------+--------------+--------------+--------------+--------------+-----------+--------------+--------------+-----------+-----------+--------------+--------------+--------------+--------------+--------------+--------------+--------------+--------------+--------------+--------------+--------------+--------------+--------------+--------------+--------------+--------------+--------------+-----------+--------------+--------------+


+-----------------------------------------------------------------------------------------------+
; Fitter Device Options                                                                         ;
+------------------------------------------------------------------+----------------------------+
; Option                                                           ; Setting                    ;
+------------------------------------------------------------------+----------------------------+
; Enable user-supplied start-up clock (CLKUSR)                     ; Off                        ;
; Enable device-wide reset (DEV_CLRn)                              ; Off                        ;
; Enable device-wide output enable (DEV_OE)                        ; Off                        ;
; Enable INIT_DONE output                                          ; Off                        ;
; Configuration scheme                                             ; Active Serial              ;
; Error detection CRC                                              ; Off                        ;
; Enable input tri-state on active configuration pins in user mode ; Off                        ;
; Active Serial clock source                                       ; 40 MHz Internal Oscillator ;
; Configuration Voltage Level                                      ; Auto                       ;
; Force Configuration Voltage Level                                ; Off                        ;
; nCEO                                                             ; As output driving ground   ;
; Data[0]                                                          ; As input tri-stated        ;
; Data[1]/ASDO                                                     ; As input tri-stated        ;
; Data[7..2]                                                       ; Unreserved                 ;
; FLASH_nCE/nCSO                                                   ; As input tri-stated        ;
; DCLK                                                             ; As output driving ground   ;
; Base pin-out file on sameframe device                            ; Off                        ;
+------------------------------------------------------------------+----------------------------+


+------------------------------------+
; Operating Settings and Conditions  ;
+---------------------------+--------+
; Setting                   ; Value  ;
+---------------------------+--------+
; Nominal Core Voltage      ; 1.20 V ;
; Low Junction Temperature  ; 0 °C   ;
; High Junction Temperature ; 85 °C  ;
+---------------------------+--------+


+-----------------+
; Fitter Messages ;
+-----------------+
Warning (20028): Parallel compilation is not licensed and has been disabled
Info (119004): Automatically selected device EP4CGX22CF19C6 for design pfs_neander
Info (119005): Fitting design with smaller device may be possible, but smaller device must be specified
Info (21076): High junction temperature operating condition is not set. Assuming a default value of '85'.
Info (21076): Low junction temperature operating condition is not set. Assuming a default value of '0'.
Info (171003): Fitter is performing an Auto Fit compilation, which may decrease Fitter effort to reduce compilation time
Warning (292013): Feature LogicLock is only available with a valid subscription license. You can purchase a software subscription to gain full access to this feature.
Info (176444): Device migration not selected. If you intend to use device migration later, you may need to change the pin assignments as they may be incompatible with other devices
    Info (176445): Device EP4CGX30CF19C6 is compatible
Info (169124): Fitter converted 5 user pins into dedicated programming pins
    Info (169125): Pin ~ALTERA_NCEO~ is reserved at location R6
    Info (169125): Pin ~ALTERA_DATA0~ is reserved at location A4
    Info (169125): Pin ~ALTERA_ASDO~ is reserved at location B4
    Info (169125): Pin ~ALTERA_NCSO~ is reserved at location C5
    Info (169125): Pin ~ALTERA_DCLK~ is reserved at location D5
Warning (15714): Some pins have incomplete I/O assignments. Refer to the I/O Assignment Warnings report for details
Critical Warning (169085): No exact pin location assignment(s) for 91 pins of 91 total pins
    Info (169086): Pin n not assigned to an exact location on the device
    Info (169086): Pin AC[7] not assigned to an exact location on the device
    Info (169086): Pin AC[6] not assigned to an exact location on the device
    Info (169086): Pin AC[5] not assigned to an exact location on the device
    Info (169086): Pin AC[4] not assigned to an exact location on the device
    Info (169086): Pin AC[3] not assigned to an exact location on the device
    Info (169086): Pin AC[2] not assigned to an exact location on the device
    Info (169086): Pin AC[1] not assigned to an exact location on the device
    Info (169086): Pin AC[0] not assigned to an exact location on the device
    Info (169086): Pin cg_AC not assigned to an exact location on the device
    Info (169086): Pin z not assigned to an exact location on the device
    Info (169086): Pin tempo[2] not assigned to an exact location on the device
    Info (169086): Pin tempo[1] not assigned to an exact location on the device
    Info (169086): Pin tempo[0] not assigned to an exact location on the device
    Info (169086): Pin RI[7] not assigned to an exact location on the device
    Info (169086): Pin RI[6] not assigned to an exact location on the device
    Info (169086): Pin RI[5] not assigned to an exact location on the device
    Info (169086): Pin RI[4] not assigned to an exact location on the device
    Info (169086): Pin RI[3] not assigned to an exact location on the device
    Info (169086): Pin RI[2] not assigned to an exact location on the device
    Info (169086): Pin RI[1] not assigned to an exact location on the device
    Info (169086): Pin RI[0] not assigned to an exact location on the device
    Info (169086): Pin cg_RI not assigned to an exact location on the device
    Info (169086): Pin RDM[7] not assigned to an exact location on the device
    Info (169086): Pin RDM[6] not assigned to an exact location on the device
    Info (169086): Pin RDM[5] not assigned to an exact location on the device
    Info (169086): Pin RDM[4] not assigned to an exact location on the device
    Info (169086): Pin RDM[3] not assigned to an exact location on the device
    Info (169086): Pin RDM[2] not assigned to an exact location on the device
    Info (169086): Pin RDM[1] not assigned to an exact location on the device
    Info (169086): Pin RDM[0] not assigned to an exact location on the device
    Info (169086): Pin cg_RDM not assigned to an exact location on the device
    Info (169086): Pin MEM[7] not assigned to an exact location on the device
    Info (169086): Pin MEM[6] not assigned to an exact location on the device
    Info (169086): Pin MEM[5] not assigned to an exact location on the device
    Info (169086): Pin MEM[4] not assigned to an exact location on the device
    Info (169086): Pin MEM[3] not assigned to an exact location on the device
    Info (169086): Pin MEM[2] not assigned to an exact location on the device
    Info (169086): Pin MEM[1] not assigned to an exact location on the device
    Info (169086): Pin MEM[0] not assigned to an exact location on the device
    Info (169086): Pin REM[7] not assigned to an exact location on the device
    Info (169086): Pin REM[6] not assigned to an exact location on the device
    Info (169086): Pin REM[5] not assigned to an exact location on the device
    Info (169086): Pin REM[4] not assigned to an exact location on the device
    Info (169086): Pin REM[3] not assigned to an exact location on the device
    Info (169086): Pin REM[2] not assigned to an exact location on the device
    Info (169086): Pin REM[1] not assigned to an exact location on the device
    Info (169086): Pin REM[0] not assigned to an exact location on the device
    Info (169086): Pin cg_REM not assigned to an exact location on the device
    Info (169086): Pin MUX[7] not assigned to an exact location on the device
    Info (169086): Pin MUX[6] not assigned to an exact location on the device
    Info (169086): Pin MUX[5] not assigned to an exact location on the device
    Info (169086): Pin MUX[4] not assigned to an exact location on the device
    Info (169086): Pin MUX[3] not assigned to an exact location on the device
    Info (169086): Pin MUX[2] not assigned to an exact location on the device
    Info (169086): Pin MUX[1] not assigned to an exact location on the device
    Info (169086): Pin MUX[0] not assigned to an exact location on the device
    Info (169086): Pin mux_REM not assigned to an exact location on the device
    Info (169086): Pin PC[7] not assigned to an exact location on the device
    Info (169086): Pin PC[6] not assigned to an exact location on the device
    Info (169086): Pin PC[5] not assigned to an exact location on the device
    Info (169086): Pin PC[4] not assigned to an exact location on the device
    Info (169086): Pin PC[3] not assigned to an exact location on the device
    Info (169086): Pin PC[2] not assigned to an exact location on the device
    Info (169086): Pin PC[1] not assigned to an exact location on the device
    Info (169086): Pin PC[0] not assigned to an exact location on the device
    Info (169086): Pin inc_pc not assigned to an exact location on the device
    Info (169086): Pin cg_PC not assigned to an exact location on the device
    Info (169086): Pin ULA[7] not assigned to an exact location on the device
    Info (169086): Pin ULA[6] not assigned to an exact location on the device
    Info (169086): Pin ULA[5] not assigned to an exact location on the device
    Info (169086): Pin ULA[4] not assigned to an exact location on the device
    Info (169086): Pin ULA[3] not assigned to an exact location on the device
    Info (169086): Pin ULA[2] not assigned to an exact location on the device
    Info (169086): Pin ULA[1] not assigned to an exact location on the device
    Info (169086): Pin ULA[0] not assigned to an exact location on the device
    Info (169086): Pin i_not not assigned to an exact location on the device
    Info (169086): Pin i_and not assigned to an exact location on the device
    Info (169086): Pin i_or not assigned to an exact location on the device
    Info (169086): Pin i_add not assigned to an exact location on the device
    Info (169086): Pin i_lda not assigned to an exact location on the device
    Info (169086): Pin T[7] not assigned to an exact location on the device
    Info (169086): Pin T[6] not assigned to an exact location on the device
    Info (169086): Pin T[5] not assigned to an exact location on the device
    Info (169086): Pin T[4] not assigned to an exact location on the device
    Info (169086): Pin T[3] not assigned to an exact location on the device
    Info (169086): Pin T[2] not assigned to an exact location on the device
    Info (169086): Pin T[1] not assigned to an exact location on the device
    Info (169086): Pin T[0] not assigned to an exact location on the device
    Info (169086): Pin ck not assigned to an exact location on the device
    Info (169086): Pin reset not assigned to an exact location on the device
Critical Warning (332012): Synopsys Design Constraints File file not found: 'pfs_neander.sdc'. A Synopsys Design Constraints File is required by the TimeQuest Timing Analyzer to get proper timing constraints. Without it, the Compiler will not properly optimize the design.
Info (332144): No user constrained base clocks found in the design
Info (332143): No user constrained clock uncertainty found in the design. Calling "derive_clock_uncertainty"
Info (332154): The derive_clock_uncertainty command did not apply clock uncertainty to any clock-to-clock transfers.
Info (332130): Timing requirements not specified -- quality metrics such as performance may be sacrificed to reduce compilation time.
Info (176353): Automatically promoted node ck~input (placed in PIN M10 (CLK13, DIFFCLK_7n, REFCLK0n))
    Info (176355): Automatically promoted destinations to use location or clock signal Global Clock CLKCTRL_G17
Info (176353): Automatically promoted node reset~input (placed in PIN M9 (CLK12, DIFFCLK_7p, REFCLK0p))
    Info (176355): Automatically promoted destinations to use location or clock signal Global Clock CLKCTRL_G19
Info (176233): Starting register packing
Info (176235): Finished register packing
    Extra Info (176219): No registers were packed into other blocks
Info (176214): Statistics of I/O pins that need to be placed that use the same VCCIO and VREF, before I/O pin placement
    Info (176211): Number of I/O pins in group: 89 (unused VREF, 2.5V VCCIO, 0 input, 89 output, 0 bidirectional)
        Info (176212): I/O standards used: 2.5 V.
Info (176215): I/O bank details before I/O pin placement
    Info (176214): Statistics of I/O banks
        Info (176213): I/O bank number QL0 does not use VREF pins and has undetermined VCCIO pins. 0 total pin(s) used --  0 pins available
        Info (176213): I/O bank number 3 does not use VREF pins and has undetermined VCCIO pins. 1 total pin(s) used --  25 pins available
        Info (176213): I/O bank number 3A does not use VREF pins and has undetermined VCCIO pins. 2 total pin(s) used --  0 pins available
        Info (176213): I/O bank number 4 does not use VREF pins and has undetermined VCCIO pins. 0 total pin(s) used --  28 pins available
        Info (176213): I/O bank number 5 does not use VREF pins and has undetermined VCCIO pins. 0 total pin(s) used --  20 pins available
        Info (176213): I/O bank number 6 does not use VREF pins and has undetermined VCCIO pins. 0 total pin(s) used --  18 pins available
        Info (176213): I/O bank number 7 does not use VREF pins and has undetermined VCCIO pins. 0 total pin(s) used --  28 pins available
        Info (176213): I/O bank number 8A does not use VREF pins and has undetermined VCCIO pins. 0 total pin(s) used --  2 pins available
        Info (176213): I/O bank number 8 does not use VREF pins and has undetermined VCCIO pins. 0 total pin(s) used --  23 pins available
        Info (176213): I/O bank number 9 does not use VREF pins and has undetermined VCCIO pins. 4 total pin(s) used --  0 pins available
Info (171121): Fitter preparation operations ending: elapsed time is 00:00:03
Info (170189): Fitter placement preparation operations beginning
Info (170190): Fitter placement preparation operations ending: elapsed time is 00:00:00
Info (170191): Fitter placement operations beginning
Info (170137): Fitter placement was successful
Info (170192): Fitter placement operations ending: elapsed time is 00:00:02
Info (170193): Fitter routing operations beginning
Info (170195): Router estimated average interconnect usage is 0% of the available device resources
    Info (170196): Router estimated peak interconnect usage is 2% of the available device resources in the region that extends from location X39_Y21 to location X52_Y30
Info (170194): Fitter routing operations ending: elapsed time is 00:00:01
Info (170199): The Fitter performed an Auto Fit compilation.  Optimizations were skipped to reduce compilation time.
    Info (170201): Optimizations that may affect the design's routability were skipped
Info (11888): Total time spent on timing analysis during the Fitter is 0.34 seconds.
Info (334003): Started post-fitting delay annotation
Info (334004): Delay annotation completed successfully
Info (334003): Started post-fitting delay annotation
Info (334004): Delay annotation completed successfully
Info (11218): Fitter post-fit operations ending: elapsed time is 00:00:01
Warning (169177): 2 pins must meet Altera requirements for 3.3-, 3.0-, and 2.5-V interfaces. For more information, refer to AN 447: Interfacing Cyclone IV GX Devices with 3.3/3.0/2.5-V LVTTL/LVCMOS I/O Systems.
    Info (169178): Pin ck uses I/O standard 2.5 V at M10
    Info (169178): Pin reset uses I/O standard 2.5 V at M9
Info (144001): Generated suppressed messages file C:/Users/p-fan/apps/cd_pfs/output_files/pfs_neander.fit.smsg
Info: Quartus II 64-Bit Fitter was successful. 0 errors, 6 warnings
    Info: Peak virtual memory: 5060 megabytes
    Info: Processing ended: Wed Jun 10 18:19:45 2026
    Info: Elapsed time: 00:00:13
    Info: Total CPU time (on all processors): 00:00:13


+----------------------------+
; Fitter Suppressed Messages ;
+----------------------------+
The suppressed messages can be found in C:/Users/p-fan/apps/cd_pfs/output_files/pfs_neander.fit.smsg.


