TimeQuest Timing Analyzer report for pfs_neander_ula
Fri May 15 01:12:36 2026
Quartus II 64-Bit Version 13.1.0 Build 162 10/23/2013 SJ Web Edition


---------------------
; Table of Contents ;
---------------------
  1. Legal Notice
  2. TimeQuest Timing Analyzer Summary
  3. Parallel Compilation
  4. Clocks
  5. Slow 1200mV 85C Model Fmax Summary
  6. Timing Closure Recommendations
  7. Slow 1200mV 85C Model Setup Summary
  8. Slow 1200mV 85C Model Hold Summary
  9. Slow 1200mV 85C Model Recovery Summary
 10. Slow 1200mV 85C Model Removal Summary
 11. Slow 1200mV 85C Model Minimum Pulse Width Summary
 12. Propagation Delay
 13. Minimum Propagation Delay
 14. Slow 1200mV 85C Model Metastability Report
 15. Slow 1200mV 0C Model Fmax Summary
 16. Slow 1200mV 0C Model Setup Summary
 17. Slow 1200mV 0C Model Hold Summary
 18. Slow 1200mV 0C Model Recovery Summary
 19. Slow 1200mV 0C Model Removal Summary
 20. Slow 1200mV 0C Model Minimum Pulse Width Summary
 21. Propagation Delay
 22. Minimum Propagation Delay
 23. Slow 1200mV 0C Model Metastability Report
 24. Fast 1200mV 0C Model Setup Summary
 25. Fast 1200mV 0C Model Hold Summary
 26. Fast 1200mV 0C Model Recovery Summary
 27. Fast 1200mV 0C Model Removal Summary
 28. Fast 1200mV 0C Model Minimum Pulse Width Summary
 29. Propagation Delay
 30. Minimum Propagation Delay
 31. Fast 1200mV 0C Model Metastability Report
 32. Multicorner Timing Analysis Summary
 33. Propagation Delay
 34. Minimum Propagation Delay
 35. Board Trace Model Assignments
 36. Input Transition Times
 37. Signal Integrity Metrics (Slow 1200mv 0c Model)
 38. Signal Integrity Metrics (Slow 1200mv 85c Model)
 39. Signal Integrity Metrics (Fast 1200mv 0c Model)
 40. Clock Transfers
 41. Report TCCS
 42. Report RSKM
 43. Unconstrained Paths
 44. TimeQuest Timing Analyzer Messages



----------------
; Legal Notice ;
----------------
Copyright (C) 1991-2013 Altera Corporation
Your use of Altera Corporation's design tools, logic functions 
and other software and tools, and its AMPP partner logic 
functions, and any output files from any of the foregoing 
(including device programming or simulation files), and any 
associated documentation or information are expressly subject 
to the terms and conditions of the Altera Program License 
Subscription Agreement, Altera MegaCore Function License 
Agreement, or other applicable license agreement, including, 
without limitation, that your use is for the sole purpose of 
programming logic devices manufactured by Altera and sold by 
Altera or its authorized distributors.  Please refer to the 
applicable agreement for further details.



+-------------------------------------------------------------------------+
; TimeQuest Timing Analyzer Summary                                       ;
+--------------------+----------------------------------------------------+
; Quartus II Version ; Version 13.1.0 Build 162 10/23/2013 SJ Web Edition ;
; Revision Name      ; pfs_neander_ula                                    ;
; Device Family      ; Cyclone IV GX                                      ;
; Device Name        ; EP4CGX15BF14C6                                     ;
; Timing Models      ; Final                                              ;
; Delay Model        ; Combined                                           ;
; Rise/Fall Delays   ; Enabled                                            ;
+--------------------+----------------------------------------------------+


Parallel compilation was disabled, but you have multiple processors available. Enable parallel compilation to reduce compilation time.
+-------------------------------------+
; Parallel Compilation                ;
+----------------------------+--------+
; Processors                 ; Number ;
+----------------------------+--------+
; Number detected on machine ; 4      ;
; Maximum allowed            ; 1      ;
+----------------------------+--------+


----------
; Clocks ;
----------
No clocks to report.


--------------------------------------
; Slow 1200mV 85C Model Fmax Summary ;
--------------------------------------
No paths to report.


----------------------------------
; Timing Closure Recommendations ;
----------------------------------
HTML report is unavailable in plain text report export.


---------------------------------------
; Slow 1200mV 85C Model Setup Summary ;
---------------------------------------
No paths to report.


--------------------------------------
; Slow 1200mV 85C Model Hold Summary ;
--------------------------------------
No paths to report.


------------------------------------------
; Slow 1200mV 85C Model Recovery Summary ;
------------------------------------------
No paths to report.


-----------------------------------------
; Slow 1200mV 85C Model Removal Summary ;
-----------------------------------------
No paths to report.


-----------------------------------------------------
; Slow 1200mV 85C Model Minimum Pulse Width Summary ;
-----------------------------------------------------
No paths to report.


+--------------------------------------------------------------+
; Propagation Delay                                            ;
+------------+-------------+--------+--------+--------+--------+
; Input Port ; Output Port ; RR     ; RF     ; FR     ; FF     ;
+------------+-------------+--------+--------+--------+--------+
; i_add      ; b           ; 20.476 ; 20.544 ; 21.014 ; 21.082 ;
; i_add      ; c           ; 22.079 ; 22.038 ; 22.617 ; 22.576 ;
; i_add      ; n           ; 21.394 ; 21.295 ; 21.932 ; 21.833 ;
; i_add      ; s[0]        ; 11.358 ; 11.340 ; 11.861 ; 11.766 ;
; i_add      ; s[1]        ; 13.335 ; 13.292 ; 13.848 ; 13.805 ;
; i_add      ; s[2]        ; 14.163 ; 14.136 ; 14.701 ; 14.674 ;
; i_add      ; s[3]        ; 18.038 ; 18.022 ; 18.576 ; 18.560 ;
; i_add      ; s[4]        ; 16.314 ; 16.243 ; 16.852 ; 16.781 ;
; i_add      ; s[5]        ; 18.287 ; 18.277 ; 18.825 ; 18.815 ;
; i_add      ; s[6]        ; 20.311 ; 20.250 ; 20.849 ; 20.788 ;
; i_add      ; s[7]        ; 21.963 ; 21.861 ; 22.501 ; 22.399 ;
; i_add      ; v           ; 22.996 ; 22.892 ; 23.534 ; 23.430 ;
; i_add      ; z           ; 22.031 ; 21.908 ; 22.569 ; 22.446 ;
; i_and      ; b           ; 21.585 ; 21.653 ; 22.047 ; 22.115 ;
; i_and      ; c           ; 23.188 ; 23.147 ; 23.650 ; 23.609 ;
; i_and      ; n           ; 22.503 ; 22.404 ; 22.965 ; 22.866 ;
; i_and      ; s[0]        ; 12.467 ; 12.449 ; 12.894 ; 12.799 ;
; i_and      ; s[1]        ; 14.444 ; 14.401 ; 14.881 ; 14.838 ;
; i_and      ; s[2]        ; 15.272 ; 15.245 ; 15.734 ; 15.707 ;
; i_and      ; s[3]        ; 19.147 ; 19.131 ; 19.609 ; 19.593 ;
; i_and      ; s[4]        ; 17.423 ; 17.352 ; 17.885 ; 17.814 ;
; i_and      ; s[5]        ; 19.396 ; 19.386 ; 19.858 ; 19.848 ;
; i_and      ; s[6]        ; 21.420 ; 21.359 ; 21.882 ; 21.821 ;
; i_and      ; s[7]        ; 23.072 ; 22.970 ; 23.534 ; 23.432 ;
; i_and      ; v           ; 24.105 ; 24.001 ; 24.567 ; 24.463 ;
; i_and      ; z           ; 23.140 ; 23.017 ; 23.602 ; 23.479 ;
; i_lda      ; b           ; 22.015 ; 22.083 ; 22.497 ; 22.565 ;
; i_lda      ; c           ; 23.618 ; 23.577 ; 24.100 ; 24.059 ;
; i_lda      ; n           ; 22.933 ; 22.834 ; 23.415 ; 23.316 ;
; i_lda      ; s[0]        ; 12.897 ; 12.879 ; 13.344 ; 13.249 ;
; i_lda      ; s[1]        ; 14.874 ; 14.831 ; 15.331 ; 15.288 ;
; i_lda      ; s[2]        ; 15.702 ; 15.675 ; 16.184 ; 16.157 ;
; i_lda      ; s[3]        ; 19.577 ; 19.561 ; 20.059 ; 20.043 ;
; i_lda      ; s[4]        ; 17.853 ; 17.782 ; 18.335 ; 18.264 ;
; i_lda      ; s[5]        ; 19.826 ; 19.816 ; 20.308 ; 20.298 ;
; i_lda      ; s[6]        ; 21.850 ; 21.789 ; 22.332 ; 22.271 ;
; i_lda      ; s[7]        ; 23.502 ; 23.400 ; 23.984 ; 23.882 ;
; i_lda      ; v           ; 24.535 ; 24.431 ; 25.017 ; 24.913 ;
; i_lda      ; z           ; 23.570 ; 23.447 ; 24.052 ; 23.929 ;
; i_not      ; b           ; 22.496 ; 22.564 ; 23.142 ; 23.210 ;
; i_not      ; c           ; 24.099 ; 24.058 ; 24.745 ; 24.704 ;
; i_not      ; n           ; 23.414 ; 23.315 ; 24.060 ; 23.961 ;
; i_not      ; s[0]        ; 13.378 ; 13.360 ; 13.989 ; 13.894 ;
; i_not      ; s[1]        ; 15.355 ; 15.312 ; 15.976 ; 15.933 ;
; i_not      ; s[2]        ; 16.183 ; 16.156 ; 16.829 ; 16.802 ;
; i_not      ; s[3]        ; 20.058 ; 20.042 ; 20.704 ; 20.688 ;
; i_not      ; s[4]        ; 18.334 ; 18.263 ; 18.980 ; 18.909 ;
; i_not      ; s[5]        ; 20.307 ; 20.297 ; 20.953 ; 20.943 ;
; i_not      ; s[6]        ; 22.331 ; 22.270 ; 22.977 ; 22.916 ;
; i_not      ; s[7]        ; 23.983 ; 23.881 ; 24.629 ; 24.527 ;
; i_not      ; v           ; 25.016 ; 24.912 ; 25.662 ; 25.558 ;
; i_not      ; z           ; 24.051 ; 23.928 ; 24.697 ; 24.574 ;
; i_or       ; b           ; 22.047 ; 22.115 ; 22.527 ; 22.595 ;
; i_or       ; c           ; 23.650 ; 23.609 ; 24.130 ; 24.089 ;
; i_or       ; n           ; 22.965 ; 22.866 ; 23.445 ; 23.346 ;
; i_or       ; s[0]        ; 12.929 ; 12.911 ; 13.374 ; 13.279 ;
; i_or       ; s[1]        ; 14.906 ; 14.863 ; 15.361 ; 15.318 ;
; i_or       ; s[2]        ; 15.734 ; 15.707 ; 16.214 ; 16.187 ;
; i_or       ; s[3]        ; 19.609 ; 19.593 ; 20.089 ; 20.073 ;
; i_or       ; s[4]        ; 17.885 ; 17.814 ; 18.365 ; 18.294 ;
; i_or       ; s[5]        ; 19.858 ; 19.848 ; 20.338 ; 20.328 ;
; i_or       ; s[6]        ; 21.882 ; 21.821 ; 22.362 ; 22.301 ;
; i_or       ; s[7]        ; 23.534 ; 23.432 ; 24.014 ; 23.912 ;
; i_or       ; v           ; 24.567 ; 24.463 ; 25.047 ; 24.943 ;
; i_or       ; z           ; 23.602 ; 23.479 ; 24.082 ; 23.959 ;
; x[0]       ; b           ; 17.613 ; 17.755 ; 18.265 ; 18.333 ;
; x[0]       ; c           ; 19.290 ; 19.175 ; 19.868 ; 19.827 ;
; x[0]       ; n           ; 18.595 ; 18.505 ; 19.183 ; 19.084 ;
; x[0]       ; s[0]        ; 8.989  ; 8.971  ; 9.112  ; 9.017  ;
; x[0]       ; s[1]        ; 10.966 ; 10.923 ; 11.099 ; 11.056 ;
; x[0]       ; s[2]        ; 11.751 ; 11.724 ; 11.952 ; 11.925 ;
; x[0]       ; s[3]        ; 15.514 ; 15.498 ; 15.827 ; 15.811 ;
; x[0]       ; s[4]        ; 13.745 ; 13.674 ; 14.103 ; 14.032 ;
; x[0]       ; s[5]        ; 15.572 ; 15.562 ; 16.076 ; 16.066 ;
; x[0]       ; s[6]        ; 17.569 ; 17.508 ; 18.100 ; 18.039 ;
; x[0]       ; s[7]        ; 19.164 ; 19.071 ; 19.752 ; 19.650 ;
; x[0]       ; v           ; 20.206 ; 20.102 ; 20.785 ; 20.681 ;
; x[0]       ; z           ; 19.241 ; 19.109 ; 19.820 ; 19.697 ;
; x[1]       ; b           ; 19.032 ; 19.174 ; 20.121 ; 20.189 ;
; x[1]       ; c           ; 20.709 ; 20.594 ; 21.724 ; 21.683 ;
; x[1]       ; n           ; 20.014 ; 19.924 ; 21.039 ; 20.940 ;
; x[1]       ; s[0]        ; 10.408 ; 10.390 ; 10.968 ; 10.873 ;
; x[1]       ; s[1]        ; 12.385 ; 12.342 ; 12.955 ; 12.912 ;
; x[1]       ; s[2]        ; 13.170 ; 13.143 ; 13.808 ; 13.781 ;
; x[1]       ; s[3]        ; 16.933 ; 16.917 ; 17.683 ; 17.667 ;
; x[1]       ; s[4]        ; 15.164 ; 15.093 ; 15.959 ; 15.888 ;
; x[1]       ; s[5]        ; 16.991 ; 16.981 ; 17.932 ; 17.922 ;
; x[1]       ; s[6]        ; 18.988 ; 18.927 ; 19.956 ; 19.895 ;
; x[1]       ; s[7]        ; 20.583 ; 20.490 ; 21.608 ; 21.506 ;
; x[1]       ; v           ; 21.625 ; 21.521 ; 22.641 ; 22.537 ;
; x[1]       ; z           ; 20.660 ; 20.528 ; 21.676 ; 21.553 ;
; x[2]       ; b           ; 15.509 ; 15.577 ; 15.618 ; 15.686 ;
; x[2]       ; c           ; 17.112 ; 17.071 ; 17.221 ; 17.180 ;
; x[2]       ; n           ; 16.427 ; 16.328 ; 16.536 ; 16.437 ;
; x[2]       ; s[1]        ; 9.028  ; 8.637  ; 8.817  ; 9.125  ;
; x[2]       ; s[2]        ; 9.196  ; 9.169  ; 9.305  ; 9.278  ;
; x[2]       ; s[3]        ; 13.071 ; 13.055 ; 13.180 ; 13.164 ;
; x[2]       ; s[4]        ; 11.347 ; 11.276 ; 11.456 ; 11.385 ;
; x[2]       ; s[5]        ; 13.320 ; 13.310 ; 13.429 ; 13.419 ;
; x[2]       ; s[6]        ; 15.344 ; 15.283 ; 15.453 ; 15.392 ;
; x[2]       ; s[7]        ; 16.996 ; 16.894 ; 17.105 ; 17.003 ;
; x[2]       ; v           ; 18.029 ; 17.925 ; 18.138 ; 18.034 ;
; x[2]       ; z           ; 17.064 ; 16.941 ; 17.173 ; 17.050 ;
; x[3]       ; b           ; 13.743 ; 13.811 ; 13.997 ; 14.065 ;
; x[3]       ; c           ; 15.346 ; 15.305 ; 15.600 ; 15.559 ;
; x[3]       ; n           ; 14.661 ; 14.562 ; 14.915 ; 14.816 ;
; x[3]       ; s[2]        ; 7.536  ; 7.491  ; 7.642  ; 7.630  ;
; x[3]       ; s[3]        ; 11.413 ; 11.397 ; 11.559 ; 11.543 ;
; x[3]       ; s[4]        ; 9.644  ; 9.573  ; 9.835  ; 9.764  ;
; x[3]       ; s[5]        ; 11.554 ; 11.544 ; 11.808 ; 11.798 ;
; x[3]       ; s[6]        ; 13.578 ; 13.517 ; 13.832 ; 13.771 ;
; x[3]       ; s[7]        ; 15.230 ; 15.128 ; 15.484 ; 15.382 ;
; x[3]       ; v           ; 16.263 ; 16.159 ; 16.517 ; 16.413 ;
; x[3]       ; z           ; 15.298 ; 15.175 ; 15.552 ; 15.429 ;
; x[4]       ; b           ; 14.965 ; 15.033 ; 15.232 ; 15.300 ;
; x[4]       ; c           ; 16.568 ; 16.527 ; 16.835 ; 16.794 ;
; x[4]       ; n           ; 15.883 ; 15.784 ; 16.150 ; 16.051 ;
; x[4]       ; s[3]        ; 12.182 ; 12.135 ; 12.671 ; 12.670 ;
; x[4]       ; s[4]        ; 10.803 ; 10.732 ; 11.280 ; 11.209 ;
; x[4]       ; s[5]        ; 12.776 ; 12.766 ; 13.107 ; 13.097 ;
; x[4]       ; s[6]        ; 14.800 ; 14.739 ; 15.104 ; 15.043 ;
; x[4]       ; s[7]        ; 16.452 ; 16.350 ; 16.719 ; 16.617 ;
; x[4]       ; v           ; 17.485 ; 17.381 ; 17.752 ; 17.648 ;
; x[4]       ; z           ; 16.520 ; 16.397 ; 16.787 ; 16.664 ;
; x[5]       ; b           ; 14.366 ; 14.508 ; 15.189 ; 15.257 ;
; x[5]       ; c           ; 16.043 ; 15.928 ; 16.792 ; 16.751 ;
; x[5]       ; n           ; 15.348 ; 15.258 ; 16.107 ; 16.008 ;
; x[5]       ; s[4]        ; 10.614 ; 9.452  ; 10.095 ; 11.122 ;
; x[5]       ; s[5]        ; 12.325 ; 12.315 ; 13.000 ; 12.990 ;
; x[5]       ; s[6]        ; 14.322 ; 14.261 ; 15.024 ; 14.963 ;
; x[5]       ; s[7]        ; 15.917 ; 15.824 ; 16.676 ; 16.574 ;
; x[5]       ; v           ; 16.959 ; 16.855 ; 17.709 ; 17.605 ;
; x[5]       ; z           ; 15.994 ; 15.862 ; 16.744 ; 16.621 ;
; x[6]       ; b           ; 11.447 ; 11.589 ; 12.125 ; 12.193 ;
; x[6]       ; c           ; 13.124 ; 13.009 ; 13.728 ; 13.687 ;
; x[6]       ; n           ; 12.429 ; 12.339 ; 13.043 ; 12.944 ;
; x[6]       ; s[5]        ; 9.726  ; 9.030  ; 9.550  ; 10.270 ;
; x[6]       ; s[6]        ; 11.403 ; 11.342 ; 11.960 ; 11.899 ;
; x[6]       ; s[7]        ; 12.998 ; 12.905 ; 13.612 ; 13.510 ;
; x[6]       ; v           ; 14.040 ; 13.936 ; 14.645 ; 14.541 ;
; x[6]       ; z           ; 13.075 ; 12.943 ; 13.680 ; 13.557 ;
; x[7]       ; b           ; 10.827 ; 10.969 ; 11.485 ; 11.553 ;
; x[7]       ; c           ; 12.504 ; 12.389 ; 13.088 ; 13.047 ;
; x[7]       ; n           ; 11.809 ; 11.719 ; 12.403 ; 12.304 ;
; x[7]       ; s[6]        ; 10.778 ; 10.717 ; 11.312 ; 11.251 ;
; x[7]       ; s[7]        ; 12.378 ; 12.285 ; 12.972 ; 12.870 ;
; x[7]       ; v           ; 13.420 ; 13.316 ; 14.005 ; 13.901 ;
; x[7]       ; z           ; 12.455 ; 12.323 ; 13.040 ; 12.917 ;
; y[0]       ; b           ; 16.779 ; 16.847 ; 17.308 ; 17.376 ;
; y[0]       ; c           ; 18.382 ; 18.341 ; 18.911 ; 18.870 ;
; y[0]       ; n           ; 17.697 ; 17.598 ; 18.226 ; 18.127 ;
; y[0]       ; s[0]        ; 8.358  ; 7.510  ; 7.635  ; 8.414  ;
; y[0]       ; s[1]        ; 9.984  ; 9.941  ; 10.142 ; 10.099 ;
; y[0]       ; s[2]        ; 10.769 ; 10.742 ; 10.995 ; 10.968 ;
; y[0]       ; s[3]        ; 14.532 ; 14.516 ; 14.870 ; 14.854 ;
; y[0]       ; s[4]        ; 12.763 ; 12.692 ; 13.146 ; 13.075 ;
; y[0]       ; s[5]        ; 14.590 ; 14.580 ; 15.119 ; 15.109 ;
; y[0]       ; s[6]        ; 16.614 ; 16.553 ; 17.143 ; 17.082 ;
; y[0]       ; s[7]        ; 18.266 ; 18.164 ; 18.795 ; 18.693 ;
; y[0]       ; v           ; 19.299 ; 19.195 ; 19.828 ; 19.724 ;
; y[0]       ; z           ; 18.334 ; 18.211 ; 18.863 ; 18.740 ;
; y[1]       ; b           ; 16.276 ; 16.344 ; 17.043 ; 17.111 ;
; y[1]       ; c           ; 17.879 ; 17.838 ; 18.646 ; 18.605 ;
; y[1]       ; n           ; 17.194 ; 17.095 ; 17.961 ; 17.862 ;
; y[1]       ; s[1]        ; 10.112 ; 9.344  ; 9.921  ; 10.580 ;
; y[1]       ; s[2]        ; 10.221 ; 10.194 ; 10.730 ; 10.703 ;
; y[1]       ; s[3]        ; 13.984 ; 13.968 ; 14.605 ; 14.589 ;
; y[1]       ; s[4]        ; 12.215 ; 12.144 ; 12.881 ; 12.810 ;
; y[1]       ; s[5]        ; 14.087 ; 14.077 ; 14.854 ; 14.844 ;
; y[1]       ; s[6]        ; 16.111 ; 16.050 ; 16.878 ; 16.817 ;
; y[1]       ; s[7]        ; 17.763 ; 17.661 ; 18.530 ; 18.428 ;
; y[1]       ; v           ; 18.796 ; 18.692 ; 19.563 ; 19.459 ;
; y[1]       ; z           ; 17.831 ; 17.708 ; 18.598 ; 18.475 ;
; y[2]       ; b           ; 15.283 ; 15.351 ; 15.606 ; 15.674 ;
; y[2]       ; c           ; 16.886 ; 16.845 ; 17.209 ; 17.168 ;
; y[2]       ; n           ; 16.201 ; 16.102 ; 16.524 ; 16.425 ;
; y[2]       ; s[2]        ; 9.030  ; 8.773  ; 9.272  ; 9.492  ;
; y[2]       ; s[3]        ; 12.845 ; 12.829 ; 13.261 ; 13.245 ;
; y[2]       ; s[4]        ; 11.121 ; 11.050 ; 11.492 ; 11.421 ;
; y[2]       ; s[5]        ; 13.094 ; 13.084 ; 13.417 ; 13.407 ;
; y[2]       ; s[6]        ; 15.118 ; 15.057 ; 15.441 ; 15.380 ;
; y[2]       ; s[7]        ; 16.770 ; 16.668 ; 17.093 ; 16.991 ;
; y[2]       ; v           ; 17.803 ; 17.699 ; 18.126 ; 18.022 ;
; y[2]       ; z           ; 16.838 ; 16.715 ; 17.161 ; 17.038 ;
; y[3]       ; b           ; 13.749 ; 13.817 ; 14.382 ; 14.450 ;
; y[3]       ; c           ; 15.352 ; 15.311 ; 15.985 ; 15.944 ;
; y[3]       ; n           ; 14.667 ; 14.568 ; 15.300 ; 15.201 ;
; y[3]       ; s[3]        ; 11.506 ; 11.137 ; 11.619 ; 11.989 ;
; y[3]       ; s[4]        ; 9.696  ; 9.625  ; 10.220 ; 10.149 ;
; y[3]       ; s[5]        ; 11.560 ; 11.550 ; 12.193 ; 12.183 ;
; y[3]       ; s[6]        ; 13.584 ; 13.523 ; 14.217 ; 14.156 ;
; y[3]       ; s[7]        ; 15.236 ; 15.134 ; 15.869 ; 15.767 ;
; y[3]       ; v           ; 16.269 ; 16.165 ; 16.902 ; 16.798 ;
; y[3]       ; z           ; 15.304 ; 15.181 ; 15.937 ; 15.814 ;
; y[4]       ; b           ; 12.626 ; 12.768 ; 13.383 ; 13.451 ;
; y[4]       ; c           ; 14.303 ; 14.188 ; 14.986 ; 14.945 ;
; y[4]       ; n           ; 13.608 ; 13.518 ; 14.301 ; 14.202 ;
; y[4]       ; s[4]        ; 9.380  ; 8.155  ; 8.791  ; 9.919  ;
; y[4]       ; s[5]        ; 10.585 ; 10.575 ; 11.194 ; 11.184 ;
; y[4]       ; s[6]        ; 12.582 ; 12.521 ; 13.218 ; 13.157 ;
; y[4]       ; s[7]        ; 14.177 ; 14.084 ; 14.870 ; 14.768 ;
; y[4]       ; v           ; 15.219 ; 15.115 ; 15.903 ; 15.799 ;
; y[4]       ; z           ; 14.254 ; 14.122 ; 14.938 ; 14.815 ;
; y[5]       ; b           ; 11.082 ; 11.150 ; 11.352 ; 11.494 ;
; y[5]       ; c           ; 12.685 ; 12.644 ; 13.029 ; 12.914 ;
; y[5]       ; n           ; 12.000 ; 11.901 ; 12.334 ; 12.244 ;
; y[5]       ; s[5]        ; 8.798  ; 8.350  ; 8.777  ; 9.230  ;
; y[5]       ; s[6]        ; 10.917 ; 10.856 ; 11.308 ; 11.247 ;
; y[5]       ; s[7]        ; 12.569 ; 12.467 ; 12.903 ; 12.810 ;
; y[5]       ; v           ; 13.602 ; 13.498 ; 13.945 ; 13.841 ;
; y[5]       ; z           ; 12.637 ; 12.514 ; 12.980 ; 12.848 ;
; y[6]       ; b           ; 9.709  ; 9.851  ; 10.269 ; 10.337 ;
; y[6]       ; c           ; 11.386 ; 11.271 ; 11.872 ; 11.831 ;
; y[6]       ; n           ; 10.691 ; 10.601 ; 11.187 ; 11.088 ;
; y[6]       ; s[6]        ; 9.612  ; 9.306  ; 9.807  ; 10.024 ;
; y[6]       ; s[7]        ; 11.260 ; 11.167 ; 11.756 ; 11.654 ;
; y[6]       ; v           ; 12.302 ; 12.198 ; 12.789 ; 12.685 ;
; y[6]       ; z           ; 11.337 ; 11.205 ; 11.824 ; 11.701 ;
; y[7]       ; b           ; 9.400  ; 9.468  ; 9.909  ; 9.977  ;
; y[7]       ; c           ; 11.003 ; 10.962 ; 11.512 ; 11.471 ;
; y[7]       ; n           ; 10.652 ; 9.035  ; 9.658  ; 11.181 ;
; y[7]       ; s[7]        ; 11.221 ; 9.601  ; 10.227 ; 11.747 ;
; y[7]       ; v           ; 12.166 ; 12.150 ; 12.882 ; 12.778 ;
; y[7]       ; z           ; 9.771  ; 11.166 ; 11.917 ; 10.172 ;
+------------+-------------+--------+--------+--------+--------+


+--------------------------------------------------------------+
; Minimum Propagation Delay                                    ;
+------------+-------------+--------+--------+--------+--------+
; Input Port ; Output Port ; RR     ; RF     ; FR     ; FF     ;
+------------+-------------+--------+--------+--------+--------+
; i_add      ; b           ; 9.385  ; 8.595  ; 8.972  ; 10.060 ;
; i_add      ; c           ; 10.065 ; 9.679  ; 10.189 ; 10.468 ;
; i_add      ; n           ; 8.800  ; 8.462  ; 9.038  ; 9.152  ;
; i_add      ; s[0]        ; 9.181  ; 8.809  ; 9.344  ; 9.563  ;
; i_add      ; s[1]        ; 8.327  ; 8.236  ; 8.766  ; 8.666  ;
; i_add      ; s[2]        ; 7.414  ; 7.340  ; 7.853  ; 7.770  ;
; i_add      ; s[3]        ; 9.797  ; 9.743  ; 10.245 ; 10.182 ;
; i_add      ; s[4]        ; 7.486  ; 7.436  ; 7.960  ; 7.818  ;
; i_add      ; s[5]        ; 7.911  ; 7.825  ; 8.313  ; 8.326  ;
; i_add      ; s[6]        ; 9.439  ; 9.089  ; 9.693  ; 9.808  ;
; i_add      ; s[7]        ; 9.350  ; 9.009  ; 9.588  ; 9.699  ;
; i_add      ; v           ; 9.890  ; 9.977  ; 10.499 ; 10.312 ;
; i_add      ; z           ; 8.763  ; 8.669  ; 9.264  ; 9.071  ;
; i_and      ; b           ; 8.622  ; 8.733  ; 9.026  ; 9.127  ;
; i_and      ; c           ; 10.203 ; 10.118 ; 10.597 ; 10.522 ;
; i_and      ; n           ; 9.812  ; 9.687  ; 10.281 ; 10.109 ;
; i_and      ; s[0]        ; 8.883  ; 8.231  ; 8.747  ; 9.258  ;
; i_and      ; s[1]        ; 9.658  ; 9.620  ; 10.124 ; 10.037 ;
; i_and      ; s[2]        ; 8.871  ; 8.812  ; 9.273  ; 9.226  ;
; i_and      ; s[3]        ; 11.729 ; 11.649 ; 12.087 ; 12.129 ;
; i_and      ; s[4]        ; 8.327  ; 8.250  ; 8.748  ; 8.661  ;
; i_and      ; s[5]        ; 8.725  ; 8.683  ; 9.146  ; 9.073  ;
; i_and      ; s[6]        ; 9.430  ; 9.363  ; 9.900  ; 9.776  ;
; i_and      ; s[7]        ; 10.362 ; 10.234 ; 10.831 ; 10.656 ;
; i_and      ; v           ; 10.902 ; 9.395  ; 9.905  ; 11.279 ;
; i_and      ; z           ; 9.621  ; 9.483  ; 10.011 ; 9.904  ;
; i_lda      ; b           ; 9.026  ; 8.643  ; 9.037  ; 9.540  ;
; i_lda      ; c           ; 10.113 ; 9.626  ; 10.126 ; 10.533 ;
; i_lda      ; n           ; 8.752  ; 8.587  ; 9.159  ; 9.126  ;
; i_lda      ; s[0]        ; 8.990  ; 8.857  ; 9.409  ; 9.394  ;
; i_lda      ; s[1]        ; 8.753  ; 8.706  ; 9.228  ; 9.097  ;
; i_lda      ; s[2]        ; 7.599  ; 7.521  ; 8.019  ; 7.973  ;
; i_lda      ; s[3]        ; 9.710  ; 9.652  ; 10.150 ; 10.124 ;
; i_lda      ; s[4]        ; 7.268  ; 7.208  ; 7.744  ; 7.603  ;
; i_lda      ; s[5]        ; 7.559  ; 7.495  ; 7.976  ; 7.942  ;
; i_lda      ; s[6]        ; 9.391  ; 9.137  ; 9.758  ; 9.782  ;
; i_lda      ; s[7]        ; 9.302  ; 9.134  ; 9.709  ; 9.673  ;
; i_lda      ; v           ; 9.842  ; 9.251  ; 9.784  ; 10.286 ;
; i_lda      ; z           ; 8.433  ; 8.317  ; 8.880  ; 8.734  ;
; i_not      ; b           ; 10.349 ; 10.452 ; 11.026 ; 11.134 ;
; i_not      ; c           ; 11.922 ; 11.603 ; 12.214 ; 12.522 ;
; i_not      ; n           ; 10.658 ; 10.516 ; 11.227 ; 11.133 ;
; i_not      ; s[0]        ; 10.164 ; 9.194  ; 9.763  ; 10.671 ;
; i_not      ; s[1]        ; 10.930 ; 10.864 ; 11.448 ; 11.411 ;
; i_not      ; s[2]        ; 9.798  ; 9.744  ; 10.363 ; 10.300 ;
; i_not      ; s[3]        ; 12.489 ; 12.464 ; 13.049 ; 13.036 ;
; i_not      ; s[4]        ; 9.422  ; 9.362  ; 10.034 ; 9.901  ;
; i_not      ; s[5]        ; 9.972  ; 9.885  ; 10.526 ; 10.481 ;
; i_not      ; s[6]        ; 10.527 ; 10.484 ; 11.132 ; 10.968 ;
; i_not      ; s[7]        ; 11.208 ; 11.063 ; 11.777 ; 11.680 ;
; i_not      ; v           ; 10.443 ; 10.381 ; 10.903 ; 10.872 ;
; i_not      ; z           ; 10.823 ; 10.730 ; 11.419 ; 11.284 ;
; i_or       ; b           ; 9.065  ; 9.176  ; 9.486  ; 9.587  ;
; i_or       ; c           ; 10.646 ; 10.561 ; 11.057 ; 10.982 ;
; i_or       ; n           ; 10.011 ; 9.869  ; 10.527 ; 10.433 ;
; i_or       ; s[0]        ; 9.326  ; 9.187  ; 9.702  ; 9.718  ;
; i_or       ; s[1]        ; 10.101 ; 10.063 ; 10.584 ; 10.497 ;
; i_or       ; s[2]        ; 9.151  ; 9.097  ; 9.663  ; 9.600  ;
; i_or       ; s[3]        ; 11.842 ; 11.817 ; 12.349 ; 12.336 ;
; i_or       ; s[4]        ; 8.770  ; 8.693  ; 9.208  ; 9.121  ;
; i_or       ; s[5]        ; 9.168  ; 9.126  ; 9.606  ; 9.533  ;
; i_or       ; s[6]        ; 9.873  ; 9.806  ; 10.360 ; 10.236 ;
; i_or       ; s[7]        ; 10.561 ; 10.416 ; 11.077 ; 10.980 ;
; i_or       ; v           ; 11.345 ; 9.554  ; 10.082 ; 11.739 ;
; i_or       ; z           ; 10.064 ; 9.926  ; 10.471 ; 10.364 ;
; x[0]       ; b           ; 13.271 ; 13.099 ; 13.224 ; 13.296 ;
; x[0]       ; c           ; 7.517  ; 14.767 ; 14.766 ; 7.520  ;
; x[0]       ; n           ; 13.783 ; 13.640 ; 13.980 ; 13.837 ;
; x[0]       ; s[0]        ; 7.581  ; 7.815  ; 7.932  ; 7.583  ;
; x[0]       ; s[1]        ; 8.903  ; 8.866  ; 8.972  ; 8.935  ;
; x[0]       ; s[2]        ; 9.266  ; 9.252  ; 9.427  ; 9.405  ;
; x[0]       ; s[3]        ; 12.505 ; 12.467 ; 12.663 ; 12.625 ;
; x[0]       ; s[4]        ; 10.523 ; 10.421 ; 10.669 ; 10.598 ;
; x[0]       ; s[5]        ; 11.905 ; 11.868 ; 12.102 ; 12.065 ;
; x[0]       ; s[6]        ; 13.324 ; 13.284 ; 13.521 ; 13.481 ;
; x[0]       ; s[7]        ; 14.333 ; 14.187 ; 14.530 ; 14.384 ;
; x[0]       ; v           ; 15.235 ; 15.155 ; 15.432 ; 15.352 ;
; x[0]       ; z           ; 9.923  ; 9.561  ; 9.691  ; 9.912  ;
; x[1]       ; b           ; 14.491 ; 14.360 ; 14.839 ; 15.004 ;
; x[1]       ; c           ; 15.830 ; 15.987 ; 16.474 ; 16.335 ;
; x[1]       ; n           ; 15.044 ; 14.901 ; 15.646 ; 15.512 ;
; x[1]       ; s[0]        ; 10.071 ; 10.048 ; 10.616 ; 10.521 ;
; x[1]       ; s[1]        ; 9.944  ; 9.860  ; 10.453 ; 10.360 ;
; x[1]       ; s[2]        ; 10.527 ; 10.513 ; 11.042 ; 11.020 ;
; x[1]       ; s[3]        ; 13.766 ; 13.728 ; 14.278 ; 14.240 ;
; x[1]       ; s[4]        ; 11.784 ; 11.682 ; 12.284 ; 12.213 ;
; x[1]       ; s[5]        ; 13.166 ; 13.129 ; 13.780 ; 13.743 ;
; x[1]       ; s[6]        ; 14.585 ; 14.545 ; 15.229 ; 15.103 ;
; x[1]       ; s[7]        ; 15.594 ; 15.448 ; 16.196 ; 16.059 ;
; x[1]       ; v           ; 16.496 ; 16.416 ; 17.107 ; 17.027 ;
; x[1]       ; z           ; 11.272 ; 11.220 ; 11.772 ; 11.729 ;
; x[2]       ; b           ; 11.736 ; 11.710 ; 11.826 ; 11.904 ;
; x[2]       ; c           ; 13.180 ; 13.232 ; 13.374 ; 13.322 ;
; x[2]       ; n           ; 12.394 ; 12.251 ; 12.588 ; 12.445 ;
; x[2]       ; s[1]        ; 7.935  ; 7.851  ; 8.083  ; 7.990  ;
; x[2]       ; s[2]        ; 7.130  ; 7.088  ; 7.213  ; 7.199  ;
; x[2]       ; s[3]        ; 11.116 ; 11.078 ; 11.265 ; 11.227 ;
; x[2]       ; s[4]        ; 9.134  ; 9.032  ; 9.271  ; 9.200  ;
; x[2]       ; s[5]        ; 10.516 ; 10.479 ; 10.710 ; 10.673 ;
; x[2]       ; s[6]        ; 11.935 ; 11.895 ; 12.129 ; 12.089 ;
; x[2]       ; s[7]        ; 12.944 ; 12.798 ; 13.138 ; 12.992 ;
; x[2]       ; v           ; 13.846 ; 13.766 ; 14.040 ; 13.960 ;
; x[2]       ; z           ; 9.263  ; 9.131  ; 9.376  ; 9.214  ;
; x[3]       ; b           ; 10.578 ; 10.341 ; 10.494 ; 10.757 ;
; x[3]       ; c           ; 11.811 ; 12.074 ; 12.227 ; 11.990 ;
; x[3]       ; n           ; 11.025 ; 10.882 ; 11.301 ; 11.167 ;
; x[3]       ; s[2]        ; 6.815  ; 6.801  ; 6.912  ; 6.898  ;
; x[3]       ; s[3]        ; 9.259  ; 9.221  ; 9.374  ; 9.345  ;
; x[3]       ; s[4]        ; 7.765  ; 7.663  ; 7.939  ; 7.868  ;
; x[3]       ; s[5]        ; 9.147  ; 9.110  ; 9.435  ; 9.398  ;
; x[3]       ; s[6]        ; 10.566 ; 10.526 ; 10.899 ; 10.758 ;
; x[3]       ; s[7]        ; 11.575 ; 11.429 ; 11.851 ; 11.714 ;
; x[3]       ; v           ; 12.477 ; 12.397 ; 12.762 ; 12.682 ;
; x[3]       ; z           ; 8.978  ; 8.816  ; 9.075  ; 8.913  ;
; x[4]       ; b           ; 11.913 ; 11.862 ; 12.293 ; 12.436 ;
; x[4]       ; c           ; 13.332 ; 13.409 ; 13.906 ; 13.789 ;
; x[4]       ; n           ; 12.546 ; 12.403 ; 13.100 ; 12.966 ;
; x[4]       ; s[3]        ; 11.522 ; 11.484 ; 12.004 ; 11.975 ;
; x[4]       ; s[4]        ; 8.591  ; 8.504  ; 9.037  ; 8.935  ;
; x[4]       ; s[5]        ; 10.668 ; 10.631 ; 11.234 ; 11.197 ;
; x[4]       ; s[6]        ; 12.087 ; 12.047 ; 12.661 ; 12.557 ;
; x[4]       ; s[7]        ; 13.096 ; 12.950 ; 13.650 ; 13.513 ;
; x[4]       ; v           ; 13.998 ; 13.918 ; 14.561 ; 14.481 ;
; x[4]       ; z           ; 10.138 ; 10.010 ; 10.569 ; 10.456 ;
; x[5]       ; b           ; 10.407 ; 10.591 ; 11.010 ; 11.028 ;
; x[5]       ; c           ; 12.061 ; 11.903 ; 12.498 ; 12.506 ;
; x[5]       ; n           ; 11.214 ; 11.080 ; 11.712 ; 11.569 ;
; x[5]       ; s[4]        ; 9.027  ; 8.925  ; 9.536  ; 9.465  ;
; x[5]       ; s[5]        ; 8.859  ; 8.788  ; 9.389  ; 9.309  ;
; x[5]       ; s[6]        ; 10.812 ; 10.671 ; 11.253 ; 11.213 ;
; x[5]       ; s[7]        ; 11.764 ; 11.627 ; 12.262 ; 12.116 ;
; x[5]       ; v           ; 12.675 ; 12.595 ; 13.164 ; 13.084 ;
; x[5]       ; z           ; 9.726  ; 9.617  ; 10.247 ; 10.147 ;
; x[6]       ; b           ; 8.988  ; 9.547  ; 9.939  ; 9.618  ;
; x[6]       ; c           ; 11.017 ; 10.484 ; 11.088 ; 11.435 ;
; x[6]       ; n           ; 9.795  ; 9.661  ; 10.302 ; 10.159 ;
; x[6]       ; s[5]        ; 8.617  ; 8.546  ; 9.126  ; 9.051  ;
; x[6]       ; s[6]        ; 9.389  ; 9.292  ; 9.885  ; 9.779  ;
; x[6]       ; s[7]        ; 10.345 ; 10.208 ; 10.852 ; 10.706 ;
; x[6]       ; v           ; 11.256 ; 11.176 ; 11.754 ; 11.674 ;
; x[6]       ; z           ; 9.484  ; 9.375  ; 9.989  ; 9.884  ;
; x[7]       ; b           ; 8.922  ; 9.025  ; 9.481  ; 9.591  ;
; x[7]       ; c           ; 10.495 ; 10.418 ; 11.061 ; 10.977 ;
; x[7]       ; n           ; 9.231  ; 9.089  ; 9.760  ; 9.588  ;
; x[7]       ; s[6]        ; 9.836  ; 9.739  ; 10.365 ; 10.259 ;
; x[7]       ; s[7]        ; 9.781  ; 9.636  ; 10.310 ; 10.135 ;
; x[7]       ; v           ; 9.268  ; 9.191  ; 9.750  ; 9.704  ;
; x[7]       ; z           ; 9.763  ; 9.692  ; 10.262 ; 10.221 ;
; y[0]       ; b           ; 13.398 ; 13.744 ; 13.768 ; 13.393 ;
; y[0]       ; c           ; 15.214 ; 14.894 ; 14.863 ; 15.264 ;
; y[0]       ; n           ; 14.205 ; 14.071 ; 14.077 ; 13.934 ;
; y[0]       ; s[0]        ; 7.437  ; 7.241  ; 7.381  ; 7.425  ;
; y[0]       ; s[1]        ; 9.146  ; 9.109  ; 9.197  ; 9.160  ;
; y[0]       ; s[2]        ; 9.601  ; 9.579  ; 9.560  ; 9.546  ;
; y[0]       ; s[3]        ; 12.837 ; 12.799 ; 12.799 ; 12.761 ;
; y[0]       ; s[4]        ; 10.843 ; 10.772 ; 10.817 ; 10.715 ;
; y[0]       ; s[5]        ; 12.339 ; 12.302 ; 12.199 ; 12.162 ;
; y[0]       ; s[6]        ; 13.803 ; 13.662 ; 13.618 ; 13.578 ;
; y[0]       ; s[7]        ; 14.755 ; 14.618 ; 14.627 ; 14.481 ;
; y[0]       ; v           ; 15.666 ; 15.586 ; 15.529 ; 15.449 ;
; y[0]       ; z           ; 9.349  ; 9.417  ; 9.533  ; 9.361  ;
; y[1]       ; b           ; 13.282 ; 13.557 ; 14.026 ; 13.807 ;
; y[1]       ; c           ; 15.027 ; 14.778 ; 15.277 ; 15.522 ;
; y[1]       ; n           ; 14.089 ; 13.955 ; 14.491 ; 14.348 ;
; y[1]       ; s[1]        ; 9.075  ; 9.011  ; 9.575  ; 9.502  ;
; y[1]       ; s[2]        ; 9.485  ; 9.463  ; 9.974  ; 9.960  ;
; y[1]       ; s[3]        ; 12.721 ; 12.683 ; 13.213 ; 13.175 ;
; y[1]       ; s[4]        ; 10.727 ; 10.656 ; 11.231 ; 11.129 ;
; y[1]       ; s[5]        ; 12.223 ; 12.186 ; 12.613 ; 12.576 ;
; y[1]       ; s[6]        ; 13.687 ; 13.546 ; 14.032 ; 13.992 ;
; y[1]       ; s[7]        ; 14.639 ; 14.502 ; 15.041 ; 14.895 ;
; y[1]       ; v           ; 15.550 ; 15.470 ; 15.943 ; 15.863 ;
; y[1]       ; z           ; 10.423 ; 10.351 ; 10.914 ; 10.851 ;
; y[2]       ; b           ; 12.861 ; 12.764 ; 13.223 ; 13.339 ;
; y[2]       ; c           ; 14.234 ; 14.357 ; 14.809 ; 14.719 ;
; y[2]       ; n           ; 13.448 ; 13.305 ; 14.023 ; 13.880 ;
; y[2]       ; s[2]        ; 8.468  ; 8.412  ; 8.910  ; 8.885  ;
; y[2]       ; s[3]        ; 12.170 ; 12.132 ; 12.662 ; 12.624 ;
; y[2]       ; s[4]        ; 10.188 ; 10.086 ; 10.668 ; 10.597 ;
; y[2]       ; s[5]        ; 11.570 ; 11.533 ; 12.145 ; 12.108 ;
; y[2]       ; s[6]        ; 12.989 ; 12.949 ; 13.564 ; 13.487 ;
; y[2]       ; s[7]        ; 13.998 ; 13.852 ; 14.573 ; 14.427 ;
; y[2]       ; v           ; 14.900 ; 14.820 ; 15.475 ; 15.395 ;
; y[2]       ; z           ; 10.589 ; 10.469 ; 11.062 ; 10.911 ;
; y[3]       ; b           ; 11.721 ; 11.868 ; 12.334 ; 12.205 ;
; y[3]       ; c           ; 13.338 ; 13.217 ; 13.675 ; 13.830 ;
; y[3]       ; n           ; 12.528 ; 12.394 ; 12.889 ; 12.746 ;
; y[3]       ; s[3]        ; 10.739 ; 10.708 ; 11.190 ; 11.190 ;
; y[3]       ; s[4]        ; 9.166  ; 9.095  ; 9.629  ; 9.527  ;
; y[3]       ; s[5]        ; 10.662 ; 10.625 ; 11.011 ; 10.974 ;
; y[3]       ; s[6]        ; 12.093 ; 11.985 ; 12.430 ; 12.390 ;
; y[3]       ; s[7]        ; 13.078 ; 12.941 ; 13.439 ; 13.293 ;
; y[3]       ; v           ; 13.989 ; 13.909 ; 14.341 ; 14.261 ;
; y[3]       ; z           ; 10.729 ; 10.585 ; 11.161 ; 11.048 ;
; y[4]       ; b           ; 10.922 ; 11.250 ; 11.720 ; 11.535 ;
; y[4]       ; c           ; 12.720 ; 12.418 ; 13.005 ; 13.216 ;
; y[4]       ; n           ; 11.729 ; 11.595 ; 12.219 ; 12.076 ;
; y[4]       ; s[4]        ; 7.972  ; 7.872  ; 8.492  ; 8.383  ;
; y[4]       ; s[5]        ; 9.863  ; 9.826  ; 10.341 ; 10.304 ;
; y[4]       ; s[6]        ; 11.327 ; 11.186 ; 11.760 ; 11.720 ;
; y[4]       ; s[7]        ; 12.279 ; 12.142 ; 12.769 ; 12.623 ;
; y[4]       ; v           ; 13.190 ; 13.110 ; 13.671 ; 13.591 ;
; y[4]       ; z           ; 9.506  ; 9.391  ; 10.017 ; 9.911  ;
; y[5]       ; b           ; 9.682  ; 9.581  ; 9.894  ; 10.216 ;
; y[5]       ; c           ; 11.051 ; 11.178 ; 11.686 ; 11.390 ;
; y[5]       ; n           ; 10.265 ; 10.122 ; 10.701 ; 10.567 ;
; y[5]       ; s[5]        ; 8.011  ; 7.972  ; 8.426  ; 8.418  ;
; y[5]       ; s[6]        ; 9.806  ; 9.766  ; 10.299 ; 10.158 ;
; y[5]       ; s[7]        ; 10.815 ; 10.669 ; 11.251 ; 11.114 ;
; y[5]       ; v           ; 11.717 ; 11.637 ; 12.162 ; 12.082 ;
; y[5]       ; z           ; 8.910  ; 8.769  ; 9.356  ; 9.184  ;
; y[6]       ; b           ; 8.618  ; 8.953  ; 9.263  ; 9.188  ;
; y[6]       ; c           ; 10.423 ; 10.114 ; 10.658 ; 10.759 ;
; y[6]       ; n           ; 9.425  ; 9.291  ; 9.872  ; 9.729  ;
; y[6]       ; s[6]        ; 8.764  ; 8.919  ; 9.450  ; 9.097  ;
; y[6]       ; s[7]        ; 9.975  ; 9.838  ; 10.422 ; 10.276 ;
; y[6]       ; v           ; 10.886 ; 10.806 ; 11.324 ; 11.244 ;
; y[6]       ; z           ; 9.758  ; 9.395  ; 9.936  ; 10.081 ;
; y[7]       ; b           ; 8.910  ; 9.013  ; 9.414  ; 9.517  ;
; y[7]       ; c           ; 10.483 ; 10.406 ; 10.987 ; 10.910 ;
; y[7]       ; n           ; 8.819  ; 8.714  ; 9.323  ; 9.209  ;
; y[7]       ; s[7]        ; 9.369  ; 9.261  ; 9.873  ; 9.756  ;
; y[7]       ; v           ; 10.280 ; 10.219 ; 10.784 ; 10.723 ;
; y[7]       ; z           ; 9.388  ; 9.280  ; 9.883  ; 9.784  ;
+------------+-------------+--------+--------+--------+--------+


----------------------------------------------
; Slow 1200mV 85C Model Metastability Report ;
----------------------------------------------
No synchronizer chains to report.


-------------------------------------
; Slow 1200mV 0C Model Fmax Summary ;
-------------------------------------
No paths to report.


--------------------------------------
; Slow 1200mV 0C Model Setup Summary ;
--------------------------------------
No paths to report.


-------------------------------------
; Slow 1200mV 0C Model Hold Summary ;
-------------------------------------
No paths to report.


-----------------------------------------
; Slow 1200mV 0C Model Recovery Summary ;
-----------------------------------------
No paths to report.


----------------------------------------
; Slow 1200mV 0C Model Removal Summary ;
----------------------------------------
No paths to report.


----------------------------------------------------
; Slow 1200mV 0C Model Minimum Pulse Width Summary ;
----------------------------------------------------
No paths to report.


+--------------------------------------------------------------+
; Propagation Delay                                            ;
+------------+-------------+--------+--------+--------+--------+
; Input Port ; Output Port ; RR     ; RF     ; FR     ; FF     ;
+------------+-------------+--------+--------+--------+--------+
; i_add      ; b           ; 18.130 ; 18.246 ; 18.601 ; 18.717 ;
; i_add      ; c           ; 19.616 ; 19.544 ; 20.087 ; 20.015 ;
; i_add      ; n           ; 19.021 ; 18.874 ; 19.492 ; 19.345 ;
; i_add      ; s[0]        ; 10.080 ; 10.025 ; 10.489 ; 10.370 ;
; i_add      ; s[1]        ; 11.914 ; 11.844 ; 12.311 ; 12.241 ;
; i_add      ; s[2]        ; 12.664 ; 12.567 ; 13.074 ; 12.983 ;
; i_add      ; s[3]        ; 16.061 ; 15.986 ; 16.532 ; 16.457 ;
; i_add      ; s[4]        ; 14.473 ; 14.389 ; 14.944 ; 14.860 ;
; i_add      ; s[5]        ; 16.231 ; 16.194 ; 16.702 ; 16.665 ;
; i_add      ; s[6]        ; 18.043 ; 17.941 ; 18.514 ; 18.412 ;
; i_add      ; s[7]        ; 19.577 ; 19.378 ; 20.048 ; 19.849 ;
; i_add      ; v           ; 20.402 ; 20.318 ; 20.873 ; 20.789 ;
; i_add      ; z           ; 19.555 ; 19.466 ; 20.026 ; 19.937 ;
; i_and      ; b           ; 19.110 ; 19.226 ; 19.559 ; 19.675 ;
; i_and      ; c           ; 20.596 ; 20.524 ; 21.045 ; 20.973 ;
; i_and      ; n           ; 20.001 ; 19.854 ; 20.450 ; 20.303 ;
; i_and      ; s[0]        ; 11.060 ; 11.005 ; 11.447 ; 11.328 ;
; i_and      ; s[1]        ; 12.894 ; 12.824 ; 13.269 ; 13.199 ;
; i_and      ; s[2]        ; 13.644 ; 13.547 ; 14.032 ; 13.941 ;
; i_and      ; s[3]        ; 17.041 ; 16.966 ; 17.490 ; 17.415 ;
; i_and      ; s[4]        ; 15.453 ; 15.369 ; 15.902 ; 15.818 ;
; i_and      ; s[5]        ; 17.211 ; 17.174 ; 17.660 ; 17.623 ;
; i_and      ; s[6]        ; 19.023 ; 18.921 ; 19.472 ; 19.370 ;
; i_and      ; s[7]        ; 20.557 ; 20.358 ; 21.006 ; 20.807 ;
; i_and      ; v           ; 21.382 ; 21.298 ; 21.831 ; 21.747 ;
; i_and      ; z           ; 20.535 ; 20.446 ; 20.984 ; 20.895 ;
; i_lda      ; b           ; 19.500 ; 19.616 ; 19.962 ; 20.078 ;
; i_lda      ; c           ; 20.986 ; 20.914 ; 21.448 ; 21.376 ;
; i_lda      ; n           ; 20.391 ; 20.244 ; 20.853 ; 20.706 ;
; i_lda      ; s[0]        ; 11.450 ; 11.395 ; 11.850 ; 11.731 ;
; i_lda      ; s[1]        ; 13.284 ; 13.214 ; 13.672 ; 13.602 ;
; i_lda      ; s[2]        ; 14.034 ; 13.937 ; 14.435 ; 14.344 ;
; i_lda      ; s[3]        ; 17.431 ; 17.356 ; 17.893 ; 17.818 ;
; i_lda      ; s[4]        ; 15.843 ; 15.759 ; 16.305 ; 16.221 ;
; i_lda      ; s[5]        ; 17.601 ; 17.564 ; 18.063 ; 18.026 ;
; i_lda      ; s[6]        ; 19.413 ; 19.311 ; 19.875 ; 19.773 ;
; i_lda      ; s[7]        ; 20.947 ; 20.748 ; 21.409 ; 21.210 ;
; i_lda      ; v           ; 21.772 ; 21.688 ; 22.234 ; 22.150 ;
; i_lda      ; z           ; 20.925 ; 20.836 ; 21.387 ; 21.298 ;
; i_not      ; b           ; 19.974 ; 20.090 ; 20.504 ; 20.620 ;
; i_not      ; c           ; 21.460 ; 21.388 ; 21.990 ; 21.918 ;
; i_not      ; n           ; 20.865 ; 20.718 ; 21.395 ; 21.248 ;
; i_not      ; s[0]        ; 11.924 ; 11.869 ; 12.392 ; 12.273 ;
; i_not      ; s[1]        ; 13.758 ; 13.688 ; 14.214 ; 14.144 ;
; i_not      ; s[2]        ; 14.508 ; 14.411 ; 14.977 ; 14.886 ;
; i_not      ; s[3]        ; 17.905 ; 17.830 ; 18.435 ; 18.360 ;
; i_not      ; s[4]        ; 16.317 ; 16.233 ; 16.847 ; 16.763 ;
; i_not      ; s[5]        ; 18.075 ; 18.038 ; 18.605 ; 18.568 ;
; i_not      ; s[6]        ; 19.887 ; 19.785 ; 20.417 ; 20.315 ;
; i_not      ; s[7]        ; 21.421 ; 21.222 ; 21.951 ; 21.752 ;
; i_not      ; v           ; 22.246 ; 22.162 ; 22.776 ; 22.692 ;
; i_not      ; z           ; 21.399 ; 21.310 ; 21.929 ; 21.840 ;
; i_or       ; b           ; 19.529 ; 19.645 ; 19.993 ; 20.109 ;
; i_or       ; c           ; 21.015 ; 20.943 ; 21.479 ; 21.407 ;
; i_or       ; n           ; 20.420 ; 20.273 ; 20.884 ; 20.737 ;
; i_or       ; s[0]        ; 11.479 ; 11.424 ; 11.881 ; 11.762 ;
; i_or       ; s[1]        ; 13.313 ; 13.243 ; 13.703 ; 13.633 ;
; i_or       ; s[2]        ; 14.063 ; 13.966 ; 14.466 ; 14.375 ;
; i_or       ; s[3]        ; 17.460 ; 17.385 ; 17.924 ; 17.849 ;
; i_or       ; s[4]        ; 15.872 ; 15.788 ; 16.336 ; 16.252 ;
; i_or       ; s[5]        ; 17.630 ; 17.593 ; 18.094 ; 18.057 ;
; i_or       ; s[6]        ; 19.442 ; 19.340 ; 19.906 ; 19.804 ;
; i_or       ; s[7]        ; 20.976 ; 20.777 ; 21.440 ; 21.241 ;
; i_or       ; v           ; 21.801 ; 21.717 ; 22.265 ; 22.181 ;
; i_or       ; z           ; 20.954 ; 20.865 ; 21.418 ; 21.329 ;
; x[0]       ; b           ; 15.970 ; 16.146 ; 16.303 ; 16.419 ;
; x[0]       ; c           ; 17.516 ; 17.384 ; 17.789 ; 17.717 ;
; x[0]       ; n           ; 16.902 ; 16.755 ; 17.194 ; 17.047 ;
; x[0]       ; s[0]        ; 8.059  ; 8.004  ; 8.191  ; 8.072  ;
; x[0]       ; s[1]        ; 9.893  ; 9.823  ; 10.013 ; 9.943  ;
; x[0]       ; s[2]        ; 10.643 ; 10.546 ; 10.776 ; 10.685 ;
; x[0]       ; s[3]        ; 14.032 ; 13.957 ; 14.234 ; 14.159 ;
; x[0]       ; s[4]        ; 12.437 ; 12.357 ; 12.646 ; 12.562 ;
; x[0]       ; s[5]        ; 14.109 ; 14.072 ; 14.404 ; 14.367 ;
; x[0]       ; s[6]        ; 15.927 ; 15.825 ; 16.216 ; 16.114 ;
; x[0]       ; s[7]        ; 17.458 ; 17.259 ; 17.750 ; 17.551 ;
; x[0]       ; v           ; 18.283 ; 18.199 ; 18.575 ; 18.491 ;
; x[0]       ; z           ; 17.436 ; 17.347 ; 17.728 ; 17.639 ;
; x[1]       ; b           ; 17.175 ; 17.351 ; 17.778 ; 17.894 ;
; x[1]       ; c           ; 18.721 ; 18.589 ; 19.264 ; 19.192 ;
; x[1]       ; n           ; 18.107 ; 17.960 ; 18.669 ; 18.522 ;
; x[1]       ; s[0]        ; 9.264  ; 9.209  ; 9.666  ; 9.547  ;
; x[1]       ; s[1]        ; 11.098 ; 11.028 ; 11.488 ; 11.418 ;
; x[1]       ; s[2]        ; 11.848 ; 11.751 ; 12.251 ; 12.160 ;
; x[1]       ; s[3]        ; 15.237 ; 15.162 ; 15.709 ; 15.634 ;
; x[1]       ; s[4]        ; 13.642 ; 13.562 ; 14.121 ; 14.037 ;
; x[1]       ; s[5]        ; 15.314 ; 15.277 ; 15.879 ; 15.842 ;
; x[1]       ; s[6]        ; 17.132 ; 17.030 ; 17.691 ; 17.589 ;
; x[1]       ; s[7]        ; 18.663 ; 18.464 ; 19.225 ; 19.026 ;
; x[1]       ; v           ; 19.488 ; 19.404 ; 20.050 ; 19.966 ;
; x[1]       ; z           ; 18.641 ; 18.552 ; 19.203 ; 19.114 ;
; x[2]       ; b           ; 13.798 ; 13.914 ; 13.936 ; 14.052 ;
; x[2]       ; c           ; 15.284 ; 15.212 ; 15.422 ; 15.350 ;
; x[2]       ; n           ; 14.689 ; 14.542 ; 14.827 ; 14.680 ;
; x[2]       ; s[1]        ; 8.135  ; 7.741  ; 7.963  ; 8.201  ;
; x[2]       ; s[2]        ; 8.287  ; 8.190  ; 8.419  ; 8.322  ;
; x[2]       ; s[3]        ; 11.729 ; 11.654 ; 11.867 ; 11.792 ;
; x[2]       ; s[4]        ; 10.141 ; 10.057 ; 10.279 ; 10.195 ;
; x[2]       ; s[5]        ; 11.899 ; 11.862 ; 12.037 ; 12.000 ;
; x[2]       ; s[6]        ; 13.711 ; 13.609 ; 13.849 ; 13.747 ;
; x[2]       ; s[7]        ; 15.245 ; 15.046 ; 15.383 ; 15.184 ;
; x[2]       ; v           ; 16.070 ; 15.986 ; 16.208 ; 16.124 ;
; x[2]       ; z           ; 15.223 ; 15.134 ; 15.361 ; 15.272 ;
; x[3]       ; b           ; 12.245 ; 12.421 ; 12.481 ; 12.597 ;
; x[3]       ; c           ; 13.791 ; 13.659 ; 13.967 ; 13.895 ;
; x[3]       ; n           ; 13.177 ; 13.030 ; 13.372 ; 13.225 ;
; x[3]       ; s[2]        ; 6.828  ; 6.694  ; 6.925  ; 6.831  ;
; x[3]       ; s[3]        ; 10.307 ; 10.232 ; 10.412 ; 10.337 ;
; x[3]       ; s[4]        ; 8.712  ; 8.632  ; 8.824  ; 8.740  ;
; x[3]       ; s[5]        ; 10.384 ; 10.347 ; 10.582 ; 10.545 ;
; x[3]       ; s[6]        ; 12.202 ; 12.100 ; 12.394 ; 12.292 ;
; x[3]       ; s[7]        ; 13.733 ; 13.534 ; 13.928 ; 13.729 ;
; x[3]       ; v           ; 14.558 ; 14.474 ; 14.753 ; 14.669 ;
; x[3]       ; z           ; 13.711 ; 13.622 ; 13.906 ; 13.817 ;
; x[4]       ; b           ; 13.263 ; 13.379 ; 13.518 ; 13.694 ;
; x[4]       ; c           ; 14.749 ; 14.677 ; 15.064 ; 14.932 ;
; x[4]       ; n           ; 14.154 ; 14.007 ; 14.450 ; 14.303 ;
; x[4]       ; s[3]        ; 10.877 ; 10.770 ; 11.230 ; 11.168 ;
; x[4]       ; s[4]        ; 9.606  ; 9.522  ; 9.985  ; 9.905  ;
; x[4]       ; s[5]        ; 11.364 ; 11.327 ; 11.657 ; 11.620 ;
; x[4]       ; s[6]        ; 13.176 ; 13.074 ; 13.475 ; 13.373 ;
; x[4]       ; s[7]        ; 14.710 ; 14.511 ; 15.006 ; 14.807 ;
; x[4]       ; v           ; 15.535 ; 15.451 ; 15.831 ; 15.747 ;
; x[4]       ; z           ; 14.688 ; 14.599 ; 14.984 ; 14.895 ;
; x[5]       ; b           ; 12.897 ; 13.073 ; 13.387 ; 13.503 ;
; x[5]       ; c           ; 14.443 ; 14.311 ; 14.873 ; 14.801 ;
; x[5]       ; n           ; 13.829 ; 13.682 ; 14.278 ; 14.131 ;
; x[5]       ; s[4]        ; 9.486  ; 8.412  ; 8.909  ; 9.795  ;
; x[5]       ; s[5]        ; 11.036 ; 10.999 ; 11.488 ; 11.451 ;
; x[5]       ; s[6]        ; 12.854 ; 12.752 ; 13.300 ; 13.198 ;
; x[5]       ; s[7]        ; 14.385 ; 14.186 ; 14.834 ; 14.635 ;
; x[5]       ; v           ; 15.210 ; 15.126 ; 15.659 ; 15.575 ;
; x[5]       ; z           ; 14.363 ; 14.274 ; 14.812 ; 14.723 ;
; x[6]       ; b           ; 10.223 ; 10.399 ; 10.681 ; 10.797 ;
; x[6]       ; c           ; 11.769 ; 11.637 ; 12.167 ; 12.095 ;
; x[6]       ; n           ; 11.155 ; 11.008 ; 11.572 ; 11.425 ;
; x[6]       ; s[5]        ; 8.665  ; 7.995  ; 8.440  ; 9.047  ;
; x[6]       ; s[6]        ; 10.180 ; 10.078 ; 10.594 ; 10.492 ;
; x[6]       ; s[7]        ; 11.711 ; 11.512 ; 12.128 ; 11.929 ;
; x[6]       ; v           ; 12.536 ; 12.452 ; 12.953 ; 12.869 ;
; x[6]       ; z           ; 11.689 ; 11.600 ; 12.106 ; 12.017 ;
; x[7]       ; b           ; 9.659  ; 9.835  ; 10.116 ; 10.232 ;
; x[7]       ; c           ; 11.205 ; 11.073 ; 11.602 ; 11.530 ;
; x[7]       ; n           ; 10.591 ; 10.444 ; 11.007 ; 10.860 ;
; x[7]       ; s[6]        ; 9.612  ; 9.510  ; 10.022 ; 9.915  ;
; x[7]       ; s[7]        ; 11.147 ; 10.948 ; 11.563 ; 11.364 ;
; x[7]       ; v           ; 11.972 ; 11.888 ; 12.388 ; 12.304 ;
; x[7]       ; z           ; 11.125 ; 11.036 ; 11.541 ; 11.452 ;
; y[0]       ; b           ; 15.067 ; 15.243 ; 15.436 ; 15.552 ;
; y[0]       ; c           ; 16.613 ; 16.481 ; 16.922 ; 16.850 ;
; y[0]       ; n           ; 15.999 ; 15.852 ; 16.327 ; 16.180 ;
; y[0]       ; s[0]        ; 7.478  ; 6.670  ; 6.860  ; 7.521  ;
; y[0]       ; s[1]        ; 8.990  ; 8.920  ; 9.146  ; 9.076  ;
; y[0]       ; s[2]        ; 9.740  ; 9.643  ; 9.909  ; 9.818  ;
; y[0]       ; s[3]        ; 13.129 ; 13.054 ; 13.367 ; 13.292 ;
; y[0]       ; s[4]        ; 11.534 ; 11.454 ; 11.779 ; 11.695 ;
; y[0]       ; s[5]        ; 13.206 ; 13.169 ; 13.537 ; 13.500 ;
; y[0]       ; s[6]        ; 15.024 ; 14.922 ; 15.349 ; 15.247 ;
; y[0]       ; s[7]        ; 16.555 ; 16.356 ; 16.883 ; 16.684 ;
; y[0]       ; v           ; 17.380 ; 17.296 ; 17.708 ; 17.624 ;
; y[0]       ; z           ; 16.533 ; 16.444 ; 16.861 ; 16.772 ;
; y[1]       ; b           ; 14.469 ; 14.645 ; 15.040 ; 15.156 ;
; y[1]       ; c           ; 16.015 ; 15.883 ; 16.526 ; 16.454 ;
; y[1]       ; n           ; 15.401 ; 15.254 ; 15.931 ; 15.784 ;
; y[1]       ; s[1]        ; 9.017  ; 8.291  ; 8.787  ; 9.334  ;
; y[1]       ; s[2]        ; 9.142  ; 9.045  ; 9.513  ; 9.422  ;
; y[1]       ; s[3]        ; 12.531 ; 12.456 ; 12.971 ; 12.896 ;
; y[1]       ; s[4]        ; 10.936 ; 10.856 ; 11.383 ; 11.299 ;
; y[1]       ; s[5]        ; 12.608 ; 12.571 ; 13.141 ; 13.104 ;
; y[1]       ; s[6]        ; 14.426 ; 14.324 ; 14.953 ; 14.851 ;
; y[1]       ; s[7]        ; 15.957 ; 15.758 ; 16.487 ; 16.288 ;
; y[1]       ; v           ; 16.782 ; 16.698 ; 17.312 ; 17.228 ;
; y[1]       ; z           ; 15.935 ; 15.846 ; 16.465 ; 16.376 ;
; y[2]       ; b           ; 13.522 ; 13.638 ; 13.766 ; 13.935 ;
; y[2]       ; c           ; 15.008 ; 14.936 ; 15.305 ; 15.180 ;
; y[2]       ; n           ; 14.413 ; 14.266 ; 14.691 ; 14.544 ;
; y[2]       ; s[2]        ; 8.073  ; 7.754  ; 8.223  ; 8.342  ;
; y[2]       ; s[3]        ; 11.453 ; 11.378 ; 11.821 ; 11.746 ;
; y[2]       ; s[4]        ; 9.865  ; 9.781  ; 10.226 ; 10.146 ;
; y[2]       ; s[5]        ; 11.623 ; 11.586 ; 11.898 ; 11.861 ;
; y[2]       ; s[6]        ; 13.435 ; 13.333 ; 13.716 ; 13.614 ;
; y[2]       ; s[7]        ; 14.969 ; 14.770 ; 15.247 ; 15.048 ;
; y[2]       ; v           ; 15.794 ; 15.710 ; 16.072 ; 15.988 ;
; y[2]       ; z           ; 14.947 ; 14.858 ; 15.225 ; 15.136 ;
; y[3]       ; b           ; 12.166 ; 12.342 ; 12.684 ; 12.800 ;
; y[3]       ; c           ; 13.712 ; 13.580 ; 14.170 ; 14.098 ;
; y[3]       ; n           ; 13.098 ; 12.951 ; 13.575 ; 13.428 ;
; y[3]       ; s[3]        ; 10.257 ; 9.864  ; 10.305 ; 10.570 ;
; y[3]       ; s[4]        ; 8.633  ; 8.553  ; 9.027  ; 8.943  ;
; y[3]       ; s[5]        ; 10.305 ; 10.268 ; 10.785 ; 10.748 ;
; y[3]       ; s[6]        ; 12.123 ; 12.021 ; 12.597 ; 12.495 ;
; y[3]       ; s[7]        ; 13.654 ; 13.455 ; 14.131 ; 13.932 ;
; y[3]       ; v           ; 14.479 ; 14.395 ; 14.956 ; 14.872 ;
; y[3]       ; z           ; 13.632 ; 13.543 ; 14.109 ; 14.020 ;
; y[4]       ; b           ; 11.310 ; 11.486 ; 11.792 ; 11.908 ;
; y[4]       ; c           ; 12.856 ; 12.724 ; 13.278 ; 13.206 ;
; y[4]       ; n           ; 12.242 ; 12.095 ; 12.683 ; 12.536 ;
; y[4]       ; s[4]        ; 8.350  ; 7.221  ; 7.743  ; 8.733  ;
; y[4]       ; s[5]        ; 9.449  ; 9.412  ; 9.893  ; 9.856  ;
; y[4]       ; s[6]        ; 11.267 ; 11.165 ; 11.705 ; 11.603 ;
; y[4]       ; s[7]        ; 12.798 ; 12.599 ; 13.239 ; 13.040 ;
; y[4]       ; v           ; 13.623 ; 13.539 ; 14.064 ; 13.980 ;
; y[4]       ; z           ; 12.776 ; 12.687 ; 13.217 ; 13.128 ;
; y[5]       ; b           ; 9.781  ; 9.897  ; 10.081 ; 10.257 ;
; y[5]       ; c           ; 11.267 ; 11.195 ; 11.627 ; 11.495 ;
; y[5]       ; n           ; 10.672 ; 10.525 ; 11.013 ; 10.866 ;
; y[5]       ; s[5]        ; 7.817  ; 7.372  ; 7.749  ; 8.122  ;
; y[5]       ; s[6]        ; 9.694  ; 9.592  ; 10.038 ; 9.936  ;
; y[5]       ; s[7]        ; 11.228 ; 11.029 ; 11.569 ; 11.370 ;
; y[5]       ; v           ; 12.053 ; 11.969 ; 12.394 ; 12.310 ;
; y[5]       ; z           ; 11.206 ; 11.117 ; 11.547 ; 11.458 ;
; y[6]       ; b           ; 8.628  ; 8.804  ; 9.030  ; 9.146  ;
; y[6]       ; c           ; 10.174 ; 10.042 ; 10.516 ; 10.444 ;
; y[6]       ; n           ; 9.560  ; 9.413  ; 9.921  ; 9.774  ;
; y[6]       ; s[6]        ; 8.553  ; 8.220  ; 8.678  ; 8.821  ;
; y[6]       ; s[7]        ; 10.116 ; 9.917  ; 10.477 ; 10.278 ;
; y[6]       ; v           ; 10.941 ; 10.857 ; 11.302 ; 11.218 ;
; y[6]       ; z           ; 10.094 ; 10.005 ; 10.455 ; 10.366 ;
; y[7]       ; b           ; 8.317  ; 8.433  ; 8.709  ; 8.825  ;
; y[7]       ; c           ; 9.803  ; 9.731  ; 10.195 ; 10.123 ;
; y[7]       ; n           ; 9.508  ; 7.997  ; 8.542  ; 9.834  ;
; y[7]       ; s[7]        ; 10.064 ; 8.501  ; 9.098  ; 10.338 ;
; y[7]       ; v           ; 10.854 ; 10.805 ; 11.362 ; 11.235 ;
; y[7]       ; z           ; 8.678  ; 9.953  ; 10.515 ; 8.987  ;
+------------+-------------+--------+--------+--------+--------+


+--------------------------------------------------------------+
; Minimum Propagation Delay                                    ;
+------------+-------------+--------+--------+--------+--------+
; Input Port ; Output Port ; RR     ; RF     ; FR     ; FF     ;
+------------+-------------+--------+--------+--------+--------+
; i_add      ; b           ; 8.347  ; 7.679  ; 7.889  ; 8.909  ;
; i_add      ; c           ; 8.991  ; 8.577  ; 9.035  ; 9.245  ;
; i_add      ; n           ; 7.834  ; 7.469  ; 7.983  ; 8.030  ;
; i_add      ; s[0]        ; 8.127  ; 7.775  ; 8.215  ; 8.374  ;
; i_add      ; s[1]        ; 7.387  ; 7.281  ; 7.745  ; 7.633  ;
; i_add      ; s[2]        ; 6.580  ; 6.457  ; 6.938  ; 6.809  ;
; i_add      ; s[3]        ; 8.683  ; 8.605  ; 9.045  ; 8.961  ;
; i_add      ; s[4]        ; 6.611  ; 6.565  ; 6.986  ; 6.854  ;
; i_add      ; s[5]        ; 7.002  ; 6.916  ; 7.313  ; 7.312  ;
; i_add      ; s[6]        ; 8.420  ; 8.076  ; 8.574  ; 8.630  ;
; i_add      ; s[7]        ; 8.373  ; 7.957  ; 8.522  ; 8.518  ;
; i_add      ; v           ; 8.788  ; 8.797  ; 9.284  ; 9.045  ;
; i_add      ; z           ; 7.785  ; 7.666  ; 8.181  ; 7.977  ;
; i_and      ; b           ; 7.611  ; 7.763  ; 7.963  ; 8.103  ;
; i_and      ; c           ; 9.075  ; 8.967  ; 9.415  ; 9.319  ;
; i_and      ; n           ; 8.726  ; 8.565  ; 9.119  ; 8.929  ;
; i_and      ; s[0]        ; 7.846  ; 7.233  ; 7.681  ; 8.107  ;
; i_and      ; s[1]        ; 8.588  ; 8.526  ; 8.982  ; 8.878  ;
; i_and      ; s[2]        ; 7.892  ; 7.774  ; 8.237  ; 8.133  ;
; i_and      ; s[3]        ; 10.423 ; 10.297 ; 10.732 ; 10.714 ;
; i_and      ; s[4]        ; 7.367  ; 7.282  ; 7.727  ; 7.635  ;
; i_and      ; s[5]        ; 7.746  ; 7.678  ; 8.106  ; 8.010  ;
; i_and      ; s[6]        ; 8.386  ; 8.273  ; 8.784  ; 8.619  ;
; i_and      ; s[7]        ; 9.265  ; 9.053  ; 9.658  ; 9.417  ;
; i_and      ; v           ; 9.680  ; 8.282  ; 8.747  ; 9.945  ;
; i_and      ; z           ; 8.547  ; 8.410  ; 8.879  ; 8.770  ;
; i_lda      ; b           ; 7.981  ; 7.716  ; 7.946  ; 8.470  ;
; i_lda      ; c           ; 9.028  ; 8.532  ; 8.992  ; 9.302  ;
; i_lda      ; n           ; 7.794  ; 7.582  ; 8.095  ; 8.019  ;
; i_lda      ; s[0]        ; 7.954  ; 7.812  ; 8.272  ; 8.226  ;
; i_lda      ; s[1]        ; 7.782  ; 7.714  ; 8.159  ; 8.019  ;
; i_lda      ; s[2]        ; 6.752  ; 6.625  ; 7.096  ; 6.998  ;
; i_lda      ; s[3]        ; 8.610  ; 8.528  ; 8.961  ; 8.908  ;
; i_lda      ; s[4]        ; 6.409  ; 6.356  ; 6.801  ; 6.670  ;
; i_lda      ; s[5]        ; 6.684  ; 6.612  ; 7.028  ; 6.984  ;
; i_lda      ; s[6]        ; 8.379  ; 8.113  ; 8.631  ; 8.619  ;
; i_lda      ; s[7]        ; 8.333  ; 8.070  ; 8.634  ; 8.507  ;
; i_lda      ; v           ; 8.748  ; 8.159  ; 8.646  ; 9.034  ;
; i_lda      ; z           ; 7.481  ; 7.348  ; 7.853  ; 7.692  ;
; i_not      ; b           ; 9.215  ; 9.356  ; 9.712  ; 9.863  ;
; i_not      ; c           ; 10.668 ; 10.332 ; 10.846 ; 11.068 ;
; i_not      ; n           ; 9.517  ; 9.355  ; 9.949  ; 9.813  ;
; i_not      ; s[0]        ; 9.017  ; 8.105  ; 8.596  ; 9.366  ;
; i_not      ; s[1]        ; 9.747  ; 9.680  ; 10.172 ; 10.110 ;
; i_not      ; s[2]        ; 8.760  ; 8.646  ; 9.185  ; 9.065  ;
; i_not      ; s[3]        ; 11.150 ; 11.071 ; 11.572 ; 11.500 ;
; i_not      ; s[4]        ; 8.381  ; 8.316  ; 8.844  ; 8.716  ;
; i_not      ; s[5]        ; 8.898  ; 8.796  ; 9.310  ; 9.241  ;
; i_not      ; s[6]        ; 9.408  ; 9.316  ; 9.868  ; 9.670  ;
; i_not      ; s[7]        ; 10.056 ; 9.843  ; 10.488 ; 10.301 ;
; i_not      ; v           ; 9.301  ; 9.158  ; 9.672  ; 9.557  ;
; i_not      ; z           ; 9.665  ; 9.562  ; 10.110 ; 9.974  ;
; i_or       ; b           ; 8.012  ; 8.164  ; 8.379  ; 8.519  ;
; i_or       ; c           ; 9.476  ; 9.368  ; 9.831  ; 9.735  ;
; i_or       ; n           ; 8.932  ; 8.770  ; 9.327  ; 9.191  ;
; i_or       ; s[0]        ; 8.247  ; 8.089  ; 8.548  ; 8.523  ;
; i_or       ; s[1]        ; 8.989  ; 8.927  ; 9.398  ; 9.294  ;
; i_or       ; s[2]        ; 8.175  ; 8.061  ; 8.563  ; 8.443  ;
; i_or       ; s[3]        ; 10.565 ; 10.486 ; 10.950 ; 10.878 ;
; i_or       ; s[4]        ; 7.768  ; 7.683  ; 8.143  ; 8.051  ;
; i_or       ; s[5]        ; 8.147  ; 8.079  ; 8.522  ; 8.426  ;
; i_or       ; s[6]        ; 8.787  ; 8.674  ; 9.200  ; 9.035  ;
; i_or       ; s[7]        ; 9.471  ; 9.258  ; 9.866  ; 9.679  ;
; i_or       ; v           ; 10.081 ; 8.428  ; 8.913  ; 10.361 ;
; i_or       ; z           ; 8.948  ; 8.811  ; 9.295  ; 9.186  ;
; x[0]       ; b           ; 11.819 ; 11.913 ; 11.814 ; 12.128 ;
; x[0]       ; c           ; 6.744  ; 13.175 ; 13.440 ; 6.790  ;
; x[0]       ; n           ; 12.506 ; 12.342 ; 12.572 ; 12.414 ;
; x[0]       ; s[0]        ; 6.773  ; 6.941  ; 7.134  ; 6.776  ;
; x[0]       ; s[1]        ; 8.021  ; 7.961  ; 8.103  ; 8.043  ;
; x[0]       ; s[2]        ; 8.385  ; 8.298  ; 8.510  ; 8.417  ;
; x[0]       ; s[3]        ; 11.275 ; 11.186 ; 11.380 ; 11.291 ;
; x[0]       ; s[4]        ; 9.513  ; 9.415  ; 9.566  ; 9.492  ;
; x[0]       ; s[5]        ; 10.777 ; 10.719 ; 10.912 ; 10.854 ;
; x[0]       ; s[6]        ; 12.087 ; 12.003 ; 12.238 ; 12.057 ;
; x[0]       ; s[7]        ; 13.045 ; 12.830 ; 13.111 ; 12.902 ;
; x[0]       ; v           ; 13.776 ; 13.670 ; 13.848 ; 13.742 ;
; x[0]       ; z           ; 8.894  ; 8.592  ; 8.729  ; 8.953  ;
; x[1]       ; b           ; 12.866 ; 12.975 ; 13.101 ; 13.462 ;
; x[1]       ; c           ; 14.287 ; 14.222 ; 14.774 ; 14.457 ;
; x[1]       ; n           ; 13.568 ; 13.404 ; 13.859 ; 13.701 ;
; x[1]       ; s[0]        ; 8.960  ; 8.899  ; 9.356  ; 9.235  ;
; x[1]       ; s[1]        ; 8.885  ; 8.776  ; 9.261  ; 9.146  ;
; x[1]       ; s[2]        ; 9.447  ; 9.360  ; 9.797  ; 9.704  ;
; x[1]       ; s[3]        ; 12.337 ; 12.248 ; 12.667 ; 12.578 ;
; x[1]       ; s[4]        ; 10.575 ; 10.477 ; 10.853 ; 10.779 ;
; x[1]       ; s[5]        ; 11.839 ; 11.781 ; 12.199 ; 12.141 ;
; x[1]       ; s[6]        ; 13.149 ; 13.065 ; 13.525 ; 13.344 ;
; x[1]       ; s[7]        ; 14.107 ; 13.892 ; 14.398 ; 14.189 ;
; x[1]       ; v           ; 14.838 ; 14.732 ; 15.135 ; 15.029 ;
; x[1]       ; z           ; 10.071 ; 10.017 ; 10.441 ; 10.393 ;
; x[2]       ; b           ; 10.452 ; 10.648 ; 10.569 ; 10.841 ;
; x[2]       ; c           ; 11.960 ; 11.808 ; 12.153 ; 11.925 ;
; x[2]       ; n           ; 11.210 ; 11.052 ; 11.327 ; 11.169 ;
; x[2]       ; s[1]        ; 7.144  ; 7.035  ; 7.305  ; 7.190  ;
; x[2]       ; s[2]        ; 6.422  ; 6.312  ; 6.538  ; 6.459  ;
; x[2]       ; s[3]        ; 10.010 ; 9.921  ; 10.135 ; 10.046 ;
; x[2]       ; s[4]        ; 8.204  ; 8.130  ; 8.321  ; 8.247  ;
; x[2]       ; s[5]        ; 9.512  ; 9.454  ; 9.667  ; 9.609  ;
; x[2]       ; s[6]        ; 10.822 ; 10.695 ; 10.993 ; 10.812 ;
; x[2]       ; s[7]        ; 11.749 ; 11.540 ; 11.866 ; 11.657 ;
; x[2]       ; v           ; 12.486 ; 12.380 ; 12.603 ; 12.497 ;
; x[2]       ; z           ; 8.312  ; 8.188  ; 8.459  ; 8.304  ;
; x[3]       ; b           ; 9.432  ; 9.388  ; 9.369  ; 9.778  ;
; x[3]       ; c           ; 10.700 ; 10.788 ; 11.090 ; 10.725 ;
; x[3]       ; n           ; 9.981  ; 9.817  ; 10.127 ; 9.969  ;
; x[3]       ; s[2]        ; 6.145  ; 6.056  ; 6.263  ; 6.184  ;
; x[3]       ; s[3]        ; 8.307  ; 8.218  ; 8.453  ; 8.370  ;
; x[3]       ; s[4]        ; 6.988  ; 6.890  ; 7.121  ; 7.047  ;
; x[3]       ; s[5]        ; 8.252  ; 8.194  ; 8.467  ; 8.409  ;
; x[3]       ; s[6]        ; 9.562  ; 9.478  ; 9.793  ; 9.612  ;
; x[3]       ; s[7]        ; 10.520 ; 10.305 ; 10.666 ; 10.457 ;
; x[3]       ; v           ; 11.251 ; 11.145 ; 11.403 ; 11.297 ;
; x[3]       ; z           ; 8.056  ; 7.911  ; 8.184  ; 8.029  ;
; x[4]       ; b           ; 10.573 ; 10.675 ; 10.834 ; 11.115 ;
; x[4]       ; c           ; 11.987 ; 11.929 ; 12.427 ; 12.190 ;
; x[4]       ; n           ; 11.268 ; 11.104 ; 11.592 ; 11.434 ;
; x[4]       ; s[3]        ; 10.262 ; 10.173 ; 10.648 ; 10.559 ;
; x[4]       ; s[4]        ; 7.621  ; 7.547  ; 7.981  ; 7.879  ;
; x[4]       ; s[5]        ; 9.539  ; 9.481  ; 9.932  ; 9.874  ;
; x[4]       ; s[6]        ; 10.849 ; 10.765 ; 11.258 ; 11.077 ;
; x[4]       ; s[7]        ; 11.807 ; 11.592 ; 12.131 ; 11.922 ;
; x[4]       ; v           ; 12.538 ; 12.432 ; 12.868 ; 12.762 ;
; x[4]       ; z           ; 9.040  ; 8.892  ; 9.372  ; 9.252  ;
; x[5]       ; b           ; 9.219  ; 9.499  ; 9.699  ; 9.830  ;
; x[5]       ; c           ; 10.811 ; 10.575 ; 11.142 ; 11.055 ;
; x[5]       ; n           ; 9.977  ; 9.819  ; 10.423 ; 10.259 ;
; x[5]       ; s[4]        ; 8.031  ; 7.929  ; 8.406  ; 8.332  ;
; x[5]       ; s[5]        ; 7.886  ; 7.792  ; 8.303  ; 8.203  ;
; x[5]       ; s[6]        ; 9.643  ; 9.462  ; 10.004 ; 9.920  ;
; x[5]       ; s[7]        ; 10.516 ; 10.307 ; 10.962 ; 10.747 ;
; x[5]       ; v           ; 11.253 ; 11.147 ; 11.693 ; 11.587 ;
; x[5]       ; z           ; 8.661  ; 8.550  ; 9.072  ; 8.967  ;
; x[6]       ; b           ; 7.952  ; 8.542  ; 8.751  ; 8.552  ;
; x[6]       ; c           ; 9.854  ; 9.308  ; 9.864  ; 10.107 ;
; x[6]       ; n           ; 8.710  ; 8.552  ; 9.145  ; 8.981  ;
; x[6]       ; s[5]        ; 7.664  ; 7.570  ; 8.067  ; 7.975  ;
; x[6]       ; s[6]        ; 8.372  ; 8.231  ; 8.764  ; 8.617  ;
; x[6]       ; s[7]        ; 9.249  ; 9.040  ; 9.684  ; 9.469  ;
; x[6]       ; v           ; 9.986  ; 9.880  ; 10.415 ; 10.309 ;
; x[6]       ; z           ; 8.439  ; 8.328  ; 8.844  ; 8.731  ;
; x[7]       ; b           ; 7.922  ; 8.063  ; 8.346  ; 8.497  ;
; x[7]       ; c           ; 9.375  ; 9.278  ; 9.809  ; 9.702  ;
; x[7]       ; n           ; 8.224  ; 8.062  ; 8.637  ; 8.447  ;
; x[7]       ; s[6]        ; 8.781  ; 8.640  ; 9.191  ; 9.044  ;
; x[7]       ; s[7]        ; 8.763  ; 8.550  ; 9.176  ; 8.935  ;
; x[7]       ; v           ; 8.221  ; 8.117  ; 8.602  ; 8.526  ;
; x[7]       ; z           ; 8.690  ; 8.630  ; 9.075  ; 9.043  ;
; y[0]       ; b           ; 11.928 ; 12.488 ; 12.391 ; 12.219 ;
; y[0]       ; c           ; 13.800 ; 13.284 ; 13.531 ; 13.747 ;
; y[0]       ; n           ; 12.686 ; 12.528 ; 12.812 ; 12.648 ;
; y[0]       ; s[0]        ; 6.641  ; 6.428  ; 6.628  ; 6.635  ;
; y[0]       ; s[1]        ; 8.217  ; 8.157  ; 8.327  ; 8.267  ;
; y[0]       ; s[2]        ; 8.624  ; 8.531  ; 8.691  ; 8.604  ;
; y[0]       ; s[3]        ; 11.494 ; 11.405 ; 11.581 ; 11.492 ;
; y[0]       ; s[4]        ; 9.680  ; 9.606  ; 9.819  ; 9.721  ;
; y[0]       ; s[5]        ; 11.026 ; 10.968 ; 11.083 ; 11.025 ;
; y[0]       ; s[6]        ; 12.352 ; 12.171 ; 12.393 ; 12.309 ;
; y[0]       ; s[7]        ; 13.225 ; 13.016 ; 13.351 ; 13.136 ;
; y[0]       ; v           ; 13.962 ; 13.856 ; 14.082 ; 13.976 ;
; y[0]       ; z           ; 8.381  ; 8.460  ; 8.588  ; 8.447  ;
; y[1]       ; b           ; 11.758 ; 12.232 ; 12.378 ; 12.399 ;
; y[1]       ; c           ; 13.544 ; 13.114 ; 13.711 ; 13.734 ;
; y[1]       ; n           ; 12.516 ; 12.358 ; 12.992 ; 12.828 ;
; y[1]       ; s[1]        ; 8.081  ; 7.993  ; 8.478  ; 8.384  ;
; y[1]       ; s[2]        ; 8.454  ; 8.361  ; 8.871  ; 8.784  ;
; y[1]       ; s[3]        ; 11.324 ; 11.235 ; 11.761 ; 11.672 ;
; y[1]       ; s[4]        ; 9.510  ; 9.436  ; 9.999  ; 9.901  ;
; y[1]       ; s[5]        ; 10.856 ; 10.798 ; 11.263 ; 11.205 ;
; y[1]       ; s[6]        ; 12.182 ; 12.001 ; 12.573 ; 12.489 ;
; y[1]       ; s[7]        ; 13.055 ; 12.846 ; 13.531 ; 13.316 ;
; y[1]       ; v           ; 13.792 ; 13.686 ; 14.262 ; 14.156 ;
; y[1]       ; z           ; 9.288  ; 9.213  ; 9.679  ; 9.610  ;
; y[2]       ; b           ; 11.381 ; 11.507 ; 11.664 ; 11.975 ;
; y[2]       ; c           ; 12.819 ; 12.737 ; 13.287 ; 13.020 ;
; y[2]       ; n           ; 12.100 ; 11.936 ; 12.422 ; 12.264 ;
; y[2]       ; s[2]        ; 7.547  ; 7.431  ; 7.898  ; 7.810  ;
; y[2]       ; s[3]        ; 10.869 ; 10.780 ; 11.230 ; 11.141 ;
; y[2]       ; s[4]        ; 9.107  ; 9.009  ; 9.416  ; 9.342  ;
; y[2]       ; s[5]        ; 10.371 ; 10.313 ; 10.762 ; 10.704 ;
; y[2]       ; s[6]        ; 11.681 ; 11.597 ; 12.088 ; 11.907 ;
; y[2]       ; s[7]        ; 12.639 ; 12.424 ; 12.961 ; 12.752 ;
; y[2]       ; v           ; 13.370 ; 13.264 ; 13.698 ; 13.592 ;
; y[2]       ; z           ; 9.431  ; 9.313  ; 9.810  ; 9.664  ;
; y[3]       ; b           ; 10.368 ; 10.676 ; 10.875 ; 10.930 ;
; y[3]       ; c           ; 11.988 ; 11.724 ; 12.242 ; 12.231 ;
; y[3]       ; n           ; 11.126 ; 10.968 ; 11.523 ; 11.359 ;
; y[3]       ; s[3]        ; 9.562  ; 9.477  ; 9.919  ; 9.862  ;
; y[3]       ; s[4]        ; 8.120  ; 8.046  ; 8.530  ; 8.432  ;
; y[3]       ; s[5]        ; 9.466  ; 9.408  ; 9.794  ; 9.736  ;
; y[3]       ; s[6]        ; 10.792 ; 10.611 ; 11.104 ; 11.020 ;
; y[3]       ; s[7]        ; 11.665 ; 11.456 ; 12.062 ; 11.847 ;
; y[3]       ; v           ; 12.402 ; 12.296 ; 12.793 ; 12.687 ;
; y[3]       ; z           ; 9.539  ; 9.391  ; 9.925  ; 9.801  ;
; y[4]       ; b           ; 9.662  ; 10.112 ; 10.323 ; 10.317 ;
; y[4]       ; c           ; 11.424 ; 11.018 ; 11.629 ; 11.679 ;
; y[4]       ; n           ; 10.420 ; 10.262 ; 10.910 ; 10.746 ;
; y[4]       ; s[4]        ; 7.069  ; 6.969  ; 7.477  ; 7.371  ;
; y[4]       ; s[5]        ; 8.760  ; 8.702  ; 9.181  ; 9.123  ;
; y[4]       ; s[6]        ; 10.086 ; 9.905  ; 10.491 ; 10.407 ;
; y[4]       ; s[7]        ; 10.959 ; 10.750 ; 11.449 ; 11.234 ;
; y[4]       ; v           ; 11.696 ; 11.590 ; 12.180 ; 12.074 ;
; y[4]       ; z           ; 8.462  ; 8.340  ; 8.864  ; 8.748  ;
; y[5]       ; b           ; 8.547  ; 8.570  ; 8.698  ; 9.102  ;
; y[5]       ; c           ; 9.882  ; 9.903  ; 10.414 ; 10.054 ;
; y[5]       ; n           ; 9.163  ; 8.999  ; 9.456  ; 9.298  ;
; y[5]       ; s[5]        ; 7.095  ; 7.035  ; 7.433  ; 7.401  ;
; y[5]       ; s[6]        ; 8.744  ; 8.660  ; 9.122  ; 8.941  ;
; y[5]       ; s[7]        ; 9.702  ; 9.487  ; 9.995  ; 9.786  ;
; y[5]       ; v           ; 10.433 ; 10.327 ; 10.732 ; 10.626 ;
; y[5]       ; z           ; 7.904  ; 7.759  ; 8.270  ; 8.097  ;
; y[6]       ; b           ; 7.607  ; 7.997  ; 8.142  ; 8.168  ;
; y[6]       ; c           ; 9.309  ; 8.963  ; 9.480  ; 9.498  ;
; y[6]       ; n           ; 8.365  ; 8.207  ; 8.761  ; 8.597  ;
; y[6]       ; s[6]        ; 7.791  ; 7.894  ; 8.372  ; 7.998  ;
; y[6]       ; s[7]        ; 8.904  ; 8.695  ; 9.300  ; 9.085  ;
; y[6]       ; v           ; 9.641  ; 9.535  ; 10.031 ; 9.925  ;
; y[6]       ; z           ; 8.684  ; 8.336  ; 8.788  ; 8.917  ;
; y[7]       ; b           ; 7.906  ; 8.047  ; 8.295  ; 8.436  ;
; y[7]       ; c           ; 9.359  ; 9.262  ; 9.748  ; 9.651  ;
; y[7]       ; n           ; 7.853  ; 7.710  ; 8.243  ; 8.094  ;
; y[7]       ; s[7]        ; 8.392  ; 8.198  ; 8.782  ; 8.582  ;
; y[7]       ; v           ; 9.144  ; 9.038  ; 9.528  ; 9.422  ;
; y[7]       ; z           ; 8.338  ; 8.259  ; 8.722  ; 8.649  ;
+------------+-------------+--------+--------+--------+--------+


---------------------------------------------
; Slow 1200mV 0C Model Metastability Report ;
---------------------------------------------
No synchronizer chains to report.


--------------------------------------
; Fast 1200mV 0C Model Setup Summary ;
--------------------------------------
No paths to report.


-------------------------------------
; Fast 1200mV 0C Model Hold Summary ;
-------------------------------------
No paths to report.


-----------------------------------------
; Fast 1200mV 0C Model Recovery Summary ;
-----------------------------------------
No paths to report.


----------------------------------------
; Fast 1200mV 0C Model Removal Summary ;
----------------------------------------
No paths to report.


----------------------------------------------------
; Fast 1200mV 0C Model Minimum Pulse Width Summary ;
----------------------------------------------------
No paths to report.


+--------------------------------------------------------------+
; Propagation Delay                                            ;
+------------+-------------+--------+--------+--------+--------+
; Input Port ; Output Port ; RR     ; RF     ; FR     ; FF     ;
+------------+-------------+--------+--------+--------+--------+
; i_add      ; b           ; 11.814 ; 11.741 ; 12.407 ; 12.334 ;
; i_add      ; c           ; 12.607 ; 12.780 ; 13.200 ; 13.373 ;
; i_add      ; n           ; 12.165 ; 12.269 ; 12.758 ; 12.862 ;
; i_add      ; s[0]        ; 6.660  ; 6.717  ; 7.253  ; 7.276  ;
; i_add      ; s[1]        ; 7.672  ; 7.817  ; 8.265  ; 8.410  ;
; i_add      ; s[2]        ; 8.137  ; 8.229  ; 8.730  ; 8.822  ;
; i_add      ; s[3]        ; 10.465 ; 10.672 ; 11.058 ; 11.265 ;
; i_add      ; s[4]        ; 9.332  ; 9.383  ; 9.925  ; 9.976  ;
; i_add      ; s[5]        ; 10.478 ; 10.578 ; 11.071 ; 11.171 ;
; i_add      ; s[6]        ; 11.580 ; 11.688 ; 12.173 ; 12.281 ;
; i_add      ; s[7]        ; 12.496 ; 12.643 ; 13.089 ; 13.236 ;
; i_add      ; v           ; 13.278 ; 13.322 ; 13.871 ; 13.915 ;
; i_add      ; z           ; 12.585 ; 12.562 ; 13.178 ; 13.155 ;
; i_and      ; b           ; 12.475 ; 12.402 ; 12.951 ; 12.878 ;
; i_and      ; c           ; 13.268 ; 13.441 ; 13.744 ; 13.917 ;
; i_and      ; n           ; 12.826 ; 12.930 ; 13.302 ; 13.406 ;
; i_and      ; s[0]        ; 7.321  ; 7.378  ; 7.797  ; 7.820  ;
; i_and      ; s[1]        ; 8.333  ; 8.478  ; 8.809  ; 8.954  ;
; i_and      ; s[2]        ; 8.798  ; 8.890  ; 9.274  ; 9.366  ;
; i_and      ; s[3]        ; 11.126 ; 11.333 ; 11.602 ; 11.809 ;
; i_and      ; s[4]        ; 9.993  ; 10.044 ; 10.469 ; 10.520 ;
; i_and      ; s[5]        ; 11.139 ; 11.239 ; 11.615 ; 11.715 ;
; i_and      ; s[6]        ; 12.241 ; 12.349 ; 12.717 ; 12.825 ;
; i_and      ; s[7]        ; 13.157 ; 13.304 ; 13.633 ; 13.780 ;
; i_and      ; v           ; 13.939 ; 13.983 ; 14.415 ; 14.459 ;
; i_and      ; z           ; 13.246 ; 13.223 ; 13.722 ; 13.699 ;
; i_lda      ; b           ; 12.730 ; 12.657 ; 13.230 ; 13.157 ;
; i_lda      ; c           ; 13.523 ; 13.696 ; 14.023 ; 14.196 ;
; i_lda      ; n           ; 13.081 ; 13.185 ; 13.581 ; 13.685 ;
; i_lda      ; s[0]        ; 7.576  ; 7.633  ; 8.076  ; 8.099  ;
; i_lda      ; s[1]        ; 8.588  ; 8.733  ; 9.088  ; 9.233  ;
; i_lda      ; s[2]        ; 9.053  ; 9.145  ; 9.553  ; 9.645  ;
; i_lda      ; s[3]        ; 11.381 ; 11.588 ; 11.881 ; 12.088 ;
; i_lda      ; s[4]        ; 10.248 ; 10.299 ; 10.748 ; 10.799 ;
; i_lda      ; s[5]        ; 11.394 ; 11.494 ; 11.894 ; 11.994 ;
; i_lda      ; s[6]        ; 12.496 ; 12.604 ; 12.996 ; 13.104 ;
; i_lda      ; s[7]        ; 13.412 ; 13.559 ; 13.912 ; 14.059 ;
; i_lda      ; v           ; 14.194 ; 14.238 ; 14.694 ; 14.738 ;
; i_lda      ; z           ; 13.501 ; 13.478 ; 14.001 ; 13.978 ;
; i_not      ; b           ; 12.952 ; 12.879 ; 13.685 ; 13.612 ;
; i_not      ; c           ; 13.745 ; 13.918 ; 14.478 ; 14.651 ;
; i_not      ; n           ; 13.303 ; 13.407 ; 14.036 ; 14.140 ;
; i_not      ; s[0]        ; 7.798  ; 7.855  ; 8.531  ; 8.554  ;
; i_not      ; s[1]        ; 8.810  ; 8.955  ; 9.543  ; 9.688  ;
; i_not      ; s[2]        ; 9.275  ; 9.367  ; 10.008 ; 10.100 ;
; i_not      ; s[3]        ; 11.603 ; 11.810 ; 12.336 ; 12.543 ;
; i_not      ; s[4]        ; 10.470 ; 10.521 ; 11.203 ; 11.254 ;
; i_not      ; s[5]        ; 11.616 ; 11.716 ; 12.349 ; 12.449 ;
; i_not      ; s[6]        ; 12.718 ; 12.826 ; 13.451 ; 13.559 ;
; i_not      ; s[7]        ; 13.634 ; 13.781 ; 14.367 ; 14.514 ;
; i_not      ; v           ; 14.416 ; 14.460 ; 15.149 ; 15.193 ;
; i_not      ; z           ; 13.723 ; 13.700 ; 14.456 ; 14.433 ;
; i_or       ; b           ; 12.742 ; 12.669 ; 13.242 ; 13.169 ;
; i_or       ; c           ; 13.535 ; 13.708 ; 14.035 ; 14.208 ;
; i_or       ; n           ; 13.093 ; 13.197 ; 13.593 ; 13.697 ;
; i_or       ; s[0]        ; 7.588  ; 7.645  ; 8.088  ; 8.111  ;
; i_or       ; s[1]        ; 8.600  ; 8.745  ; 9.100  ; 9.245  ;
; i_or       ; s[2]        ; 9.065  ; 9.157  ; 9.565  ; 9.657  ;
; i_or       ; s[3]        ; 11.393 ; 11.600 ; 11.893 ; 12.100 ;
; i_or       ; s[4]        ; 10.260 ; 10.311 ; 10.760 ; 10.811 ;
; i_or       ; s[5]        ; 11.406 ; 11.506 ; 11.906 ; 12.006 ;
; i_or       ; s[6]        ; 12.508 ; 12.616 ; 13.008 ; 13.116 ;
; i_or       ; s[7]        ; 13.424 ; 13.571 ; 13.924 ; 14.071 ;
; i_or       ; v           ; 14.206 ; 14.250 ; 14.706 ; 14.750 ;
; i_or       ; z           ; 13.513 ; 13.490 ; 14.013 ; 13.990 ;
; x[0]       ; b           ; 9.926  ; 9.892  ; 10.804 ; 10.731 ;
; x[0]       ; c           ; 10.758 ; 10.892 ; 11.597 ; 11.770 ;
; x[0]       ; n           ; 10.331 ; 10.435 ; 11.155 ; 11.259 ;
; x[0]       ; s[0]        ; 5.364  ; 5.435  ; 5.650  ; 5.673  ;
; x[0]       ; s[1]        ; 6.328  ; 6.473  ; 6.662  ; 6.807  ;
; x[0]       ; s[2]        ; 6.701  ; 6.793  ; 7.127  ; 7.219  ;
; x[0]       ; s[3]        ; 8.942  ; 9.149  ; 9.455  ; 9.662  ;
; x[0]       ; s[4]        ; 7.742  ; 7.793  ; 8.322  ; 8.373  ;
; x[0]       ; s[5]        ; 8.768  ; 8.868  ; 9.468  ; 9.568  ;
; x[0]       ; s[6]        ; 9.820  ; 9.928  ; 10.570 ; 10.678 ;
; x[0]       ; s[7]        ; 10.662 ; 10.809 ; 11.486 ; 11.633 ;
; x[0]       ; v           ; 11.444 ; 11.488 ; 12.268 ; 12.312 ;
; x[0]       ; z           ; 10.751 ; 10.728 ; 11.575 ; 11.552 ;
; x[1]       ; b           ; 10.683 ; 10.649 ; 11.988 ; 11.915 ;
; x[1]       ; c           ; 11.515 ; 11.649 ; 12.781 ; 12.954 ;
; x[1]       ; n           ; 11.088 ; 11.192 ; 12.339 ; 12.443 ;
; x[1]       ; s[0]        ; 6.121  ; 6.192  ; 6.834  ; 6.857  ;
; x[1]       ; s[1]        ; 7.085  ; 7.230  ; 7.846  ; 7.991  ;
; x[1]       ; s[2]        ; 7.458  ; 7.550  ; 8.311  ; 8.403  ;
; x[1]       ; s[3]        ; 9.699  ; 9.906  ; 10.639 ; 10.846 ;
; x[1]       ; s[4]        ; 8.499  ; 8.550  ; 9.506  ; 9.557  ;
; x[1]       ; s[5]        ; 9.525  ; 9.625  ; 10.652 ; 10.752 ;
; x[1]       ; s[6]        ; 10.577 ; 10.685 ; 11.754 ; 11.862 ;
; x[1]       ; s[7]        ; 11.419 ; 11.566 ; 12.670 ; 12.817 ;
; x[1]       ; v           ; 12.201 ; 12.245 ; 13.452 ; 13.496 ;
; x[1]       ; z           ; 11.508 ; 11.485 ; 12.759 ; 12.736 ;
; x[2]       ; b           ; 8.965  ; 8.892  ; 9.267  ; 9.194  ;
; x[2]       ; c           ; 9.758  ; 9.931  ; 10.060 ; 10.233 ;
; x[2]       ; n           ; 9.316  ; 9.420  ; 9.618  ; 9.722  ;
; x[2]       ; s[1]        ; 5.194  ; 5.166  ; 5.325  ; 5.662  ;
; x[2]       ; s[2]        ; 5.288  ; 5.380  ; 5.590  ; 5.682  ;
; x[2]       ; s[3]        ; 7.616  ; 7.823  ; 7.918  ; 8.125  ;
; x[2]       ; s[4]        ; 6.483  ; 6.534  ; 6.785  ; 6.836  ;
; x[2]       ; s[5]        ; 7.629  ; 7.729  ; 7.931  ; 8.031  ;
; x[2]       ; s[6]        ; 8.731  ; 8.839  ; 9.033  ; 9.141  ;
; x[2]       ; s[7]        ; 9.647  ; 9.794  ; 9.949  ; 10.096 ;
; x[2]       ; v           ; 10.429 ; 10.473 ; 10.731 ; 10.775 ;
; x[2]       ; z           ; 9.736  ; 9.713  ; 10.038 ; 10.015 ;
; x[3]       ; b           ; 7.969  ; 7.896  ; 8.355  ; 8.282  ;
; x[3]       ; c           ; 8.762  ; 8.935  ; 9.148  ; 9.321  ;
; x[3]       ; n           ; 8.320  ; 8.424  ; 8.706  ; 8.810  ;
; x[3]       ; s[2]        ; 4.324  ; 4.432  ; 4.639  ; 4.757  ;
; x[3]       ; s[3]        ; 6.645  ; 6.852  ; 7.006  ; 7.213  ;
; x[3]       ; s[4]        ; 5.487  ; 5.538  ; 5.873  ; 5.924  ;
; x[3]       ; s[5]        ; 6.633  ; 6.733  ; 7.019  ; 7.119  ;
; x[3]       ; s[6]        ; 7.735  ; 7.843  ; 8.121  ; 8.229  ;
; x[3]       ; s[7]        ; 8.651  ; 8.798  ; 9.037  ; 9.184  ;
; x[3]       ; v           ; 9.433  ; 9.477  ; 9.819  ; 9.863  ;
; x[3]       ; z           ; 8.740  ; 8.717  ; 9.126  ; 9.103  ;
; x[4]       ; b           ; 8.660  ; 8.587  ; 9.182  ; 9.109  ;
; x[4]       ; c           ; 9.453  ; 9.626  ; 9.975  ; 10.148 ;
; x[4]       ; n           ; 9.011  ; 9.115  ; 9.533  ; 9.637  ;
; x[4]       ; s[3]        ; 7.109  ; 7.317  ; 7.776  ; 7.994  ;
; x[4]       ; s[4]        ; 6.178  ; 6.229  ; 6.793  ; 6.844  ;
; x[4]       ; s[5]        ; 7.324  ; 7.424  ; 7.846  ; 7.946  ;
; x[4]       ; s[6]        ; 8.426  ; 8.534  ; 8.948  ; 9.056  ;
; x[4]       ; s[7]        ; 9.342  ; 9.489  ; 9.864  ; 10.011 ;
; x[4]       ; v           ; 10.124 ; 10.168 ; 10.646 ; 10.690 ;
; x[4]       ; z           ; 9.431  ; 9.408  ; 9.953  ; 9.930  ;
; x[5]       ; b           ; 8.154  ; 8.120  ; 9.190  ; 9.117  ;
; x[5]       ; c           ; 8.986  ; 9.120  ; 9.983  ; 10.156 ;
; x[5]       ; n           ; 8.559  ; 8.663  ; 9.541  ; 9.645  ;
; x[5]       ; s[4]        ; 6.031  ; 5.510  ; 6.201  ; 6.867  ;
; x[5]       ; s[5]        ; 6.996  ; 7.096  ; 7.854  ; 7.954  ;
; x[5]       ; s[6]        ; 8.048  ; 8.156  ; 8.956  ; 9.064  ;
; x[5]       ; s[7]        ; 8.890  ; 9.037  ; 9.872  ; 10.019 ;
; x[5]       ; v           ; 9.672  ; 9.716  ; 10.654 ; 10.698 ;
; x[5]       ; z           ; 8.979  ; 8.956  ; 9.961  ; 9.938  ;
; x[6]       ; b           ; 6.661  ; 6.588  ; 7.421  ; 7.348  ;
; x[6]       ; c           ; 7.454  ; 7.627  ; 8.214  ; 8.387  ;
; x[6]       ; n           ; 7.012  ; 7.116  ; 7.772  ; 7.876  ;
; x[6]       ; s[5]        ; 5.573  ; 5.319  ; 5.863  ; 6.376  ;
; x[6]       ; s[6]        ; 6.467  ; 6.575  ; 7.187  ; 7.295  ;
; x[6]       ; s[7]        ; 7.343  ; 7.490  ; 8.103  ; 8.250  ;
; x[6]       ; v           ; 8.125  ; 8.169  ; 8.885  ; 8.929  ;
; x[6]       ; z           ; 7.432  ; 7.409  ; 8.192  ; 8.169  ;
; x[7]       ; b           ; 6.285  ; 6.251  ; 7.092  ; 7.019  ;
; x[7]       ; c           ; 7.117  ; 7.251  ; 7.885  ; 8.058  ;
; x[7]       ; n           ; 6.690  ; 6.794  ; 7.443  ; 7.547  ;
; x[7]       ; s[6]        ; 6.173  ; 6.281  ; 6.851  ; 6.959  ;
; x[7]       ; s[7]        ; 7.021  ; 7.168  ; 7.774  ; 7.921  ;
; x[7]       ; v           ; 7.803  ; 7.847  ; 8.556  ; 8.600  ;
; x[7]       ; z           ; 7.110  ; 7.087  ; 7.863  ; 7.840  ;
; y[0]       ; b           ; 9.749  ; 9.676  ; 10.237 ; 10.164 ;
; y[0]       ; c           ; 10.542 ; 10.715 ; 11.030 ; 11.203 ;
; y[0]       ; n           ; 10.100 ; 10.204 ; 10.588 ; 10.692 ;
; y[0]       ; s[0]        ; 4.972  ; 4.606  ; 4.793  ; 5.302  ;
; y[0]       ; s[1]        ; 5.765  ; 5.910  ; 6.095  ; 6.240  ;
; y[0]       ; s[2]        ; 6.138  ; 6.230  ; 6.560  ; 6.652  ;
; y[0]       ; s[3]        ; 8.400  ; 8.607  ; 8.888  ; 9.095  ;
; y[0]       ; s[4]        ; 7.267  ; 7.318  ; 7.755  ; 7.806  ;
; y[0]       ; s[5]        ; 8.413  ; 8.513  ; 8.901  ; 9.001  ;
; y[0]       ; s[6]        ; 9.515  ; 9.623  ; 10.003 ; 10.111 ;
; y[0]       ; s[7]        ; 10.431 ; 10.578 ; 10.919 ; 11.066 ;
; y[0]       ; v           ; 11.213 ; 11.257 ; 11.701 ; 11.745 ;
; y[0]       ; z           ; 10.520 ; 10.497 ; 11.008 ; 10.985 ;
; y[1]       ; b           ; 9.430  ; 9.357  ; 10.202 ; 10.129 ;
; y[1]       ; c           ; 10.223 ; 10.396 ; 10.995 ; 11.168 ;
; y[1]       ; n           ; 9.781  ; 9.885  ; 10.553 ; 10.657 ;
; y[1]       ; s[1]        ; 5.827  ; 5.588  ; 6.076  ; 6.617  ;
; y[1]       ; s[2]        ; 5.851  ; 5.943  ; 6.525  ; 6.617  ;
; y[1]       ; s[3]        ; 8.092  ; 8.299  ; 8.853  ; 9.060  ;
; y[1]       ; s[4]        ; 6.948  ; 6.999  ; 7.720  ; 7.771  ;
; y[1]       ; s[5]        ; 8.094  ; 8.194  ; 8.866  ; 8.966  ;
; y[1]       ; s[6]        ; 9.196  ; 9.304  ; 9.968  ; 10.076 ;
; y[1]       ; s[7]        ; 10.112 ; 10.259 ; 10.884 ; 11.031 ;
; y[1]       ; v           ; 10.894 ; 10.938 ; 11.666 ; 11.710 ;
; y[1]       ; z           ; 10.201 ; 10.178 ; 10.973 ; 10.950 ;
; y[2]       ; b           ; 8.861  ; 8.788  ; 9.379  ; 9.306  ;
; y[2]       ; c           ; 9.654  ; 9.827  ; 10.172 ; 10.345 ;
; y[2]       ; n           ; 9.212  ; 9.316  ; 9.730  ; 9.834  ;
; y[2]       ; s[2]        ; 5.183  ; 5.171  ; 5.698  ; 5.924  ;
; y[2]       ; s[3]        ; 7.512  ; 7.719  ; 8.051  ; 8.258  ;
; y[2]       ; s[4]        ; 6.379  ; 6.430  ; 6.897  ; 6.948  ;
; y[2]       ; s[5]        ; 7.525  ; 7.625  ; 8.043  ; 8.143  ;
; y[2]       ; s[6]        ; 8.627  ; 8.735  ; 9.145  ; 9.253  ;
; y[2]       ; s[7]        ; 9.543  ; 9.690  ; 10.061 ; 10.208 ;
; y[2]       ; v           ; 10.325 ; 10.369 ; 10.843 ; 10.887 ;
; y[2]       ; z           ; 9.632  ; 9.609  ; 10.150 ; 10.127 ;
; y[3]       ; b           ; 7.995  ; 7.922  ; 8.690  ; 8.617  ;
; y[3]       ; c           ; 8.788  ; 8.961  ; 9.483  ; 9.656  ;
; y[3]       ; n           ; 8.346  ; 8.450  ; 9.041  ; 9.145  ;
; y[3]       ; s[3]        ; 6.746  ; 6.776  ; 7.166  ; 7.595  ;
; y[3]       ; s[4]        ; 5.538  ; 5.589  ; 6.208  ; 6.259  ;
; y[3]       ; s[5]        ; 6.659  ; 6.759  ; 7.354  ; 7.454  ;
; y[3]       ; s[6]        ; 7.761  ; 7.869  ; 8.456  ; 8.564  ;
; y[3]       ; s[7]        ; 8.677  ; 8.824  ; 9.372  ; 9.519  ;
; y[3]       ; v           ; 9.459  ; 9.503  ; 10.154 ; 10.198 ;
; y[3]       ; z           ; 8.766  ; 8.743  ; 9.461  ; 9.438  ;
; y[4]       ; b           ; 7.343  ; 7.270  ; 8.157  ; 8.084  ;
; y[4]       ; c           ; 8.136  ; 8.309  ; 8.950  ; 9.123  ;
; y[4]       ; n           ; 7.694  ; 7.798  ; 8.508  ; 8.612  ;
; y[4]       ; s[4]        ; 5.379  ; 4.815  ; 5.449  ; 6.169  ;
; y[4]       ; s[5]        ; 6.068  ; 6.168  ; 6.821  ; 6.921  ;
; y[4]       ; s[6]        ; 7.120  ; 7.228  ; 7.923  ; 8.031  ;
; y[4]       ; s[7]        ; 8.025  ; 8.172  ; 8.839  ; 8.986  ;
; y[4]       ; v           ; 8.807  ; 8.851  ; 9.621  ; 9.665  ;
; y[4]       ; z           ; 8.114  ; 8.091  ; 8.928  ; 8.905  ;
; y[5]       ; b           ; 6.479  ; 6.406  ; 6.891  ; 6.835  ;
; y[5]       ; c           ; 7.272  ; 7.445  ; 7.701  ; 7.857  ;
; y[5]       ; n           ; 6.830  ; 6.934  ; 7.274  ; 7.378  ;
; y[5]       ; s[5]        ; 5.068  ; 4.944  ; 5.401  ; 5.763  ;
; y[5]       ; s[6]        ; 6.245  ; 6.353  ; 6.763  ; 6.871  ;
; y[5]       ; s[7]        ; 7.161  ; 7.308  ; 7.605  ; 7.752  ;
; y[5]       ; v           ; 7.943  ; 7.987  ; 8.387  ; 8.431  ;
; y[5]       ; z           ; 7.250  ; 7.227  ; 7.694  ; 7.671  ;
; y[6]       ; b           ; 5.650  ; 5.616  ; 6.369  ; 6.296  ;
; y[6]       ; c           ; 6.482  ; 6.616  ; 7.162  ; 7.335  ;
; y[6]       ; n           ; 6.055  ; 6.159  ; 6.720  ; 6.824  ;
; y[6]       ; s[6]        ; 5.499  ; 5.489  ; 5.966  ; 6.228  ;
; y[6]       ; s[7]        ; 6.386  ; 6.533  ; 7.051  ; 7.198  ;
; y[6]       ; v           ; 7.168  ; 7.212  ; 7.833  ; 7.877  ;
; y[6]       ; z           ; 6.475  ; 6.452  ; 7.140  ; 7.117  ;
; y[7]       ; b           ; 5.520  ; 5.447  ; 6.163  ; 6.090  ;
; y[7]       ; c           ; 6.313  ; 6.486  ; 6.956  ; 7.129  ;
; y[7]       ; n           ; 6.053  ; 5.316  ; 5.877  ; 6.871  ;
; y[7]       ; s[7]        ; 6.384  ; 5.690  ; 6.208  ; 7.245  ;
; y[7]       ; v           ; 7.054  ; 7.151  ; 7.880  ; 7.924  ;
; y[7]       ; z           ; 5.632  ; 6.450  ; 7.187  ; 6.274  ;
+------------+-------------+--------+--------+--------+--------+


+------------------------------------------------------------+
; Minimum Propagation Delay                                  ;
+------------+-------------+-------+-------+--------+--------+
; Input Port ; Output Port ; RR    ; RF    ; FR     ; FF     ;
+------------+-------------+-------+-------+--------+--------+
; i_add      ; b           ; 5.464 ; 4.928 ; 5.645  ; 6.092  ;
; i_add      ; c           ; 5.758 ; 5.761 ; 6.180  ; 6.570  ;
; i_add      ; n           ; 5.002 ; 4.970 ; 5.497  ; 5.704  ;
; i_add      ; s[0]        ; 5.392 ; 5.261 ; 5.862  ; 6.061  ;
; i_add      ; s[1]        ; 4.810 ; 4.925 ; 5.396  ; 5.504  ;
; i_add      ; s[2]        ; 4.287 ; 4.350 ; 4.874  ; 4.930  ;
; i_add      ; s[3]        ; 5.796 ; 5.945 ; 6.395  ; 6.537  ;
; i_add      ; s[4]        ; 4.313 ; 4.357 ; 4.934  ; 4.925  ;
; i_add      ; s[5]        ; 4.572 ; 4.614 ; 5.147  ; 5.248  ;
; i_add      ; s[6]        ; 5.353 ; 5.324 ; 5.935  ; 6.097  ;
; i_add      ; s[7]        ; 5.322 ; 5.333 ; 5.817  ; 6.067  ;
; i_add      ; v           ; 5.784 ; 5.973 ; 6.468  ; 6.528  ;
; i_add      ; z           ; 5.003 ; 5.078 ; 5.637  ; 5.653  ;
; i_and      ; b           ; 5.109 ; 5.053 ; 5.600  ; 5.543  ;
; i_and      ; c           ; 5.883 ; 6.034 ; 6.373  ; 6.525  ;
; i_and      ; n           ; 5.615 ; 5.680 ; 6.160  ; 6.189  ;
; i_and      ; s[0]        ; 5.238 ; 4.957 ; 5.491  ; 5.854  ;
; i_and      ; s[1]        ; 5.579 ; 5.725 ; 6.132  ; 6.250  ;
; i_and      ; s[2]        ; 5.131 ; 5.202 ; 5.647  ; 5.728  ;
; i_and      ; s[3]        ; 6.900 ; 7.062 ; 7.361  ; 7.591  ;
; i_and      ; s[4]        ; 4.813 ; 4.857 ; 5.344  ; 5.377  ;
; i_and      ; s[5]        ; 5.042 ; 5.139 ; 5.574  ; 5.651  ;
; i_and      ; s[6]        ; 5.421 ; 5.519 ; 5.967  ; 6.042  ;
; i_and      ; s[7]        ; 5.935 ; 6.043 ; 6.480  ; 6.552  ;
; i_and      ; v           ; 6.397 ; 5.666 ; 6.145  ; 7.036  ;
; i_and      ; z           ; 5.528 ; 5.548 ; 6.040  ; 6.080  ;
; i_lda      ; b           ; 5.344 ; 4.971 ; 5.677  ; 5.798  ;
; i_lda      ; c           ; 5.801 ; 5.756 ; 6.160  ; 6.602  ;
; i_lda      ; n           ; 5.002 ; 5.060 ; 5.588  ; 5.706  ;
; i_lda      ; s[0]        ; 5.306 ; 5.304 ; 5.894  ; 5.966  ;
; i_lda      ; s[1]        ; 5.067 ; 5.200 ; 5.683  ; 5.767  ;
; i_lda      ; s[2]        ; 4.407 ; 4.465 ; 4.980  ; 5.057  ;
; i_lda      ; s[3]        ; 5.751 ; 5.895 ; 6.330  ; 6.493  ;
; i_lda      ; s[4]        ; 4.217 ; 4.258 ; 4.822  ; 4.813  ;
; i_lda      ; s[5]        ; 4.398 ; 4.457 ; 4.958  ; 5.036  ;
; i_lda      ; s[6]        ; 5.353 ; 5.367 ; 5.967  ; 6.098  ;
; i_lda      ; s[7]        ; 5.322 ; 5.423 ; 5.908  ; 6.069  ;
; i_lda      ; v           ; 5.784 ; 5.607 ; 6.092  ; 6.530  ;
; i_lda      ; z           ; 4.846 ; 4.904 ; 5.425  ; 5.464  ;
; i_not      ; b           ; 6.022 ; 5.967 ; 6.818  ; 6.763  ;
; i_not      ; c           ; 6.797 ; 6.847 ; 7.397  ; 7.743  ;
; i_not      ; n           ; 6.069 ; 6.117 ; 6.788  ; 6.879  ;
; i_not      ; s[0]        ; 5.946 ; 5.502 ; 6.113  ; 6.709  ;
; i_not      ; s[1]        ; 6.251 ; 6.383 ; 6.913  ; 7.057  ;
; i_not      ; s[2]        ; 5.616 ; 5.698 ; 6.349  ; 6.424  ;
; i_not      ; s[3]        ; 7.283 ; 7.480 ; 8.011  ; 8.222  ;
; i_not      ; s[4]        ; 5.399 ; 5.450 ; 6.161  ; 6.169  ;
; i_not      ; s[5]        ; 5.719 ; 5.785 ; 6.446  ; 6.536  ;
; i_not      ; s[6]        ; 5.993 ; 6.114 ; 6.765  ; 6.820  ;
; i_not      ; s[7]        ; 6.389 ; 6.480 ; 7.108  ; 7.242  ;
; i_not      ; v           ; 6.091 ; 6.235 ; 6.690  ; 6.854  ;
; i_not      ; z           ; 6.174 ; 6.225 ; 6.925  ; 6.952  ;
; i_or       ; b           ; 5.365 ; 5.309 ; 5.878  ; 5.821  ;
; i_or       ; c           ; 6.139 ; 6.290 ; 6.651  ; 6.803  ;
; i_or       ; n           ; 5.705 ; 5.753 ; 6.365  ; 6.456  ;
; i_or       ; s[0]        ; 5.494 ; 5.500 ; 6.040  ; 6.132  ;
; i_or       ; s[1]        ; 5.835 ; 5.981 ; 6.410  ; 6.528  ;
; i_or       ; s[2]        ; 5.252 ; 5.334 ; 5.925  ; 6.001  ;
; i_or       ; s[3]        ; 6.919 ; 7.116 ; 7.588  ; 7.799  ;
; i_or       ; s[4]        ; 5.035 ; 5.086 ; 5.622  ; 5.655  ;
; i_or       ; s[5]        ; 5.298 ; 5.395 ; 5.852  ; 5.929  ;
; i_or       ; s[6]        ; 5.629 ; 5.750 ; 6.245  ; 6.320  ;
; i_or       ; s[7]        ; 6.025 ; 6.116 ; 6.685  ; 6.819  ;
; i_or       ; v           ; 6.653 ; 5.764 ; 6.257  ; 7.314  ;
; i_or       ; z           ; 5.784 ; 5.804 ; 6.318  ; 6.358  ;
; x[0]       ; b           ; 7.622 ; 7.310 ; 7.930  ; 7.618  ;
; x[0]       ; c           ; 4.445 ; 8.547 ; 8.448  ; 4.782  ;
; x[0]       ; n           ; 7.673 ; 7.717 ; 7.981  ; 8.025  ;
; x[0]       ; s[0]        ; 4.549 ; 4.784 ; 4.943  ; 4.848  ;
; x[0]       ; s[1]        ; 5.159 ; 5.303 ; 5.441  ; 5.585  ;
; x[0]       ; s[2]        ; 5.305 ; 5.403 ; 5.613  ; 5.711  ;
; x[0]       ; s[3]        ; 7.252 ; 7.451 ; 7.560  ; 7.759  ;
; x[0]       ; s[4]        ; 5.934 ; 5.964 ; 6.242  ; 6.272  ;
; x[0]       ; s[5]        ; 6.719 ; 6.806 ; 7.027  ; 7.114  ;
; x[0]       ; s[6]        ; 7.444 ; 7.573 ; 7.752  ; 7.881  ;
; x[0]       ; s[7]        ; 7.993 ; 8.080 ; 8.301  ; 8.388  ;
; x[0]       ; v           ; 8.644 ; 8.712 ; 8.952  ; 9.020  ;
; x[0]       ; z           ; 5.765 ; 5.580 ; 5.829  ; 5.974  ;
; x[1]       ; b           ; 8.304 ; 7.992 ; 8.998  ; 8.747  ;
; x[1]       ; c           ; 8.822 ; 9.229 ; 9.577  ; 9.923  ;
; x[1]       ; n           ; 8.355 ; 8.399 ; 9.110  ; 9.154  ;
; x[1]       ; s[0]        ; 5.926 ; 5.990 ; 6.627  ; 6.647  ;
; x[1]       ; s[1]        ; 5.728 ; 5.855 ; 6.390  ; 6.510  ;
; x[1]       ; s[2]        ; 5.987 ; 6.085 ; 6.702  ; 6.800  ;
; x[1]       ; s[3]        ; 7.934 ; 8.133 ; 8.685  ; 8.884  ;
; x[1]       ; s[4]        ; 6.616 ; 6.646 ; 7.371  ; 7.401  ;
; x[1]       ; s[5]        ; 7.401 ; 7.488 ; 8.156  ; 8.243  ;
; x[1]       ; s[6]        ; 8.126 ; 8.255 ; 8.881  ; 9.010  ;
; x[1]       ; s[7]        ; 8.675 ; 8.762 ; 9.430  ; 9.517  ;
; x[1]       ; v           ; 9.326 ; 9.394 ; 10.081 ; 10.149 ;
; x[1]       ; z           ; 6.461 ; 6.495 ; 7.116  ; 7.157  ;
; x[2]       ; b           ; 6.840 ; 6.528 ; 7.143  ; 6.876  ;
; x[2]       ; c           ; 7.358 ; 7.765 ; 7.706  ; 8.068  ;
; x[2]       ; n           ; 6.891 ; 6.935 ; 7.239  ; 7.283  ;
; x[2]       ; s[1]        ; 4.590 ; 4.717 ; 4.902  ; 5.022  ;
; x[2]       ; s[2]        ; 4.140 ; 4.235 ; 4.393  ; 4.491  ;
; x[2]       ; s[3]        ; 6.470 ; 6.669 ; 6.818  ; 7.017  ;
; x[2]       ; s[4]        ; 5.152 ; 5.182 ; 5.500  ; 5.530  ;
; x[2]       ; s[5]        ; 5.937 ; 6.024 ; 6.285  ; 6.372  ;
; x[2]       ; s[6]        ; 6.662 ; 6.791 ; 7.010  ; 7.139  ;
; x[2]       ; s[7]        ; 7.211 ; 7.298 ; 7.559  ; 7.646  ;
; x[2]       ; v           ; 7.862 ; 7.930 ; 8.210  ; 8.278  ;
; x[2]       ; z           ; 5.323 ; 5.353 ; 5.617  ; 5.606  ;
; x[3]       ; b           ; 6.103 ; 5.791 ; 6.387  ; 6.262  ;
; x[3]       ; c           ; 6.621 ; 7.028 ; 7.092  ; 7.312  ;
; x[3]       ; n           ; 6.154 ; 6.198 ; 6.625  ; 6.669  ;
; x[3]       ; s[2]        ; 3.947 ; 4.045 ; 4.221  ; 4.319  ;
; x[3]       ; s[3]        ; 5.473 ; 5.672 ; 5.752  ; 5.951  ;
; x[3]       ; s[4]        ; 4.415 ; 4.445 ; 4.802  ; 4.843  ;
; x[3]       ; s[5]        ; 5.200 ; 5.287 ; 5.670  ; 5.757  ;
; x[3]       ; s[6]        ; 5.925 ; 6.054 ; 6.396  ; 6.525  ;
; x[3]       ; s[7]        ; 6.474 ; 6.561 ; 6.945  ; 7.032  ;
; x[3]       ; v           ; 7.125 ; 7.193 ; 7.596  ; 7.664  ;
; x[3]       ; z           ; 5.171 ; 5.160 ; 5.445  ; 5.434  ;
; x[4]       ; b           ; 6.935 ; 6.658 ; 7.525  ; 7.360  ;
; x[4]       ; c           ; 7.488 ; 7.860 ; 8.190  ; 8.450  ;
; x[4]       ; n           ; 7.021 ; 7.065 ; 7.723  ; 7.767  ;
; x[4]       ; s[3]        ; 6.736 ; 6.935 ; 7.367  ; 7.566  ;
; x[4]       ; s[4]        ; 4.927 ; 4.957 ; 5.530  ; 5.560  ;
; x[4]       ; s[5]        ; 6.067 ; 6.154 ; 6.769  ; 6.856  ;
; x[4]       ; s[6]        ; 6.792 ; 6.921 ; 7.494  ; 7.623  ;
; x[4]       ; s[7]        ; 7.341 ; 7.428 ; 8.043  ; 8.130  ;
; x[4]       ; v           ; 7.992 ; 8.060 ; 8.694  ; 8.762  ;
; x[4]       ; z           ; 5.778 ; 5.815 ; 6.381  ; 6.418  ;
; x[5]       ; b           ; 6.098 ; 6.001 ; 6.808  ; 6.613  ;
; x[5]       ; c           ; 6.831 ; 7.023 ; 7.443  ; 7.733  ;
; x[5]       ; n           ; 6.364 ; 6.408 ; 6.976  ; 7.020  ;
; x[5]       ; s[4]        ; 5.175 ; 5.205 ; 5.857  ; 5.904  ;
; x[5]       ; s[5]        ; 5.108 ; 5.190 ; 5.776  ; 5.851  ;
; x[5]       ; s[6]        ; 6.135 ; 6.244 ; 6.747  ; 6.876  ;
; x[5]       ; s[7]        ; 6.684 ; 6.771 ; 7.296  ; 7.383  ;
; x[5]       ; v           ; 7.335 ; 7.403 ; 7.947  ; 8.015  ;
; x[5]       ; z           ; 5.579 ; 5.614 ; 6.240  ; 6.282  ;
; x[6]       ; b           ; 5.290 ; 5.439 ; 6.143  ; 5.831  ;
; x[6]       ; c           ; 6.269 ; 6.215 ; 6.661  ; 7.068  ;
; x[6]       ; n           ; 5.603 ; 5.654 ; 6.194  ; 6.238  ;
; x[6]       ; s[5]        ; 4.958 ; 5.040 ; 5.604  ; 5.688  ;
; x[6]       ; s[6]        ; 5.357 ; 5.461 ; 5.992  ; 6.089  ;
; x[6]       ; s[7]        ; 5.923 ; 6.017 ; 6.514  ; 6.601  ;
; x[6]       ; v           ; 6.574 ; 6.642 ; 7.165  ; 7.233  ;
; x[6]       ; z           ; 5.429 ; 5.464 ; 6.077  ; 6.110  ;
; x[7]       ; b           ; 5.252 ; 5.197 ; 5.946  ; 5.894  ;
; x[7]       ; c           ; 6.027 ; 6.177 ; 6.724  ; 6.871  ;
; x[7]       ; n           ; 5.299 ; 5.347 ; 5.963  ; 5.992  ;
; x[7]       ; s[6]        ; 5.629 ; 5.733 ; 6.296  ; 6.393  ;
; x[7]       ; s[7]        ; 5.619 ; 5.710 ; 6.283  ; 6.355  ;
; x[7]       ; v           ; 5.506 ; 5.567 ; 6.133  ; 6.214  ;
; x[7]       ; z           ; 5.627 ; 5.665 ; 6.272  ; 6.329  ;
; y[0]       ; b           ; 7.862 ; 7.649 ; 7.981  ; 7.669  ;
; y[0]       ; c           ; 8.479 ; 8.787 ; 8.499  ; 8.906  ;
; y[0]       ; n           ; 8.012 ; 8.056 ; 8.032  ; 8.076  ;
; y[0]       ; s[0]        ; 4.457 ; 4.445 ; 4.644  ; 4.759  ;
; y[0]       ; s[1]        ; 5.323 ; 5.467 ; 5.518  ; 5.662  ;
; y[0]       ; s[2]        ; 5.566 ; 5.664 ; 5.664  ; 5.762  ;
; y[0]       ; s[3]        ; 7.549 ; 7.748 ; 7.611  ; 7.810  ;
; y[0]       ; s[4]        ; 6.273 ; 6.303 ; 6.293  ; 6.323  ;
; y[0]       ; s[5]        ; 7.058 ; 7.145 ; 7.078  ; 7.165  ;
; y[0]       ; s[6]        ; 7.783 ; 7.912 ; 7.803  ; 7.932  ;
; y[0]       ; s[7]        ; 8.332 ; 8.419 ; 8.352  ; 8.439  ;
; y[0]       ; v           ; 8.983 ; 9.051 ; 9.003  ; 9.071  ;
; y[0]       ; z           ; 5.426 ; 5.488 ; 5.740  ; 5.675  ;
; y[1]       ; b           ; 7.756 ; 7.553 ; 8.358  ; 8.046  ;
; y[1]       ; c           ; 8.383 ; 8.681 ; 8.876  ; 9.283  ;
; y[1]       ; n           ; 7.916 ; 7.960 ; 8.409  ; 8.453  ;
; y[1]       ; s[1]        ; 5.250 ; 5.387 ; 5.872  ; 6.002  ;
; y[1]       ; s[2]        ; 5.460 ; 5.558 ; 6.041  ; 6.139  ;
; y[1]       ; s[3]        ; 7.443 ; 7.642 ; 7.988  ; 8.187  ;
; y[1]       ; s[4]        ; 6.171 ; 6.207 ; 6.670  ; 6.700  ;
; y[1]       ; s[5]        ; 6.962 ; 7.049 ; 7.455  ; 7.542  ;
; y[1]       ; s[6]        ; 7.687 ; 7.816 ; 8.180  ; 8.309  ;
; y[1]       ; s[7]        ; 8.236 ; 8.323 ; 8.729  ; 8.816  ;
; y[1]       ; v           ; 8.887 ; 8.955 ; 9.380  ; 9.448  ;
; y[1]       ; z           ; 5.993 ; 6.017 ; 6.608  ; 6.639  ;
; y[2]       ; b           ; 7.438 ; 7.126 ; 8.043  ; 7.793  ;
; y[2]       ; c           ; 7.956 ; 8.363 ; 8.623  ; 8.968  ;
; y[2]       ; n           ; 7.489 ; 7.533 ; 8.156  ; 8.200  ;
; y[2]       ; s[2]        ; 4.877 ; 4.954 ; 5.484  ; 5.581  ;
; y[2]       ; s[3]        ; 7.068 ; 7.267 ; 7.730  ; 7.929  ;
; y[2]       ; s[4]        ; 5.750 ; 5.780 ; 6.417  ; 6.447  ;
; y[2]       ; s[5]        ; 6.535 ; 6.622 ; 7.202  ; 7.289  ;
; y[2]       ; s[6]        ; 7.260 ; 7.389 ; 7.927  ; 8.056  ;
; y[2]       ; s[7]        ; 7.809 ; 7.896 ; 8.476  ; 8.563  ;
; y[2]       ; v           ; 8.460 ; 8.528 ; 9.127  ; 9.195  ;
; y[2]       ; z           ; 6.080 ; 6.090 ; 6.707  ; 6.697  ;
; y[3]       ; b           ; 6.856 ; 6.664 ; 7.502  ; 7.190  ;
; y[3]       ; c           ; 7.494 ; 7.781 ; 8.020  ; 8.427  ;
; y[3]       ; n           ; 7.027 ; 7.071 ; 7.553  ; 7.597  ;
; y[3]       ; s[3]        ; 6.324 ; 6.518 ; 6.915  ; 7.129  ;
; y[3]       ; s[4]        ; 5.271 ; 5.312 ; 5.814  ; 5.844  ;
; y[3]       ; s[5]        ; 6.073 ; 6.160 ; 6.599  ; 6.686  ;
; y[3]       ; s[6]        ; 6.798 ; 6.927 ; 7.324  ; 7.453  ;
; y[3]       ; s[7]        ; 7.347 ; 7.434 ; 7.873  ; 7.960  ;
; y[3]       ; v           ; 7.998 ; 8.066 ; 8.524  ; 8.592  ;
; y[3]       ; z           ; 6.133 ; 6.159 ; 6.665  ; 6.702  ;
; y[4]       ; b           ; 6.420 ; 6.347 ; 7.169  ; 6.857  ;
; y[4]       ; c           ; 7.177 ; 7.345 ; 7.687  ; 8.094  ;
; y[4]       ; n           ; 6.710 ; 6.754 ; 7.220  ; 7.264  ;
; y[4]       ; s[4]        ; 4.611 ; 4.646 ; 5.271  ; 5.299  ;
; y[4]       ; s[5]        ; 5.703 ; 5.790 ; 6.266  ; 6.353  ;
; y[4]       ; s[6]        ; 6.481 ; 6.566 ; 6.991  ; 7.120  ;
; y[4]       ; s[7]        ; 7.030 ; 7.117 ; 7.540  ; 7.627  ;
; y[4]       ; v           ; 7.681 ; 7.749 ; 8.191  ; 8.259  ;
; y[4]       ; z           ; 5.467 ; 5.499 ; 6.120  ; 6.159  ;
; y[5]       ; b           ; 5.687 ; 5.431 ; 6.137  ; 6.118  ;
; y[5]       ; c           ; 6.261 ; 6.612 ; 6.948  ; 7.062  ;
; y[5]       ; n           ; 5.794 ; 5.838 ; 6.450  ; 6.501  ;
; y[5]       ; s[5]        ; 4.641 ; 4.723 ; 5.194  ; 5.296  ;
; y[5]       ; s[6]        ; 5.565 ; 5.694 ; 6.212  ; 6.283  ;
; y[5]       ; s[7]        ; 6.114 ; 6.201 ; 6.770  ; 6.864  ;
; y[5]       ; v           ; 6.765 ; 6.833 ; 7.421  ; 7.489  ;
; y[5]       ; z           ; 5.112 ; 5.147 ; 5.685  ; 5.700  ;
; y[6]       ; b           ; 5.099 ; 5.116 ; 5.796  ; 5.591  ;
; y[6]       ; c           ; 5.946 ; 6.024 ; 6.421  ; 6.721  ;
; y[6]       ; n           ; 5.412 ; 5.463 ; 5.954  ; 5.998  ;
; y[6]       ; s[6]        ; 5.029 ; 5.249 ; 5.745  ; 5.701  ;
; y[6]       ; s[7]        ; 5.732 ; 5.826 ; 6.274  ; 6.361  ;
; y[6]       ; v           ; 6.383 ; 6.451 ; 6.925  ; 6.993  ;
; y[6]       ; z           ; 5.581 ; 5.478 ; 6.033  ; 6.194  ;
; y[7]       ; b           ; 5.215 ; 5.160 ; 5.855  ; 5.800  ;
; y[7]       ; c           ; 5.990 ; 6.140 ; 6.630  ; 6.780  ;
; y[7]       ; n           ; 5.040 ; 5.125 ; 5.681  ; 5.759  ;
; y[7]       ; s[7]        ; 5.360 ; 5.488 ; 6.001  ; 6.122  ;
; y[7]       ; v           ; 6.011 ; 6.079 ; 6.652  ; 6.720  ;
; y[7]       ; z           ; 5.405 ; 5.406 ; 6.039  ; 6.047  ;
+------------+-------------+-------+-------+--------+--------+


---------------------------------------------
; Fast 1200mV 0C Model Metastability Report ;
---------------------------------------------
No synchronizer chains to report.


+----------------------------------------------------------------------------+
; Multicorner Timing Analysis Summary                                        ;
+------------------+-------+------+----------+---------+---------------------+
; Clock            ; Setup ; Hold ; Recovery ; Removal ; Minimum Pulse Width ;
+------------------+-------+------+----------+---------+---------------------+
; Worst-case Slack ; N/A   ; N/A  ; N/A      ; N/A     ; N/A                 ;
; Design-wide TNS  ; 0.0   ; 0.0  ; 0.0      ; 0.0     ; 0.0                 ;
+------------------+-------+------+----------+---------+---------------------+


+--------------------------------------------------------------+
; Propagation Delay                                            ;
+------------+-------------+--------+--------+--------+--------+
; Input Port ; Output Port ; RR     ; RF     ; FR     ; FF     ;
+------------+-------------+--------+--------+--------+--------+
; i_add      ; b           ; 20.476 ; 20.544 ; 21.014 ; 21.082 ;
; i_add      ; c           ; 22.079 ; 22.038 ; 22.617 ; 22.576 ;
; i_add      ; n           ; 21.394 ; 21.295 ; 21.932 ; 21.833 ;
; i_add      ; s[0]        ; 11.358 ; 11.340 ; 11.861 ; 11.766 ;
; i_add      ; s[1]        ; 13.335 ; 13.292 ; 13.848 ; 13.805 ;
; i_add      ; s[2]        ; 14.163 ; 14.136 ; 14.701 ; 14.674 ;
; i_add      ; s[3]        ; 18.038 ; 18.022 ; 18.576 ; 18.560 ;
; i_add      ; s[4]        ; 16.314 ; 16.243 ; 16.852 ; 16.781 ;
; i_add      ; s[5]        ; 18.287 ; 18.277 ; 18.825 ; 18.815 ;
; i_add      ; s[6]        ; 20.311 ; 20.250 ; 20.849 ; 20.788 ;
; i_add      ; s[7]        ; 21.963 ; 21.861 ; 22.501 ; 22.399 ;
; i_add      ; v           ; 22.996 ; 22.892 ; 23.534 ; 23.430 ;
; i_add      ; z           ; 22.031 ; 21.908 ; 22.569 ; 22.446 ;
; i_and      ; b           ; 21.585 ; 21.653 ; 22.047 ; 22.115 ;
; i_and      ; c           ; 23.188 ; 23.147 ; 23.650 ; 23.609 ;
; i_and      ; n           ; 22.503 ; 22.404 ; 22.965 ; 22.866 ;
; i_and      ; s[0]        ; 12.467 ; 12.449 ; 12.894 ; 12.799 ;
; i_and      ; s[1]        ; 14.444 ; 14.401 ; 14.881 ; 14.838 ;
; i_and      ; s[2]        ; 15.272 ; 15.245 ; 15.734 ; 15.707 ;
; i_and      ; s[3]        ; 19.147 ; 19.131 ; 19.609 ; 19.593 ;
; i_and      ; s[4]        ; 17.423 ; 17.352 ; 17.885 ; 17.814 ;
; i_and      ; s[5]        ; 19.396 ; 19.386 ; 19.858 ; 19.848 ;
; i_and      ; s[6]        ; 21.420 ; 21.359 ; 21.882 ; 21.821 ;
; i_and      ; s[7]        ; 23.072 ; 22.970 ; 23.534 ; 23.432 ;
; i_and      ; v           ; 24.105 ; 24.001 ; 24.567 ; 24.463 ;
; i_and      ; z           ; 23.140 ; 23.017 ; 23.602 ; 23.479 ;
; i_lda      ; b           ; 22.015 ; 22.083 ; 22.497 ; 22.565 ;
; i_lda      ; c           ; 23.618 ; 23.577 ; 24.100 ; 24.059 ;
; i_lda      ; n           ; 22.933 ; 22.834 ; 23.415 ; 23.316 ;
; i_lda      ; s[0]        ; 12.897 ; 12.879 ; 13.344 ; 13.249 ;
; i_lda      ; s[1]        ; 14.874 ; 14.831 ; 15.331 ; 15.288 ;
; i_lda      ; s[2]        ; 15.702 ; 15.675 ; 16.184 ; 16.157 ;
; i_lda      ; s[3]        ; 19.577 ; 19.561 ; 20.059 ; 20.043 ;
; i_lda      ; s[4]        ; 17.853 ; 17.782 ; 18.335 ; 18.264 ;
; i_lda      ; s[5]        ; 19.826 ; 19.816 ; 20.308 ; 20.298 ;
; i_lda      ; s[6]        ; 21.850 ; 21.789 ; 22.332 ; 22.271 ;
; i_lda      ; s[7]        ; 23.502 ; 23.400 ; 23.984 ; 23.882 ;
; i_lda      ; v           ; 24.535 ; 24.431 ; 25.017 ; 24.913 ;
; i_lda      ; z           ; 23.570 ; 23.447 ; 24.052 ; 23.929 ;
; i_not      ; b           ; 22.496 ; 22.564 ; 23.142 ; 23.210 ;
; i_not      ; c           ; 24.099 ; 24.058 ; 24.745 ; 24.704 ;
; i_not      ; n           ; 23.414 ; 23.315 ; 24.060 ; 23.961 ;
; i_not      ; s[0]        ; 13.378 ; 13.360 ; 13.989 ; 13.894 ;
; i_not      ; s[1]        ; 15.355 ; 15.312 ; 15.976 ; 15.933 ;
; i_not      ; s[2]        ; 16.183 ; 16.156 ; 16.829 ; 16.802 ;
; i_not      ; s[3]        ; 20.058 ; 20.042 ; 20.704 ; 20.688 ;
; i_not      ; s[4]        ; 18.334 ; 18.263 ; 18.980 ; 18.909 ;
; i_not      ; s[5]        ; 20.307 ; 20.297 ; 20.953 ; 20.943 ;
; i_not      ; s[6]        ; 22.331 ; 22.270 ; 22.977 ; 22.916 ;
; i_not      ; s[7]        ; 23.983 ; 23.881 ; 24.629 ; 24.527 ;
; i_not      ; v           ; 25.016 ; 24.912 ; 25.662 ; 25.558 ;
; i_not      ; z           ; 24.051 ; 23.928 ; 24.697 ; 24.574 ;
; i_or       ; b           ; 22.047 ; 22.115 ; 22.527 ; 22.595 ;
; i_or       ; c           ; 23.650 ; 23.609 ; 24.130 ; 24.089 ;
; i_or       ; n           ; 22.965 ; 22.866 ; 23.445 ; 23.346 ;
; i_or       ; s[0]        ; 12.929 ; 12.911 ; 13.374 ; 13.279 ;
; i_or       ; s[1]        ; 14.906 ; 14.863 ; 15.361 ; 15.318 ;
; i_or       ; s[2]        ; 15.734 ; 15.707 ; 16.214 ; 16.187 ;
; i_or       ; s[3]        ; 19.609 ; 19.593 ; 20.089 ; 20.073 ;
; i_or       ; s[4]        ; 17.885 ; 17.814 ; 18.365 ; 18.294 ;
; i_or       ; s[5]        ; 19.858 ; 19.848 ; 20.338 ; 20.328 ;
; i_or       ; s[6]        ; 21.882 ; 21.821 ; 22.362 ; 22.301 ;
; i_or       ; s[7]        ; 23.534 ; 23.432 ; 24.014 ; 23.912 ;
; i_or       ; v           ; 24.567 ; 24.463 ; 25.047 ; 24.943 ;
; i_or       ; z           ; 23.602 ; 23.479 ; 24.082 ; 23.959 ;
; x[0]       ; b           ; 17.613 ; 17.755 ; 18.265 ; 18.333 ;
; x[0]       ; c           ; 19.290 ; 19.175 ; 19.868 ; 19.827 ;
; x[0]       ; n           ; 18.595 ; 18.505 ; 19.183 ; 19.084 ;
; x[0]       ; s[0]        ; 8.989  ; 8.971  ; 9.112  ; 9.017  ;
; x[0]       ; s[1]        ; 10.966 ; 10.923 ; 11.099 ; 11.056 ;
; x[0]       ; s[2]        ; 11.751 ; 11.724 ; 11.952 ; 11.925 ;
; x[0]       ; s[3]        ; 15.514 ; 15.498 ; 15.827 ; 15.811 ;
; x[0]       ; s[4]        ; 13.745 ; 13.674 ; 14.103 ; 14.032 ;
; x[0]       ; s[5]        ; 15.572 ; 15.562 ; 16.076 ; 16.066 ;
; x[0]       ; s[6]        ; 17.569 ; 17.508 ; 18.100 ; 18.039 ;
; x[0]       ; s[7]        ; 19.164 ; 19.071 ; 19.752 ; 19.650 ;
; x[0]       ; v           ; 20.206 ; 20.102 ; 20.785 ; 20.681 ;
; x[0]       ; z           ; 19.241 ; 19.109 ; 19.820 ; 19.697 ;
; x[1]       ; b           ; 19.032 ; 19.174 ; 20.121 ; 20.189 ;
; x[1]       ; c           ; 20.709 ; 20.594 ; 21.724 ; 21.683 ;
; x[1]       ; n           ; 20.014 ; 19.924 ; 21.039 ; 20.940 ;
; x[1]       ; s[0]        ; 10.408 ; 10.390 ; 10.968 ; 10.873 ;
; x[1]       ; s[1]        ; 12.385 ; 12.342 ; 12.955 ; 12.912 ;
; x[1]       ; s[2]        ; 13.170 ; 13.143 ; 13.808 ; 13.781 ;
; x[1]       ; s[3]        ; 16.933 ; 16.917 ; 17.683 ; 17.667 ;
; x[1]       ; s[4]        ; 15.164 ; 15.093 ; 15.959 ; 15.888 ;
; x[1]       ; s[5]        ; 16.991 ; 16.981 ; 17.932 ; 17.922 ;
; x[1]       ; s[6]        ; 18.988 ; 18.927 ; 19.956 ; 19.895 ;
; x[1]       ; s[7]        ; 20.583 ; 20.490 ; 21.608 ; 21.506 ;
; x[1]       ; v           ; 21.625 ; 21.521 ; 22.641 ; 22.537 ;
; x[1]       ; z           ; 20.660 ; 20.528 ; 21.676 ; 21.553 ;
; x[2]       ; b           ; 15.509 ; 15.577 ; 15.618 ; 15.686 ;
; x[2]       ; c           ; 17.112 ; 17.071 ; 17.221 ; 17.180 ;
; x[2]       ; n           ; 16.427 ; 16.328 ; 16.536 ; 16.437 ;
; x[2]       ; s[1]        ; 9.028  ; 8.637  ; 8.817  ; 9.125  ;
; x[2]       ; s[2]        ; 9.196  ; 9.169  ; 9.305  ; 9.278  ;
; x[2]       ; s[3]        ; 13.071 ; 13.055 ; 13.180 ; 13.164 ;
; x[2]       ; s[4]        ; 11.347 ; 11.276 ; 11.456 ; 11.385 ;
; x[2]       ; s[5]        ; 13.320 ; 13.310 ; 13.429 ; 13.419 ;
; x[2]       ; s[6]        ; 15.344 ; 15.283 ; 15.453 ; 15.392 ;
; x[2]       ; s[7]        ; 16.996 ; 16.894 ; 17.105 ; 17.003 ;
; x[2]       ; v           ; 18.029 ; 17.925 ; 18.138 ; 18.034 ;
; x[2]       ; z           ; 17.064 ; 16.941 ; 17.173 ; 17.050 ;
; x[3]       ; b           ; 13.743 ; 13.811 ; 13.997 ; 14.065 ;
; x[3]       ; c           ; 15.346 ; 15.305 ; 15.600 ; 15.559 ;
; x[3]       ; n           ; 14.661 ; 14.562 ; 14.915 ; 14.816 ;
; x[3]       ; s[2]        ; 7.536  ; 7.491  ; 7.642  ; 7.630  ;
; x[3]       ; s[3]        ; 11.413 ; 11.397 ; 11.559 ; 11.543 ;
; x[3]       ; s[4]        ; 9.644  ; 9.573  ; 9.835  ; 9.764  ;
; x[3]       ; s[5]        ; 11.554 ; 11.544 ; 11.808 ; 11.798 ;
; x[3]       ; s[6]        ; 13.578 ; 13.517 ; 13.832 ; 13.771 ;
; x[3]       ; s[7]        ; 15.230 ; 15.128 ; 15.484 ; 15.382 ;
; x[3]       ; v           ; 16.263 ; 16.159 ; 16.517 ; 16.413 ;
; x[3]       ; z           ; 15.298 ; 15.175 ; 15.552 ; 15.429 ;
; x[4]       ; b           ; 14.965 ; 15.033 ; 15.232 ; 15.300 ;
; x[4]       ; c           ; 16.568 ; 16.527 ; 16.835 ; 16.794 ;
; x[4]       ; n           ; 15.883 ; 15.784 ; 16.150 ; 16.051 ;
; x[4]       ; s[3]        ; 12.182 ; 12.135 ; 12.671 ; 12.670 ;
; x[4]       ; s[4]        ; 10.803 ; 10.732 ; 11.280 ; 11.209 ;
; x[4]       ; s[5]        ; 12.776 ; 12.766 ; 13.107 ; 13.097 ;
; x[4]       ; s[6]        ; 14.800 ; 14.739 ; 15.104 ; 15.043 ;
; x[4]       ; s[7]        ; 16.452 ; 16.350 ; 16.719 ; 16.617 ;
; x[4]       ; v           ; 17.485 ; 17.381 ; 17.752 ; 17.648 ;
; x[4]       ; z           ; 16.520 ; 16.397 ; 16.787 ; 16.664 ;
; x[5]       ; b           ; 14.366 ; 14.508 ; 15.189 ; 15.257 ;
; x[5]       ; c           ; 16.043 ; 15.928 ; 16.792 ; 16.751 ;
; x[5]       ; n           ; 15.348 ; 15.258 ; 16.107 ; 16.008 ;
; x[5]       ; s[4]        ; 10.614 ; 9.452  ; 10.095 ; 11.122 ;
; x[5]       ; s[5]        ; 12.325 ; 12.315 ; 13.000 ; 12.990 ;
; x[5]       ; s[6]        ; 14.322 ; 14.261 ; 15.024 ; 14.963 ;
; x[5]       ; s[7]        ; 15.917 ; 15.824 ; 16.676 ; 16.574 ;
; x[5]       ; v           ; 16.959 ; 16.855 ; 17.709 ; 17.605 ;
; x[5]       ; z           ; 15.994 ; 15.862 ; 16.744 ; 16.621 ;
; x[6]       ; b           ; 11.447 ; 11.589 ; 12.125 ; 12.193 ;
; x[6]       ; c           ; 13.124 ; 13.009 ; 13.728 ; 13.687 ;
; x[6]       ; n           ; 12.429 ; 12.339 ; 13.043 ; 12.944 ;
; x[6]       ; s[5]        ; 9.726  ; 9.030  ; 9.550  ; 10.270 ;
; x[6]       ; s[6]        ; 11.403 ; 11.342 ; 11.960 ; 11.899 ;
; x[6]       ; s[7]        ; 12.998 ; 12.905 ; 13.612 ; 13.510 ;
; x[6]       ; v           ; 14.040 ; 13.936 ; 14.645 ; 14.541 ;
; x[6]       ; z           ; 13.075 ; 12.943 ; 13.680 ; 13.557 ;
; x[7]       ; b           ; 10.827 ; 10.969 ; 11.485 ; 11.553 ;
; x[7]       ; c           ; 12.504 ; 12.389 ; 13.088 ; 13.047 ;
; x[7]       ; n           ; 11.809 ; 11.719 ; 12.403 ; 12.304 ;
; x[7]       ; s[6]        ; 10.778 ; 10.717 ; 11.312 ; 11.251 ;
; x[7]       ; s[7]        ; 12.378 ; 12.285 ; 12.972 ; 12.870 ;
; x[7]       ; v           ; 13.420 ; 13.316 ; 14.005 ; 13.901 ;
; x[7]       ; z           ; 12.455 ; 12.323 ; 13.040 ; 12.917 ;
; y[0]       ; b           ; 16.779 ; 16.847 ; 17.308 ; 17.376 ;
; y[0]       ; c           ; 18.382 ; 18.341 ; 18.911 ; 18.870 ;
; y[0]       ; n           ; 17.697 ; 17.598 ; 18.226 ; 18.127 ;
; y[0]       ; s[0]        ; 8.358  ; 7.510  ; 7.635  ; 8.414  ;
; y[0]       ; s[1]        ; 9.984  ; 9.941  ; 10.142 ; 10.099 ;
; y[0]       ; s[2]        ; 10.769 ; 10.742 ; 10.995 ; 10.968 ;
; y[0]       ; s[3]        ; 14.532 ; 14.516 ; 14.870 ; 14.854 ;
; y[0]       ; s[4]        ; 12.763 ; 12.692 ; 13.146 ; 13.075 ;
; y[0]       ; s[5]        ; 14.590 ; 14.580 ; 15.119 ; 15.109 ;
; y[0]       ; s[6]        ; 16.614 ; 16.553 ; 17.143 ; 17.082 ;
; y[0]       ; s[7]        ; 18.266 ; 18.164 ; 18.795 ; 18.693 ;
; y[0]       ; v           ; 19.299 ; 19.195 ; 19.828 ; 19.724 ;
; y[0]       ; z           ; 18.334 ; 18.211 ; 18.863 ; 18.740 ;
; y[1]       ; b           ; 16.276 ; 16.344 ; 17.043 ; 17.111 ;
; y[1]       ; c           ; 17.879 ; 17.838 ; 18.646 ; 18.605 ;
; y[1]       ; n           ; 17.194 ; 17.095 ; 17.961 ; 17.862 ;
; y[1]       ; s[1]        ; 10.112 ; 9.344  ; 9.921  ; 10.580 ;
; y[1]       ; s[2]        ; 10.221 ; 10.194 ; 10.730 ; 10.703 ;
; y[1]       ; s[3]        ; 13.984 ; 13.968 ; 14.605 ; 14.589 ;
; y[1]       ; s[4]        ; 12.215 ; 12.144 ; 12.881 ; 12.810 ;
; y[1]       ; s[5]        ; 14.087 ; 14.077 ; 14.854 ; 14.844 ;
; y[1]       ; s[6]        ; 16.111 ; 16.050 ; 16.878 ; 16.817 ;
; y[1]       ; s[7]        ; 17.763 ; 17.661 ; 18.530 ; 18.428 ;
; y[1]       ; v           ; 18.796 ; 18.692 ; 19.563 ; 19.459 ;
; y[1]       ; z           ; 17.831 ; 17.708 ; 18.598 ; 18.475 ;
; y[2]       ; b           ; 15.283 ; 15.351 ; 15.606 ; 15.674 ;
; y[2]       ; c           ; 16.886 ; 16.845 ; 17.209 ; 17.168 ;
; y[2]       ; n           ; 16.201 ; 16.102 ; 16.524 ; 16.425 ;
; y[2]       ; s[2]        ; 9.030  ; 8.773  ; 9.272  ; 9.492  ;
; y[2]       ; s[3]        ; 12.845 ; 12.829 ; 13.261 ; 13.245 ;
; y[2]       ; s[4]        ; 11.121 ; 11.050 ; 11.492 ; 11.421 ;
; y[2]       ; s[5]        ; 13.094 ; 13.084 ; 13.417 ; 13.407 ;
; y[2]       ; s[6]        ; 15.118 ; 15.057 ; 15.441 ; 15.380 ;
; y[2]       ; s[7]        ; 16.770 ; 16.668 ; 17.093 ; 16.991 ;
; y[2]       ; v           ; 17.803 ; 17.699 ; 18.126 ; 18.022 ;
; y[2]       ; z           ; 16.838 ; 16.715 ; 17.161 ; 17.038 ;
; y[3]       ; b           ; 13.749 ; 13.817 ; 14.382 ; 14.450 ;
; y[3]       ; c           ; 15.352 ; 15.311 ; 15.985 ; 15.944 ;
; y[3]       ; n           ; 14.667 ; 14.568 ; 15.300 ; 15.201 ;
; y[3]       ; s[3]        ; 11.506 ; 11.137 ; 11.619 ; 11.989 ;
; y[3]       ; s[4]        ; 9.696  ; 9.625  ; 10.220 ; 10.149 ;
; y[3]       ; s[5]        ; 11.560 ; 11.550 ; 12.193 ; 12.183 ;
; y[3]       ; s[6]        ; 13.584 ; 13.523 ; 14.217 ; 14.156 ;
; y[3]       ; s[7]        ; 15.236 ; 15.134 ; 15.869 ; 15.767 ;
; y[3]       ; v           ; 16.269 ; 16.165 ; 16.902 ; 16.798 ;
; y[3]       ; z           ; 15.304 ; 15.181 ; 15.937 ; 15.814 ;
; y[4]       ; b           ; 12.626 ; 12.768 ; 13.383 ; 13.451 ;
; y[4]       ; c           ; 14.303 ; 14.188 ; 14.986 ; 14.945 ;
; y[4]       ; n           ; 13.608 ; 13.518 ; 14.301 ; 14.202 ;
; y[4]       ; s[4]        ; 9.380  ; 8.155  ; 8.791  ; 9.919  ;
; y[4]       ; s[5]        ; 10.585 ; 10.575 ; 11.194 ; 11.184 ;
; y[4]       ; s[6]        ; 12.582 ; 12.521 ; 13.218 ; 13.157 ;
; y[4]       ; s[7]        ; 14.177 ; 14.084 ; 14.870 ; 14.768 ;
; y[4]       ; v           ; 15.219 ; 15.115 ; 15.903 ; 15.799 ;
; y[4]       ; z           ; 14.254 ; 14.122 ; 14.938 ; 14.815 ;
; y[5]       ; b           ; 11.082 ; 11.150 ; 11.352 ; 11.494 ;
; y[5]       ; c           ; 12.685 ; 12.644 ; 13.029 ; 12.914 ;
; y[5]       ; n           ; 12.000 ; 11.901 ; 12.334 ; 12.244 ;
; y[5]       ; s[5]        ; 8.798  ; 8.350  ; 8.777  ; 9.230  ;
; y[5]       ; s[6]        ; 10.917 ; 10.856 ; 11.308 ; 11.247 ;
; y[5]       ; s[7]        ; 12.569 ; 12.467 ; 12.903 ; 12.810 ;
; y[5]       ; v           ; 13.602 ; 13.498 ; 13.945 ; 13.841 ;
; y[5]       ; z           ; 12.637 ; 12.514 ; 12.980 ; 12.848 ;
; y[6]       ; b           ; 9.709  ; 9.851  ; 10.269 ; 10.337 ;
; y[6]       ; c           ; 11.386 ; 11.271 ; 11.872 ; 11.831 ;
; y[6]       ; n           ; 10.691 ; 10.601 ; 11.187 ; 11.088 ;
; y[6]       ; s[6]        ; 9.612  ; 9.306  ; 9.807  ; 10.024 ;
; y[6]       ; s[7]        ; 11.260 ; 11.167 ; 11.756 ; 11.654 ;
; y[6]       ; v           ; 12.302 ; 12.198 ; 12.789 ; 12.685 ;
; y[6]       ; z           ; 11.337 ; 11.205 ; 11.824 ; 11.701 ;
; y[7]       ; b           ; 9.400  ; 9.468  ; 9.909  ; 9.977  ;
; y[7]       ; c           ; 11.003 ; 10.962 ; 11.512 ; 11.471 ;
; y[7]       ; n           ; 10.652 ; 9.035  ; 9.658  ; 11.181 ;
; y[7]       ; s[7]        ; 11.221 ; 9.601  ; 10.227 ; 11.747 ;
; y[7]       ; v           ; 12.166 ; 12.150 ; 12.882 ; 12.778 ;
; y[7]       ; z           ; 9.771  ; 11.166 ; 11.917 ; 10.172 ;
+------------+-------------+--------+--------+--------+--------+


+------------------------------------------------------------+
; Minimum Propagation Delay                                  ;
+------------+-------------+-------+-------+--------+--------+
; Input Port ; Output Port ; RR    ; RF    ; FR     ; FF     ;
+------------+-------------+-------+-------+--------+--------+
; i_add      ; b           ; 5.464 ; 4.928 ; 5.645  ; 6.092  ;
; i_add      ; c           ; 5.758 ; 5.761 ; 6.180  ; 6.570  ;
; i_add      ; n           ; 5.002 ; 4.970 ; 5.497  ; 5.704  ;
; i_add      ; s[0]        ; 5.392 ; 5.261 ; 5.862  ; 6.061  ;
; i_add      ; s[1]        ; 4.810 ; 4.925 ; 5.396  ; 5.504  ;
; i_add      ; s[2]        ; 4.287 ; 4.350 ; 4.874  ; 4.930  ;
; i_add      ; s[3]        ; 5.796 ; 5.945 ; 6.395  ; 6.537  ;
; i_add      ; s[4]        ; 4.313 ; 4.357 ; 4.934  ; 4.925  ;
; i_add      ; s[5]        ; 4.572 ; 4.614 ; 5.147  ; 5.248  ;
; i_add      ; s[6]        ; 5.353 ; 5.324 ; 5.935  ; 6.097  ;
; i_add      ; s[7]        ; 5.322 ; 5.333 ; 5.817  ; 6.067  ;
; i_add      ; v           ; 5.784 ; 5.973 ; 6.468  ; 6.528  ;
; i_add      ; z           ; 5.003 ; 5.078 ; 5.637  ; 5.653  ;
; i_and      ; b           ; 5.109 ; 5.053 ; 5.600  ; 5.543  ;
; i_and      ; c           ; 5.883 ; 6.034 ; 6.373  ; 6.525  ;
; i_and      ; n           ; 5.615 ; 5.680 ; 6.160  ; 6.189  ;
; i_and      ; s[0]        ; 5.238 ; 4.957 ; 5.491  ; 5.854  ;
; i_and      ; s[1]        ; 5.579 ; 5.725 ; 6.132  ; 6.250  ;
; i_and      ; s[2]        ; 5.131 ; 5.202 ; 5.647  ; 5.728  ;
; i_and      ; s[3]        ; 6.900 ; 7.062 ; 7.361  ; 7.591  ;
; i_and      ; s[4]        ; 4.813 ; 4.857 ; 5.344  ; 5.377  ;
; i_and      ; s[5]        ; 5.042 ; 5.139 ; 5.574  ; 5.651  ;
; i_and      ; s[6]        ; 5.421 ; 5.519 ; 5.967  ; 6.042  ;
; i_and      ; s[7]        ; 5.935 ; 6.043 ; 6.480  ; 6.552  ;
; i_and      ; v           ; 6.397 ; 5.666 ; 6.145  ; 7.036  ;
; i_and      ; z           ; 5.528 ; 5.548 ; 6.040  ; 6.080  ;
; i_lda      ; b           ; 5.344 ; 4.971 ; 5.677  ; 5.798  ;
; i_lda      ; c           ; 5.801 ; 5.756 ; 6.160  ; 6.602  ;
; i_lda      ; n           ; 5.002 ; 5.060 ; 5.588  ; 5.706  ;
; i_lda      ; s[0]        ; 5.306 ; 5.304 ; 5.894  ; 5.966  ;
; i_lda      ; s[1]        ; 5.067 ; 5.200 ; 5.683  ; 5.767  ;
; i_lda      ; s[2]        ; 4.407 ; 4.465 ; 4.980  ; 5.057  ;
; i_lda      ; s[3]        ; 5.751 ; 5.895 ; 6.330  ; 6.493  ;
; i_lda      ; s[4]        ; 4.217 ; 4.258 ; 4.822  ; 4.813  ;
; i_lda      ; s[5]        ; 4.398 ; 4.457 ; 4.958  ; 5.036  ;
; i_lda      ; s[6]        ; 5.353 ; 5.367 ; 5.967  ; 6.098  ;
; i_lda      ; s[7]        ; 5.322 ; 5.423 ; 5.908  ; 6.069  ;
; i_lda      ; v           ; 5.784 ; 5.607 ; 6.092  ; 6.530  ;
; i_lda      ; z           ; 4.846 ; 4.904 ; 5.425  ; 5.464  ;
; i_not      ; b           ; 6.022 ; 5.967 ; 6.818  ; 6.763  ;
; i_not      ; c           ; 6.797 ; 6.847 ; 7.397  ; 7.743  ;
; i_not      ; n           ; 6.069 ; 6.117 ; 6.788  ; 6.879  ;
; i_not      ; s[0]        ; 5.946 ; 5.502 ; 6.113  ; 6.709  ;
; i_not      ; s[1]        ; 6.251 ; 6.383 ; 6.913  ; 7.057  ;
; i_not      ; s[2]        ; 5.616 ; 5.698 ; 6.349  ; 6.424  ;
; i_not      ; s[3]        ; 7.283 ; 7.480 ; 8.011  ; 8.222  ;
; i_not      ; s[4]        ; 5.399 ; 5.450 ; 6.161  ; 6.169  ;
; i_not      ; s[5]        ; 5.719 ; 5.785 ; 6.446  ; 6.536  ;
; i_not      ; s[6]        ; 5.993 ; 6.114 ; 6.765  ; 6.820  ;
; i_not      ; s[7]        ; 6.389 ; 6.480 ; 7.108  ; 7.242  ;
; i_not      ; v           ; 6.091 ; 6.235 ; 6.690  ; 6.854  ;
; i_not      ; z           ; 6.174 ; 6.225 ; 6.925  ; 6.952  ;
; i_or       ; b           ; 5.365 ; 5.309 ; 5.878  ; 5.821  ;
; i_or       ; c           ; 6.139 ; 6.290 ; 6.651  ; 6.803  ;
; i_or       ; n           ; 5.705 ; 5.753 ; 6.365  ; 6.456  ;
; i_or       ; s[0]        ; 5.494 ; 5.500 ; 6.040  ; 6.132  ;
; i_or       ; s[1]        ; 5.835 ; 5.981 ; 6.410  ; 6.528  ;
; i_or       ; s[2]        ; 5.252 ; 5.334 ; 5.925  ; 6.001  ;
; i_or       ; s[3]        ; 6.919 ; 7.116 ; 7.588  ; 7.799  ;
; i_or       ; s[4]        ; 5.035 ; 5.086 ; 5.622  ; 5.655  ;
; i_or       ; s[5]        ; 5.298 ; 5.395 ; 5.852  ; 5.929  ;
; i_or       ; s[6]        ; 5.629 ; 5.750 ; 6.245  ; 6.320  ;
; i_or       ; s[7]        ; 6.025 ; 6.116 ; 6.685  ; 6.819  ;
; i_or       ; v           ; 6.653 ; 5.764 ; 6.257  ; 7.314  ;
; i_or       ; z           ; 5.784 ; 5.804 ; 6.318  ; 6.358  ;
; x[0]       ; b           ; 7.622 ; 7.310 ; 7.930  ; 7.618  ;
; x[0]       ; c           ; 4.445 ; 8.547 ; 8.448  ; 4.782  ;
; x[0]       ; n           ; 7.673 ; 7.717 ; 7.981  ; 8.025  ;
; x[0]       ; s[0]        ; 4.549 ; 4.784 ; 4.943  ; 4.848  ;
; x[0]       ; s[1]        ; 5.159 ; 5.303 ; 5.441  ; 5.585  ;
; x[0]       ; s[2]        ; 5.305 ; 5.403 ; 5.613  ; 5.711  ;
; x[0]       ; s[3]        ; 7.252 ; 7.451 ; 7.560  ; 7.759  ;
; x[0]       ; s[4]        ; 5.934 ; 5.964 ; 6.242  ; 6.272  ;
; x[0]       ; s[5]        ; 6.719 ; 6.806 ; 7.027  ; 7.114  ;
; x[0]       ; s[6]        ; 7.444 ; 7.573 ; 7.752  ; 7.881  ;
; x[0]       ; s[7]        ; 7.993 ; 8.080 ; 8.301  ; 8.388  ;
; x[0]       ; v           ; 8.644 ; 8.712 ; 8.952  ; 9.020  ;
; x[0]       ; z           ; 5.765 ; 5.580 ; 5.829  ; 5.974  ;
; x[1]       ; b           ; 8.304 ; 7.992 ; 8.998  ; 8.747  ;
; x[1]       ; c           ; 8.822 ; 9.229 ; 9.577  ; 9.923  ;
; x[1]       ; n           ; 8.355 ; 8.399 ; 9.110  ; 9.154  ;
; x[1]       ; s[0]        ; 5.926 ; 5.990 ; 6.627  ; 6.647  ;
; x[1]       ; s[1]        ; 5.728 ; 5.855 ; 6.390  ; 6.510  ;
; x[1]       ; s[2]        ; 5.987 ; 6.085 ; 6.702  ; 6.800  ;
; x[1]       ; s[3]        ; 7.934 ; 8.133 ; 8.685  ; 8.884  ;
; x[1]       ; s[4]        ; 6.616 ; 6.646 ; 7.371  ; 7.401  ;
; x[1]       ; s[5]        ; 7.401 ; 7.488 ; 8.156  ; 8.243  ;
; x[1]       ; s[6]        ; 8.126 ; 8.255 ; 8.881  ; 9.010  ;
; x[1]       ; s[7]        ; 8.675 ; 8.762 ; 9.430  ; 9.517  ;
; x[1]       ; v           ; 9.326 ; 9.394 ; 10.081 ; 10.149 ;
; x[1]       ; z           ; 6.461 ; 6.495 ; 7.116  ; 7.157  ;
; x[2]       ; b           ; 6.840 ; 6.528 ; 7.143  ; 6.876  ;
; x[2]       ; c           ; 7.358 ; 7.765 ; 7.706  ; 8.068  ;
; x[2]       ; n           ; 6.891 ; 6.935 ; 7.239  ; 7.283  ;
; x[2]       ; s[1]        ; 4.590 ; 4.717 ; 4.902  ; 5.022  ;
; x[2]       ; s[2]        ; 4.140 ; 4.235 ; 4.393  ; 4.491  ;
; x[2]       ; s[3]        ; 6.470 ; 6.669 ; 6.818  ; 7.017  ;
; x[2]       ; s[4]        ; 5.152 ; 5.182 ; 5.500  ; 5.530  ;
; x[2]       ; s[5]        ; 5.937 ; 6.024 ; 6.285  ; 6.372  ;
; x[2]       ; s[6]        ; 6.662 ; 6.791 ; 7.010  ; 7.139  ;
; x[2]       ; s[7]        ; 7.211 ; 7.298 ; 7.559  ; 7.646  ;
; x[2]       ; v           ; 7.862 ; 7.930 ; 8.210  ; 8.278  ;
; x[2]       ; z           ; 5.323 ; 5.353 ; 5.617  ; 5.606  ;
; x[3]       ; b           ; 6.103 ; 5.791 ; 6.387  ; 6.262  ;
; x[3]       ; c           ; 6.621 ; 7.028 ; 7.092  ; 7.312  ;
; x[3]       ; n           ; 6.154 ; 6.198 ; 6.625  ; 6.669  ;
; x[3]       ; s[2]        ; 3.947 ; 4.045 ; 4.221  ; 4.319  ;
; x[3]       ; s[3]        ; 5.473 ; 5.672 ; 5.752  ; 5.951  ;
; x[3]       ; s[4]        ; 4.415 ; 4.445 ; 4.802  ; 4.843  ;
; x[3]       ; s[5]        ; 5.200 ; 5.287 ; 5.670  ; 5.757  ;
; x[3]       ; s[6]        ; 5.925 ; 6.054 ; 6.396  ; 6.525  ;
; x[3]       ; s[7]        ; 6.474 ; 6.561 ; 6.945  ; 7.032  ;
; x[3]       ; v           ; 7.125 ; 7.193 ; 7.596  ; 7.664  ;
; x[3]       ; z           ; 5.171 ; 5.160 ; 5.445  ; 5.434  ;
; x[4]       ; b           ; 6.935 ; 6.658 ; 7.525  ; 7.360  ;
; x[4]       ; c           ; 7.488 ; 7.860 ; 8.190  ; 8.450  ;
; x[4]       ; n           ; 7.021 ; 7.065 ; 7.723  ; 7.767  ;
; x[4]       ; s[3]        ; 6.736 ; 6.935 ; 7.367  ; 7.566  ;
; x[4]       ; s[4]        ; 4.927 ; 4.957 ; 5.530  ; 5.560  ;
; x[4]       ; s[5]        ; 6.067 ; 6.154 ; 6.769  ; 6.856  ;
; x[4]       ; s[6]        ; 6.792 ; 6.921 ; 7.494  ; 7.623  ;
; x[4]       ; s[7]        ; 7.341 ; 7.428 ; 8.043  ; 8.130  ;
; x[4]       ; v           ; 7.992 ; 8.060 ; 8.694  ; 8.762  ;
; x[4]       ; z           ; 5.778 ; 5.815 ; 6.381  ; 6.418  ;
; x[5]       ; b           ; 6.098 ; 6.001 ; 6.808  ; 6.613  ;
; x[5]       ; c           ; 6.831 ; 7.023 ; 7.443  ; 7.733  ;
; x[5]       ; n           ; 6.364 ; 6.408 ; 6.976  ; 7.020  ;
; x[5]       ; s[4]        ; 5.175 ; 5.205 ; 5.857  ; 5.904  ;
; x[5]       ; s[5]        ; 5.108 ; 5.190 ; 5.776  ; 5.851  ;
; x[5]       ; s[6]        ; 6.135 ; 6.244 ; 6.747  ; 6.876  ;
; x[5]       ; s[7]        ; 6.684 ; 6.771 ; 7.296  ; 7.383  ;
; x[5]       ; v           ; 7.335 ; 7.403 ; 7.947  ; 8.015  ;
; x[5]       ; z           ; 5.579 ; 5.614 ; 6.240  ; 6.282  ;
; x[6]       ; b           ; 5.290 ; 5.439 ; 6.143  ; 5.831  ;
; x[6]       ; c           ; 6.269 ; 6.215 ; 6.661  ; 7.068  ;
; x[6]       ; n           ; 5.603 ; 5.654 ; 6.194  ; 6.238  ;
; x[6]       ; s[5]        ; 4.958 ; 5.040 ; 5.604  ; 5.688  ;
; x[6]       ; s[6]        ; 5.357 ; 5.461 ; 5.992  ; 6.089  ;
; x[6]       ; s[7]        ; 5.923 ; 6.017 ; 6.514  ; 6.601  ;
; x[6]       ; v           ; 6.574 ; 6.642 ; 7.165  ; 7.233  ;
; x[6]       ; z           ; 5.429 ; 5.464 ; 6.077  ; 6.110  ;
; x[7]       ; b           ; 5.252 ; 5.197 ; 5.946  ; 5.894  ;
; x[7]       ; c           ; 6.027 ; 6.177 ; 6.724  ; 6.871  ;
; x[7]       ; n           ; 5.299 ; 5.347 ; 5.963  ; 5.992  ;
; x[7]       ; s[6]        ; 5.629 ; 5.733 ; 6.296  ; 6.393  ;
; x[7]       ; s[7]        ; 5.619 ; 5.710 ; 6.283  ; 6.355  ;
; x[7]       ; v           ; 5.506 ; 5.567 ; 6.133  ; 6.214  ;
; x[7]       ; z           ; 5.627 ; 5.665 ; 6.272  ; 6.329  ;
; y[0]       ; b           ; 7.862 ; 7.649 ; 7.981  ; 7.669  ;
; y[0]       ; c           ; 8.479 ; 8.787 ; 8.499  ; 8.906  ;
; y[0]       ; n           ; 8.012 ; 8.056 ; 8.032  ; 8.076  ;
; y[0]       ; s[0]        ; 4.457 ; 4.445 ; 4.644  ; 4.759  ;
; y[0]       ; s[1]        ; 5.323 ; 5.467 ; 5.518  ; 5.662  ;
; y[0]       ; s[2]        ; 5.566 ; 5.664 ; 5.664  ; 5.762  ;
; y[0]       ; s[3]        ; 7.549 ; 7.748 ; 7.611  ; 7.810  ;
; y[0]       ; s[4]        ; 6.273 ; 6.303 ; 6.293  ; 6.323  ;
; y[0]       ; s[5]        ; 7.058 ; 7.145 ; 7.078  ; 7.165  ;
; y[0]       ; s[6]        ; 7.783 ; 7.912 ; 7.803  ; 7.932  ;
; y[0]       ; s[7]        ; 8.332 ; 8.419 ; 8.352  ; 8.439  ;
; y[0]       ; v           ; 8.983 ; 9.051 ; 9.003  ; 9.071  ;
; y[0]       ; z           ; 5.426 ; 5.488 ; 5.740  ; 5.675  ;
; y[1]       ; b           ; 7.756 ; 7.553 ; 8.358  ; 8.046  ;
; y[1]       ; c           ; 8.383 ; 8.681 ; 8.876  ; 9.283  ;
; y[1]       ; n           ; 7.916 ; 7.960 ; 8.409  ; 8.453  ;
; y[1]       ; s[1]        ; 5.250 ; 5.387 ; 5.872  ; 6.002  ;
; y[1]       ; s[2]        ; 5.460 ; 5.558 ; 6.041  ; 6.139  ;
; y[1]       ; s[3]        ; 7.443 ; 7.642 ; 7.988  ; 8.187  ;
; y[1]       ; s[4]        ; 6.171 ; 6.207 ; 6.670  ; 6.700  ;
; y[1]       ; s[5]        ; 6.962 ; 7.049 ; 7.455  ; 7.542  ;
; y[1]       ; s[6]        ; 7.687 ; 7.816 ; 8.180  ; 8.309  ;
; y[1]       ; s[7]        ; 8.236 ; 8.323 ; 8.729  ; 8.816  ;
; y[1]       ; v           ; 8.887 ; 8.955 ; 9.380  ; 9.448  ;
; y[1]       ; z           ; 5.993 ; 6.017 ; 6.608  ; 6.639  ;
; y[2]       ; b           ; 7.438 ; 7.126 ; 8.043  ; 7.793  ;
; y[2]       ; c           ; 7.956 ; 8.363 ; 8.623  ; 8.968  ;
; y[2]       ; n           ; 7.489 ; 7.533 ; 8.156  ; 8.200  ;
; y[2]       ; s[2]        ; 4.877 ; 4.954 ; 5.484  ; 5.581  ;
; y[2]       ; s[3]        ; 7.068 ; 7.267 ; 7.730  ; 7.929  ;
; y[2]       ; s[4]        ; 5.750 ; 5.780 ; 6.417  ; 6.447  ;
; y[2]       ; s[5]        ; 6.535 ; 6.622 ; 7.202  ; 7.289  ;
; y[2]       ; s[6]        ; 7.260 ; 7.389 ; 7.927  ; 8.056  ;
; y[2]       ; s[7]        ; 7.809 ; 7.896 ; 8.476  ; 8.563  ;
; y[2]       ; v           ; 8.460 ; 8.528 ; 9.127  ; 9.195  ;
; y[2]       ; z           ; 6.080 ; 6.090 ; 6.707  ; 6.697  ;
; y[3]       ; b           ; 6.856 ; 6.664 ; 7.502  ; 7.190  ;
; y[3]       ; c           ; 7.494 ; 7.781 ; 8.020  ; 8.427  ;
; y[3]       ; n           ; 7.027 ; 7.071 ; 7.553  ; 7.597  ;
; y[3]       ; s[3]        ; 6.324 ; 6.518 ; 6.915  ; 7.129  ;
; y[3]       ; s[4]        ; 5.271 ; 5.312 ; 5.814  ; 5.844  ;
; y[3]       ; s[5]        ; 6.073 ; 6.160 ; 6.599  ; 6.686  ;
; y[3]       ; s[6]        ; 6.798 ; 6.927 ; 7.324  ; 7.453  ;
; y[3]       ; s[7]        ; 7.347 ; 7.434 ; 7.873  ; 7.960  ;
; y[3]       ; v           ; 7.998 ; 8.066 ; 8.524  ; 8.592  ;
; y[3]       ; z           ; 6.133 ; 6.159 ; 6.665  ; 6.702  ;
; y[4]       ; b           ; 6.420 ; 6.347 ; 7.169  ; 6.857  ;
; y[4]       ; c           ; 7.177 ; 7.345 ; 7.687  ; 8.094  ;
; y[4]       ; n           ; 6.710 ; 6.754 ; 7.220  ; 7.264  ;
; y[4]       ; s[4]        ; 4.611 ; 4.646 ; 5.271  ; 5.299  ;
; y[4]       ; s[5]        ; 5.703 ; 5.790 ; 6.266  ; 6.353  ;
; y[4]       ; s[6]        ; 6.481 ; 6.566 ; 6.991  ; 7.120  ;
; y[4]       ; s[7]        ; 7.030 ; 7.117 ; 7.540  ; 7.627  ;
; y[4]       ; v           ; 7.681 ; 7.749 ; 8.191  ; 8.259  ;
; y[4]       ; z           ; 5.467 ; 5.499 ; 6.120  ; 6.159  ;
; y[5]       ; b           ; 5.687 ; 5.431 ; 6.137  ; 6.118  ;
; y[5]       ; c           ; 6.261 ; 6.612 ; 6.948  ; 7.062  ;
; y[5]       ; n           ; 5.794 ; 5.838 ; 6.450  ; 6.501  ;
; y[5]       ; s[5]        ; 4.641 ; 4.723 ; 5.194  ; 5.296  ;
; y[5]       ; s[6]        ; 5.565 ; 5.694 ; 6.212  ; 6.283  ;
; y[5]       ; s[7]        ; 6.114 ; 6.201 ; 6.770  ; 6.864  ;
; y[5]       ; v           ; 6.765 ; 6.833 ; 7.421  ; 7.489  ;
; y[5]       ; z           ; 5.112 ; 5.147 ; 5.685  ; 5.700  ;
; y[6]       ; b           ; 5.099 ; 5.116 ; 5.796  ; 5.591  ;
; y[6]       ; c           ; 5.946 ; 6.024 ; 6.421  ; 6.721  ;
; y[6]       ; n           ; 5.412 ; 5.463 ; 5.954  ; 5.998  ;
; y[6]       ; s[6]        ; 5.029 ; 5.249 ; 5.745  ; 5.701  ;
; y[6]       ; s[7]        ; 5.732 ; 5.826 ; 6.274  ; 6.361  ;
; y[6]       ; v           ; 6.383 ; 6.451 ; 6.925  ; 6.993  ;
; y[6]       ; z           ; 5.581 ; 5.478 ; 6.033  ; 6.194  ;
; y[7]       ; b           ; 5.215 ; 5.160 ; 5.855  ; 5.800  ;
; y[7]       ; c           ; 5.990 ; 6.140 ; 6.630  ; 6.780  ;
; y[7]       ; n           ; 5.040 ; 5.125 ; 5.681  ; 5.759  ;
; y[7]       ; s[7]        ; 5.360 ; 5.488 ; 6.001  ; 6.122  ;
; y[7]       ; v           ; 6.011 ; 6.079 ; 6.652  ; 6.720  ;
; y[7]       ; z           ; 5.405 ; 5.406 ; 6.039  ; 6.047  ;
+------------+-------------+-------+-------+--------+--------+


+------------------------------------------------------------------------------------------------------------------------------------------------------------------------------------------------------------------------------------------------------------------------------------------------------------------------------------------------------------------------------------------------------------------+
; Board Trace Model Assignments                                                                                                                                                                                                                                                                                                                                                                                    ;
+---------------+--------------+-------------------+-------------------------+-------------------------+---------------+---------------------+----------------+------------------+--------+------------------+------------------------+------------------------+--------------+---------------+-----------------+-------+---------------------+--------------------+---------------+-----------------+-------------+
; Pin           ; I/O Standard ; Near Tline Length ; Near Tline L per Length ; Near Tline C per Length ; Near Series R ; Near Differential R ; Near Pull-up R ; Near Pull-down R ; Near C ; Far Tline Length ; Far Tline L per Length ; Far Tline C per Length ; Far Series R ; Far Pull-up R ; Far Pull-down R ; Far C ; Termination Voltage ; Far Differential R ; EBD File Name ; EBD Signal Name ; EBD Far-end ;
+---------------+--------------+-------------------+-------------------------+-------------------------+---------------+---------------------+----------------+------------------+--------+------------------+------------------------+------------------------+--------------+---------------+-----------------+-------+---------------------+--------------------+---------------+-----------------+-------------+
; c             ; 2.5 V        ; 0 in              ; 0 H/in                  ; 0 F/in                  ; short         ; -                   ; open           ; open             ; open   ; 0 in             ; 0 H/in                 ; 0 F/in                 ; short        ; open          ; open            ; open  ; 0 V                 ; -                  ; n/a           ; n/a             ; n/a         ;
; n             ; 2.5 V        ; 0 in              ; 0 H/in                  ; 0 F/in                  ; short         ; -                   ; open           ; open             ; open   ; 0 in             ; 0 H/in                 ; 0 F/in                 ; short        ; open          ; open            ; open  ; 0 V                 ; -                  ; n/a           ; n/a             ; n/a         ;
; b             ; 2.5 V        ; 0 in              ; 0 H/in                  ; 0 F/in                  ; short         ; -                   ; open           ; open             ; open   ; 0 in             ; 0 H/in                 ; 0 F/in                 ; short        ; open          ; open            ; open  ; 0 V                 ; -                  ; n/a           ; n/a             ; n/a         ;
; z             ; 2.5 V        ; 0 in              ; 0 H/in                  ; 0 F/in                  ; short         ; -                   ; open           ; open             ; open   ; 0 in             ; 0 H/in                 ; 0 F/in                 ; short        ; open          ; open            ; open  ; 0 V                 ; -                  ; n/a           ; n/a             ; n/a         ;
; v             ; 2.5 V        ; 0 in              ; 0 H/in                  ; 0 F/in                  ; short         ; -                   ; open           ; open             ; open   ; 0 in             ; 0 H/in                 ; 0 F/in                 ; short        ; open          ; open            ; open  ; 0 V                 ; -                  ; n/a           ; n/a             ; n/a         ;
; s[7]          ; 2.5 V        ; 0 in              ; 0 H/in                  ; 0 F/in                  ; short         ; -                   ; open           ; open             ; open   ; 0 in             ; 0 H/in                 ; 0 F/in                 ; short        ; open          ; open            ; open  ; 0 V                 ; -                  ; n/a           ; n/a             ; n/a         ;
; s[6]          ; 2.5 V        ; 0 in              ; 0 H/in                  ; 0 F/in                  ; short         ; -                   ; open           ; open             ; open   ; 0 in             ; 0 H/in                 ; 0 F/in                 ; short        ; open          ; open            ; open  ; 0 V                 ; -                  ; n/a           ; n/a             ; n/a         ;
; s[5]          ; 2.5 V        ; 0 in              ; 0 H/in                  ; 0 F/in                  ; short         ; -                   ; open           ; open             ; open   ; 0 in             ; 0 H/in                 ; 0 F/in                 ; short        ; open          ; open            ; open  ; 0 V                 ; -                  ; n/a           ; n/a             ; n/a         ;
; s[4]          ; 2.5 V        ; 0 in              ; 0 H/in                  ; 0 F/in                  ; short         ; -                   ; open           ; open             ; open   ; 0 in             ; 0 H/in                 ; 0 F/in                 ; short        ; open          ; open            ; open  ; 0 V                 ; -                  ; n/a           ; n/a             ; n/a         ;
; s[3]          ; 2.5 V        ; 0 in              ; 0 H/in                  ; 0 F/in                  ; short         ; -                   ; open           ; open             ; open   ; 0 in             ; 0 H/in                 ; 0 F/in                 ; short        ; open          ; open            ; open  ; 0 V                 ; -                  ; n/a           ; n/a             ; n/a         ;
; s[2]          ; 2.5 V        ; 0 in              ; 0 H/in                  ; 0 F/in                  ; short         ; -                   ; open           ; open             ; open   ; 0 in             ; 0 H/in                 ; 0 F/in                 ; short        ; open          ; open            ; open  ; 0 V                 ; -                  ; n/a           ; n/a             ; n/a         ;
; s[1]          ; 2.5 V        ; 0 in              ; 0 H/in                  ; 0 F/in                  ; short         ; -                   ; open           ; open             ; open   ; 0 in             ; 0 H/in                 ; 0 F/in                 ; short        ; open          ; open            ; open  ; 0 V                 ; -                  ; n/a           ; n/a             ; n/a         ;
; s[0]          ; 2.5 V        ; 0 in              ; 0 H/in                  ; 0 F/in                  ; short         ; -                   ; open           ; open             ; open   ; 0 in             ; 0 H/in                 ; 0 F/in                 ; short        ; open          ; open            ; open  ; 0 V                 ; -                  ; n/a           ; n/a             ; n/a         ;
; ~ALTERA_NCEO~ ; 2.5 V        ; 0 in              ; 0 H/in                  ; 0 F/in                  ; short         ; -                   ; open           ; open             ; open   ; 0 in             ; 0 H/in                 ; 0 F/in                 ; short        ; open          ; open            ; open  ; 0 V                 ; -                  ; n/a           ; n/a             ; n/a         ;
; ~ALTERA_DCLK~ ; 2.5 V        ; 0 in              ; 0 H/in                  ; 0 F/in                  ; short         ; -                   ; open           ; open             ; open   ; 0 in             ; 0 H/in                 ; 0 F/in                 ; short        ; open          ; open            ; open  ; 0 V                 ; -                  ; n/a           ; n/a             ; n/a         ;
+---------------+--------------+-------------------+-------------------------+-------------------------+---------------+---------------------+----------------+------------------+--------+------------------+------------------------+------------------------+--------------+---------------+-----------------+-------+---------------------+--------------------+---------------+-----------------+-------------+


+-------------------------------------------------------------------+
; Input Transition Times                                            ;
+----------------+--------------+-----------------+-----------------+
; Pin            ; I/O Standard ; 10-90 Rise Time ; 90-10 Fall Time ;
+----------------+--------------+-----------------+-----------------+
; i_add          ; 2.5 V        ; 2000 ps         ; 2000 ps         ;
; i_lda          ; 2.5 V        ; 2000 ps         ; 2000 ps         ;
; i_or           ; 2.5 V        ; 2000 ps         ; 2000 ps         ;
; i_and          ; 2.5 V        ; 2000 ps         ; 2000 ps         ;
; i_not          ; 2.5 V        ; 2000 ps         ; 2000 ps         ;
; x[7]           ; 2.5 V        ; 2000 ps         ; 2000 ps         ;
; x[6]           ; 2.5 V        ; 2000 ps         ; 2000 ps         ;
; x[5]           ; 2.5 V        ; 2000 ps         ; 2000 ps         ;
; x[4]           ; 2.5 V        ; 2000 ps         ; 2000 ps         ;
; x[3]           ; 2.5 V        ; 2000 ps         ; 2000 ps         ;
; x[2]           ; 2.5 V        ; 2000 ps         ; 2000 ps         ;
; x[1]           ; 2.5 V        ; 2000 ps         ; 2000 ps         ;
; x[0]           ; 2.5 V        ; 2000 ps         ; 2000 ps         ;
; y[0]           ; 2.5 V        ; 2000 ps         ; 2000 ps         ;
; y[1]           ; 2.5 V        ; 2000 ps         ; 2000 ps         ;
; y[2]           ; 2.5 V        ; 2000 ps         ; 2000 ps         ;
; y[3]           ; 2.5 V        ; 2000 ps         ; 2000 ps         ;
; y[4]           ; 2.5 V        ; 2000 ps         ; 2000 ps         ;
; y[5]           ; 2.5 V        ; 2000 ps         ; 2000 ps         ;
; y[6]           ; 2.5 V        ; 2000 ps         ; 2000 ps         ;
; y[7]           ; 2.5 V        ; 2000 ps         ; 2000 ps         ;
; ~ALTERA_DATA0~ ; 2.5 V        ; 2000 ps         ; 2000 ps         ;
; ~ALTERA_ASDO~  ; 2.5 V        ; 2000 ps         ; 2000 ps         ;
; ~ALTERA_NCSO~  ; 2.5 V        ; 2000 ps         ; 2000 ps         ;
+----------------+--------------+-----------------+-----------------+


+--------------------------------------------------------------------------------------------------------------------------------------------------------------------------------------------------------------------------------------------------------------------------------------------------------------------------------------------------------------------------------------------------------------------------------------------------------------------------------------------------------------------------------------------------------------------------------------------------------------------------------------------------------------------------------------------+
; Signal Integrity Metrics (Slow 1200mv 0c Model)                                                                                                                                                                                                                                                                                                                                                                                                                                                                                                                                                                                                                                            ;
+---------------+--------------+---------------------+---------------------+------------------------------+------------------------------+---------------------+---------------------+--------------------------------------+--------------------------------------+-----------------------------+-----------------------------+----------------------------+----------------------------+-----------------------------+-----------------------------+--------------------+--------------------+-------------------------------------+-------------------------------------+----------------------------+----------------------------+---------------------------+---------------------------+
; Pin           ; I/O Standard ; Board Delay on Rise ; Board Delay on Fall ; Steady State Voh at FPGA Pin ; Steady State Vol at FPGA Pin ; Voh Max at FPGA Pin ; Vol Min at FPGA Pin ; Ringback Voltage on Rise at FPGA Pin ; Ringback Voltage on Fall at FPGA Pin ; 10-90 Rise Time at FPGA Pin ; 90-10 Fall Time at FPGA Pin ; Monotonic Rise at FPGA Pin ; Monotonic Fall at FPGA Pin ; Steady State Voh at Far-end ; Steady State Vol at Far-end ; Voh Max at Far-end ; Vol Min at Far-end ; Ringback Voltage on Rise at Far-end ; Ringback Voltage on Fall at Far-end ; 10-90 Rise Time at Far-end ; 90-10 Fall Time at Far-end ; Monotonic Rise at Far-end ; Monotonic Fall at Far-end ;
+---------------+--------------+---------------------+---------------------+------------------------------+------------------------------+---------------------+---------------------+--------------------------------------+--------------------------------------+-----------------------------+-----------------------------+----------------------------+----------------------------+-----------------------------+-----------------------------+--------------------+--------------------+-------------------------------------+-------------------------------------+----------------------------+----------------------------+---------------------------+---------------------------+
; c             ; 2.5 V        ; 0 s                 ; 0 s                 ; 2.32 V                       ; 7.29e-09 V                   ; 2.39 V              ; -0.00339 V          ; 0.206 V                              ; 0.007 V                              ; 2.77e-10 s                  ; 3.24e-10 s                  ; Yes                        ; Yes                        ; 2.32 V                      ; 7.29e-09 V                  ; 2.39 V             ; -0.00339 V         ; 0.206 V                             ; 0.007 V                             ; 2.77e-10 s                 ; 3.24e-10 s                 ; Yes                       ; Yes                       ;
; n             ; 2.5 V        ; 0 s                 ; 0 s                 ; 2.32 V                       ; 7.29e-09 V                   ; 2.39 V              ; -0.00339 V          ; 0.206 V                              ; 0.007 V                              ; 2.77e-10 s                  ; 3.24e-10 s                  ; Yes                        ; Yes                        ; 2.32 V                      ; 7.29e-09 V                  ; 2.39 V             ; -0.00339 V         ; 0.206 V                             ; 0.007 V                             ; 2.77e-10 s                 ; 3.24e-10 s                 ; Yes                       ; Yes                       ;
; b             ; 2.5 V        ; 0 s                 ; 0 s                 ; 2.32 V                       ; 7.29e-09 V                   ; 2.39 V              ; -0.00317 V          ; 0.179 V                              ; 0.007 V                              ; 4.7e-10 s                   ; 4.72e-10 s                  ; No                         ; Yes                        ; 2.32 V                      ; 7.29e-09 V                  ; 2.39 V             ; -0.00317 V         ; 0.179 V                             ; 0.007 V                             ; 4.7e-10 s                  ; 4.72e-10 s                 ; No                        ; Yes                       ;
; z             ; 2.5 V        ; 0 s                 ; 0 s                 ; 2.32 V                       ; 5.16e-09 V                   ; 2.4 V               ; -0.00557 V          ; 0.238 V                              ; 0.014 V                              ; 2.9e-10 s                   ; 3.48e-10 s                  ; No                         ; Yes                        ; 2.32 V                      ; 5.16e-09 V                  ; 2.4 V              ; -0.00557 V         ; 0.238 V                             ; 0.014 V                             ; 2.9e-10 s                  ; 3.48e-10 s                 ; No                        ; Yes                       ;
; v             ; 2.5 V        ; 0 s                 ; 0 s                 ; 2.32 V                       ; 7.29e-09 V                   ; 2.34 V              ; -0.00668 V          ; 0.218 V                              ; 0.076 V                              ; 1.92e-09 s                  ; 1.81e-09 s                  ; No                         ; Yes                        ; 2.32 V                      ; 7.29e-09 V                  ; 2.34 V             ; -0.00668 V         ; 0.218 V                             ; 0.076 V                             ; 1.92e-09 s                 ; 1.81e-09 s                 ; No                        ; Yes                       ;
; s[7]          ; 2.5 V        ; 0 s                 ; 0 s                 ; 2.32 V                       ; 7.29e-09 V                   ; 2.39 V              ; -0.00317 V          ; 0.179 V                              ; 0.007 V                              ; 4.7e-10 s                   ; 4.72e-10 s                  ; No                         ; Yes                        ; 2.32 V                      ; 7.29e-09 V                  ; 2.39 V             ; -0.00317 V         ; 0.179 V                             ; 0.007 V                             ; 4.7e-10 s                  ; 4.72e-10 s                 ; No                        ; Yes                       ;
; s[6]          ; 2.5 V        ; 0 s                 ; 0 s                 ; 2.32 V                       ; 5.16e-09 V                   ; 2.4 V               ; -0.00557 V          ; 0.238 V                              ; 0.014 V                              ; 2.9e-10 s                   ; 3.48e-10 s                  ; No                         ; Yes                        ; 2.32 V                      ; 5.16e-09 V                  ; 2.4 V              ; -0.00557 V         ; 0.238 V                             ; 0.014 V                             ; 2.9e-10 s                  ; 3.48e-10 s                 ; No                        ; Yes                       ;
; s[5]          ; 2.5 V        ; 0 s                 ; 0 s                 ; 2.32 V                       ; 7.29e-09 V                   ; 2.39 V              ; -0.00339 V          ; 0.206 V                              ; 0.007 V                              ; 2.77e-10 s                  ; 3.24e-10 s                  ; Yes                        ; Yes                        ; 2.32 V                      ; 7.29e-09 V                  ; 2.39 V             ; -0.00339 V         ; 0.206 V                             ; 0.007 V                             ; 2.77e-10 s                 ; 3.24e-10 s                 ; Yes                       ; Yes                       ;
; s[4]          ; 2.5 V        ; 0 s                 ; 0 s                 ; 2.32 V                       ; 7.29e-09 V                   ; 2.39 V              ; -0.00339 V          ; 0.206 V                              ; 0.007 V                              ; 2.77e-10 s                  ; 3.24e-10 s                  ; Yes                        ; Yes                        ; 2.32 V                      ; 7.29e-09 V                  ; 2.39 V             ; -0.00339 V         ; 0.206 V                             ; 0.007 V                             ; 2.77e-10 s                 ; 3.24e-10 s                 ; Yes                       ; Yes                       ;
; s[3]          ; 2.5 V        ; 0 s                 ; 0 s                 ; 2.32 V                       ; 7.29e-09 V                   ; 2.34 V              ; -0.00668 V          ; 0.218 V                              ; 0.076 V                              ; 1.92e-09 s                  ; 1.81e-09 s                  ; No                         ; Yes                        ; 2.32 V                      ; 7.29e-09 V                  ; 2.34 V             ; -0.00668 V         ; 0.218 V                             ; 0.076 V                             ; 1.92e-09 s                 ; 1.81e-09 s                 ; No                        ; Yes                       ;
; s[2]          ; 2.5 V        ; 0 s                 ; 0 s                 ; 2.32 V                       ; 7.29e-09 V                   ; 2.39 V              ; -0.00317 V          ; 0.179 V                              ; 0.007 V                              ; 4.7e-10 s                   ; 4.72e-10 s                  ; No                         ; Yes                        ; 2.32 V                      ; 7.29e-09 V                  ; 2.39 V             ; -0.00317 V         ; 0.179 V                             ; 0.007 V                             ; 4.7e-10 s                  ; 4.72e-10 s                 ; No                        ; Yes                       ;
; s[1]          ; 2.5 V        ; 0 s                 ; 0 s                 ; 2.32 V                       ; 7.29e-09 V                   ; 2.39 V              ; -0.00339 V          ; 0.206 V                              ; 0.007 V                              ; 2.77e-10 s                  ; 3.24e-10 s                  ; Yes                        ; Yes                        ; 2.32 V                      ; 7.29e-09 V                  ; 2.39 V             ; -0.00339 V         ; 0.206 V                             ; 0.007 V                             ; 2.77e-10 s                 ; 3.24e-10 s                 ; Yes                       ; Yes                       ;
; s[0]          ; 2.5 V        ; 0 s                 ; 0 s                 ; 2.32 V                       ; 7.29e-09 V                   ; 2.34 V              ; -0.00668 V          ; 0.218 V                              ; 0.076 V                              ; 1.92e-09 s                  ; 1.81e-09 s                  ; No                         ; Yes                        ; 2.32 V                      ; 7.29e-09 V                  ; 2.34 V             ; -0.00668 V         ; 0.218 V                             ; 0.076 V                             ; 1.92e-09 s                 ; 1.81e-09 s                 ; No                        ; Yes                       ;
; ~ALTERA_NCEO~ ; 2.5 V        ; 0 s                 ; 0 s                 ; 2.32 V                       ; 4.76e-09 V                   ; 2.4 V               ; -0.034 V            ; 0.102 V                              ; 0.065 V                              ; 2.49e-10 s                  ; 3.49e-10 s                  ; Yes                        ; Yes                        ; 2.32 V                      ; 4.76e-09 V                  ; 2.4 V              ; -0.034 V           ; 0.102 V                             ; 0.065 V                             ; 2.49e-10 s                 ; 3.49e-10 s                 ; Yes                       ; Yes                       ;
; ~ALTERA_DCLK~ ; 2.5 V        ; 0 s                 ; 0 s                 ; 2.32 V                       ; 5.94e-09 V                   ; 2.39 V              ; -0.0344 V           ; 0.156 V                              ; 0.089 V                              ; 2.68e-10 s                  ; 2.6e-10 s                   ; Yes                        ; Yes                        ; 2.32 V                      ; 5.94e-09 V                  ; 2.39 V             ; -0.0344 V          ; 0.156 V                             ; 0.089 V                             ; 2.68e-10 s                 ; 2.6e-10 s                  ; Yes                       ; Yes                       ;
+---------------+--------------+---------------------+---------------------+------------------------------+------------------------------+---------------------+---------------------+--------------------------------------+--------------------------------------+-----------------------------+-----------------------------+----------------------------+----------------------------+-----------------------------+-----------------------------+--------------------+--------------------+-------------------------------------+-------------------------------------+----------------------------+----------------------------+---------------------------+---------------------------+


+--------------------------------------------------------------------------------------------------------------------------------------------------------------------------------------------------------------------------------------------------------------------------------------------------------------------------------------------------------------------------------------------------------------------------------------------------------------------------------------------------------------------------------------------------------------------------------------------------------------------------------------------------------------------------------------------+
; Signal Integrity Metrics (Slow 1200mv 85c Model)                                                                                                                                                                                                                                                                                                                                                                                                                                                                                                                                                                                                                                           ;
+---------------+--------------+---------------------+---------------------+------------------------------+------------------------------+---------------------+---------------------+--------------------------------------+--------------------------------------+-----------------------------+-----------------------------+----------------------------+----------------------------+-----------------------------+-----------------------------+--------------------+--------------------+-------------------------------------+-------------------------------------+----------------------------+----------------------------+---------------------------+---------------------------+
; Pin           ; I/O Standard ; Board Delay on Rise ; Board Delay on Fall ; Steady State Voh at FPGA Pin ; Steady State Vol at FPGA Pin ; Voh Max at FPGA Pin ; Vol Min at FPGA Pin ; Ringback Voltage on Rise at FPGA Pin ; Ringback Voltage on Fall at FPGA Pin ; 10-90 Rise Time at FPGA Pin ; 90-10 Fall Time at FPGA Pin ; Monotonic Rise at FPGA Pin ; Monotonic Fall at FPGA Pin ; Steady State Voh at Far-end ; Steady State Vol at Far-end ; Voh Max at Far-end ; Vol Min at Far-end ; Ringback Voltage on Rise at Far-end ; Ringback Voltage on Fall at Far-end ; 10-90 Rise Time at Far-end ; 90-10 Fall Time at Far-end ; Monotonic Rise at Far-end ; Monotonic Fall at Far-end ;
+---------------+--------------+---------------------+---------------------+------------------------------+------------------------------+---------------------+---------------------+--------------------------------------+--------------------------------------+-----------------------------+-----------------------------+----------------------------+----------------------------+-----------------------------+-----------------------------+--------------------+--------------------+-------------------------------------+-------------------------------------+----------------------------+----------------------------+---------------------------+---------------------------+
; c             ; 2.5 V        ; 0 s                 ; 0 s                 ; 2.32 V                       ; 1.21e-06 V                   ; 2.37 V              ; -0.00606 V          ; 0.107 V                              ; 0.021 V                              ; 4.26e-10 s                  ; 4.03e-10 s                  ; Yes                        ; Yes                        ; 2.32 V                      ; 1.21e-06 V                  ; 2.37 V             ; -0.00606 V         ; 0.107 V                             ; 0.021 V                             ; 4.26e-10 s                 ; 4.03e-10 s                 ; Yes                       ; Yes                       ;
; n             ; 2.5 V        ; 0 s                 ; 0 s                 ; 2.32 V                       ; 1.21e-06 V                   ; 2.37 V              ; -0.00606 V          ; 0.107 V                              ; 0.021 V                              ; 4.26e-10 s                  ; 4.03e-10 s                  ; Yes                        ; Yes                        ; 2.32 V                      ; 1.21e-06 V                  ; 2.37 V             ; -0.00606 V         ; 0.107 V                             ; 0.021 V                             ; 4.26e-10 s                 ; 4.03e-10 s                 ; Yes                       ; Yes                       ;
; b             ; 2.5 V        ; 0 s                 ; 0 s                 ; 2.32 V                       ; 1.21e-06 V                   ; 2.36 V              ; -0.00833 V          ; 0.113 V                              ; 0.035 V                              ; 6.32e-10 s                  ; 5.89e-10 s                  ; No                         ; Yes                        ; 2.32 V                      ; 1.21e-06 V                  ; 2.36 V             ; -0.00833 V         ; 0.113 V                             ; 0.035 V                             ; 6.32e-10 s                 ; 5.89e-10 s                 ; No                        ; Yes                       ;
; z             ; 2.5 V        ; 0 s                 ; 0 s                 ; 2.32 V                       ; 8.13e-07 V                   ; 2.36 V              ; -0.00623 V          ; 0.121 V                              ; 0.03 V                               ; 4.4e-10 s                   ; 4.28e-10 s                  ; Yes                        ; Yes                        ; 2.32 V                      ; 8.13e-07 V                  ; 2.36 V             ; -0.00623 V         ; 0.121 V                             ; 0.03 V                              ; 4.4e-10 s                  ; 4.28e-10 s                 ; Yes                       ; Yes                       ;
; v             ; 2.5 V        ; 0 s                 ; 0 s                 ; 2.32 V                       ; 1.21e-06 V                   ; 2.33 V              ; -0.00286 V          ; 0.193 V                              ; 0.042 V                              ; 2.32e-09 s                  ; 2.21e-09 s                  ; Yes                        ; Yes                        ; 2.32 V                      ; 1.21e-06 V                  ; 2.33 V             ; -0.00286 V         ; 0.193 V                             ; 0.042 V                             ; 2.32e-09 s                 ; 2.21e-09 s                 ; Yes                       ; Yes                       ;
; s[7]          ; 2.5 V        ; 0 s                 ; 0 s                 ; 2.32 V                       ; 1.21e-06 V                   ; 2.36 V              ; -0.00833 V          ; 0.113 V                              ; 0.035 V                              ; 6.32e-10 s                  ; 5.89e-10 s                  ; No                         ; Yes                        ; 2.32 V                      ; 1.21e-06 V                  ; 2.36 V             ; -0.00833 V         ; 0.113 V                             ; 0.035 V                             ; 6.32e-10 s                 ; 5.89e-10 s                 ; No                        ; Yes                       ;
; s[6]          ; 2.5 V        ; 0 s                 ; 0 s                 ; 2.32 V                       ; 8.13e-07 V                   ; 2.36 V              ; -0.00623 V          ; 0.121 V                              ; 0.03 V                               ; 4.4e-10 s                   ; 4.28e-10 s                  ; Yes                        ; Yes                        ; 2.32 V                      ; 8.13e-07 V                  ; 2.36 V             ; -0.00623 V         ; 0.121 V                             ; 0.03 V                              ; 4.4e-10 s                  ; 4.28e-10 s                 ; Yes                       ; Yes                       ;
; s[5]          ; 2.5 V        ; 0 s                 ; 0 s                 ; 2.32 V                       ; 1.21e-06 V                   ; 2.37 V              ; -0.00606 V          ; 0.107 V                              ; 0.021 V                              ; 4.26e-10 s                  ; 4.03e-10 s                  ; Yes                        ; Yes                        ; 2.32 V                      ; 1.21e-06 V                  ; 2.37 V             ; -0.00606 V         ; 0.107 V                             ; 0.021 V                             ; 4.26e-10 s                 ; 4.03e-10 s                 ; Yes                       ; Yes                       ;
; s[4]          ; 2.5 V        ; 0 s                 ; 0 s                 ; 2.32 V                       ; 1.21e-06 V                   ; 2.37 V              ; -0.00606 V          ; 0.107 V                              ; 0.021 V                              ; 4.26e-10 s                  ; 4.03e-10 s                  ; Yes                        ; Yes                        ; 2.32 V                      ; 1.21e-06 V                  ; 2.37 V             ; -0.00606 V         ; 0.107 V                             ; 0.021 V                             ; 4.26e-10 s                 ; 4.03e-10 s                 ; Yes                       ; Yes                       ;
; s[3]          ; 2.5 V        ; 0 s                 ; 0 s                 ; 2.32 V                       ; 1.21e-06 V                   ; 2.33 V              ; -0.00286 V          ; 0.193 V                              ; 0.042 V                              ; 2.32e-09 s                  ; 2.21e-09 s                  ; Yes                        ; Yes                        ; 2.32 V                      ; 1.21e-06 V                  ; 2.33 V             ; -0.00286 V         ; 0.193 V                             ; 0.042 V                             ; 2.32e-09 s                 ; 2.21e-09 s                 ; Yes                       ; Yes                       ;
; s[2]          ; 2.5 V        ; 0 s                 ; 0 s                 ; 2.32 V                       ; 1.21e-06 V                   ; 2.36 V              ; -0.00833 V          ; 0.113 V                              ; 0.035 V                              ; 6.32e-10 s                  ; 5.89e-10 s                  ; No                         ; Yes                        ; 2.32 V                      ; 1.21e-06 V                  ; 2.36 V             ; -0.00833 V         ; 0.113 V                             ; 0.035 V                             ; 6.32e-10 s                 ; 5.89e-10 s                 ; No                        ; Yes                       ;
; s[1]          ; 2.5 V        ; 0 s                 ; 0 s                 ; 2.32 V                       ; 1.21e-06 V                   ; 2.37 V              ; -0.00606 V          ; 0.107 V                              ; 0.021 V                              ; 4.26e-10 s                  ; 4.03e-10 s                  ; Yes                        ; Yes                        ; 2.32 V                      ; 1.21e-06 V                  ; 2.37 V             ; -0.00606 V         ; 0.107 V                             ; 0.021 V                             ; 4.26e-10 s                 ; 4.03e-10 s                 ; Yes                       ; Yes                       ;
; s[0]          ; 2.5 V        ; 0 s                 ; 0 s                 ; 2.32 V                       ; 1.21e-06 V                   ; 2.33 V              ; -0.00286 V          ; 0.193 V                              ; 0.042 V                              ; 2.32e-09 s                  ; 2.21e-09 s                  ; Yes                        ; Yes                        ; 2.32 V                      ; 1.21e-06 V                  ; 2.33 V             ; -0.00286 V         ; 0.193 V                             ; 0.042 V                             ; 2.32e-09 s                 ; 2.21e-09 s                 ; Yes                       ; Yes                       ;
; ~ALTERA_NCEO~ ; 2.5 V        ; 0 s                 ; 0 s                 ; 2.32 V                       ; 7.93e-07 V                   ; 2.37 V              ; -0.0278 V           ; 0.106 V                              ; 0.115 V                              ; 2.69e-10 s                  ; 4.05e-10 s                  ; Yes                        ; Yes                        ; 2.32 V                      ; 7.93e-07 V                  ; 2.37 V             ; -0.0278 V          ; 0.106 V                             ; 0.115 V                             ; 2.69e-10 s                 ; 4.05e-10 s                 ; Yes                       ; Yes                       ;
; ~ALTERA_DCLK~ ; 2.5 V        ; 0 s                 ; 0 s                 ; 2.32 V                       ; 9.76e-07 V                   ; 2.36 V              ; -0.00439 V          ; 0.088 V                              ; 0.007 V                              ; 4.05e-10 s                  ; 3.35e-10 s                  ; Yes                        ; Yes                        ; 2.32 V                      ; 9.76e-07 V                  ; 2.36 V             ; -0.00439 V         ; 0.088 V                             ; 0.007 V                             ; 4.05e-10 s                 ; 3.35e-10 s                 ; Yes                       ; Yes                       ;
+---------------+--------------+---------------------+---------------------+------------------------------+------------------------------+---------------------+---------------------+--------------------------------------+--------------------------------------+-----------------------------+-----------------------------+----------------------------+----------------------------+-----------------------------+-----------------------------+--------------------+--------------------+-------------------------------------+-------------------------------------+----------------------------+----------------------------+---------------------------+---------------------------+


+--------------------------------------------------------------------------------------------------------------------------------------------------------------------------------------------------------------------------------------------------------------------------------------------------------------------------------------------------------------------------------------------------------------------------------------------------------------------------------------------------------------------------------------------------------------------------------------------------------------------------------------------------------------------------------------------+
; Signal Integrity Metrics (Fast 1200mv 0c Model)                                                                                                                                                                                                                                                                                                                                                                                                                                                                                                                                                                                                                                            ;
+---------------+--------------+---------------------+---------------------+------------------------------+------------------------------+---------------------+---------------------+--------------------------------------+--------------------------------------+-----------------------------+-----------------------------+----------------------------+----------------------------+-----------------------------+-----------------------------+--------------------+--------------------+-------------------------------------+-------------------------------------+----------------------------+----------------------------+---------------------------+---------------------------+
; Pin           ; I/O Standard ; Board Delay on Rise ; Board Delay on Fall ; Steady State Voh at FPGA Pin ; Steady State Vol at FPGA Pin ; Voh Max at FPGA Pin ; Vol Min at FPGA Pin ; Ringback Voltage on Rise at FPGA Pin ; Ringback Voltage on Fall at FPGA Pin ; 10-90 Rise Time at FPGA Pin ; 90-10 Fall Time at FPGA Pin ; Monotonic Rise at FPGA Pin ; Monotonic Fall at FPGA Pin ; Steady State Voh at Far-end ; Steady State Vol at Far-end ; Voh Max at Far-end ; Vol Min at Far-end ; Ringback Voltage on Rise at Far-end ; Ringback Voltage on Fall at Far-end ; 10-90 Rise Time at Far-end ; 90-10 Fall Time at Far-end ; Monotonic Rise at Far-end ; Monotonic Fall at Far-end ;
+---------------+--------------+---------------------+---------------------+------------------------------+------------------------------+---------------------+---------------------+--------------------------------------+--------------------------------------+-----------------------------+-----------------------------+----------------------------+----------------------------+-----------------------------+-----------------------------+--------------------+--------------------+-------------------------------------+-------------------------------------+----------------------------+----------------------------+---------------------------+---------------------------+
; c             ; 2.5 V        ; 0 s                 ; 0 s                 ; 2.62 V                       ; 4.66e-08 V                   ; 2.73 V              ; -0.0205 V           ; 0.17 V                               ; 0.027 V                              ; 2.58e-10 s                  ; 2.57e-10 s                  ; Yes                        ; Yes                        ; 2.62 V                      ; 4.66e-08 V                  ; 2.73 V             ; -0.0205 V          ; 0.17 V                              ; 0.027 V                             ; 2.58e-10 s                 ; 2.57e-10 s                 ; Yes                       ; Yes                       ;
; n             ; 2.5 V        ; 0 s                 ; 0 s                 ; 2.62 V                       ; 4.66e-08 V                   ; 2.73 V              ; -0.0205 V           ; 0.17 V                               ; 0.027 V                              ; 2.58e-10 s                  ; 2.57e-10 s                  ; Yes                        ; Yes                        ; 2.62 V                      ; 4.66e-08 V                  ; 2.73 V             ; -0.0205 V          ; 0.17 V                              ; 0.027 V                             ; 2.58e-10 s                 ; 2.57e-10 s                 ; Yes                       ; Yes                       ;
; b             ; 2.5 V        ; 0 s                 ; 0 s                 ; 2.62 V                       ; 4.66e-08 V                   ; 2.72 V              ; -0.0215 V           ; 0.161 V                              ; 0.061 V                              ; 4.44e-10 s                  ; 4.06e-10 s                  ; No                         ; Yes                        ; 2.62 V                      ; 4.66e-08 V                  ; 2.72 V             ; -0.0215 V          ; 0.161 V                             ; 0.061 V                             ; 4.44e-10 s                 ; 4.06e-10 s                 ; No                        ; Yes                       ;
; z             ; 2.5 V        ; 0 s                 ; 0 s                 ; 2.62 V                       ; 3.16e-08 V                   ; 2.72 V              ; -0.0199 V           ; 0.186 V                              ; 0.027 V                              ; 2.63e-10 s                  ; 2.76e-10 s                  ; Yes                        ; Yes                        ; 2.62 V                      ; 3.16e-08 V                  ; 2.72 V             ; -0.0199 V          ; 0.186 V                             ; 0.027 V                             ; 2.63e-10 s                 ; 2.76e-10 s                 ; Yes                       ; Yes                       ;
; v             ; 2.5 V        ; 0 s                 ; 0 s                 ; 2.62 V                       ; 4.66e-08 V                   ; 2.65 V              ; -0.0115 V           ; 0.219 V                              ; 0.115 V                              ; 1.64e-09 s                  ; 1.57e-09 s                  ; No                         ; Yes                        ; 2.62 V                      ; 4.66e-08 V                  ; 2.65 V             ; -0.0115 V          ; 0.219 V                             ; 0.115 V                             ; 1.64e-09 s                 ; 1.57e-09 s                 ; No                        ; Yes                       ;
; s[7]          ; 2.5 V        ; 0 s                 ; 0 s                 ; 2.62 V                       ; 4.66e-08 V                   ; 2.72 V              ; -0.0215 V           ; 0.161 V                              ; 0.061 V                              ; 4.44e-10 s                  ; 4.06e-10 s                  ; No                         ; Yes                        ; 2.62 V                      ; 4.66e-08 V                  ; 2.72 V             ; -0.0215 V          ; 0.161 V                             ; 0.061 V                             ; 4.44e-10 s                 ; 4.06e-10 s                 ; No                        ; Yes                       ;
; s[6]          ; 2.5 V        ; 0 s                 ; 0 s                 ; 2.62 V                       ; 3.16e-08 V                   ; 2.72 V              ; -0.0199 V           ; 0.186 V                              ; 0.027 V                              ; 2.63e-10 s                  ; 2.76e-10 s                  ; Yes                        ; Yes                        ; 2.62 V                      ; 3.16e-08 V                  ; 2.72 V             ; -0.0199 V          ; 0.186 V                             ; 0.027 V                             ; 2.63e-10 s                 ; 2.76e-10 s                 ; Yes                       ; Yes                       ;
; s[5]          ; 2.5 V        ; 0 s                 ; 0 s                 ; 2.62 V                       ; 4.66e-08 V                   ; 2.73 V              ; -0.0205 V           ; 0.17 V                               ; 0.027 V                              ; 2.58e-10 s                  ; 2.57e-10 s                  ; Yes                        ; Yes                        ; 2.62 V                      ; 4.66e-08 V                  ; 2.73 V             ; -0.0205 V          ; 0.17 V                              ; 0.027 V                             ; 2.58e-10 s                 ; 2.57e-10 s                 ; Yes                       ; Yes                       ;
; s[4]          ; 2.5 V        ; 0 s                 ; 0 s                 ; 2.62 V                       ; 4.66e-08 V                   ; 2.73 V              ; -0.0205 V           ; 0.17 V                               ; 0.027 V                              ; 2.58e-10 s                  ; 2.57e-10 s                  ; Yes                        ; Yes                        ; 2.62 V                      ; 4.66e-08 V                  ; 2.73 V             ; -0.0205 V          ; 0.17 V                              ; 0.027 V                             ; 2.58e-10 s                 ; 2.57e-10 s                 ; Yes                       ; Yes                       ;
; s[3]          ; 2.5 V        ; 0 s                 ; 0 s                 ; 2.62 V                       ; 4.66e-08 V                   ; 2.65 V              ; -0.0115 V           ; 0.219 V                              ; 0.115 V                              ; 1.64e-09 s                  ; 1.57e-09 s                  ; No                         ; Yes                        ; 2.62 V                      ; 4.66e-08 V                  ; 2.65 V             ; -0.0115 V          ; 0.219 V                             ; 0.115 V                             ; 1.64e-09 s                 ; 1.57e-09 s                 ; No                        ; Yes                       ;
; s[2]          ; 2.5 V        ; 0 s                 ; 0 s                 ; 2.62 V                       ; 4.66e-08 V                   ; 2.72 V              ; -0.0215 V           ; 0.161 V                              ; 0.061 V                              ; 4.44e-10 s                  ; 4.06e-10 s                  ; No                         ; Yes                        ; 2.62 V                      ; 4.66e-08 V                  ; 2.72 V             ; -0.0215 V          ; 0.161 V                             ; 0.061 V                             ; 4.44e-10 s                 ; 4.06e-10 s                 ; No                        ; Yes                       ;
; s[1]          ; 2.5 V        ; 0 s                 ; 0 s                 ; 2.62 V                       ; 4.66e-08 V                   ; 2.73 V              ; -0.0205 V           ; 0.17 V                               ; 0.027 V                              ; 2.58e-10 s                  ; 2.57e-10 s                  ; Yes                        ; Yes                        ; 2.62 V                      ; 4.66e-08 V                  ; 2.73 V             ; -0.0205 V          ; 0.17 V                              ; 0.027 V                             ; 2.58e-10 s                 ; 2.57e-10 s                 ; Yes                       ; Yes                       ;
; s[0]          ; 2.5 V        ; 0 s                 ; 0 s                 ; 2.62 V                       ; 4.66e-08 V                   ; 2.65 V              ; -0.0115 V           ; 0.219 V                              ; 0.115 V                              ; 1.64e-09 s                  ; 1.57e-09 s                  ; No                         ; Yes                        ; 2.62 V                      ; 4.66e-08 V                  ; 2.65 V             ; -0.0115 V          ; 0.219 V                             ; 0.115 V                             ; 1.64e-09 s                 ; 1.57e-09 s                 ; No                        ; Yes                       ;
; ~ALTERA_NCEO~ ; 2.5 V        ; 0 s                 ; 0 s                 ; 2.62 V                       ; 3.06e-08 V                   ; 2.86 V              ; -0.0341 V           ; 0.364 V                              ; 0.046 V                              ; 1.17e-10 s                  ; 2.6e-10 s                   ; No                         ; Yes                        ; 2.62 V                      ; 3.06e-08 V                  ; 2.86 V             ; -0.0341 V          ; 0.364 V                             ; 0.046 V                             ; 1.17e-10 s                 ; 2.6e-10 s                  ; No                        ; Yes                       ;
; ~ALTERA_DCLK~ ; 2.5 V        ; 0 s                 ; 0 s                 ; 2.62 V                       ; 3.81e-08 V                   ; 2.72 V              ; -0.0542 V           ; 0.144 V                              ; 0.087 V                              ; 2.55e-10 s                  ; 2.14e-10 s                  ; Yes                        ; Yes                        ; 2.62 V                      ; 3.81e-08 V                  ; 2.72 V             ; -0.0542 V          ; 0.144 V                             ; 0.087 V                             ; 2.55e-10 s                 ; 2.14e-10 s                 ; Yes                       ; Yes                       ;
+---------------+--------------+---------------------+---------------------+------------------------------+------------------------------+---------------------+---------------------+--------------------------------------+--------------------------------------+-----------------------------+-----------------------------+----------------------------+----------------------------+-----------------------------+-----------------------------+--------------------+--------------------+-------------------------------------+-------------------------------------+----------------------------+----------------------------+---------------------------+---------------------------+


-------------------
; Clock Transfers ;
-------------------
Nothing to report.


---------------
; Report TCCS ;
---------------
No dedicated SERDES Transmitter circuitry present in device or used in design


---------------
; Report RSKM ;
---------------
No non-DPA dedicated SERDES Receiver circuitry present in device or used in design


+------------------------------------------------+
; Unconstrained Paths                            ;
+---------------------------------+-------+------+
; Property                        ; Setup ; Hold ;
+---------------------------------+-------+------+
; Illegal Clocks                  ; 0     ; 0    ;
; Unconstrained Clocks            ; 0     ; 0    ;
; Unconstrained Input Ports       ; 21    ; 21   ;
; Unconstrained Input Port Paths  ; 224   ; 224  ;
; Unconstrained Output Ports      ; 13    ; 13   ;
; Unconstrained Output Port Paths ; 224   ; 224  ;
+---------------------------------+-------+------+


+------------------------------------+
; TimeQuest Timing Analyzer Messages ;
+------------------------------------+
Info: *******************************************************************
Info: Running Quartus II 64-Bit TimeQuest Timing Analyzer
    Info: Version 13.1.0 Build 162 10/23/2013 SJ Web Edition
    Info: Processing started: Fri May 15 01:12:34 2026
Info: Command: quartus_sta pfs_neander_ula -c pfs_neander_ula
Info: qsta_default_script.tcl version: #1
Warning (20028): Parallel compilation is not licensed and has been disabled
Info (21076): High junction temperature operating condition is not set. Assuming a default value of '85'.
Info (21076): Low junction temperature operating condition is not set. Assuming a default value of '0'.
Critical Warning (332012): Synopsys Design Constraints File file not found: 'pfs_neander_ula.sdc'. A Synopsys Design Constraints File is required by the TimeQuest Timing Analyzer to get proper timing constraints. Without it, the Compiler will not properly optimize the design.
Info (332142): No user constrained base clocks found in the design. Calling "derive_clocks -period 1.0"
Info (332096): The command derive_clocks did not find any clocks to derive.  No clocks were created or changed.
Warning (332068): No clocks defined in design.
Info (332143): No user constrained clock uncertainty found in the design. Calling "derive_clock_uncertainty"
Info (332154): The derive_clock_uncertainty command did not apply clock uncertainty to any clock-to-clock transfers.
Info: Found TIMEQUEST_REPORT_SCRIPT_INCLUDE_DEFAULT_ANALYSIS = ON
Info (332159): No clocks to report
Info: Analyzing Slow 1200mV 85C Model
Info (332140): No fmax paths to report
Info (332140): No Setup paths to report
Info (332140): No Hold paths to report
Info (332140): No Recovery paths to report
Info (332140): No Removal paths to report
Info (332140): No Minimum Pulse Width paths to report
Info: Analyzing Slow 1200mV 0C Model
Info (334003): Started post-fitting delay annotation
Info (334004): Delay annotation completed successfully
Info (332142): No user constrained base clocks found in the design. Calling "derive_clocks -period 1.0"
Info (332096): The command derive_clocks did not find any clocks to derive.  No clocks were created or changed.
Warning (332068): No clocks defined in design.
Info (332154): The derive_clock_uncertainty command did not apply clock uncertainty to any clock-to-clock transfers.
Info (332140): No fmax paths to report
Info (332140): No Setup paths to report
Info (332140): No Hold paths to report
Info (332140): No Recovery paths to report
Info (332140): No Removal paths to report
Info (332140): No Minimum Pulse Width paths to report
Info: Analyzing Fast 1200mV 0C Model
Info (332142): No user constrained base clocks found in the design. Calling "derive_clocks -period 1.0"
Info (332096): The command derive_clocks did not find any clocks to derive.  No clocks were created or changed.
Warning (332068): No clocks defined in design.
Info (332154): The derive_clock_uncertainty command did not apply clock uncertainty to any clock-to-clock transfers.
Info (332140): No Setup paths to report
Info (332140): No Hold paths to report
Info (332140): No Recovery paths to report
Info (332140): No Removal paths to report
Info (332140): No Minimum Pulse Width paths to report
Info (332102): Design is not fully constrained for setup requirements
Info (332102): Design is not fully constrained for hold requirements
Info: Quartus II 64-Bit TimeQuest Timing Analyzer was successful. 0 errors, 5 warnings
    Info: Peak virtual memory: 4633 megabytes
    Info: Processing ended: Fri May 15 01:12:36 2026
    Info: Elapsed time: 00:00:02
    Info: Total CPU time (on all processors): 00:00:02


