TimeQuest Timing Analyzer report for pfs_neander_control
Wed Jun 10 13:23:45 2026
Quartus II 64-Bit Version 13.1.0 Build 162 10/23/2013 SJ Web Edition


---------------------
; Table of Contents ;
---------------------
  1. Legal Notice
  2. TimeQuest Timing Analyzer Summary
  3. Parallel Compilation
  4. Clocks
  5. Slow 1200mV 85C Model Fmax Summary
  6. Timing Closure Recommendations
  7. Slow 1200mV 85C Model Setup Summary
  8. Slow 1200mV 85C Model Hold Summary
  9. Slow 1200mV 85C Model Recovery Summary
 10. Slow 1200mV 85C Model Removal Summary
 11. Slow 1200mV 85C Model Minimum Pulse Width Summary
 12. Slow 1200mV 85C Model Setup: 'ck'
 13. Slow 1200mV 85C Model Hold: 'ck'
 14. Slow 1200mV 85C Model Minimum Pulse Width: 'ck'
 15. Clock to Output Times
 16. Minimum Clock to Output Times
 17. Propagation Delay
 18. Minimum Propagation Delay
 19. Slow 1200mV 85C Model Metastability Report
 20. Slow 1200mV 0C Model Fmax Summary
 21. Slow 1200mV 0C Model Setup Summary
 22. Slow 1200mV 0C Model Hold Summary
 23. Slow 1200mV 0C Model Recovery Summary
 24. Slow 1200mV 0C Model Removal Summary
 25. Slow 1200mV 0C Model Minimum Pulse Width Summary
 26. Slow 1200mV 0C Model Setup: 'ck'
 27. Slow 1200mV 0C Model Hold: 'ck'
 28. Slow 1200mV 0C Model Minimum Pulse Width: 'ck'
 29. Clock to Output Times
 30. Minimum Clock to Output Times
 31. Propagation Delay
 32. Minimum Propagation Delay
 33. Slow 1200mV 0C Model Metastability Report
 34. Fast 1200mV 0C Model Setup Summary
 35. Fast 1200mV 0C Model Hold Summary
 36. Fast 1200mV 0C Model Recovery Summary
 37. Fast 1200mV 0C Model Removal Summary
 38. Fast 1200mV 0C Model Minimum Pulse Width Summary
 39. Fast 1200mV 0C Model Setup: 'ck'
 40. Fast 1200mV 0C Model Hold: 'ck'
 41. Fast 1200mV 0C Model Minimum Pulse Width: 'ck'
 42. Clock to Output Times
 43. Minimum Clock to Output Times
 44. Propagation Delay
 45. Minimum Propagation Delay
 46. Fast 1200mV 0C Model Metastability Report
 47. Multicorner Timing Analysis Summary
 48. Clock to Output Times
 49. Minimum Clock to Output Times
 50. Propagation Delay
 51. Minimum Propagation Delay
 52. Board Trace Model Assignments
 53. Input Transition Times
 54. Signal Integrity Metrics (Slow 1200mv 0c Model)
 55. Signal Integrity Metrics (Slow 1200mv 85c Model)
 56. Signal Integrity Metrics (Fast 1200mv 0c Model)
 57. Setup Transfers
 58. Hold Transfers
 59. Report TCCS
 60. Report RSKM
 61. Unconstrained Paths
 62. TimeQuest Timing Analyzer Messages



----------------
; Legal Notice ;
----------------
Copyright (C) 1991-2013 Altera Corporation
Your use of Altera Corporation's design tools, logic functions 
and other software and tools, and its AMPP partner logic 
functions, and any output files from any of the foregoing 
(including device programming or simulation files), and any 
associated documentation or information are expressly subject 
to the terms and conditions of the Altera Program License 
Subscription Agreement, Altera MegaCore Function License 
Agreement, or other applicable license agreement, including, 
without limitation, that your use is for the sole purpose of 
programming logic devices manufactured by Altera and sold by 
Altera or its authorized distributors.  Please refer to the 
applicable agreement for further details.



+-------------------------------------------------------------------------+
; TimeQuest Timing Analyzer Summary                                       ;
+--------------------+----------------------------------------------------+
; Quartus II Version ; Version 13.1.0 Build 162 10/23/2013 SJ Web Edition ;
; Revision Name      ; pfs_neander_control                                ;
; Device Family      ; Cyclone IV GX                                      ;
; Device Name        ; EP4CGX15BF14C6                                     ;
; Timing Models      ; Final                                              ;
; Delay Model        ; Combined                                           ;
; Rise/Fall Delays   ; Enabled                                            ;
+--------------------+----------------------------------------------------+


Parallel compilation was disabled, but you have multiple processors available. Enable parallel compilation to reduce compilation time.
+-------------------------------------+
; Parallel Compilation                ;
+----------------------------+--------+
; Processors                 ; Number ;
+----------------------------+--------+
; Number detected on machine ; 4      ;
; Maximum allowed            ; 1      ;
+----------------------------+--------+


+---------------------------------------------------------------------------------------------------------------------------------------------------------------------------------+
; Clocks                                                                                                                                                                          ;
+------------+------+--------+------------+-------+-------+------------+-----------+-------------+-------+--------+-----------+------------+----------+--------+--------+---------+
; Clock Name ; Type ; Period ; Frequency  ; Rise  ; Fall  ; Duty Cycle ; Divide by ; Multiply by ; Phase ; Offset ; Edge List ; Edge Shift ; Inverted ; Master ; Source ; Targets ;
+------------+------+--------+------------+-------+-------+------------+-----------+-------------+-------+--------+-----------+------------+----------+--------+--------+---------+
; ck         ; Base ; 1.000  ; 1000.0 MHz ; 0.000 ; 0.500 ;            ;           ;             ;       ;        ;           ;            ;          ;        ;        ; { ck }  ;
+------------+------+--------+------------+-------+-------+------------+-----------+-------------+-------+--------+-----------+------------+----------+--------+--------+---------+


+-----------------------------------------------------------------------------------------------------------+
; Slow 1200mV 85C Model Fmax Summary                                                                        ;
+------------+-----------------+------------+---------------------------------------------------------------+
; Fmax       ; Restricted Fmax ; Clock Name ; Note                                                          ;
+------------+-----------------+------------+---------------------------------------------------------------+
; 908.27 MHz ; 250.0 MHz       ; ck         ; limit due to minimum period restriction (max I/O toggle rate) ;
+------------+-----------------+------------+---------------------------------------------------------------+
This panel reports FMAX for every clock in the design, regardless of the user-specified clock periods.  FMAX is only computed for paths where the source and destination registers or ports are driven by the same clock.  Paths of different clocks, including generated clocks, are ignored.  For paths between a clock and its inversion, FMAX is computed as if the rising and falling edges are scaled along with FMAX, such that the duty cycle (in terms of a percentage) is maintained. Altera recommends that you always use clock constraints and other slack reports for sign-off analysis.


----------------------------------
; Timing Closure Recommendations ;
----------------------------------
HTML report is unavailable in plain text report export.


+-------------------------------------+
; Slow 1200mV 85C Model Setup Summary ;
+-------+--------+--------------------+
; Clock ; Slack  ; End Point TNS      ;
+-------+--------+--------------------+
; ck    ; -0.101 ; -0.101             ;
+-------+--------+--------------------+


+------------------------------------+
; Slow 1200mV 85C Model Hold Summary ;
+-------+-------+--------------------+
; Clock ; Slack ; End Point TNS      ;
+-------+-------+--------------------+
; ck    ; 0.355 ; 0.000              ;
+-------+-------+--------------------+


------------------------------------------
; Slow 1200mV 85C Model Recovery Summary ;
------------------------------------------
No paths to report.


-----------------------------------------
; Slow 1200mV 85C Model Removal Summary ;
-----------------------------------------
No paths to report.


+---------------------------------------------------+
; Slow 1200mV 85C Model Minimum Pulse Width Summary ;
+-------+--------+----------------------------------+
; Clock ; Slack  ; End Point TNS                    ;
+-------+--------+----------------------------------+
; ck    ; -3.000 ; -6.000                           ;
+-------+--------+----------------------------------+


+------------------------------------------------------------------------------------------------------------------------------------------------------------------------------+
; Slow 1200mV 85C Model Setup: 'ck'                                                                                                                                            ;
+--------+-----------------------------------------------+-----------------------------------------------+--------------+-------------+--------------+------------+------------+
; Slack  ; From Node                                     ; To Node                                       ; Launch Clock ; Latch Clock ; Relationship ; Clock Skew ; Data Delay ;
+--------+-----------------------------------------------+-----------------------------------------------+--------------+-------------+--------------+------------+------------+
; -0.101 ; pfs_neander_temp:inst1|pfs_uc_unit:inst2|inst ; pfs_neander_temp:inst1|pfs_uc_unit:inst4|inst ; ck           ; ck          ; 1.000        ; -0.065     ; 1.031      ;
; 0.096  ; pfs_neander_temp:inst1|pfs_uc_unit:inst3|inst ; pfs_neander_temp:inst1|pfs_uc_unit:inst4|inst ; ck           ; ck          ; 1.000        ; -0.065     ; 0.834      ;
; 0.145  ; pfs_neander_temp:inst1|pfs_uc_unit:inst2|inst ; pfs_neander_temp:inst1|pfs_uc_unit:inst3|inst ; ck           ; ck          ; 1.000        ; -0.065     ; 0.785      ;
; 0.271  ; pfs_neander_temp:inst1|pfs_uc_unit:inst2|inst ; pfs_neander_temp:inst1|pfs_uc_unit:inst2|inst ; ck           ; ck          ; 1.000        ; -0.065     ; 0.659      ;
; 0.271  ; pfs_neander_temp:inst1|pfs_uc_unit:inst4|inst ; pfs_neander_temp:inst1|pfs_uc_unit:inst4|inst ; ck           ; ck          ; 1.000        ; -0.065     ; 0.659      ;
; 0.271  ; pfs_neander_temp:inst1|pfs_uc_unit:inst3|inst ; pfs_neander_temp:inst1|pfs_uc_unit:inst3|inst ; ck           ; ck          ; 1.000        ; -0.065     ; 0.659      ;
+--------+-----------------------------------------------+-----------------------------------------------+--------------+-------------+--------------+------------+------------+


+-----------------------------------------------------------------------------------------------------------------------------------------------------------------------------+
; Slow 1200mV 85C Model Hold: 'ck'                                                                                                                                            ;
+-------+-----------------------------------------------+-----------------------------------------------+--------------+-------------+--------------+------------+------------+
; Slack ; From Node                                     ; To Node                                       ; Launch Clock ; Latch Clock ; Relationship ; Clock Skew ; Data Delay ;
+-------+-----------------------------------------------+-----------------------------------------------+--------------+-------------+--------------+------------+------------+
; 0.355 ; pfs_neander_temp:inst1|pfs_uc_unit:inst4|inst ; pfs_neander_temp:inst1|pfs_uc_unit:inst4|inst ; ck           ; ck          ; 0.000        ; 0.065      ; 0.577      ;
; 0.355 ; pfs_neander_temp:inst1|pfs_uc_unit:inst3|inst ; pfs_neander_temp:inst1|pfs_uc_unit:inst3|inst ; ck           ; ck          ; 0.000        ; 0.065      ; 0.577      ;
; 0.358 ; pfs_neander_temp:inst1|pfs_uc_unit:inst2|inst ; pfs_neander_temp:inst1|pfs_uc_unit:inst2|inst ; ck           ; ck          ; 0.000        ; 0.065      ; 0.580      ;
; 0.441 ; pfs_neander_temp:inst1|pfs_uc_unit:inst2|inst ; pfs_neander_temp:inst1|pfs_uc_unit:inst3|inst ; ck           ; ck          ; 0.000        ; 0.065      ; 0.663      ;
; 0.474 ; pfs_neander_temp:inst1|pfs_uc_unit:inst3|inst ; pfs_neander_temp:inst1|pfs_uc_unit:inst4|inst ; ck           ; ck          ; 0.000        ; 0.065      ; 0.696      ;
; 0.628 ; pfs_neander_temp:inst1|pfs_uc_unit:inst2|inst ; pfs_neander_temp:inst1|pfs_uc_unit:inst4|inst ; ck           ; ck          ; 0.000        ; 0.065      ; 0.850      ;
+-------+-----------------------------------------------+-----------------------------------------------+--------------+-------------+--------------+------------+------------+


+--------------------------------------------------------------------------------------------------------------------------------+
; Slow 1200mV 85C Model Minimum Pulse Width: 'ck'                                                                                ;
+--------+--------------+----------------+------------------+-------+------------+-----------------------------------------------+
; Slack  ; Actual Width ; Required Width ; Type             ; Clock ; Clock Edge ; Target                                        ;
+--------+--------------+----------------+------------------+-------+------------+-----------------------------------------------+
; -3.000 ; 1.000        ; 4.000          ; Port Rate        ; ck    ; Rise       ; ck                                            ;
; -1.000 ; 1.000        ; 2.000          ; Min Period       ; ck    ; Rise       ; pfs_neander_temp:inst1|pfs_uc_unit:inst2|inst ;
; -1.000 ; 1.000        ; 2.000          ; Min Period       ; ck    ; Rise       ; pfs_neander_temp:inst1|pfs_uc_unit:inst3|inst ;
; -1.000 ; 1.000        ; 2.000          ; Min Period       ; ck    ; Rise       ; pfs_neander_temp:inst1|pfs_uc_unit:inst4|inst ;
; 0.215  ; 0.399        ; 0.184          ; Low Pulse Width  ; ck    ; Rise       ; pfs_neander_temp:inst1|pfs_uc_unit:inst2|inst ;
; 0.215  ; 0.399        ; 0.184          ; Low Pulse Width  ; ck    ; Rise       ; pfs_neander_temp:inst1|pfs_uc_unit:inst3|inst ;
; 0.215  ; 0.399        ; 0.184          ; Low Pulse Width  ; ck    ; Rise       ; pfs_neander_temp:inst1|pfs_uc_unit:inst4|inst ;
; 0.326  ; 0.326        ; 0.000          ; Low Pulse Width  ; ck    ; Rise       ; ck~input|o                                    ;
; 0.337  ; 0.337        ; 0.000          ; Low Pulse Width  ; ck    ; Rise       ; ck~inputclkctrl|inclk[0]                      ;
; 0.337  ; 0.337        ; 0.000          ; Low Pulse Width  ; ck    ; Rise       ; ck~inputclkctrl|outclk                        ;
; 0.375  ; 0.375        ; 0.000          ; Low Pulse Width  ; ck    ; Rise       ; inst1|inst2|inst|clk                          ;
; 0.375  ; 0.375        ; 0.000          ; Low Pulse Width  ; ck    ; Rise       ; inst1|inst3|inst|clk                          ;
; 0.375  ; 0.375        ; 0.000          ; Low Pulse Width  ; ck    ; Rise       ; inst1|inst4|inst|clk                          ;
; 0.384  ; 0.600        ; 0.216          ; High Pulse Width ; ck    ; Rise       ; pfs_neander_temp:inst1|pfs_uc_unit:inst2|inst ;
; 0.384  ; 0.600        ; 0.216          ; High Pulse Width ; ck    ; Rise       ; pfs_neander_temp:inst1|pfs_uc_unit:inst3|inst ;
; 0.384  ; 0.600        ; 0.216          ; High Pulse Width ; ck    ; Rise       ; pfs_neander_temp:inst1|pfs_uc_unit:inst4|inst ;
; 0.500  ; 0.500        ; 0.000          ; High Pulse Width ; ck    ; Rise       ; ck~input|i                                    ;
; 0.500  ; 0.500        ; 0.000          ; Low Pulse Width  ; ck    ; Rise       ; ck~input|i                                    ;
; 0.622  ; 0.622        ; 0.000          ; High Pulse Width ; ck    ; Rise       ; inst1|inst2|inst|clk                          ;
; 0.622  ; 0.622        ; 0.000          ; High Pulse Width ; ck    ; Rise       ; inst1|inst3|inst|clk                          ;
; 0.622  ; 0.622        ; 0.000          ; High Pulse Width ; ck    ; Rise       ; inst1|inst4|inst|clk                          ;
; 0.662  ; 0.662        ; 0.000          ; High Pulse Width ; ck    ; Rise       ; ck~inputclkctrl|inclk[0]                      ;
; 0.662  ; 0.662        ; 0.000          ; High Pulse Width ; ck    ; Rise       ; ck~inputclkctrl|outclk                        ;
; 0.674  ; 0.674        ; 0.000          ; High Pulse Width ; ck    ; Rise       ; ck~input|o                                    ;
+--------+--------------+----------------+------------------+-------+------------+-----------------------------------------------+


+-------------------------------------------------------------------------+
; Clock to Output Times                                                   ;
+-------------+------------+-------+-------+------------+-----------------+
; Data Port   ; Clock Port ; Rise  ; Fall  ; Clock Edge ; Clock Reference ;
+-------------+------------+-------+-------+------------+-----------------+
; cg_AC       ; ck         ; 8.461 ; 8.580 ; Rise       ; ck              ;
; cg_PC       ; ck         ; 9.433 ; 9.394 ; Rise       ; ck              ;
; cg_RDM      ; ck         ; 7.884 ; 7.721 ; Rise       ; ck              ;
; cg_REM      ; ck         ; 7.947 ; 7.948 ; Rise       ; ck              ;
; cg_RI       ; ck         ; 7.771 ; 7.623 ; Rise       ; ck              ;
; inc_PC      ; ck         ; 9.053 ; 9.023 ; Rise       ; ck              ;
; mux_REM     ; ck         ; 7.759 ; 7.623 ; Rise       ; ck              ;
; t[*]        ; ck         ; 7.761 ; 7.613 ; Rise       ; ck              ;
;  t[0]       ; ck         ; 6.749 ; 6.520 ; Rise       ; ck              ;
;  t[1]       ; ck         ; 7.761 ; 7.613 ; Rise       ; ck              ;
;  t[2]       ; ck         ; 7.084 ; 6.982 ; Rise       ; ck              ;
;  t[3]       ; ck         ; 6.724 ; 6.582 ; Rise       ; ck              ;
;  t[4]       ; ck         ; 6.750 ; 6.577 ; Rise       ; ck              ;
;  t[5]       ; ck         ; 7.429 ; 7.312 ; Rise       ; ck              ;
;  t[6]       ; ck         ; 6.557 ; 6.578 ; Rise       ; ck              ;
;  t[7]       ; ck         ; 7.224 ; 7.297 ; Rise       ; ck              ;
; temp_in[*]  ; ck         ; 6.931 ; 6.921 ; Rise       ; ck              ;
;  temp_in[0] ; ck         ; 6.894 ; 6.874 ; Rise       ; ck              ;
;  temp_in[1] ; ck         ; 5.697 ; 5.615 ; Rise       ; ck              ;
;  temp_in[2] ; ck         ; 6.931 ; 6.921 ; Rise       ; ck              ;
+-------------+------------+-------+-------+------------+-----------------+


+-------------------------------------------------------------------------+
; Minimum Clock to Output Times                                           ;
+-------------+------------+-------+-------+------------+-----------------+
; Data Port   ; Clock Port ; Rise  ; Fall  ; Clock Edge ; Clock Reference ;
+-------------+------------+-------+-------+------------+-----------------+
; cg_AC       ; ck         ; 7.890 ; 7.738 ; Rise       ; ck              ;
; cg_PC       ; ck         ; 8.808 ; 8.717 ; Rise       ; ck              ;
; cg_RDM      ; ck         ; 6.973 ; 6.921 ; Rise       ; ck              ;
; cg_REM      ; ck         ; 7.182 ; 7.058 ; Rise       ; ck              ;
; cg_RI       ; ck         ; 7.164 ; 7.191 ; Rise       ; ck              ;
; inc_PC      ; ck         ; 7.173 ; 7.016 ; Rise       ; ck              ;
; mux_REM     ; ck         ; 7.338 ; 7.255 ; Rise       ; ck              ;
; t[*]        ; ck         ; 6.156 ; 5.950 ; Rise       ; ck              ;
;  t[0]       ; ck         ; 6.224 ; 6.002 ; Rise       ; ck              ;
;  t[1]       ; ck         ; 7.154 ; 7.181 ; Rise       ; ck              ;
;  t[2]       ; ck         ; 6.539 ; 6.358 ; Rise       ; ck              ;
;  t[3]       ; ck         ; 6.156 ; 6.104 ; Rise       ; ck              ;
;  t[4]       ; ck         ; 6.208 ; 5.987 ; Rise       ; ck              ;
;  t[5]       ; ck         ; 6.814 ; 6.829 ; Rise       ; ck              ;
;  t[6]       ; ck         ; 6.166 ; 5.950 ; Rise       ; ck              ;
;  t[7]       ; ck         ; 6.761 ; 6.761 ; Rise       ; ck              ;
; temp_in[*]  ; ck         ; 5.517 ; 5.434 ; Rise       ; ck              ;
;  temp_in[0] ; ck         ; 6.658 ; 6.634 ; Rise       ; ck              ;
;  temp_in[1] ; ck         ; 5.517 ; 5.434 ; Rise       ; ck              ;
;  temp_in[2] ; ck         ; 6.699 ; 6.687 ; Rise       ; ck              ;
+-------------+------------+-------+-------+------------+-----------------+


+-----------------------------------------------------------------+
; Propagation Delay                                               ;
+----------------+-------------+--------+-------+--------+--------+
; Input Port     ; Output Port ; RR     ; RF    ; FR     ; FF     ;
+----------------+-------------+--------+-------+--------+--------+
; instruction[0] ; cg_AC       ;        ; 9.013 ; 9.585  ;        ;
; instruction[0] ; cg_PC       ;        ; 9.963 ; 10.469 ;        ;
; instruction[0] ; cg_RDM      ;        ; 8.658 ; 9.190  ;        ;
; instruction[0] ; cg_REM      ;        ; 9.357 ; 9.865  ;        ;
; instruction[0] ; iADD        ; 8.107  ;       ;        ; 8.552  ;
; instruction[0] ; iAND        ; 8.153  ;       ;        ; 8.515  ;
; instruction[0] ; iLDA        ;        ; 8.306 ; 8.868  ;        ;
; instruction[0] ; iNOT        ;        ; 7.380 ; 8.010  ;        ;
; instruction[0] ; iOR         ;        ; 7.777 ; 8.396  ;        ;
; instruction[0] ; inc_PC      ; 9.416  ; 9.400 ; 9.910  ; 9.885  ;
; instruction[1] ; cg_AC       ; 8.745  ; 8.728 ; 9.158  ; 9.173  ;
; instruction[1] ; cg_PC       ;        ; 9.785 ; 10.208 ;        ;
; instruction[1] ; cg_RDM      ; 8.412  ; 8.480 ; 8.929  ; 8.760  ;
; instruction[1] ; cg_REM      ; 8.991  ; 9.179 ; 9.604  ; 9.440  ;
; instruction[1] ; iADD        ; 7.654  ;       ;        ; 8.026  ;
; instruction[1] ; iAND        ;        ; 7.586 ; 8.167  ;        ;
; instruction[1] ; iLDA        ; 7.886  ;       ;        ; 8.261  ;
; instruction[1] ; iNOT        ; 7.019  ;       ;        ; 7.325  ;
; instruction[1] ; iOR         ;        ; 7.324 ; 7.871  ;        ;
; instruction[1] ; inc_PC      ; 9.214  ; 9.178 ; 9.635  ; 9.642  ;
; instruction[1] ; mux_REM     ; 8.783  ; 8.707 ; 9.196  ; 9.152  ;
; instruction[2] ; cg_AC       ; 9.056  ; 9.041 ; 9.501  ; 9.477  ;
; instruction[2] ; cg_PC       ;        ; 9.472 ; 9.959  ;        ;
; instruction[2] ; cg_RDM      ; 8.723  ; 8.628 ; 9.168  ; 9.064  ;
; instruction[2] ; cg_REM      ; 9.302  ; 9.308 ; 9.747  ; 9.744  ;
; instruction[2] ; iADD        ;        ; 7.731 ; 8.279  ;        ;
; instruction[2] ; iAND        ; 7.914  ;       ;        ; 8.210  ;
; instruction[2] ; iLDA        ;        ; 7.990 ; 8.504  ;        ;
; instruction[2] ; iNOT        ; 7.234  ;       ;        ; 7.545  ;
; instruction[2] ; iOR         ; 7.661  ;       ;        ; 7.970  ;
; instruction[2] ; inc_PC      ; 8.988  ; 8.918 ; 9.433  ; 9.350  ;
; instruction[2] ; mux_REM     ; 9.094  ; 9.020 ; 9.539  ; 9.456  ;
; instruction[3] ; cg_AC       ;        ; 9.417 ; 9.863  ;        ;
; instruction[3] ; cg_PC       ; 9.839  ;       ;        ; 10.282 ;
; instruction[3] ; cg_RDM      ; 8.576  ; 9.004 ; 9.530  ; 8.980  ;
; instruction[3] ; cg_REM      ; 9.251  ; 9.684 ; 10.109 ; 9.679  ;
; instruction[3] ; iADD        ;        ; 7.934 ; 8.464  ;        ;
; instruction[3] ; iAND        ;        ; 7.979 ; 8.544  ;        ;
; instruction[3] ; iLDA        ;        ; 8.193 ; 8.690  ;        ;
; instruction[3] ; iNOT        ;        ; 7.313 ; 7.863  ;        ;
; instruction[3] ; iOR         ;        ; 7.739 ; 8.293  ;        ;
; instruction[3] ; inc_PC      ; 9.287  ; 9.290 ; 9.795  ; 9.729  ;
; instruction[3] ; mux_REM     ;        ; 9.396 ; 9.901  ;        ;
; n              ; cg_PC       ; 10.084 ;       ;        ; 10.510 ;
; n              ; cg_RDM      ; 8.805  ;       ;        ; 9.205  ;
; n              ; cg_REM      ; 9.480  ;       ;        ; 9.904  ;
; n              ; inc_PC      ;        ; 9.508 ; 9.930  ;        ;
; z              ; cg_PC       ; 10.063 ;       ;        ; 10.546 ;
; z              ; cg_RDM      ; 8.784  ;       ;        ; 9.241  ;
; z              ; cg_REM      ; 9.459  ;       ;        ; 9.940  ;
; z              ; inc_PC      ;        ; 9.535 ; 9.992  ;        ;
+----------------+-------------+--------+-------+--------+--------+


+----------------------------------------------------------------+
; Minimum Propagation Delay                                      ;
+----------------+-------------+-------+-------+--------+--------+
; Input Port     ; Output Port ; RR    ; RF    ; FR     ; FF     ;
+----------------+-------------+-------+-------+--------+--------+
; instruction[0] ; cg_AC       ;       ; 8.730 ; 9.289  ;        ;
; instruction[0] ; cg_PC       ;       ; 9.636 ; 10.131 ;        ;
; instruction[0] ; cg_RDM      ;       ; 8.352 ; 8.874  ;        ;
; instruction[0] ; cg_REM      ;       ; 9.027 ; 9.523  ;        ;
; instruction[0] ; iADD        ; 7.832 ;       ;        ; 8.264  ;
; instruction[0] ; iAND        ; 7.876 ;       ;        ; 8.228  ;
; instruction[0] ; iLDA        ;       ; 8.052 ; 8.599  ;        ;
; instruction[0] ; iNOT        ;       ; 7.127 ; 7.743  ;        ;
; instruction[0] ; iOR         ;       ; 7.508 ; 8.114  ;        ;
; instruction[0] ; inc_PC      ; 9.065 ; 9.015 ; 9.547  ; 9.488  ;
; instruction[1] ; cg_AC       ; 8.329 ; 8.401 ; 8.828  ; 8.685  ;
; instruction[1] ; cg_PC       ;       ; 9.407 ; 9.833  ;        ;
; instruction[1] ; cg_RDM      ; 8.121 ; 8.023 ; 8.525  ; 8.457  ;
; instruction[1] ; cg_REM      ; 8.555 ; 8.538 ; 8.959  ; 8.972  ;
; instruction[1] ; iADD        ; 7.397 ;       ;        ; 7.759  ;
; instruction[1] ; iAND        ;       ; 7.328 ; 7.896  ;        ;
; instruction[1] ; iLDA        ; 7.650 ;       ;        ; 8.016  ;
; instruction[1] ; iNOT        ; 6.783 ;       ;        ; 7.082  ;
; instruction[1] ; iOR         ;       ; 7.073 ; 7.609  ;        ;
; instruction[1] ; inc_PC      ; 8.370 ; 8.294 ; 8.774  ; 8.728  ;
; instruction[1] ; mux_REM     ; 8.478 ; 8.402 ; 8.882  ; 8.836  ;
; instruction[2] ; cg_AC       ; 8.537 ; 8.701 ; 9.158  ; 8.895  ;
; instruction[2] ; cg_PC       ;       ; 9.166 ; 9.642  ;        ;
; instruction[2] ; cg_RDM      ; 8.420 ; 7.884 ; 8.387  ; 8.749  ;
; instruction[2] ; cg_REM      ; 8.854 ; 8.559 ; 9.036  ; 9.264  ;
; instruction[2] ; iADD        ;       ; 7.468 ; 8.004  ;        ;
; instruction[2] ; iAND        ; 7.647 ;       ;        ; 7.934  ;
; instruction[2] ; iLDA        ;       ; 7.748 ; 8.250  ;        ;
; instruction[2] ; iNOT        ; 6.991 ;       ;        ; 7.292  ;
; instruction[2] ; iOR         ; 7.400 ;       ;        ; 7.700  ;
; instruction[2] ; inc_PC      ; 8.669 ; 8.553 ; 9.063  ; 9.020  ;
; instruction[2] ; mux_REM     ; 8.777 ; 8.702 ; 9.212  ; 9.128  ;
; instruction[3] ; cg_AC       ;       ; 8.667 ; 9.147  ;        ;
; instruction[3] ; cg_PC       ; 9.520 ;       ;        ; 9.950  ;
; instruction[3] ; cg_RDM      ; 8.266 ; 8.626 ; 9.150  ; 8.642  ;
; instruction[3] ; cg_REM      ; 8.915 ; 9.141 ; 9.584  ; 9.317  ;
; instruction[3] ; iADD        ;       ; 7.663 ; 8.183  ;        ;
; instruction[3] ; iAND        ;       ; 7.706 ; 8.258  ;        ;
; instruction[3] ; iLDA        ;       ; 7.944 ; 8.429  ;        ;
; instruction[3] ; iNOT        ;       ; 7.064 ; 7.601  ;        ;
; instruction[3] ; iOR         ;       ; 7.474 ; 8.014  ;        ;
; instruction[3] ; inc_PC      ; 8.942 ; 8.897 ; 9.399  ; 9.338  ;
; instruction[3] ; mux_REM     ;       ; 9.005 ; 9.507  ;        ;
; n              ; cg_PC       ; 9.754 ;       ;        ; 10.168 ;
; n              ; cg_RDM      ; 8.497 ;       ;        ; 8.884  ;
; n              ; cg_REM      ; 9.146 ;       ;        ; 9.559  ;
; n              ; inc_PC      ;       ; 9.120 ; 9.566  ;        ;
; z              ; cg_PC       ; 9.723 ;       ;        ; 10.184 ;
; z              ; cg_RDM      ; 8.466 ;       ;        ; 8.900  ;
; z              ; cg_REM      ; 9.115 ;       ;        ; 9.575  ;
; z              ; inc_PC      ;       ; 9.138 ; 9.611  ;        ;
+----------------+-------------+-------+-------+--------+--------+


----------------------------------------------
; Slow 1200mV 85C Model Metastability Report ;
----------------------------------------------
No synchronizer chains to report.


+------------------------------------------------------------------------------------------------------------+
; Slow 1200mV 0C Model Fmax Summary                                                                          ;
+-------------+-----------------+------------+---------------------------------------------------------------+
; Fmax        ; Restricted Fmax ; Clock Name ; Note                                                          ;
+-------------+-----------------+------------+---------------------------------------------------------------+
; 1017.29 MHz ; 250.0 MHz       ; ck         ; limit due to minimum period restriction (max I/O toggle rate) ;
+-------------+-----------------+------------+---------------------------------------------------------------+
This panel reports FMAX for every clock in the design, regardless of the user-specified clock periods.  FMAX is only computed for paths where the source and destination registers or ports are driven by the same clock.  Paths of different clocks, including generated clocks, are ignored.  For paths between a clock and its inversion, FMAX is computed as if the rising and falling edges are scaled along with FMAX, such that the duty cycle (in terms of a percentage) is maintained. Altera recommends that you always use clock constraints and other slack reports for sign-off analysis.


+------------------------------------+
; Slow 1200mV 0C Model Setup Summary ;
+-------+-------+--------------------+
; Clock ; Slack ; End Point TNS      ;
+-------+-------+--------------------+
; ck    ; 0.017 ; 0.000              ;
+-------+-------+--------------------+


+-----------------------------------+
; Slow 1200mV 0C Model Hold Summary ;
+-------+-------+-------------------+
; Clock ; Slack ; End Point TNS     ;
+-------+-------+-------------------+
; ck    ; 0.310 ; 0.000             ;
+-------+-------+-------------------+


-----------------------------------------
; Slow 1200mV 0C Model Recovery Summary ;
-----------------------------------------
No paths to report.


----------------------------------------
; Slow 1200mV 0C Model Removal Summary ;
----------------------------------------
No paths to report.


+--------------------------------------------------+
; Slow 1200mV 0C Model Minimum Pulse Width Summary ;
+-------+--------+---------------------------------+
; Clock ; Slack  ; End Point TNS                   ;
+-------+--------+---------------------------------+
; ck    ; -3.000 ; -6.000                          ;
+-------+--------+---------------------------------+


+-----------------------------------------------------------------------------------------------------------------------------------------------------------------------------+
; Slow 1200mV 0C Model Setup: 'ck'                                                                                                                                            ;
+-------+-----------------------------------------------+-----------------------------------------------+--------------+-------------+--------------+------------+------------+
; Slack ; From Node                                     ; To Node                                       ; Launch Clock ; Latch Clock ; Relationship ; Clock Skew ; Data Delay ;
+-------+-----------------------------------------------+-----------------------------------------------+--------------+-------------+--------------+------------+------------+
; 0.017 ; pfs_neander_temp:inst1|pfs_uc_unit:inst2|inst ; pfs_neander_temp:inst1|pfs_uc_unit:inst4|inst ; ck           ; ck          ; 1.000        ; -0.057     ; 0.921      ;
; 0.193 ; pfs_neander_temp:inst1|pfs_uc_unit:inst3|inst ; pfs_neander_temp:inst1|pfs_uc_unit:inst4|inst ; ck           ; ck          ; 1.000        ; -0.057     ; 0.745      ;
; 0.229 ; pfs_neander_temp:inst1|pfs_uc_unit:inst2|inst ; pfs_neander_temp:inst1|pfs_uc_unit:inst3|inst ; ck           ; ck          ; 1.000        ; -0.057     ; 0.709      ;
; 0.355 ; pfs_neander_temp:inst1|pfs_uc_unit:inst2|inst ; pfs_neander_temp:inst1|pfs_uc_unit:inst2|inst ; ck           ; ck          ; 1.000        ; -0.057     ; 0.583      ;
; 0.355 ; pfs_neander_temp:inst1|pfs_uc_unit:inst4|inst ; pfs_neander_temp:inst1|pfs_uc_unit:inst4|inst ; ck           ; ck          ; 1.000        ; -0.057     ; 0.583      ;
; 0.355 ; pfs_neander_temp:inst1|pfs_uc_unit:inst3|inst ; pfs_neander_temp:inst1|pfs_uc_unit:inst3|inst ; ck           ; ck          ; 1.000        ; -0.057     ; 0.583      ;
+-------+-----------------------------------------------+-----------------------------------------------+--------------+-------------+--------------+------------+------------+


+-----------------------------------------------------------------------------------------------------------------------------------------------------------------------------+
; Slow 1200mV 0C Model Hold: 'ck'                                                                                                                                             ;
+-------+-----------------------------------------------+-----------------------------------------------+--------------+-------------+--------------+------------+------------+
; Slack ; From Node                                     ; To Node                                       ; Launch Clock ; Latch Clock ; Relationship ; Clock Skew ; Data Delay ;
+-------+-----------------------------------------------+-----------------------------------------------+--------------+-------------+--------------+------------+------------+
; 0.310 ; pfs_neander_temp:inst1|pfs_uc_unit:inst4|inst ; pfs_neander_temp:inst1|pfs_uc_unit:inst4|inst ; ck           ; ck          ; 0.000        ; 0.057      ; 0.511      ;
; 0.310 ; pfs_neander_temp:inst1|pfs_uc_unit:inst3|inst ; pfs_neander_temp:inst1|pfs_uc_unit:inst3|inst ; ck           ; ck          ; 0.000        ; 0.057      ; 0.511      ;
; 0.318 ; pfs_neander_temp:inst1|pfs_uc_unit:inst2|inst ; pfs_neander_temp:inst1|pfs_uc_unit:inst2|inst ; ck           ; ck          ; 0.000        ; 0.057      ; 0.519      ;
; 0.397 ; pfs_neander_temp:inst1|pfs_uc_unit:inst2|inst ; pfs_neander_temp:inst1|pfs_uc_unit:inst3|inst ; ck           ; ck          ; 0.000        ; 0.057      ; 0.598      ;
; 0.431 ; pfs_neander_temp:inst1|pfs_uc_unit:inst3|inst ; pfs_neander_temp:inst1|pfs_uc_unit:inst4|inst ; ck           ; ck          ; 0.000        ; 0.057      ; 0.632      ;
; 0.572 ; pfs_neander_temp:inst1|pfs_uc_unit:inst2|inst ; pfs_neander_temp:inst1|pfs_uc_unit:inst4|inst ; ck           ; ck          ; 0.000        ; 0.057      ; 0.773      ;
+-------+-----------------------------------------------+-----------------------------------------------+--------------+-------------+--------------+------------+------------+


+--------------------------------------------------------------------------------------------------------------------------------+
; Slow 1200mV 0C Model Minimum Pulse Width: 'ck'                                                                                 ;
+--------+--------------+----------------+------------------+-------+------------+-----------------------------------------------+
; Slack  ; Actual Width ; Required Width ; Type             ; Clock ; Clock Edge ; Target                                        ;
+--------+--------------+----------------+------------------+-------+------------+-----------------------------------------------+
; -3.000 ; 1.000        ; 4.000          ; Port Rate        ; ck    ; Rise       ; ck                                            ;
; -1.000 ; 1.000        ; 2.000          ; Min Period       ; ck    ; Rise       ; pfs_neander_temp:inst1|pfs_uc_unit:inst2|inst ;
; -1.000 ; 1.000        ; 2.000          ; Min Period       ; ck    ; Rise       ; pfs_neander_temp:inst1|pfs_uc_unit:inst3|inst ;
; -1.000 ; 1.000        ; 2.000          ; Min Period       ; ck    ; Rise       ; pfs_neander_temp:inst1|pfs_uc_unit:inst4|inst ;
; 0.218  ; 0.402        ; 0.184          ; Low Pulse Width  ; ck    ; Rise       ; pfs_neander_temp:inst1|pfs_uc_unit:inst2|inst ;
; 0.218  ; 0.402        ; 0.184          ; Low Pulse Width  ; ck    ; Rise       ; pfs_neander_temp:inst1|pfs_uc_unit:inst3|inst ;
; 0.218  ; 0.402        ; 0.184          ; Low Pulse Width  ; ck    ; Rise       ; pfs_neander_temp:inst1|pfs_uc_unit:inst4|inst ;
; 0.344  ; 0.344        ; 0.000          ; Low Pulse Width  ; ck    ; Rise       ; ck~input|o                                    ;
; 0.346  ; 0.346        ; 0.000          ; Low Pulse Width  ; ck    ; Rise       ; ck~inputclkctrl|inclk[0]                      ;
; 0.346  ; 0.346        ; 0.000          ; Low Pulse Width  ; ck    ; Rise       ; ck~inputclkctrl|outclk                        ;
; 0.378  ; 0.378        ; 0.000          ; Low Pulse Width  ; ck    ; Rise       ; inst1|inst2|inst|clk                          ;
; 0.378  ; 0.378        ; 0.000          ; Low Pulse Width  ; ck    ; Rise       ; inst1|inst3|inst|clk                          ;
; 0.378  ; 0.378        ; 0.000          ; Low Pulse Width  ; ck    ; Rise       ; inst1|inst4|inst|clk                          ;
; 0.381  ; 0.597        ; 0.216          ; High Pulse Width ; ck    ; Rise       ; pfs_neander_temp:inst1|pfs_uc_unit:inst2|inst ;
; 0.381  ; 0.597        ; 0.216          ; High Pulse Width ; ck    ; Rise       ; pfs_neander_temp:inst1|pfs_uc_unit:inst3|inst ;
; 0.381  ; 0.597        ; 0.216          ; High Pulse Width ; ck    ; Rise       ; pfs_neander_temp:inst1|pfs_uc_unit:inst4|inst ;
; 0.500  ; 0.500        ; 0.000          ; High Pulse Width ; ck    ; Rise       ; ck~input|i                                    ;
; 0.500  ; 0.500        ; 0.000          ; Low Pulse Width  ; ck    ; Rise       ; ck~input|i                                    ;
; 0.621  ; 0.621        ; 0.000          ; High Pulse Width ; ck    ; Rise       ; inst1|inst2|inst|clk                          ;
; 0.621  ; 0.621        ; 0.000          ; High Pulse Width ; ck    ; Rise       ; inst1|inst3|inst|clk                          ;
; 0.621  ; 0.621        ; 0.000          ; High Pulse Width ; ck    ; Rise       ; inst1|inst4|inst|clk                          ;
; 0.654  ; 0.654        ; 0.000          ; High Pulse Width ; ck    ; Rise       ; ck~inputclkctrl|inclk[0]                      ;
; 0.654  ; 0.654        ; 0.000          ; High Pulse Width ; ck    ; Rise       ; ck~inputclkctrl|outclk                        ;
; 0.656  ; 0.656        ; 0.000          ; High Pulse Width ; ck    ; Rise       ; ck~input|o                                    ;
+--------+--------------+----------------+------------------+-------+------------+-----------------------------------------------+


+-------------------------------------------------------------------------+
; Clock to Output Times                                                   ;
+-------------+------------+-------+-------+------------+-----------------+
; Data Port   ; Clock Port ; Rise  ; Fall  ; Clock Edge ; Clock Reference ;
+-------------+------------+-------+-------+------------+-----------------+
; cg_AC       ; ck         ; 7.576 ; 7.605 ; Rise       ; ck              ;
; cg_PC       ; ck         ; 8.445 ; 8.355 ; Rise       ; ck              ;
; cg_RDM      ; ck         ; 7.071 ; 6.896 ; Rise       ; ck              ;
; cg_REM      ; ck         ; 7.148 ; 7.059 ; Rise       ; ck              ;
; cg_RI       ; ck         ; 6.984 ; 6.799 ; Rise       ; ck              ;
; inc_PC      ; ck         ; 8.138 ; 8.038 ; Rise       ; ck              ;
; mux_REM     ; ck         ; 6.977 ; 6.795 ; Rise       ; ck              ;
; t[*]        ; ck         ; 6.974 ; 6.789 ; Rise       ; ck              ;
;  t[0]       ; ck         ; 6.055 ; 5.823 ; Rise       ; ck              ;
;  t[1]       ; ck         ; 6.974 ; 6.789 ; Rise       ; ck              ;
;  t[2]       ; ck         ; 6.365 ; 6.215 ; Rise       ; ck              ;
;  t[3]       ; ck         ; 6.021 ; 5.856 ; Rise       ; ck              ;
;  t[4]       ; ck         ; 6.045 ; 5.852 ; Rise       ; ck              ;
;  t[5]       ; ck         ; 6.678 ; 6.507 ; Rise       ; ck              ;
;  t[6]       ; ck         ; 5.898 ; 5.851 ; Rise       ; ck              ;
;  t[7]       ; ck         ; 6.484 ; 6.507 ; Rise       ; ck              ;
; temp_in[*]  ; ck         ; 6.239 ; 6.164 ; Rise       ; ck              ;
;  temp_in[0] ; ck         ; 6.184 ; 6.141 ; Rise       ; ck              ;
;  temp_in[1] ; ck         ; 5.107 ; 5.001 ; Rise       ; ck              ;
;  temp_in[2] ; ck         ; 6.239 ; 6.164 ; Rise       ; ck              ;
+-------------+------------+-------+-------+------------+-----------------+


+-------------------------------------------------------------------------+
; Minimum Clock to Output Times                                           ;
+-------------+------------+-------+-------+------------+-----------------+
; Data Port   ; Clock Port ; Rise  ; Fall  ; Clock Edge ; Clock Reference ;
+-------------+------------+-------+-------+------------+-----------------+
; cg_AC       ; ck         ; 7.062 ; 6.870 ; Rise       ; ck              ;
; cg_PC       ; ck         ; 7.895 ; 7.769 ; Rise       ; ck              ;
; cg_RDM      ; ck         ; 6.271 ; 6.178 ; Rise       ; ck              ;
; cg_REM      ; ck         ; 6.472 ; 6.285 ; Rise       ; ck              ;
; cg_RI       ; ck         ; 6.458 ; 6.402 ; Rise       ; ck              ;
; inc_PC      ; ck         ; 6.433 ; 6.278 ; Rise       ; ck              ;
; mux_REM     ; ck         ; 6.619 ; 6.489 ; Rise       ; ck              ;
; t[*]        ; ck         ; 5.529 ; 5.304 ; Rise       ; ck              ;
;  t[0]       ; ck         ; 5.592 ; 5.352 ; Rise       ; ck              ;
;  t[1]       ; ck         ; 6.448 ; 6.392 ; Rise       ; ck              ;
;  t[2]       ; ck         ; 5.886 ; 5.670 ; Rise       ; ck              ;
;  t[3]       ; ck         ; 5.529 ; 5.438 ; Rise       ; ck              ;
;  t[4]       ; ck         ; 5.567 ; 5.338 ; Rise       ; ck              ;
;  t[5]       ; ck         ; 6.145 ; 6.087 ; Rise       ; ck              ;
;  t[6]       ; ck         ; 5.539 ; 5.304 ; Rise       ; ck              ;
;  t[7]       ; ck         ; 6.066 ; 6.039 ; Rise       ; ck              ;
; temp_in[*]  ; ck         ; 4.945 ; 4.839 ; Rise       ; ck              ;
;  temp_in[0] ; ck         ; 5.973 ; 5.929 ; Rise       ; ck              ;
;  temp_in[1] ; ck         ; 4.945 ; 4.839 ; Rise       ; ck              ;
;  temp_in[2] ; ck         ; 6.033 ; 5.957 ; Rise       ; ck              ;
+-------------+------------+-------+-------+------------+-----------------+


+--------------------------------------------------------------+
; Propagation Delay                                            ;
+----------------+-------------+-------+-------+-------+-------+
; Input Port     ; Output Port ; RR    ; RF    ; FR    ; FF    ;
+----------------+-------------+-------+-------+-------+-------+
; instruction[0] ; cg_AC       ;       ; 7.948 ; 8.440 ;       ;
; instruction[0] ; cg_PC       ;       ; 8.819 ; 9.251 ;       ;
; instruction[0] ; cg_RDM      ;       ; 7.669 ; 8.120 ;       ;
; instruction[0] ; cg_REM      ;       ; 8.268 ; 8.768 ;       ;
; instruction[0] ; iADD        ; 7.223 ;       ;       ; 7.503 ;
; instruction[0] ; iAND        ; 7.284 ;       ;       ; 7.468 ;
; instruction[0] ; iLDA        ;       ; 7.320 ; 7.767 ;       ;
; instruction[0] ; iNOT        ;       ; 6.523 ; 7.027 ;       ;
; instruction[0] ; iOR         ;       ; 6.880 ; 7.395 ;       ;
; instruction[0] ; inc_PC      ; 8.399 ; 8.337 ; 8.782 ; 8.712 ;
; instruction[1] ; cg_AC       ; 7.717 ; 7.656 ; 8.060 ; 8.029 ;
; instruction[1] ; cg_PC       ;       ; 8.628 ; 9.008 ;       ;
; instruction[1] ; cg_RDM      ; 7.470 ; 7.478 ; 7.877 ; 7.693 ;
; instruction[1] ; cg_REM      ; 8.016 ; 8.077 ; 8.525 ; 8.282 ;
; instruction[1] ; iADD        ; 6.784 ;       ;       ; 7.028 ;
; instruction[1] ; iAND        ;       ; 6.663 ; 7.224 ;       ;
; instruction[1] ; iLDA        ; 6.920 ;       ;       ; 7.213 ;
; instruction[1] ; iNOT        ; 6.171 ;       ;       ; 6.409 ;
; instruction[1] ; iOR         ;       ; 6.438 ; 6.921 ;       ;
; instruction[1] ; inc_PC      ; 8.185 ; 8.102 ; 8.524 ; 8.487 ;
; instruction[1] ; mux_REM     ; 7.825 ; 7.675 ; 8.168 ; 8.048 ;
; instruction[2] ; cg_AC       ; 8.025 ; 7.966 ; 8.367 ; 8.300 ;
; instruction[2] ; cg_PC       ;       ; 8.377 ; 8.787 ;       ;
; instruction[2] ; cg_RDM      ; 7.778 ; 7.630 ; 8.120 ; 7.964 ;
; instruction[2] ; cg_REM      ; 8.324 ; 8.219 ; 8.666 ; 8.553 ;
; instruction[2] ; iADD        ;       ; 6.828 ; 7.319 ;       ;
; instruction[2] ; iAND        ; 7.065 ;       ;       ; 7.198 ;
; instruction[2] ; iLDA        ;       ; 7.034 ; 7.446 ;       ;
; instruction[2] ; iNOT        ; 6.393 ;       ;       ; 6.611 ;
; instruction[2] ; iOR         ; 6.799 ;       ;       ; 6.990 ;
; instruction[2] ; inc_PC      ; 8.005 ; 7.902 ; 8.347 ; 8.234 ;
; instruction[2] ; mux_REM     ; 8.133 ; 7.985 ; 8.475 ; 8.319 ;
; instruction[3] ; cg_AC       ;       ; 8.294 ; 8.685 ;       ;
; instruction[3] ; cg_PC       ; 8.724 ;       ;       ; 9.038 ;
; instruction[3] ; cg_RDM      ; 7.613 ; 7.958 ; 8.438 ; 7.892 ;
; instruction[3] ; cg_REM      ; 8.261 ; 8.547 ; 8.984 ; 8.491 ;
; instruction[3] ; iADD        ;       ; 6.999 ; 7.486 ;       ;
; instruction[3] ; iAND        ;       ; 7.038 ; 7.571 ;       ;
; instruction[3] ; iLDA        ;       ; 7.207 ; 7.613 ;       ;
; instruction[3] ; iNOT        ;       ; 6.450 ; 6.898 ;       ;
; instruction[3] ; iOR         ;       ; 6.831 ; 7.307 ;       ;
; instruction[3] ; inc_PC      ; 8.261 ; 8.228 ; 8.665 ; 8.564 ;
; instruction[3] ; mux_REM     ;       ; 8.313 ; 8.793 ;       ;
; n              ; cg_PC       ; 8.947 ;       ;       ; 9.250 ;
; n              ; cg_RDM      ; 7.816 ;       ;       ; 8.100 ;
; n              ; cg_REM      ; 8.464 ;       ;       ; 8.699 ;
; n              ; inc_PC      ;       ; 8.415 ; 8.799 ;       ;
; z              ; cg_PC       ; 8.919 ;       ;       ; 9.280 ;
; z              ; cg_RDM      ; 7.788 ;       ;       ; 8.130 ;
; z              ; cg_REM      ; 8.436 ;       ;       ; 8.729 ;
; z              ; inc_PC      ;       ; 8.432 ; 8.852 ;       ;
+----------------+-------------+-------+-------+-------+-------+


+--------------------------------------------------------------+
; Minimum Propagation Delay                                    ;
+----------------+-------------+-------+-------+-------+-------+
; Input Port     ; Output Port ; RR    ; RF    ; FR    ; FF    ;
+----------------+-------------+-------+-------+-------+-------+
; instruction[0] ; cg_AC       ;       ; 7.699 ; 8.178 ;       ;
; instruction[0] ; cg_PC       ;       ; 8.531 ; 8.952 ;       ;
; instruction[0] ; cg_RDM      ;       ; 7.398 ; 7.841 ;       ;
; instruction[0] ; cg_REM      ;       ; 7.979 ; 8.468 ;       ;
; instruction[0] ; iADD        ; 6.979 ;       ;       ; 7.248 ;
; instruction[0] ; iAND        ; 7.036 ;       ;       ; 7.215 ;
; instruction[0] ; iLDA        ;       ; 7.095 ; 7.530 ;       ;
; instruction[0] ; iNOT        ;       ; 6.298 ; 6.791 ;       ;
; instruction[0] ; iOR         ;       ; 6.641 ; 7.145 ;       ;
; instruction[0] ; inc_PC      ; 8.085 ; 7.997 ; 8.458 ; 8.364 ;
; instruction[1] ; cg_AC       ; 7.349 ; 7.366 ; 7.770 ; 7.594 ;
; instruction[1] ; cg_PC       ;       ; 8.297 ; 8.680 ;       ;
; instruction[1] ; cg_RDM      ; 7.210 ; 7.064 ; 7.546 ; 7.428 ;
; instruction[1] ; cg_REM      ; 7.627 ; 7.513 ; 7.963 ; 7.877 ;
; instruction[1] ; iADD        ; 6.555 ;       ;       ; 6.791 ;
; instruction[1] ; iAND        ;       ; 6.436 ; 6.985 ;       ;
; instruction[1] ; iLDA        ; 6.710 ;       ;       ; 6.997 ;
; instruction[1] ; iNOT        ; 5.962 ;       ;       ; 6.193 ;
; instruction[1] ; iOR         ;       ; 6.217 ; 6.689 ;       ;
; instruction[1] ; inc_PC      ; 7.426 ; 7.322 ; 7.762 ; 7.686 ;
; instruction[1] ; mux_REM     ; 7.556 ; 7.411 ; 7.892 ; 7.775 ;
; instruction[2] ; cg_AC       ; 7.563 ; 7.663 ; 8.063 ; 7.789 ;
; instruction[2] ; cg_PC       ;       ; 8.107 ; 8.508 ;       ;
; instruction[2] ; cg_RDM      ; 7.505 ; 6.975 ; 7.398 ; 7.689 ;
; instruction[2] ; cg_REM      ; 7.922 ; 7.556 ; 8.025 ; 8.138 ;
; instruction[2] ; iADD        ;       ; 6.593 ; 7.076 ;       ;
; instruction[2] ; iAND        ; 6.826 ;       ;       ; 6.956 ;
; instruction[2] ; iLDA        ;       ; 6.820 ; 7.221 ;       ;
; instruction[2] ; iNOT        ; 6.176 ;       ;       ; 6.388 ;
; instruction[2] ; iOR         ; 6.567 ;       ;       ; 6.753 ;
; instruction[2] ; inc_PC      ; 7.721 ; 7.580 ; 8.018 ; 7.947 ;
; instruction[2] ; mux_REM     ; 7.851 ; 7.708 ; 8.185 ; 8.036 ;
; instruction[3] ; cg_AC       ;       ; 7.628 ; 8.055 ;       ;
; instruction[3] ; cg_PC       ; 8.442 ;       ;       ; 8.748 ;
; instruction[3] ; cg_RDM      ; 7.333 ; 7.625 ; 8.095 ; 7.593 ;
; instruction[3] ; cg_REM      ; 7.960 ; 8.074 ; 8.512 ; 8.174 ;
; instruction[3] ; iADD        ;       ; 6.758 ; 7.236 ;       ;
; instruction[3] ; iAND        ;       ; 6.796 ; 7.319 ;       ;
; instruction[3] ; iLDA        ;       ; 6.986 ; 7.383 ;       ;
; instruction[3] ; iNOT        ;       ; 6.227 ; 6.668 ;       ;
; instruction[3] ; iOR         ;       ; 6.594 ; 7.061 ;       ;
; instruction[3] ; inc_PC      ; 7.953 ; 7.883 ; 8.311 ; 8.222 ;
; instruction[3] ; mux_REM     ;       ; 7.972 ; 8.441 ;       ;
; n              ; cg_PC       ; 8.655 ;       ;       ; 8.951 ;
; n              ; cg_RDM      ; 7.544 ;       ;       ; 7.818 ;
; n              ; cg_REM      ; 8.171 ;       ;       ; 8.399 ;
; n              ; inc_PC      ;       ; 8.072 ; 8.476 ;       ;
; z              ; cg_PC       ; 8.620 ;       ;       ; 8.963 ;
; z              ; cg_RDM      ; 7.509 ;       ;       ; 7.830 ;
; z              ; cg_REM      ; 8.136 ;       ;       ; 8.411 ;
; z              ; inc_PC      ;       ; 8.084 ; 8.515 ;       ;
+----------------+-------------+-------+-------+-------+-------+


---------------------------------------------
; Slow 1200mV 0C Model Metastability Report ;
---------------------------------------------
No synchronizer chains to report.


+------------------------------------+
; Fast 1200mV 0C Model Setup Summary ;
+-------+-------+--------------------+
; Clock ; Slack ; End Point TNS      ;
+-------+-------+--------------------+
; ck    ; 0.377 ; 0.000              ;
+-------+-------+--------------------+


+-----------------------------------+
; Fast 1200mV 0C Model Hold Summary ;
+-------+-------+-------------------+
; Clock ; Slack ; End Point TNS     ;
+-------+-------+-------------------+
; ck    ; 0.185 ; 0.000             ;
+-------+-------+-------------------+


-----------------------------------------
; Fast 1200mV 0C Model Recovery Summary ;
-----------------------------------------
No paths to report.


----------------------------------------
; Fast 1200mV 0C Model Removal Summary ;
----------------------------------------
No paths to report.


+--------------------------------------------------+
; Fast 1200mV 0C Model Minimum Pulse Width Summary ;
+-------+--------+---------------------------------+
; Clock ; Slack  ; End Point TNS                   ;
+-------+--------+---------------------------------+
; ck    ; -3.000 ; -6.078                          ;
+-------+--------+---------------------------------+


+-----------------------------------------------------------------------------------------------------------------------------------------------------------------------------+
; Fast 1200mV 0C Model Setup: 'ck'                                                                                                                                            ;
+-------+-----------------------------------------------+-----------------------------------------------+--------------+-------------+--------------+------------+------------+
; Slack ; From Node                                     ; To Node                                       ; Launch Clock ; Latch Clock ; Relationship ; Clock Skew ; Data Delay ;
+-------+-----------------------------------------------+-----------------------------------------------+--------------+-------------+--------------+------------+------------+
; 0.377 ; pfs_neander_temp:inst1|pfs_uc_unit:inst2|inst ; pfs_neander_temp:inst1|pfs_uc_unit:inst4|inst ; ck           ; ck          ; 1.000        ; -0.038     ; 0.572      ;
; 0.487 ; pfs_neander_temp:inst1|pfs_uc_unit:inst3|inst ; pfs_neander_temp:inst1|pfs_uc_unit:inst4|inst ; ck           ; ck          ; 1.000        ; -0.038     ; 0.462      ;
; 0.514 ; pfs_neander_temp:inst1|pfs_uc_unit:inst2|inst ; pfs_neander_temp:inst1|pfs_uc_unit:inst3|inst ; ck           ; ck          ; 1.000        ; -0.038     ; 0.435      ;
; 0.590 ; pfs_neander_temp:inst1|pfs_uc_unit:inst2|inst ; pfs_neander_temp:inst1|pfs_uc_unit:inst2|inst ; ck           ; ck          ; 1.000        ; -0.038     ; 0.359      ;
; 0.590 ; pfs_neander_temp:inst1|pfs_uc_unit:inst4|inst ; pfs_neander_temp:inst1|pfs_uc_unit:inst4|inst ; ck           ; ck          ; 1.000        ; -0.038     ; 0.359      ;
; 0.590 ; pfs_neander_temp:inst1|pfs_uc_unit:inst3|inst ; pfs_neander_temp:inst1|pfs_uc_unit:inst3|inst ; ck           ; ck          ; 1.000        ; -0.038     ; 0.359      ;
+-------+-----------------------------------------------+-----------------------------------------------+--------------+-------------+--------------+------------+------------+


+-----------------------------------------------------------------------------------------------------------------------------------------------------------------------------+
; Fast 1200mV 0C Model Hold: 'ck'                                                                                                                                             ;
+-------+-----------------------------------------------+-----------------------------------------------+--------------+-------------+--------------+------------+------------+
; Slack ; From Node                                     ; To Node                                       ; Launch Clock ; Latch Clock ; Relationship ; Clock Skew ; Data Delay ;
+-------+-----------------------------------------------+-----------------------------------------------+--------------+-------------+--------------+------------+------------+
; 0.185 ; pfs_neander_temp:inst1|pfs_uc_unit:inst4|inst ; pfs_neander_temp:inst1|pfs_uc_unit:inst4|inst ; ck           ; ck          ; 0.000        ; 0.038      ; 0.307      ;
; 0.185 ; pfs_neander_temp:inst1|pfs_uc_unit:inst3|inst ; pfs_neander_temp:inst1|pfs_uc_unit:inst3|inst ; ck           ; ck          ; 0.000        ; 0.038      ; 0.307      ;
; 0.192 ; pfs_neander_temp:inst1|pfs_uc_unit:inst2|inst ; pfs_neander_temp:inst1|pfs_uc_unit:inst2|inst ; ck           ; ck          ; 0.000        ; 0.038      ; 0.314      ;
; 0.238 ; pfs_neander_temp:inst1|pfs_uc_unit:inst2|inst ; pfs_neander_temp:inst1|pfs_uc_unit:inst3|inst ; ck           ; ck          ; 0.000        ; 0.038      ; 0.360      ;
; 0.264 ; pfs_neander_temp:inst1|pfs_uc_unit:inst3|inst ; pfs_neander_temp:inst1|pfs_uc_unit:inst4|inst ; ck           ; ck          ; 0.000        ; 0.038      ; 0.386      ;
; 0.344 ; pfs_neander_temp:inst1|pfs_uc_unit:inst2|inst ; pfs_neander_temp:inst1|pfs_uc_unit:inst4|inst ; ck           ; ck          ; 0.000        ; 0.038      ; 0.466      ;
+-------+-----------------------------------------------+-----------------------------------------------+--------------+-------------+--------------+------------+------------+


+--------------------------------------------------------------------------------------------------------------------------------+
; Fast 1200mV 0C Model Minimum Pulse Width: 'ck'                                                                                 ;
+--------+--------------+----------------+------------------+-------+------------+-----------------------------------------------+
; Slack  ; Actual Width ; Required Width ; Type             ; Clock ; Clock Edge ; Target                                        ;
+--------+--------------+----------------+------------------+-------+------------+-----------------------------------------------+
; -3.000 ; 1.000        ; 4.000          ; Port Rate        ; ck    ; Rise       ; ck                                            ;
; -1.000 ; 1.000        ; 2.000          ; Min Period       ; ck    ; Rise       ; pfs_neander_temp:inst1|pfs_uc_unit:inst2|inst ;
; -1.000 ; 1.000        ; 2.000          ; Min Period       ; ck    ; Rise       ; pfs_neander_temp:inst1|pfs_uc_unit:inst3|inst ;
; -1.000 ; 1.000        ; 2.000          ; Min Period       ; ck    ; Rise       ; pfs_neander_temp:inst1|pfs_uc_unit:inst4|inst ;
; -0.026 ; 0.158        ; 0.184          ; Low Pulse Width  ; ck    ; Rise       ; pfs_neander_temp:inst1|pfs_uc_unit:inst2|inst ;
; -0.026 ; 0.158        ; 0.184          ; Low Pulse Width  ; ck    ; Rise       ; pfs_neander_temp:inst1|pfs_uc_unit:inst3|inst ;
; -0.026 ; 0.158        ; 0.184          ; Low Pulse Width  ; ck    ; Rise       ; pfs_neander_temp:inst1|pfs_uc_unit:inst4|inst ;
; 0.125  ; 0.125        ; 0.000          ; Low Pulse Width  ; ck    ; Rise       ; ck~input|o                                    ;
; 0.139  ; 0.139        ; 0.000          ; Low Pulse Width  ; ck    ; Rise       ; ck~inputclkctrl|inclk[0]                      ;
; 0.139  ; 0.139        ; 0.000          ; Low Pulse Width  ; ck    ; Rise       ; ck~inputclkctrl|outclk                        ;
; 0.152  ; 0.152        ; 0.000          ; Low Pulse Width  ; ck    ; Rise       ; inst1|inst2|inst|clk                          ;
; 0.152  ; 0.152        ; 0.000          ; Low Pulse Width  ; ck    ; Rise       ; inst1|inst3|inst|clk                          ;
; 0.152  ; 0.152        ; 0.000          ; Low Pulse Width  ; ck    ; Rise       ; inst1|inst4|inst|clk                          ;
; 0.500  ; 0.500        ; 0.000          ; High Pulse Width ; ck    ; Rise       ; ck~input|i                                    ;
; 0.500  ; 0.500        ; 0.000          ; Low Pulse Width  ; ck    ; Rise       ; ck~input|i                                    ;
; 0.626  ; 0.842        ; 0.216          ; High Pulse Width ; ck    ; Rise       ; pfs_neander_temp:inst1|pfs_uc_unit:inst2|inst ;
; 0.626  ; 0.842        ; 0.216          ; High Pulse Width ; ck    ; Rise       ; pfs_neander_temp:inst1|pfs_uc_unit:inst3|inst ;
; 0.626  ; 0.842        ; 0.216          ; High Pulse Width ; ck    ; Rise       ; pfs_neander_temp:inst1|pfs_uc_unit:inst4|inst ;
; 0.846  ; 0.846        ; 0.000          ; High Pulse Width ; ck    ; Rise       ; inst1|inst2|inst|clk                          ;
; 0.846  ; 0.846        ; 0.000          ; High Pulse Width ; ck    ; Rise       ; inst1|inst3|inst|clk                          ;
; 0.846  ; 0.846        ; 0.000          ; High Pulse Width ; ck    ; Rise       ; inst1|inst4|inst|clk                          ;
; 0.861  ; 0.861        ; 0.000          ; High Pulse Width ; ck    ; Rise       ; ck~inputclkctrl|inclk[0]                      ;
; 0.861  ; 0.861        ; 0.000          ; High Pulse Width ; ck    ; Rise       ; ck~inputclkctrl|outclk                        ;
; 0.875  ; 0.875        ; 0.000          ; High Pulse Width ; ck    ; Rise       ; ck~input|o                                    ;
+--------+--------------+----------------+------------------+-------+------------+-----------------------------------------------+


+-------------------------------------------------------------------------+
; Clock to Output Times                                                   ;
+-------------+------------+-------+-------+------------+-----------------+
; Data Port   ; Clock Port ; Rise  ; Fall  ; Clock Edge ; Clock Reference ;
+-------------+------------+-------+-------+------------+-----------------+
; cg_AC       ; ck         ; 5.011 ; 5.175 ; Rise       ; ck              ;
; cg_PC       ; ck         ; 5.585 ; 5.714 ; Rise       ; ck              ;
; cg_RDM      ; ck         ; 4.531 ; 4.560 ; Rise       ; ck              ;
; cg_REM      ; ck         ; 4.665 ; 4.728 ; Rise       ; ck              ;
; cg_RI       ; ck         ; 4.573 ; 4.564 ; Rise       ; ck              ;
; inc_PC      ; ck         ; 5.188 ; 5.344 ; Rise       ; ck              ;
; mux_REM     ; ck         ; 4.582 ; 4.589 ; Rise       ; ck              ;
; t[*]        ; ck         ; 4.563 ; 4.554 ; Rise       ; ck              ;
;  t[0]       ; ck         ; 3.912 ; 3.869 ; Rise       ; ck              ;
;  t[1]       ; ck         ; 4.563 ; 4.554 ; Rise       ; ck              ;
;  t[2]       ; ck         ; 4.125 ; 4.164 ; Rise       ; ck              ;
;  t[3]       ; ck         ; 3.907 ; 3.909 ; Rise       ; ck              ;
;  t[4]       ; ck         ; 3.919 ; 3.899 ; Rise       ; ck              ;
;  t[5]       ; ck         ; 4.397 ; 4.386 ; Rise       ; ck              ;
;  t[6]       ; ck         ; 3.804 ; 3.905 ; Rise       ; ck              ;
;  t[7]       ; ck         ; 4.207 ; 4.362 ; Rise       ; ck              ;
; temp_in[*]  ; ck         ; 4.093 ; 4.168 ; Rise       ; ck              ;
;  temp_in[0] ; ck         ; 4.016 ; 4.134 ; Rise       ; ck              ;
;  temp_in[1] ; ck         ; 3.326 ; 3.351 ; Rise       ; ck              ;
;  temp_in[2] ; ck         ; 4.093 ; 4.168 ; Rise       ; ck              ;
+-------------+------------+-------+-------+------------+-----------------+


+-------------------------------------------------------------------------+
; Minimum Clock to Output Times                                           ;
+-------------+------------+-------+-------+------------+-----------------+
; Data Port   ; Clock Port ; Rise  ; Fall  ; Clock Edge ; Clock Reference ;
+-------------+------------+-------+-------+------------+-----------------+
; cg_AC       ; ck         ; 4.676 ; 4.695 ; Rise       ; ck              ;
; cg_PC       ; ck         ; 5.221 ; 5.322 ; Rise       ; ck              ;
; cg_RDM      ; ck         ; 3.998 ; 4.087 ; Rise       ; ck              ;
; cg_REM      ; ck         ; 4.220 ; 4.217 ; Rise       ; ck              ;
; cg_RI       ; ck         ; 4.213 ; 4.314 ; Rise       ; ck              ;
; inc_PC      ; ck         ; 4.155 ; 4.193 ; Rise       ; ck              ;
; mux_REM     ; ck         ; 4.320 ; 4.355 ; Rise       ; ck              ;
; t[*]        ; ck         ; 3.568 ; 3.543 ; Rise       ; ck              ;
;  t[0]       ; ck         ; 3.605 ; 3.571 ; Rise       ; ck              ;
;  t[1]       ; ck         ; 4.203 ; 4.304 ; Rise       ; ck              ;
;  t[2]       ; ck         ; 3.802 ; 3.804 ; Rise       ; ck              ;
;  t[3]       ; ck         ; 3.568 ; 3.634 ; Rise       ; ck              ;
;  t[4]       ; ck         ; 3.601 ; 3.559 ; Rise       ; ck              ;
;  t[5]       ; ck         ; 4.031 ; 4.108 ; Rise       ; ck              ;
;  t[6]       ; ck         ; 3.575 ; 3.543 ; Rise       ; ck              ;
;  t[7]       ; ck         ; 3.930 ; 4.049 ; Rise       ; ck              ;
; temp_in[*]  ; ck         ; 3.217 ; 3.240 ; Rise       ; ck              ;
;  temp_in[0] ; ck         ; 3.875 ; 3.988 ; Rise       ; ck              ;
;  temp_in[1] ; ck         ; 3.217 ; 3.240 ; Rise       ; ck              ;
;  temp_in[2] ; ck         ; 3.955 ; 4.026 ; Rise       ; ck              ;
+-------------+------------+-------+-------+------------+-----------------+


+--------------------------------------------------------------+
; Propagation Delay                                            ;
+----------------+-------------+-------+-------+-------+-------+
; Input Port     ; Output Port ; RR    ; RF    ; FR    ; FF    ;
+----------------+-------------+-------+-------+-------+-------+
; instruction[0] ; cg_AC       ;       ; 5.431 ; 6.025 ;       ;
; instruction[0] ; cg_PC       ;       ; 6.047 ; 6.542 ;       ;
; instruction[0] ; cg_RDM      ;       ; 5.094 ; 5.634 ;       ;
; instruction[0] ; cg_REM      ;       ; 5.535 ; 6.081 ;       ;
; instruction[0] ; iADD        ; 4.704 ;       ;       ; 5.408 ;
; instruction[0] ; iAND        ; 4.712 ;       ;       ; 5.385 ;
; instruction[0] ; iLDA        ;       ; 5.004 ; 5.634 ;       ;
; instruction[0] ; iNOT        ;       ; 4.345 ; 4.999 ;       ;
; instruction[0] ; iOR         ;       ; 4.587 ; 5.207 ;       ;
; instruction[0] ; inc_PC      ; 5.414 ; 5.562 ; 6.045 ; 6.186 ;
; instruction[1] ; cg_AC       ; 5.168 ; 5.243 ; 5.721 ; 5.815 ;
; instruction[1] ; cg_PC       ;       ; 5.913 ; 6.343 ;       ;
; instruction[1] ; cg_RDM      ; 4.800 ; 4.960 ; 5.435 ; 5.456 ;
; instruction[1] ; cg_REM      ; 5.215 ; 5.401 ; 5.882 ; 5.883 ;
; instruction[1] ; iADD        ; 4.423 ;       ;       ; 5.062 ;
; instruction[1] ; iAND        ;       ; 4.484 ; 5.024 ;       ;
; instruction[1] ; iLDA        ; 4.700 ;       ;       ; 5.276 ;
; instruction[1] ; iNOT        ; 4.058 ;       ;       ; 4.612 ;
; instruction[1] ; iOR         ;       ; 4.309 ; 4.858 ;       ;
; instruction[1] ; inc_PC      ; 5.276 ; 5.407 ; 5.841 ; 5.991 ;
; instruction[1] ; mux_REM     ; 5.117 ; 5.192 ; 5.670 ; 5.764 ;
; instruction[2] ; cg_AC       ; 5.364 ; 5.442 ; 5.954 ; 6.025 ;
; instruction[2] ; cg_PC       ;       ; 5.772 ; 6.251 ;       ;
; instruction[2] ; cg_RDM      ; 4.996 ; 5.083 ; 5.586 ; 5.666 ;
; instruction[2] ; cg_REM      ; 5.411 ; 5.510 ; 6.001 ; 6.093 ;
; instruction[2] ; iADD        ;       ; 4.595 ; 5.135 ;       ;
; instruction[2] ; iAND        ; 4.574 ;       ;       ; 5.199 ;
; instruction[2] ; iLDA        ;       ; 4.828 ; 5.410 ;       ;
; instruction[2] ; iNOT        ; 4.199 ;       ;       ; 4.772 ;
; instruction[2] ; iOR         ; 4.439 ;       ;       ; 5.041 ;
; instruction[2] ; inc_PC      ; 5.180 ; 5.291 ; 5.770 ; 5.872 ;
; instruction[2] ; mux_REM     ; 5.313 ; 5.391 ; 5.903 ; 5.974 ;
; instruction[3] ; cg_AC       ;       ; 5.642 ; 6.172 ;       ;
; instruction[3] ; cg_PC       ; 5.837 ;       ;       ; 6.571 ;
; instruction[3] ; cg_RDM      ; 4.940 ; 5.283 ; 5.804 ; 5.620 ;
; instruction[3] ; cg_REM      ; 5.387 ; 5.710 ; 6.219 ; 6.061 ;
; instruction[3] ; iADD        ;       ; 4.699 ; 5.241 ;       ;
; instruction[3] ; iAND        ;       ; 4.721 ; 5.270 ;       ;
; instruction[3] ; iLDA        ;       ; 4.933 ; 5.517 ;       ;
; instruction[3] ; iNOT        ;       ; 4.293 ; 4.894 ;       ;
; instruction[3] ; iOR         ;       ; 4.563 ; 5.136 ;       ;
; instruction[3] ; inc_PC      ; 5.344 ; 5.489 ; 5.988 ; 6.091 ;
; instruction[3] ; mux_REM     ;       ; 5.591 ; 6.121 ;       ;
; n              ; cg_PC       ; 5.955 ;       ;       ; 6.683 ;
; n              ; cg_RDM      ; 5.047 ;       ;       ; 5.730 ;
; n              ; cg_REM      ; 5.494 ;       ;       ; 6.171 ;
; n              ; inc_PC      ;       ; 5.601 ; 6.033 ;       ;
; z              ; cg_PC       ; 5.946 ;       ;       ; 6.702 ;
; z              ; cg_RDM      ; 5.038 ;       ;       ; 5.749 ;
; z              ; cg_REM      ; 5.485 ;       ;       ; 6.190 ;
; z              ; inc_PC      ;       ; 5.617 ; 6.075 ;       ;
+----------------+-------------+-------+-------+-------+-------+


+--------------------------------------------------------------+
; Minimum Propagation Delay                                    ;
+----------------+-------------+-------+-------+-------+-------+
; Input Port     ; Output Port ; RR    ; RF    ; FR    ; FF    ;
+----------------+-------------+-------+-------+-------+-------+
; instruction[0] ; cg_AC       ;       ; 5.262 ; 5.849 ;       ;
; instruction[0] ; cg_PC       ;       ; 5.851 ; 6.342 ;       ;
; instruction[0] ; cg_RDM      ;       ; 4.914 ; 5.448 ;       ;
; instruction[0] ; cg_REM      ;       ; 5.340 ; 5.882 ;       ;
; instruction[0] ; iADD        ; 4.542 ;       ;       ; 5.232 ;
; instruction[0] ; iAND        ; 4.549 ;       ;       ; 5.211 ;
; instruction[0] ; iLDA        ;       ; 4.851 ; 5.473 ;       ;
; instruction[0] ; iNOT        ;       ; 4.193 ; 4.839 ;       ;
; instruction[0] ; iOR         ;       ; 4.427 ; 5.038 ;       ;
; instruction[0] ; inc_PC      ; 5.213 ; 5.337 ; 5.835 ; 5.952 ;
; instruction[1] ; cg_AC       ; 4.929 ; 5.052 ; 5.528 ; 5.534 ;
; instruction[1] ; cg_PC       ;       ; 5.693 ; 6.124 ;       ;
; instruction[1] ; cg_RDM      ; 4.631 ; 4.712 ; 5.177 ; 5.277 ;
; instruction[1] ; cg_REM      ; 4.962 ; 5.039 ; 5.508 ; 5.604 ;
; instruction[1] ; iADD        ; 4.272 ;       ;       ; 4.899 ;
; instruction[1] ; iAND        ;       ; 4.330 ; 4.864 ;       ;
; instruction[1] ; iLDA        ; 4.561 ;       ;       ; 5.129 ;
; instruction[1] ; iNOT        ; 3.919 ;       ;       ; 4.465 ;
; instruction[1] ; iOR         ;       ; 4.159 ; 4.702 ;       ;
; instruction[1] ; inc_PC      ; 4.807 ; 4.906 ; 5.353 ; 5.471 ;
; instruction[1] ; mux_REM     ; 4.940 ; 5.011 ; 5.486 ; 5.576 ;
; instruction[2] ; cg_AC       ; 5.064 ; 5.244 ; 5.752 ; 5.689 ;
; instruction[2] ; cg_PC       ;       ; 5.587 ; 6.062 ;       ;
; instruction[2] ; cg_RDM      ; 4.819 ; 4.651 ; 5.170 ; 5.479 ;
; instruction[2] ; cg_REM      ; 5.150 ; 5.077 ; 5.604 ; 5.806 ;
; instruction[2] ; iADD        ;       ; 4.437 ; 4.971 ;       ;
; instruction[2] ; iAND        ; 4.416 ;       ;       ; 5.033 ;
; instruction[2] ; iLDA        ;       ; 4.684 ; 5.258 ;       ;
; instruction[2] ; iNOT        ; 4.054 ;       ;       ; 4.620 ;
; instruction[2] ; iOR         ; 4.285 ;       ;       ; 4.878 ;
; instruction[2] ; inc_PC      ; 4.995 ; 5.077 ; 5.558 ; 5.673 ;
; instruction[2] ; mux_REM     ; 5.128 ; 5.203 ; 5.710 ; 5.778 ;
; instruction[3] ; cg_AC       ;       ; 5.213 ; 5.747 ;       ;
; instruction[3] ; cg_PC       ; 5.650 ;       ;       ; 6.370 ;
; instruction[3] ; cg_RDM      ; 4.759 ; 5.060 ; 5.577 ; 5.421 ;
; instruction[3] ; cg_REM      ; 5.193 ; 5.387 ; 5.908 ; 5.847 ;
; instruction[3] ; iADD        ;       ; 4.537 ; 5.073 ;       ;
; instruction[3] ; iAND        ;       ; 4.557 ; 5.100 ;       ;
; instruction[3] ; iLDA        ;       ; 4.784 ; 5.361 ;       ;
; instruction[3] ; iNOT        ;       ; 4.144 ; 4.737 ;       ;
; instruction[3] ; iOR         ;       ; 4.404 ; 4.970 ;       ;
; instruction[3] ; inc_PC      ; 5.147 ; 5.254 ; 5.753 ; 5.861 ;
; instruction[3] ; mux_REM     ;       ; 5.359 ; 5.886 ;       ;
; n              ; cg_PC       ; 5.763 ;       ;       ; 6.477 ;
; n              ; cg_RDM      ; 4.869 ;       ;       ; 5.540 ;
; n              ; cg_REM      ; 5.303 ;       ;       ; 5.966 ;
; n              ; inc_PC      ;       ; 5.374 ; 5.823 ;       ;
; z              ; cg_PC       ; 5.748 ;       ;       ; 6.485 ;
; z              ; cg_RDM      ; 4.854 ;       ;       ; 5.548 ;
; z              ; cg_REM      ; 5.288 ;       ;       ; 5.974 ;
; z              ; inc_PC      ;       ; 5.384 ; 5.855 ;       ;
+----------------+-------------+-------+-------+-------+-------+


---------------------------------------------
; Fast 1200mV 0C Model Metastability Report ;
---------------------------------------------
No synchronizer chains to report.


+------------------------------------------------------------------------------+
; Multicorner Timing Analysis Summary                                          ;
+------------------+--------+-------+----------+---------+---------------------+
; Clock            ; Setup  ; Hold  ; Recovery ; Removal ; Minimum Pulse Width ;
+------------------+--------+-------+----------+---------+---------------------+
; Worst-case Slack ; -0.101 ; 0.185 ; N/A      ; N/A     ; -3.000              ;
;  ck              ; -0.101 ; 0.185 ; N/A      ; N/A     ; -3.000              ;
; Design-wide TNS  ; -0.101 ; 0.0   ; 0.0      ; 0.0     ; -6.078              ;
;  ck              ; -0.101 ; 0.000 ; N/A      ; N/A     ; -6.078              ;
+------------------+--------+-------+----------+---------+---------------------+


+-------------------------------------------------------------------------+
; Clock to Output Times                                                   ;
+-------------+------------+-------+-------+------------+-----------------+
; Data Port   ; Clock Port ; Rise  ; Fall  ; Clock Edge ; Clock Reference ;
+-------------+------------+-------+-------+------------+-----------------+
; cg_AC       ; ck         ; 8.461 ; 8.580 ; Rise       ; ck              ;
; cg_PC       ; ck         ; 9.433 ; 9.394 ; Rise       ; ck              ;
; cg_RDM      ; ck         ; 7.884 ; 7.721 ; Rise       ; ck              ;
; cg_REM      ; ck         ; 7.947 ; 7.948 ; Rise       ; ck              ;
; cg_RI       ; ck         ; 7.771 ; 7.623 ; Rise       ; ck              ;
; inc_PC      ; ck         ; 9.053 ; 9.023 ; Rise       ; ck              ;
; mux_REM     ; ck         ; 7.759 ; 7.623 ; Rise       ; ck              ;
; t[*]        ; ck         ; 7.761 ; 7.613 ; Rise       ; ck              ;
;  t[0]       ; ck         ; 6.749 ; 6.520 ; Rise       ; ck              ;
;  t[1]       ; ck         ; 7.761 ; 7.613 ; Rise       ; ck              ;
;  t[2]       ; ck         ; 7.084 ; 6.982 ; Rise       ; ck              ;
;  t[3]       ; ck         ; 6.724 ; 6.582 ; Rise       ; ck              ;
;  t[4]       ; ck         ; 6.750 ; 6.577 ; Rise       ; ck              ;
;  t[5]       ; ck         ; 7.429 ; 7.312 ; Rise       ; ck              ;
;  t[6]       ; ck         ; 6.557 ; 6.578 ; Rise       ; ck              ;
;  t[7]       ; ck         ; 7.224 ; 7.297 ; Rise       ; ck              ;
; temp_in[*]  ; ck         ; 6.931 ; 6.921 ; Rise       ; ck              ;
;  temp_in[0] ; ck         ; 6.894 ; 6.874 ; Rise       ; ck              ;
;  temp_in[1] ; ck         ; 5.697 ; 5.615 ; Rise       ; ck              ;
;  temp_in[2] ; ck         ; 6.931 ; 6.921 ; Rise       ; ck              ;
+-------------+------------+-------+-------+------------+-----------------+


+-------------------------------------------------------------------------+
; Minimum Clock to Output Times                                           ;
+-------------+------------+-------+-------+------------+-----------------+
; Data Port   ; Clock Port ; Rise  ; Fall  ; Clock Edge ; Clock Reference ;
+-------------+------------+-------+-------+------------+-----------------+
; cg_AC       ; ck         ; 4.676 ; 4.695 ; Rise       ; ck              ;
; cg_PC       ; ck         ; 5.221 ; 5.322 ; Rise       ; ck              ;
; cg_RDM      ; ck         ; 3.998 ; 4.087 ; Rise       ; ck              ;
; cg_REM      ; ck         ; 4.220 ; 4.217 ; Rise       ; ck              ;
; cg_RI       ; ck         ; 4.213 ; 4.314 ; Rise       ; ck              ;
; inc_PC      ; ck         ; 4.155 ; 4.193 ; Rise       ; ck              ;
; mux_REM     ; ck         ; 4.320 ; 4.355 ; Rise       ; ck              ;
; t[*]        ; ck         ; 3.568 ; 3.543 ; Rise       ; ck              ;
;  t[0]       ; ck         ; 3.605 ; 3.571 ; Rise       ; ck              ;
;  t[1]       ; ck         ; 4.203 ; 4.304 ; Rise       ; ck              ;
;  t[2]       ; ck         ; 3.802 ; 3.804 ; Rise       ; ck              ;
;  t[3]       ; ck         ; 3.568 ; 3.634 ; Rise       ; ck              ;
;  t[4]       ; ck         ; 3.601 ; 3.559 ; Rise       ; ck              ;
;  t[5]       ; ck         ; 4.031 ; 4.108 ; Rise       ; ck              ;
;  t[6]       ; ck         ; 3.575 ; 3.543 ; Rise       ; ck              ;
;  t[7]       ; ck         ; 3.930 ; 4.049 ; Rise       ; ck              ;
; temp_in[*]  ; ck         ; 3.217 ; 3.240 ; Rise       ; ck              ;
;  temp_in[0] ; ck         ; 3.875 ; 3.988 ; Rise       ; ck              ;
;  temp_in[1] ; ck         ; 3.217 ; 3.240 ; Rise       ; ck              ;
;  temp_in[2] ; ck         ; 3.955 ; 4.026 ; Rise       ; ck              ;
+-------------+------------+-------+-------+------------+-----------------+


+-----------------------------------------------------------------+
; Propagation Delay                                               ;
+----------------+-------------+--------+-------+--------+--------+
; Input Port     ; Output Port ; RR     ; RF    ; FR     ; FF     ;
+----------------+-------------+--------+-------+--------+--------+
; instruction[0] ; cg_AC       ;        ; 9.013 ; 9.585  ;        ;
; instruction[0] ; cg_PC       ;        ; 9.963 ; 10.469 ;        ;
; instruction[0] ; cg_RDM      ;        ; 8.658 ; 9.190  ;        ;
; instruction[0] ; cg_REM      ;        ; 9.357 ; 9.865  ;        ;
; instruction[0] ; iADD        ; 8.107  ;       ;        ; 8.552  ;
; instruction[0] ; iAND        ; 8.153  ;       ;        ; 8.515  ;
; instruction[0] ; iLDA        ;        ; 8.306 ; 8.868  ;        ;
; instruction[0] ; iNOT        ;        ; 7.380 ; 8.010  ;        ;
; instruction[0] ; iOR         ;        ; 7.777 ; 8.396  ;        ;
; instruction[0] ; inc_PC      ; 9.416  ; 9.400 ; 9.910  ; 9.885  ;
; instruction[1] ; cg_AC       ; 8.745  ; 8.728 ; 9.158  ; 9.173  ;
; instruction[1] ; cg_PC       ;        ; 9.785 ; 10.208 ;        ;
; instruction[1] ; cg_RDM      ; 8.412  ; 8.480 ; 8.929  ; 8.760  ;
; instruction[1] ; cg_REM      ; 8.991  ; 9.179 ; 9.604  ; 9.440  ;
; instruction[1] ; iADD        ; 7.654  ;       ;        ; 8.026  ;
; instruction[1] ; iAND        ;        ; 7.586 ; 8.167  ;        ;
; instruction[1] ; iLDA        ; 7.886  ;       ;        ; 8.261  ;
; instruction[1] ; iNOT        ; 7.019  ;       ;        ; 7.325  ;
; instruction[1] ; iOR         ;        ; 7.324 ; 7.871  ;        ;
; instruction[1] ; inc_PC      ; 9.214  ; 9.178 ; 9.635  ; 9.642  ;
; instruction[1] ; mux_REM     ; 8.783  ; 8.707 ; 9.196  ; 9.152  ;
; instruction[2] ; cg_AC       ; 9.056  ; 9.041 ; 9.501  ; 9.477  ;
; instruction[2] ; cg_PC       ;        ; 9.472 ; 9.959  ;        ;
; instruction[2] ; cg_RDM      ; 8.723  ; 8.628 ; 9.168  ; 9.064  ;
; instruction[2] ; cg_REM      ; 9.302  ; 9.308 ; 9.747  ; 9.744  ;
; instruction[2] ; iADD        ;        ; 7.731 ; 8.279  ;        ;
; instruction[2] ; iAND        ; 7.914  ;       ;        ; 8.210  ;
; instruction[2] ; iLDA        ;        ; 7.990 ; 8.504  ;        ;
; instruction[2] ; iNOT        ; 7.234  ;       ;        ; 7.545  ;
; instruction[2] ; iOR         ; 7.661  ;       ;        ; 7.970  ;
; instruction[2] ; inc_PC      ; 8.988  ; 8.918 ; 9.433  ; 9.350  ;
; instruction[2] ; mux_REM     ; 9.094  ; 9.020 ; 9.539  ; 9.456  ;
; instruction[3] ; cg_AC       ;        ; 9.417 ; 9.863  ;        ;
; instruction[3] ; cg_PC       ; 9.839  ;       ;        ; 10.282 ;
; instruction[3] ; cg_RDM      ; 8.576  ; 9.004 ; 9.530  ; 8.980  ;
; instruction[3] ; cg_REM      ; 9.251  ; 9.684 ; 10.109 ; 9.679  ;
; instruction[3] ; iADD        ;        ; 7.934 ; 8.464  ;        ;
; instruction[3] ; iAND        ;        ; 7.979 ; 8.544  ;        ;
; instruction[3] ; iLDA        ;        ; 8.193 ; 8.690  ;        ;
; instruction[3] ; iNOT        ;        ; 7.313 ; 7.863  ;        ;
; instruction[3] ; iOR         ;        ; 7.739 ; 8.293  ;        ;
; instruction[3] ; inc_PC      ; 9.287  ; 9.290 ; 9.795  ; 9.729  ;
; instruction[3] ; mux_REM     ;        ; 9.396 ; 9.901  ;        ;
; n              ; cg_PC       ; 10.084 ;       ;        ; 10.510 ;
; n              ; cg_RDM      ; 8.805  ;       ;        ; 9.205  ;
; n              ; cg_REM      ; 9.480  ;       ;        ; 9.904  ;
; n              ; inc_PC      ;        ; 9.508 ; 9.930  ;        ;
; z              ; cg_PC       ; 10.063 ;       ;        ; 10.546 ;
; z              ; cg_RDM      ; 8.784  ;       ;        ; 9.241  ;
; z              ; cg_REM      ; 9.459  ;       ;        ; 9.940  ;
; z              ; inc_PC      ;        ; 9.535 ; 9.992  ;        ;
+----------------+-------------+--------+-------+--------+--------+


+--------------------------------------------------------------+
; Minimum Propagation Delay                                    ;
+----------------+-------------+-------+-------+-------+-------+
; Input Port     ; Output Port ; RR    ; RF    ; FR    ; FF    ;
+----------------+-------------+-------+-------+-------+-------+
; instruction[0] ; cg_AC       ;       ; 5.262 ; 5.849 ;       ;
; instruction[0] ; cg_PC       ;       ; 5.851 ; 6.342 ;       ;
; instruction[0] ; cg_RDM      ;       ; 4.914 ; 5.448 ;       ;
; instruction[0] ; cg_REM      ;       ; 5.340 ; 5.882 ;       ;
; instruction[0] ; iADD        ; 4.542 ;       ;       ; 5.232 ;
; instruction[0] ; iAND        ; 4.549 ;       ;       ; 5.211 ;
; instruction[0] ; iLDA        ;       ; 4.851 ; 5.473 ;       ;
; instruction[0] ; iNOT        ;       ; 4.193 ; 4.839 ;       ;
; instruction[0] ; iOR         ;       ; 4.427 ; 5.038 ;       ;
; instruction[0] ; inc_PC      ; 5.213 ; 5.337 ; 5.835 ; 5.952 ;
; instruction[1] ; cg_AC       ; 4.929 ; 5.052 ; 5.528 ; 5.534 ;
; instruction[1] ; cg_PC       ;       ; 5.693 ; 6.124 ;       ;
; instruction[1] ; cg_RDM      ; 4.631 ; 4.712 ; 5.177 ; 5.277 ;
; instruction[1] ; cg_REM      ; 4.962 ; 5.039 ; 5.508 ; 5.604 ;
; instruction[1] ; iADD        ; 4.272 ;       ;       ; 4.899 ;
; instruction[1] ; iAND        ;       ; 4.330 ; 4.864 ;       ;
; instruction[1] ; iLDA        ; 4.561 ;       ;       ; 5.129 ;
; instruction[1] ; iNOT        ; 3.919 ;       ;       ; 4.465 ;
; instruction[1] ; iOR         ;       ; 4.159 ; 4.702 ;       ;
; instruction[1] ; inc_PC      ; 4.807 ; 4.906 ; 5.353 ; 5.471 ;
; instruction[1] ; mux_REM     ; 4.940 ; 5.011 ; 5.486 ; 5.576 ;
; instruction[2] ; cg_AC       ; 5.064 ; 5.244 ; 5.752 ; 5.689 ;
; instruction[2] ; cg_PC       ;       ; 5.587 ; 6.062 ;       ;
; instruction[2] ; cg_RDM      ; 4.819 ; 4.651 ; 5.170 ; 5.479 ;
; instruction[2] ; cg_REM      ; 5.150 ; 5.077 ; 5.604 ; 5.806 ;
; instruction[2] ; iADD        ;       ; 4.437 ; 4.971 ;       ;
; instruction[2] ; iAND        ; 4.416 ;       ;       ; 5.033 ;
; instruction[2] ; iLDA        ;       ; 4.684 ; 5.258 ;       ;
; instruction[2] ; iNOT        ; 4.054 ;       ;       ; 4.620 ;
; instruction[2] ; iOR         ; 4.285 ;       ;       ; 4.878 ;
; instruction[2] ; inc_PC      ; 4.995 ; 5.077 ; 5.558 ; 5.673 ;
; instruction[2] ; mux_REM     ; 5.128 ; 5.203 ; 5.710 ; 5.778 ;
; instruction[3] ; cg_AC       ;       ; 5.213 ; 5.747 ;       ;
; instruction[3] ; cg_PC       ; 5.650 ;       ;       ; 6.370 ;
; instruction[3] ; cg_RDM      ; 4.759 ; 5.060 ; 5.577 ; 5.421 ;
; instruction[3] ; cg_REM      ; 5.193 ; 5.387 ; 5.908 ; 5.847 ;
; instruction[3] ; iADD        ;       ; 4.537 ; 5.073 ;       ;
; instruction[3] ; iAND        ;       ; 4.557 ; 5.100 ;       ;
; instruction[3] ; iLDA        ;       ; 4.784 ; 5.361 ;       ;
; instruction[3] ; iNOT        ;       ; 4.144 ; 4.737 ;       ;
; instruction[3] ; iOR         ;       ; 4.404 ; 4.970 ;       ;
; instruction[3] ; inc_PC      ; 5.147 ; 5.254 ; 5.753 ; 5.861 ;
; instruction[3] ; mux_REM     ;       ; 5.359 ; 5.886 ;       ;
; n              ; cg_PC       ; 5.763 ;       ;       ; 6.477 ;
; n              ; cg_RDM      ; 4.869 ;       ;       ; 5.540 ;
; n              ; cg_REM      ; 5.303 ;       ;       ; 5.966 ;
; n              ; inc_PC      ;       ; 5.374 ; 5.823 ;       ;
; z              ; cg_PC       ; 5.748 ;       ;       ; 6.485 ;
; z              ; cg_RDM      ; 4.854 ;       ;       ; 5.548 ;
; z              ; cg_REM      ; 5.288 ;       ;       ; 5.974 ;
; z              ; inc_PC      ;       ; 5.384 ; 5.855 ;       ;
+----------------+-------------+-------+-------+-------+-------+


+------------------------------------------------------------------------------------------------------------------------------------------------------------------------------------------------------------------------------------------------------------------------------------------------------------------------------------------------------------------------------------------------------------------+
; Board Trace Model Assignments                                                                                                                                                                                                                                                                                                                                                                                    ;
+---------------+--------------+-------------------+-------------------------+-------------------------+---------------+---------------------+----------------+------------------+--------+------------------+------------------------+------------------------+--------------+---------------+-----------------+-------+---------------------+--------------------+---------------+-----------------+-------------+
; Pin           ; I/O Standard ; Near Tline Length ; Near Tline L per Length ; Near Tline C per Length ; Near Series R ; Near Differential R ; Near Pull-up R ; Near Pull-down R ; Near C ; Far Tline Length ; Far Tline L per Length ; Far Tline C per Length ; Far Series R ; Far Pull-up R ; Far Pull-down R ; Far C ; Termination Voltage ; Far Differential R ; EBD File Name ; EBD Signal Name ; EBD Far-end ;
+---------------+--------------+-------------------+-------------------------+-------------------------+---------------+---------------------+----------------+------------------+--------+------------------+------------------------+------------------------+--------------+---------------+-----------------+-------+---------------------+--------------------+---------------+-----------------+-------------+
; cg_REM        ; 2.5 V        ; 0 in              ; 0 H/in                  ; 0 F/in                  ; short         ; -                   ; open           ; open             ; open   ; 0 in             ; 0 H/in                 ; 0 F/in                 ; short        ; open          ; open            ; open  ; 0 V                 ; -                  ; n/a           ; n/a             ; n/a         ;
; iLDA          ; 2.5 V        ; 0 in              ; 0 H/in                  ; 0 F/in                  ; short         ; -                   ; open           ; open             ; open   ; 0 in             ; 0 H/in                 ; 0 F/in                 ; short        ; open          ; open            ; open  ; 0 V                 ; -                  ; n/a           ; n/a             ; n/a         ;
; iOR           ; 2.5 V        ; 0 in              ; 0 H/in                  ; 0 F/in                  ; short         ; -                   ; open           ; open             ; open   ; 0 in             ; 0 H/in                 ; 0 F/in                 ; short        ; open          ; open            ; open  ; 0 V                 ; -                  ; n/a           ; n/a             ; n/a         ;
; iAND          ; 2.5 V        ; 0 in              ; 0 H/in                  ; 0 F/in                  ; short         ; -                   ; open           ; open             ; open   ; 0 in             ; 0 H/in                 ; 0 F/in                 ; short        ; open          ; open            ; open  ; 0 V                 ; -                  ; n/a           ; n/a             ; n/a         ;
; iADD          ; 2.5 V        ; 0 in              ; 0 H/in                  ; 0 F/in                  ; short         ; -                   ; open           ; open             ; open   ; 0 in             ; 0 H/in                 ; 0 F/in                 ; short        ; open          ; open            ; open  ; 0 V                 ; -                  ; n/a           ; n/a             ; n/a         ;
; t[7]          ; 2.5 V        ; 0 in              ; 0 H/in                  ; 0 F/in                  ; short         ; -                   ; open           ; open             ; open   ; 0 in             ; 0 H/in                 ; 0 F/in                 ; short        ; open          ; open            ; open  ; 0 V                 ; -                  ; n/a           ; n/a             ; n/a         ;
; t[6]          ; 2.5 V        ; 0 in              ; 0 H/in                  ; 0 F/in                  ; short         ; -                   ; open           ; open             ; open   ; 0 in             ; 0 H/in                 ; 0 F/in                 ; short        ; open          ; open            ; open  ; 0 V                 ; -                  ; n/a           ; n/a             ; n/a         ;
; t[5]          ; 2.5 V        ; 0 in              ; 0 H/in                  ; 0 F/in                  ; short         ; -                   ; open           ; open             ; open   ; 0 in             ; 0 H/in                 ; 0 F/in                 ; short        ; open          ; open            ; open  ; 0 V                 ; -                  ; n/a           ; n/a             ; n/a         ;
; t[4]          ; 2.5 V        ; 0 in              ; 0 H/in                  ; 0 F/in                  ; short         ; -                   ; open           ; open             ; open   ; 0 in             ; 0 H/in                 ; 0 F/in                 ; short        ; open          ; open            ; open  ; 0 V                 ; -                  ; n/a           ; n/a             ; n/a         ;
; t[3]          ; 2.5 V        ; 0 in              ; 0 H/in                  ; 0 F/in                  ; short         ; -                   ; open           ; open             ; open   ; 0 in             ; 0 H/in                 ; 0 F/in                 ; short        ; open          ; open            ; open  ; 0 V                 ; -                  ; n/a           ; n/a             ; n/a         ;
; t[2]          ; 2.5 V        ; 0 in              ; 0 H/in                  ; 0 F/in                  ; short         ; -                   ; open           ; open             ; open   ; 0 in             ; 0 H/in                 ; 0 F/in                 ; short        ; open          ; open            ; open  ; 0 V                 ; -                  ; n/a           ; n/a             ; n/a         ;
; t[1]          ; 2.5 V        ; 0 in              ; 0 H/in                  ; 0 F/in                  ; short         ; -                   ; open           ; open             ; open   ; 0 in             ; 0 H/in                 ; 0 F/in                 ; short        ; open          ; open            ; open  ; 0 V                 ; -                  ; n/a           ; n/a             ; n/a         ;
; t[0]          ; 2.5 V        ; 0 in              ; 0 H/in                  ; 0 F/in                  ; short         ; -                   ; open           ; open             ; open   ; 0 in             ; 0 H/in                 ; 0 F/in                 ; short        ; open          ; open            ; open  ; 0 V                 ; -                  ; n/a           ; n/a             ; n/a         ;
; temp_in[2]    ; 2.5 V        ; 0 in              ; 0 H/in                  ; 0 F/in                  ; short         ; -                   ; open           ; open             ; open   ; 0 in             ; 0 H/in                 ; 0 F/in                 ; short        ; open          ; open            ; open  ; 0 V                 ; -                  ; n/a           ; n/a             ; n/a         ;
; temp_in[1]    ; 2.5 V        ; 0 in              ; 0 H/in                  ; 0 F/in                  ; short         ; -                   ; open           ; open             ; open   ; 0 in             ; 0 H/in                 ; 0 F/in                 ; short        ; open          ; open            ; open  ; 0 V                 ; -                  ; n/a           ; n/a             ; n/a         ;
; temp_in[0]    ; 2.5 V        ; 0 in              ; 0 H/in                  ; 0 F/in                  ; short         ; -                   ; open           ; open             ; open   ; 0 in             ; 0 H/in                 ; 0 F/in                 ; short        ; open          ; open            ; open  ; 0 V                 ; -                  ; n/a           ; n/a             ; n/a         ;
; cg_RDM        ; 2.5 V        ; 0 in              ; 0 H/in                  ; 0 F/in                  ; short         ; -                   ; open           ; open             ; open   ; 0 in             ; 0 H/in                 ; 0 F/in                 ; short        ; open          ; open            ; open  ; 0 V                 ; -                  ; n/a           ; n/a             ; n/a         ;
; cg_RI         ; 2.5 V        ; 0 in              ; 0 H/in                  ; 0 F/in                  ; short         ; -                   ; open           ; open             ; open   ; 0 in             ; 0 H/in                 ; 0 F/in                 ; short        ; open          ; open            ; open  ; 0 V                 ; -                  ; n/a           ; n/a             ; n/a         ;
; cg_AC         ; 2.5 V        ; 0 in              ; 0 H/in                  ; 0 F/in                  ; short         ; -                   ; open           ; open             ; open   ; 0 in             ; 0 H/in                 ; 0 F/in                 ; short        ; open          ; open            ; open  ; 0 V                 ; -                  ; n/a           ; n/a             ; n/a         ;
; iNOT          ; 2.5 V        ; 0 in              ; 0 H/in                  ; 0 F/in                  ; short         ; -                   ; open           ; open             ; open   ; 0 in             ; 0 H/in                 ; 0 F/in                 ; short        ; open          ; open            ; open  ; 0 V                 ; -                  ; n/a           ; n/a             ; n/a         ;
; cg_PC         ; 2.5 V        ; 0 in              ; 0 H/in                  ; 0 F/in                  ; short         ; -                   ; open           ; open             ; open   ; 0 in             ; 0 H/in                 ; 0 F/in                 ; short        ; open          ; open            ; open  ; 0 V                 ; -                  ; n/a           ; n/a             ; n/a         ;
; inc_PC        ; 2.5 V        ; 0 in              ; 0 H/in                  ; 0 F/in                  ; short         ; -                   ; open           ; open             ; open   ; 0 in             ; 0 H/in                 ; 0 F/in                 ; short        ; open          ; open            ; open  ; 0 V                 ; -                  ; n/a           ; n/a             ; n/a         ;
; mux_REM       ; 2.5 V        ; 0 in              ; 0 H/in                  ; 0 F/in                  ; short         ; -                   ; open           ; open             ; open   ; 0 in             ; 0 H/in                 ; 0 F/in                 ; short        ; open          ; open            ; open  ; 0 V                 ; -                  ; n/a           ; n/a             ; n/a         ;
; ~ALTERA_NCEO~ ; 2.5 V        ; 0 in              ; 0 H/in                  ; 0 F/in                  ; short         ; -                   ; open           ; open             ; open   ; 0 in             ; 0 H/in                 ; 0 F/in                 ; short        ; open          ; open            ; open  ; 0 V                 ; -                  ; n/a           ; n/a             ; n/a         ;
; ~ALTERA_DCLK~ ; 2.5 V        ; 0 in              ; 0 H/in                  ; 0 F/in                  ; short         ; -                   ; open           ; open             ; open   ; 0 in             ; 0 H/in                 ; 0 F/in                 ; short        ; open          ; open            ; open  ; 0 V                 ; -                  ; n/a           ; n/a             ; n/a         ;
+---------------+--------------+-------------------+-------------------------+-------------------------+---------------+---------------------+----------------+------------------+--------+------------------+------------------------+------------------------+--------------+---------------+-----------------+-------+---------------------+--------------------+---------------+-----------------+-------------+


+-------------------------------------------------------------------+
; Input Transition Times                                            ;
+----------------+--------------+-----------------+-----------------+
; Pin            ; I/O Standard ; 10-90 Rise Time ; 90-10 Fall Time ;
+----------------+--------------+-----------------+-----------------+
; cg_temp[2]     ; 2.5 V        ; 2000 ps         ; 2000 ps         ;
; cg_temp[1]     ; 2.5 V        ; 2000 ps         ; 2000 ps         ;
; cg_temp[0]     ; 2.5 V        ; 2000 ps         ; 2000 ps         ;
; instruction[1] ; 2.5 V        ; 2000 ps         ; 2000 ps         ;
; instruction[2] ; 2.5 V        ; 2000 ps         ; 2000 ps         ;
; instruction[3] ; 2.5 V        ; 2000 ps         ; 2000 ps         ;
; n              ; 2.5 V        ; 2000 ps         ; 2000 ps         ;
; z              ; 2.5 V        ; 2000 ps         ; 2000 ps         ;
; instruction[0] ; 2.5 V        ; 2000 ps         ; 2000 ps         ;
; ck             ; 2.5 V        ; 2000 ps         ; 2000 ps         ;
; reset          ; 2.5 V        ; 2000 ps         ; 2000 ps         ;
; ~ALTERA_DATA0~ ; 2.5 V        ; 2000 ps         ; 2000 ps         ;
; ~ALTERA_ASDO~  ; 2.5 V        ; 2000 ps         ; 2000 ps         ;
; ~ALTERA_NCSO~  ; 2.5 V        ; 2000 ps         ; 2000 ps         ;
+----------------+--------------+-----------------+-----------------+


+--------------------------------------------------------------------------------------------------------------------------------------------------------------------------------------------------------------------------------------------------------------------------------------------------------------------------------------------------------------------------------------------------------------------------------------------------------------------------------------------------------------------------------------------------------------------------------------------------------------------------------------------------------------------------------------------+
; Signal Integrity Metrics (Slow 1200mv 0c Model)                                                                                                                                                                                                                                                                                                                                                                                                                                                                                                                                                                                                                                            ;
+---------------+--------------+---------------------+---------------------+------------------------------+------------------------------+---------------------+---------------------+--------------------------------------+--------------------------------------+-----------------------------+-----------------------------+----------------------------+----------------------------+-----------------------------+-----------------------------+--------------------+--------------------+-------------------------------------+-------------------------------------+----------------------------+----------------------------+---------------------------+---------------------------+
; Pin           ; I/O Standard ; Board Delay on Rise ; Board Delay on Fall ; Steady State Voh at FPGA Pin ; Steady State Vol at FPGA Pin ; Voh Max at FPGA Pin ; Vol Min at FPGA Pin ; Ringback Voltage on Rise at FPGA Pin ; Ringback Voltage on Fall at FPGA Pin ; 10-90 Rise Time at FPGA Pin ; 90-10 Fall Time at FPGA Pin ; Monotonic Rise at FPGA Pin ; Monotonic Fall at FPGA Pin ; Steady State Voh at Far-end ; Steady State Vol at Far-end ; Voh Max at Far-end ; Vol Min at Far-end ; Ringback Voltage on Rise at Far-end ; Ringback Voltage on Fall at Far-end ; 10-90 Rise Time at Far-end ; 90-10 Fall Time at Far-end ; Monotonic Rise at Far-end ; Monotonic Fall at Far-end ;
+---------------+--------------+---------------------+---------------------+------------------------------+------------------------------+---------------------+---------------------+--------------------------------------+--------------------------------------+-----------------------------+-----------------------------+----------------------------+----------------------------+-----------------------------+-----------------------------+--------------------+--------------------+-------------------------------------+-------------------------------------+----------------------------+----------------------------+---------------------------+---------------------------+
; cg_REM        ; 2.5 V        ; 0 s                 ; 0 s                 ; 2.32 V                       ; 5.16e-09 V                   ; 2.37 V              ; -0.00861 V          ; 0.168 V                              ; 0.038 V                              ; 6.79e-10 s                  ; 6.49e-10 s                  ; No                         ; Yes                        ; 2.32 V                      ; 5.16e-09 V                  ; 2.37 V             ; -0.00861 V         ; 0.168 V                             ; 0.038 V                             ; 6.79e-10 s                 ; 6.49e-10 s                 ; No                        ; Yes                       ;
; iLDA          ; 2.5 V        ; 0 s                 ; 0 s                 ; 2.32 V                       ; 7.29e-09 V                   ; 2.34 V              ; -0.00668 V          ; 0.218 V                              ; 0.076 V                              ; 1.92e-09 s                  ; 1.81e-09 s                  ; No                         ; Yes                        ; 2.32 V                      ; 7.29e-09 V                  ; 2.34 V             ; -0.00668 V         ; 0.218 V                             ; 0.076 V                             ; 1.92e-09 s                 ; 1.81e-09 s                 ; No                        ; Yes                       ;
; iOR           ; 2.5 V        ; 0 s                 ; 0 s                 ; 2.32 V                       ; 7.29e-09 V                   ; 2.39 V              ; -0.00339 V          ; 0.206 V                              ; 0.007 V                              ; 2.77e-10 s                  ; 3.24e-10 s                  ; Yes                        ; Yes                        ; 2.32 V                      ; 7.29e-09 V                  ; 2.39 V             ; -0.00339 V         ; 0.206 V                             ; 0.007 V                             ; 2.77e-10 s                 ; 3.24e-10 s                 ; Yes                       ; Yes                       ;
; iAND          ; 2.5 V        ; 0 s                 ; 0 s                 ; 2.32 V                       ; 7.29e-09 V                   ; 2.39 V              ; -0.00317 V          ; 0.179 V                              ; 0.007 V                              ; 4.7e-10 s                   ; 4.72e-10 s                  ; No                         ; Yes                        ; 2.32 V                      ; 7.29e-09 V                  ; 2.39 V             ; -0.00317 V         ; 0.179 V                             ; 0.007 V                             ; 4.7e-10 s                  ; 4.72e-10 s                 ; No                        ; Yes                       ;
; iADD          ; 2.5 V        ; 0 s                 ; 0 s                 ; 2.32 V                       ; 7.29e-09 V                   ; 2.39 V              ; -0.00317 V          ; 0.179 V                              ; 0.007 V                              ; 4.7e-10 s                   ; 4.72e-10 s                  ; No                         ; Yes                        ; 2.32 V                      ; 7.29e-09 V                  ; 2.39 V             ; -0.00317 V         ; 0.179 V                             ; 0.007 V                             ; 4.7e-10 s                  ; 4.72e-10 s                 ; No                        ; Yes                       ;
; t[7]          ; 2.5 V        ; 0 s                 ; 0 s                 ; 2.32 V                       ; 5.16e-09 V                   ; 2.4 V               ; -0.00557 V          ; 0.238 V                              ; 0.014 V                              ; 2.9e-10 s                   ; 3.48e-10 s                  ; No                         ; Yes                        ; 2.32 V                      ; 5.16e-09 V                  ; 2.4 V              ; -0.00557 V         ; 0.238 V                             ; 0.014 V                             ; 2.9e-10 s                  ; 3.48e-10 s                 ; No                        ; Yes                       ;
; t[6]          ; 2.5 V        ; 0 s                 ; 0 s                 ; 2.32 V                       ; 7.29e-09 V                   ; 2.39 V              ; -0.00317 V          ; 0.179 V                              ; 0.007 V                              ; 4.7e-10 s                   ; 4.72e-10 s                  ; No                         ; Yes                        ; 2.32 V                      ; 7.29e-09 V                  ; 2.39 V             ; -0.00317 V         ; 0.179 V                             ; 0.007 V                             ; 4.7e-10 s                  ; 4.72e-10 s                 ; No                        ; Yes                       ;
; t[5]          ; 2.5 V        ; 0 s                 ; 0 s                 ; 2.32 V                       ; 5.16e-09 V                   ; 2.37 V              ; -0.00861 V          ; 0.168 V                              ; 0.038 V                              ; 6.79e-10 s                  ; 6.49e-10 s                  ; No                         ; Yes                        ; 2.32 V                      ; 5.16e-09 V                  ; 2.37 V             ; -0.00861 V         ; 0.168 V                             ; 0.038 V                             ; 6.79e-10 s                 ; 6.49e-10 s                 ; No                        ; Yes                       ;
; t[4]          ; 2.5 V        ; 0 s                 ; 0 s                 ; 2.32 V                       ; 7.29e-09 V                   ; 2.39 V              ; -0.00317 V          ; 0.179 V                              ; 0.007 V                              ; 4.7e-10 s                   ; 4.72e-10 s                  ; No                         ; Yes                        ; 2.32 V                      ; 7.29e-09 V                  ; 2.39 V             ; -0.00317 V         ; 0.179 V                             ; 0.007 V                             ; 4.7e-10 s                  ; 4.72e-10 s                 ; No                        ; Yes                       ;
; t[3]          ; 2.5 V        ; 0 s                 ; 0 s                 ; 2.32 V                       ; 7.29e-09 V                   ; 2.39 V              ; -0.00317 V          ; 0.179 V                              ; 0.007 V                              ; 4.7e-10 s                   ; 4.72e-10 s                  ; No                         ; Yes                        ; 2.32 V                      ; 7.29e-09 V                  ; 2.39 V             ; -0.00317 V         ; 0.179 V                             ; 0.007 V                             ; 4.7e-10 s                  ; 4.72e-10 s                 ; No                        ; Yes                       ;
; t[2]          ; 2.5 V        ; 0 s                 ; 0 s                 ; 2.32 V                       ; 7.29e-09 V                   ; 2.39 V              ; -0.00317 V          ; 0.179 V                              ; 0.007 V                              ; 4.7e-10 s                   ; 4.72e-10 s                  ; No                         ; Yes                        ; 2.32 V                      ; 7.29e-09 V                  ; 2.39 V             ; -0.00317 V         ; 0.179 V                             ; 0.007 V                             ; 4.7e-10 s                  ; 4.72e-10 s                 ; No                        ; Yes                       ;
; t[1]          ; 2.5 V        ; 0 s                 ; 0 s                 ; 2.32 V                       ; 5.16e-09 V                   ; 2.37 V              ; -0.00861 V          ; 0.168 V                              ; 0.038 V                              ; 6.79e-10 s                  ; 6.49e-10 s                  ; No                         ; Yes                        ; 2.32 V                      ; 5.16e-09 V                  ; 2.37 V             ; -0.00861 V         ; 0.168 V                             ; 0.038 V                             ; 6.79e-10 s                 ; 6.49e-10 s                 ; No                        ; Yes                       ;
; t[0]          ; 2.5 V        ; 0 s                 ; 0 s                 ; 2.32 V                       ; 7.29e-09 V                   ; 2.39 V              ; -0.00317 V          ; 0.179 V                              ; 0.007 V                              ; 4.7e-10 s                   ; 4.72e-10 s                  ; No                         ; Yes                        ; 2.32 V                      ; 7.29e-09 V                  ; 2.39 V             ; -0.00317 V         ; 0.179 V                             ; 0.007 V                             ; 4.7e-10 s                  ; 4.72e-10 s                 ; No                        ; Yes                       ;
; temp_in[2]    ; 2.5 V        ; 0 s                 ; 0 s                 ; 2.32 V                       ; 5.16e-09 V                   ; 2.37 V              ; -0.00861 V          ; 0.168 V                              ; 0.038 V                              ; 6.79e-10 s                  ; 6.49e-10 s                  ; No                         ; Yes                        ; 2.32 V                      ; 5.16e-09 V                  ; 2.37 V             ; -0.00861 V         ; 0.168 V                             ; 0.038 V                             ; 6.79e-10 s                 ; 6.49e-10 s                 ; No                        ; Yes                       ;
; temp_in[1]    ; 2.5 V        ; 0 s                 ; 0 s                 ; 2.32 V                       ; 7.29e-09 V                   ; 2.39 V              ; -0.00317 V          ; 0.179 V                              ; 0.007 V                              ; 4.7e-10 s                   ; 4.72e-10 s                  ; No                         ; Yes                        ; 2.32 V                      ; 7.29e-09 V                  ; 2.39 V             ; -0.00317 V         ; 0.179 V                             ; 0.007 V                             ; 4.7e-10 s                  ; 4.72e-10 s                 ; No                        ; Yes                       ;
; temp_in[0]    ; 2.5 V        ; 0 s                 ; 0 s                 ; 2.32 V                       ; 5.16e-09 V                   ; 2.4 V               ; -0.00557 V          ; 0.238 V                              ; 0.014 V                              ; 2.9e-10 s                   ; 3.48e-10 s                  ; No                         ; Yes                        ; 2.32 V                      ; 5.16e-09 V                  ; 2.4 V              ; -0.00557 V         ; 0.238 V                             ; 0.014 V                             ; 2.9e-10 s                  ; 3.48e-10 s                 ; No                        ; Yes                       ;
; cg_RDM        ; 2.5 V        ; 0 s                 ; 0 s                 ; 2.32 V                       ; 7.29e-09 V                   ; 2.39 V              ; -0.00339 V          ; 0.206 V                              ; 0.007 V                              ; 2.77e-10 s                  ; 3.24e-10 s                  ; Yes                        ; Yes                        ; 2.32 V                      ; 7.29e-09 V                  ; 2.39 V             ; -0.00339 V         ; 0.206 V                             ; 0.007 V                             ; 2.77e-10 s                 ; 3.24e-10 s                 ; Yes                       ; Yes                       ;
; cg_RI         ; 2.5 V        ; 0 s                 ; 0 s                 ; 2.32 V                       ; 5.16e-09 V                   ; 2.37 V              ; -0.00861 V          ; 0.168 V                              ; 0.038 V                              ; 6.79e-10 s                  ; 6.49e-10 s                  ; No                         ; Yes                        ; 2.32 V                      ; 5.16e-09 V                  ; 2.37 V             ; -0.00861 V         ; 0.168 V                             ; 0.038 V                             ; 6.79e-10 s                 ; 6.49e-10 s                 ; No                        ; Yes                       ;
; cg_AC         ; 2.5 V        ; 0 s                 ; 0 s                 ; 2.32 V                       ; 7.29e-09 V                   ; 2.34 V              ; -0.00668 V          ; 0.218 V                              ; 0.076 V                              ; 1.92e-09 s                  ; 1.81e-09 s                  ; No                         ; Yes                        ; 2.32 V                      ; 7.29e-09 V                  ; 2.34 V             ; -0.00668 V         ; 0.218 V                             ; 0.076 V                             ; 1.92e-09 s                 ; 1.81e-09 s                 ; No                        ; Yes                       ;
; iNOT          ; 2.5 V        ; 0 s                 ; 0 s                 ; 2.32 V                       ; 7.29e-09 V                   ; 2.39 V              ; -0.00339 V          ; 0.206 V                              ; 0.007 V                              ; 2.77e-10 s                  ; 3.24e-10 s                  ; Yes                        ; Yes                        ; 2.32 V                      ; 7.29e-09 V                  ; 2.39 V             ; -0.00339 V         ; 0.206 V                             ; 0.007 V                             ; 2.77e-10 s                 ; 3.24e-10 s                 ; Yes                       ; Yes                       ;
; cg_PC         ; 2.5 V        ; 0 s                 ; 0 s                 ; 2.32 V                       ; 5.16e-09 V                   ; 2.34 V              ; -0.00633 V          ; 0.232 V                              ; 0.083 V                              ; 1.94e-09 s                  ; 1.83e-09 s                  ; No                         ; Yes                        ; 2.32 V                      ; 5.16e-09 V                  ; 2.34 V             ; -0.00633 V         ; 0.232 V                             ; 0.083 V                             ; 1.94e-09 s                 ; 1.83e-09 s                 ; No                        ; Yes                       ;
; inc_PC        ; 2.5 V        ; 0 s                 ; 0 s                 ; 2.32 V                       ; 5.16e-09 V                   ; 2.4 V               ; -0.00557 V          ; 0.238 V                              ; 0.014 V                              ; 2.9e-10 s                   ; 3.48e-10 s                  ; No                         ; Yes                        ; 2.32 V                      ; 5.16e-09 V                  ; 2.4 V              ; -0.00557 V         ; 0.238 V                             ; 0.014 V                             ; 2.9e-10 s                  ; 3.48e-10 s                 ; No                        ; Yes                       ;
; mux_REM       ; 2.5 V        ; 0 s                 ; 0 s                 ; 2.32 V                       ; 5.16e-09 V                   ; 2.37 V              ; -0.00861 V          ; 0.168 V                              ; 0.038 V                              ; 6.79e-10 s                  ; 6.49e-10 s                  ; No                         ; Yes                        ; 2.32 V                      ; 5.16e-09 V                  ; 2.37 V             ; -0.00861 V         ; 0.168 V                             ; 0.038 V                             ; 6.79e-10 s                 ; 6.49e-10 s                 ; No                        ; Yes                       ;
; ~ALTERA_NCEO~ ; 2.5 V        ; 0 s                 ; 0 s                 ; 2.32 V                       ; 4.76e-09 V                   ; 2.4 V               ; -0.034 V            ; 0.102 V                              ; 0.065 V                              ; 2.49e-10 s                  ; 3.49e-10 s                  ; Yes                        ; Yes                        ; 2.32 V                      ; 4.76e-09 V                  ; 2.4 V              ; -0.034 V           ; 0.102 V                             ; 0.065 V                             ; 2.49e-10 s                 ; 3.49e-10 s                 ; Yes                       ; Yes                       ;
; ~ALTERA_DCLK~ ; 2.5 V        ; 0 s                 ; 0 s                 ; 2.32 V                       ; 5.94e-09 V                   ; 2.39 V              ; -0.0344 V           ; 0.156 V                              ; 0.089 V                              ; 2.68e-10 s                  ; 2.6e-10 s                   ; Yes                        ; Yes                        ; 2.32 V                      ; 5.94e-09 V                  ; 2.39 V             ; -0.0344 V          ; 0.156 V                             ; 0.089 V                             ; 2.68e-10 s                 ; 2.6e-10 s                  ; Yes                       ; Yes                       ;
+---------------+--------------+---------------------+---------------------+------------------------------+------------------------------+---------------------+---------------------+--------------------------------------+--------------------------------------+-----------------------------+-----------------------------+----------------------------+----------------------------+-----------------------------+-----------------------------+--------------------+--------------------+-------------------------------------+-------------------------------------+----------------------------+----------------------------+---------------------------+---------------------------+


+--------------------------------------------------------------------------------------------------------------------------------------------------------------------------------------------------------------------------------------------------------------------------------------------------------------------------------------------------------------------------------------------------------------------------------------------------------------------------------------------------------------------------------------------------------------------------------------------------------------------------------------------------------------------------------------------+
; Signal Integrity Metrics (Slow 1200mv 85c Model)                                                                                                                                                                                                                                                                                                                                                                                                                                                                                                                                                                                                                                           ;
+---------------+--------------+---------------------+---------------------+------------------------------+------------------------------+---------------------+---------------------+--------------------------------------+--------------------------------------+-----------------------------+-----------------------------+----------------------------+----------------------------+-----------------------------+-----------------------------+--------------------+--------------------+-------------------------------------+-------------------------------------+----------------------------+----------------------------+---------------------------+---------------------------+
; Pin           ; I/O Standard ; Board Delay on Rise ; Board Delay on Fall ; Steady State Voh at FPGA Pin ; Steady State Vol at FPGA Pin ; Voh Max at FPGA Pin ; Vol Min at FPGA Pin ; Ringback Voltage on Rise at FPGA Pin ; Ringback Voltage on Fall at FPGA Pin ; 10-90 Rise Time at FPGA Pin ; 90-10 Fall Time at FPGA Pin ; Monotonic Rise at FPGA Pin ; Monotonic Fall at FPGA Pin ; Steady State Voh at Far-end ; Steady State Vol at Far-end ; Voh Max at Far-end ; Vol Min at Far-end ; Ringback Voltage on Rise at Far-end ; Ringback Voltage on Fall at Far-end ; 10-90 Rise Time at Far-end ; 90-10 Fall Time at Far-end ; Monotonic Rise at Far-end ; Monotonic Fall at Far-end ;
+---------------+--------------+---------------------+---------------------+------------------------------+------------------------------+---------------------+---------------------+--------------------------------------+--------------------------------------+-----------------------------+-----------------------------+----------------------------+----------------------------+-----------------------------+-----------------------------+--------------------+--------------------+-------------------------------------+-------------------------------------+----------------------------+----------------------------+---------------------------+---------------------------+
; cg_REM        ; 2.5 V        ; 0 s                 ; 0 s                 ; 2.32 V                       ; 8.13e-07 V                   ; 2.35 V              ; -0.00662 V          ; 0.129 V                              ; 0.049 V                              ; 8.55e-10 s                  ; 8.01e-10 s                  ; No                         ; Yes                        ; 2.32 V                      ; 8.13e-07 V                  ; 2.35 V             ; -0.00662 V         ; 0.129 V                             ; 0.049 V                             ; 8.55e-10 s                 ; 8.01e-10 s                 ; No                        ; Yes                       ;
; iLDA          ; 2.5 V        ; 0 s                 ; 0 s                 ; 2.32 V                       ; 1.21e-06 V                   ; 2.33 V              ; -0.00286 V          ; 0.193 V                              ; 0.042 V                              ; 2.32e-09 s                  ; 2.21e-09 s                  ; Yes                        ; Yes                        ; 2.32 V                      ; 1.21e-06 V                  ; 2.33 V             ; -0.00286 V         ; 0.193 V                             ; 0.042 V                             ; 2.32e-09 s                 ; 2.21e-09 s                 ; Yes                       ; Yes                       ;
; iOR           ; 2.5 V        ; 0 s                 ; 0 s                 ; 2.32 V                       ; 1.21e-06 V                   ; 2.37 V              ; -0.00606 V          ; 0.107 V                              ; 0.021 V                              ; 4.26e-10 s                  ; 4.03e-10 s                  ; Yes                        ; Yes                        ; 2.32 V                      ; 1.21e-06 V                  ; 2.37 V             ; -0.00606 V         ; 0.107 V                             ; 0.021 V                             ; 4.26e-10 s                 ; 4.03e-10 s                 ; Yes                       ; Yes                       ;
; iAND          ; 2.5 V        ; 0 s                 ; 0 s                 ; 2.32 V                       ; 1.21e-06 V                   ; 2.36 V              ; -0.00833 V          ; 0.113 V                              ; 0.035 V                              ; 6.32e-10 s                  ; 5.89e-10 s                  ; No                         ; Yes                        ; 2.32 V                      ; 1.21e-06 V                  ; 2.36 V             ; -0.00833 V         ; 0.113 V                             ; 0.035 V                             ; 6.32e-10 s                 ; 5.89e-10 s                 ; No                        ; Yes                       ;
; iADD          ; 2.5 V        ; 0 s                 ; 0 s                 ; 2.32 V                       ; 1.21e-06 V                   ; 2.36 V              ; -0.00833 V          ; 0.113 V                              ; 0.035 V                              ; 6.32e-10 s                  ; 5.89e-10 s                  ; No                         ; Yes                        ; 2.32 V                      ; 1.21e-06 V                  ; 2.36 V             ; -0.00833 V         ; 0.113 V                             ; 0.035 V                             ; 6.32e-10 s                 ; 5.89e-10 s                 ; No                        ; Yes                       ;
; t[7]          ; 2.5 V        ; 0 s                 ; 0 s                 ; 2.32 V                       ; 8.13e-07 V                   ; 2.36 V              ; -0.00623 V          ; 0.121 V                              ; 0.03 V                               ; 4.4e-10 s                   ; 4.28e-10 s                  ; Yes                        ; Yes                        ; 2.32 V                      ; 8.13e-07 V                  ; 2.36 V             ; -0.00623 V         ; 0.121 V                             ; 0.03 V                              ; 4.4e-10 s                  ; 4.28e-10 s                 ; Yes                       ; Yes                       ;
; t[6]          ; 2.5 V        ; 0 s                 ; 0 s                 ; 2.32 V                       ; 1.21e-06 V                   ; 2.36 V              ; -0.00833 V          ; 0.113 V                              ; 0.035 V                              ; 6.32e-10 s                  ; 5.89e-10 s                  ; No                         ; Yes                        ; 2.32 V                      ; 1.21e-06 V                  ; 2.36 V             ; -0.00833 V         ; 0.113 V                             ; 0.035 V                             ; 6.32e-10 s                 ; 5.89e-10 s                 ; No                        ; Yes                       ;
; t[5]          ; 2.5 V        ; 0 s                 ; 0 s                 ; 2.32 V                       ; 8.13e-07 V                   ; 2.35 V              ; -0.00662 V          ; 0.129 V                              ; 0.049 V                              ; 8.55e-10 s                  ; 8.01e-10 s                  ; No                         ; Yes                        ; 2.32 V                      ; 8.13e-07 V                  ; 2.35 V             ; -0.00662 V         ; 0.129 V                             ; 0.049 V                             ; 8.55e-10 s                 ; 8.01e-10 s                 ; No                        ; Yes                       ;
; t[4]          ; 2.5 V        ; 0 s                 ; 0 s                 ; 2.32 V                       ; 1.21e-06 V                   ; 2.36 V              ; -0.00833 V          ; 0.113 V                              ; 0.035 V                              ; 6.32e-10 s                  ; 5.89e-10 s                  ; No                         ; Yes                        ; 2.32 V                      ; 1.21e-06 V                  ; 2.36 V             ; -0.00833 V         ; 0.113 V                             ; 0.035 V                             ; 6.32e-10 s                 ; 5.89e-10 s                 ; No                        ; Yes                       ;
; t[3]          ; 2.5 V        ; 0 s                 ; 0 s                 ; 2.32 V                       ; 1.21e-06 V                   ; 2.36 V              ; -0.00833 V          ; 0.113 V                              ; 0.035 V                              ; 6.32e-10 s                  ; 5.89e-10 s                  ; No                         ; Yes                        ; 2.32 V                      ; 1.21e-06 V                  ; 2.36 V             ; -0.00833 V         ; 0.113 V                             ; 0.035 V                             ; 6.32e-10 s                 ; 5.89e-10 s                 ; No                        ; Yes                       ;
; t[2]          ; 2.5 V        ; 0 s                 ; 0 s                 ; 2.32 V                       ; 1.21e-06 V                   ; 2.36 V              ; -0.00833 V          ; 0.113 V                              ; 0.035 V                              ; 6.32e-10 s                  ; 5.89e-10 s                  ; No                         ; Yes                        ; 2.32 V                      ; 1.21e-06 V                  ; 2.36 V             ; -0.00833 V         ; 0.113 V                             ; 0.035 V                             ; 6.32e-10 s                 ; 5.89e-10 s                 ; No                        ; Yes                       ;
; t[1]          ; 2.5 V        ; 0 s                 ; 0 s                 ; 2.32 V                       ; 8.13e-07 V                   ; 2.35 V              ; -0.00662 V          ; 0.129 V                              ; 0.049 V                              ; 8.55e-10 s                  ; 8.01e-10 s                  ; No                         ; Yes                        ; 2.32 V                      ; 8.13e-07 V                  ; 2.35 V             ; -0.00662 V         ; 0.129 V                             ; 0.049 V                             ; 8.55e-10 s                 ; 8.01e-10 s                 ; No                        ; Yes                       ;
; t[0]          ; 2.5 V        ; 0 s                 ; 0 s                 ; 2.32 V                       ; 1.21e-06 V                   ; 2.36 V              ; -0.00833 V          ; 0.113 V                              ; 0.035 V                              ; 6.32e-10 s                  ; 5.89e-10 s                  ; No                         ; Yes                        ; 2.32 V                      ; 1.21e-06 V                  ; 2.36 V             ; -0.00833 V         ; 0.113 V                             ; 0.035 V                             ; 6.32e-10 s                 ; 5.89e-10 s                 ; No                        ; Yes                       ;
; temp_in[2]    ; 2.5 V        ; 0 s                 ; 0 s                 ; 2.32 V                       ; 8.13e-07 V                   ; 2.35 V              ; -0.00662 V          ; 0.129 V                              ; 0.049 V                              ; 8.55e-10 s                  ; 8.01e-10 s                  ; No                         ; Yes                        ; 2.32 V                      ; 8.13e-07 V                  ; 2.35 V             ; -0.00662 V         ; 0.129 V                             ; 0.049 V                             ; 8.55e-10 s                 ; 8.01e-10 s                 ; No                        ; Yes                       ;
; temp_in[1]    ; 2.5 V        ; 0 s                 ; 0 s                 ; 2.32 V                       ; 1.21e-06 V                   ; 2.36 V              ; -0.00833 V          ; 0.113 V                              ; 0.035 V                              ; 6.32e-10 s                  ; 5.89e-10 s                  ; No                         ; Yes                        ; 2.32 V                      ; 1.21e-06 V                  ; 2.36 V             ; -0.00833 V         ; 0.113 V                             ; 0.035 V                             ; 6.32e-10 s                 ; 5.89e-10 s                 ; No                        ; Yes                       ;
; temp_in[0]    ; 2.5 V        ; 0 s                 ; 0 s                 ; 2.32 V                       ; 8.13e-07 V                   ; 2.36 V              ; -0.00623 V          ; 0.121 V                              ; 0.03 V                               ; 4.4e-10 s                   ; 4.28e-10 s                  ; Yes                        ; Yes                        ; 2.32 V                      ; 8.13e-07 V                  ; 2.36 V             ; -0.00623 V         ; 0.121 V                             ; 0.03 V                              ; 4.4e-10 s                  ; 4.28e-10 s                 ; Yes                       ; Yes                       ;
; cg_RDM        ; 2.5 V        ; 0 s                 ; 0 s                 ; 2.32 V                       ; 1.21e-06 V                   ; 2.37 V              ; -0.00606 V          ; 0.107 V                              ; 0.021 V                              ; 4.26e-10 s                  ; 4.03e-10 s                  ; Yes                        ; Yes                        ; 2.32 V                      ; 1.21e-06 V                  ; 2.37 V             ; -0.00606 V         ; 0.107 V                             ; 0.021 V                             ; 4.26e-10 s                 ; 4.03e-10 s                 ; Yes                       ; Yes                       ;
; cg_RI         ; 2.5 V        ; 0 s                 ; 0 s                 ; 2.32 V                       ; 8.13e-07 V                   ; 2.35 V              ; -0.00662 V          ; 0.129 V                              ; 0.049 V                              ; 8.55e-10 s                  ; 8.01e-10 s                  ; No                         ; Yes                        ; 2.32 V                      ; 8.13e-07 V                  ; 2.35 V             ; -0.00662 V         ; 0.129 V                             ; 0.049 V                             ; 8.55e-10 s                 ; 8.01e-10 s                 ; No                        ; Yes                       ;
; cg_AC         ; 2.5 V        ; 0 s                 ; 0 s                 ; 2.32 V                       ; 1.21e-06 V                   ; 2.33 V              ; -0.00286 V          ; 0.193 V                              ; 0.042 V                              ; 2.32e-09 s                  ; 2.21e-09 s                  ; Yes                        ; Yes                        ; 2.32 V                      ; 1.21e-06 V                  ; 2.33 V             ; -0.00286 V         ; 0.193 V                             ; 0.042 V                             ; 2.32e-09 s                 ; 2.21e-09 s                 ; Yes                       ; Yes                       ;
; iNOT          ; 2.5 V        ; 0 s                 ; 0 s                 ; 2.32 V                       ; 1.21e-06 V                   ; 2.37 V              ; -0.00606 V          ; 0.107 V                              ; 0.021 V                              ; 4.26e-10 s                  ; 4.03e-10 s                  ; Yes                        ; Yes                        ; 2.32 V                      ; 1.21e-06 V                  ; 2.37 V             ; -0.00606 V         ; 0.107 V                             ; 0.021 V                             ; 4.26e-10 s                 ; 4.03e-10 s                 ; Yes                       ; Yes                       ;
; cg_PC         ; 2.5 V        ; 0 s                 ; 0 s                 ; 2.32 V                       ; 8.13e-07 V                   ; 2.33 V              ; -0.00252 V          ; 0.203 V                              ; 0.046 V                              ; 2.34e-09 s                  ; 2.24e-09 s                  ; Yes                        ; Yes                        ; 2.32 V                      ; 8.13e-07 V                  ; 2.33 V             ; -0.00252 V         ; 0.203 V                             ; 0.046 V                             ; 2.34e-09 s                 ; 2.24e-09 s                 ; Yes                       ; Yes                       ;
; inc_PC        ; 2.5 V        ; 0 s                 ; 0 s                 ; 2.32 V                       ; 8.13e-07 V                   ; 2.36 V              ; -0.00623 V          ; 0.121 V                              ; 0.03 V                               ; 4.4e-10 s                   ; 4.28e-10 s                  ; Yes                        ; Yes                        ; 2.32 V                      ; 8.13e-07 V                  ; 2.36 V             ; -0.00623 V         ; 0.121 V                             ; 0.03 V                              ; 4.4e-10 s                  ; 4.28e-10 s                 ; Yes                       ; Yes                       ;
; mux_REM       ; 2.5 V        ; 0 s                 ; 0 s                 ; 2.32 V                       ; 8.13e-07 V                   ; 2.35 V              ; -0.00662 V          ; 0.129 V                              ; 0.049 V                              ; 8.55e-10 s                  ; 8.01e-10 s                  ; No                         ; Yes                        ; 2.32 V                      ; 8.13e-07 V                  ; 2.35 V             ; -0.00662 V         ; 0.129 V                             ; 0.049 V                             ; 8.55e-10 s                 ; 8.01e-10 s                 ; No                        ; Yes                       ;
; ~ALTERA_NCEO~ ; 2.5 V        ; 0 s                 ; 0 s                 ; 2.32 V                       ; 7.93e-07 V                   ; 2.37 V              ; -0.0278 V           ; 0.106 V                              ; 0.115 V                              ; 2.69e-10 s                  ; 4.05e-10 s                  ; Yes                        ; Yes                        ; 2.32 V                      ; 7.93e-07 V                  ; 2.37 V             ; -0.0278 V          ; 0.106 V                             ; 0.115 V                             ; 2.69e-10 s                 ; 4.05e-10 s                 ; Yes                       ; Yes                       ;
; ~ALTERA_DCLK~ ; 2.5 V        ; 0 s                 ; 0 s                 ; 2.32 V                       ; 9.76e-07 V                   ; 2.36 V              ; -0.00439 V          ; 0.088 V                              ; 0.007 V                              ; 4.05e-10 s                  ; 3.35e-10 s                  ; Yes                        ; Yes                        ; 2.32 V                      ; 9.76e-07 V                  ; 2.36 V             ; -0.00439 V         ; 0.088 V                             ; 0.007 V                             ; 4.05e-10 s                 ; 3.35e-10 s                 ; Yes                       ; Yes                       ;
+---------------+--------------+---------------------+---------------------+------------------------------+------------------------------+---------------------+---------------------+--------------------------------------+--------------------------------------+-----------------------------+-----------------------------+----------------------------+----------------------------+-----------------------------+-----------------------------+--------------------+--------------------+-------------------------------------+-------------------------------------+----------------------------+----------------------------+---------------------------+---------------------------+


+--------------------------------------------------------------------------------------------------------------------------------------------------------------------------------------------------------------------------------------------------------------------------------------------------------------------------------------------------------------------------------------------------------------------------------------------------------------------------------------------------------------------------------------------------------------------------------------------------------------------------------------------------------------------------------------------+
; Signal Integrity Metrics (Fast 1200mv 0c Model)                                                                                                                                                                                                                                                                                                                                                                                                                                                                                                                                                                                                                                            ;
+---------------+--------------+---------------------+---------------------+------------------------------+------------------------------+---------------------+---------------------+--------------------------------------+--------------------------------------+-----------------------------+-----------------------------+----------------------------+----------------------------+-----------------------------+-----------------------------+--------------------+--------------------+-------------------------------------+-------------------------------------+----------------------------+----------------------------+---------------------------+---------------------------+
; Pin           ; I/O Standard ; Board Delay on Rise ; Board Delay on Fall ; Steady State Voh at FPGA Pin ; Steady State Vol at FPGA Pin ; Voh Max at FPGA Pin ; Vol Min at FPGA Pin ; Ringback Voltage on Rise at FPGA Pin ; Ringback Voltage on Fall at FPGA Pin ; 10-90 Rise Time at FPGA Pin ; 90-10 Fall Time at FPGA Pin ; Monotonic Rise at FPGA Pin ; Monotonic Fall at FPGA Pin ; Steady State Voh at Far-end ; Steady State Vol at Far-end ; Voh Max at Far-end ; Vol Min at Far-end ; Ringback Voltage on Rise at Far-end ; Ringback Voltage on Fall at Far-end ; 10-90 Rise Time at Far-end ; 90-10 Fall Time at Far-end ; Monotonic Rise at Far-end ; Monotonic Fall at Far-end ;
+---------------+--------------+---------------------+---------------------+------------------------------+------------------------------+---------------------+---------------------+--------------------------------------+--------------------------------------+-----------------------------+-----------------------------+----------------------------+----------------------------+-----------------------------+-----------------------------+--------------------+--------------------+-------------------------------------+-------------------------------------+----------------------------+----------------------------+---------------------------+---------------------------+
; cg_REM        ; 2.5 V        ; 0 s                 ; 0 s                 ; 2.62 V                       ; 3.16e-08 V                   ; 2.71 V              ; -0.0171 V           ; 0.273 V                              ; 0.065 V                              ; 4.95e-10 s                  ; 5.37e-10 s                  ; No                         ; Yes                        ; 2.62 V                      ; 3.16e-08 V                  ; 2.71 V             ; -0.0171 V          ; 0.273 V                             ; 0.065 V                             ; 4.95e-10 s                 ; 5.37e-10 s                 ; No                        ; Yes                       ;
; iLDA          ; 2.5 V        ; 0 s                 ; 0 s                 ; 2.62 V                       ; 4.66e-08 V                   ; 2.65 V              ; -0.0115 V           ; 0.219 V                              ; 0.115 V                              ; 1.64e-09 s                  ; 1.57e-09 s                  ; No                         ; Yes                        ; 2.62 V                      ; 4.66e-08 V                  ; 2.65 V             ; -0.0115 V          ; 0.219 V                             ; 0.115 V                             ; 1.64e-09 s                 ; 1.57e-09 s                 ; No                        ; Yes                       ;
; iOR           ; 2.5 V        ; 0 s                 ; 0 s                 ; 2.62 V                       ; 4.66e-08 V                   ; 2.73 V              ; -0.0205 V           ; 0.17 V                               ; 0.027 V                              ; 2.58e-10 s                  ; 2.57e-10 s                  ; Yes                        ; Yes                        ; 2.62 V                      ; 4.66e-08 V                  ; 2.73 V             ; -0.0205 V          ; 0.17 V                              ; 0.027 V                             ; 2.58e-10 s                 ; 2.57e-10 s                 ; Yes                       ; Yes                       ;
; iAND          ; 2.5 V        ; 0 s                 ; 0 s                 ; 2.62 V                       ; 4.66e-08 V                   ; 2.72 V              ; -0.0215 V           ; 0.161 V                              ; 0.061 V                              ; 4.44e-10 s                  ; 4.06e-10 s                  ; No                         ; Yes                        ; 2.62 V                      ; 4.66e-08 V                  ; 2.72 V             ; -0.0215 V          ; 0.161 V                             ; 0.061 V                             ; 4.44e-10 s                 ; 4.06e-10 s                 ; No                        ; Yes                       ;
; iADD          ; 2.5 V        ; 0 s                 ; 0 s                 ; 2.62 V                       ; 4.66e-08 V                   ; 2.72 V              ; -0.0215 V           ; 0.161 V                              ; 0.061 V                              ; 4.44e-10 s                  ; 4.06e-10 s                  ; No                         ; Yes                        ; 2.62 V                      ; 4.66e-08 V                  ; 2.72 V             ; -0.0215 V          ; 0.161 V                             ; 0.061 V                             ; 4.44e-10 s                 ; 4.06e-10 s                 ; No                        ; Yes                       ;
; t[7]          ; 2.5 V        ; 0 s                 ; 0 s                 ; 2.62 V                       ; 3.16e-08 V                   ; 2.72 V              ; -0.0199 V           ; 0.186 V                              ; 0.027 V                              ; 2.63e-10 s                  ; 2.76e-10 s                  ; Yes                        ; Yes                        ; 2.62 V                      ; 3.16e-08 V                  ; 2.72 V             ; -0.0199 V          ; 0.186 V                             ; 0.027 V                             ; 2.63e-10 s                 ; 2.76e-10 s                 ; Yes                       ; Yes                       ;
; t[6]          ; 2.5 V        ; 0 s                 ; 0 s                 ; 2.62 V                       ; 4.66e-08 V                   ; 2.72 V              ; -0.0215 V           ; 0.161 V                              ; 0.061 V                              ; 4.44e-10 s                  ; 4.06e-10 s                  ; No                         ; Yes                        ; 2.62 V                      ; 4.66e-08 V                  ; 2.72 V             ; -0.0215 V          ; 0.161 V                             ; 0.061 V                             ; 4.44e-10 s                 ; 4.06e-10 s                 ; No                        ; Yes                       ;
; t[5]          ; 2.5 V        ; 0 s                 ; 0 s                 ; 2.62 V                       ; 3.16e-08 V                   ; 2.71 V              ; -0.0171 V           ; 0.273 V                              ; 0.065 V                              ; 4.95e-10 s                  ; 5.37e-10 s                  ; No                         ; Yes                        ; 2.62 V                      ; 3.16e-08 V                  ; 2.71 V             ; -0.0171 V          ; 0.273 V                             ; 0.065 V                             ; 4.95e-10 s                 ; 5.37e-10 s                 ; No                        ; Yes                       ;
; t[4]          ; 2.5 V        ; 0 s                 ; 0 s                 ; 2.62 V                       ; 4.66e-08 V                   ; 2.72 V              ; -0.0215 V           ; 0.161 V                              ; 0.061 V                              ; 4.44e-10 s                  ; 4.06e-10 s                  ; No                         ; Yes                        ; 2.62 V                      ; 4.66e-08 V                  ; 2.72 V             ; -0.0215 V          ; 0.161 V                             ; 0.061 V                             ; 4.44e-10 s                 ; 4.06e-10 s                 ; No                        ; Yes                       ;
; t[3]          ; 2.5 V        ; 0 s                 ; 0 s                 ; 2.62 V                       ; 4.66e-08 V                   ; 2.72 V              ; -0.0215 V           ; 0.161 V                              ; 0.061 V                              ; 4.44e-10 s                  ; 4.06e-10 s                  ; No                         ; Yes                        ; 2.62 V                      ; 4.66e-08 V                  ; 2.72 V             ; -0.0215 V          ; 0.161 V                             ; 0.061 V                             ; 4.44e-10 s                 ; 4.06e-10 s                 ; No                        ; Yes                       ;
; t[2]          ; 2.5 V        ; 0 s                 ; 0 s                 ; 2.62 V                       ; 4.66e-08 V                   ; 2.72 V              ; -0.0215 V           ; 0.161 V                              ; 0.061 V                              ; 4.44e-10 s                  ; 4.06e-10 s                  ; No                         ; Yes                        ; 2.62 V                      ; 4.66e-08 V                  ; 2.72 V             ; -0.0215 V          ; 0.161 V                             ; 0.061 V                             ; 4.44e-10 s                 ; 4.06e-10 s                 ; No                        ; Yes                       ;
; t[1]          ; 2.5 V        ; 0 s                 ; 0 s                 ; 2.62 V                       ; 3.16e-08 V                   ; 2.71 V              ; -0.0171 V           ; 0.273 V                              ; 0.065 V                              ; 4.95e-10 s                  ; 5.37e-10 s                  ; No                         ; Yes                        ; 2.62 V                      ; 3.16e-08 V                  ; 2.71 V             ; -0.0171 V          ; 0.273 V                             ; 0.065 V                             ; 4.95e-10 s                 ; 5.37e-10 s                 ; No                        ; Yes                       ;
; t[0]          ; 2.5 V        ; 0 s                 ; 0 s                 ; 2.62 V                       ; 4.66e-08 V                   ; 2.72 V              ; -0.0215 V           ; 0.161 V                              ; 0.061 V                              ; 4.44e-10 s                  ; 4.06e-10 s                  ; No                         ; Yes                        ; 2.62 V                      ; 4.66e-08 V                  ; 2.72 V             ; -0.0215 V          ; 0.161 V                             ; 0.061 V                             ; 4.44e-10 s                 ; 4.06e-10 s                 ; No                        ; Yes                       ;
; temp_in[2]    ; 2.5 V        ; 0 s                 ; 0 s                 ; 2.62 V                       ; 3.16e-08 V                   ; 2.71 V              ; -0.0171 V           ; 0.273 V                              ; 0.065 V                              ; 4.95e-10 s                  ; 5.37e-10 s                  ; No                         ; Yes                        ; 2.62 V                      ; 3.16e-08 V                  ; 2.71 V             ; -0.0171 V          ; 0.273 V                             ; 0.065 V                             ; 4.95e-10 s                 ; 5.37e-10 s                 ; No                        ; Yes                       ;
; temp_in[1]    ; 2.5 V        ; 0 s                 ; 0 s                 ; 2.62 V                       ; 4.66e-08 V                   ; 2.72 V              ; -0.0215 V           ; 0.161 V                              ; 0.061 V                              ; 4.44e-10 s                  ; 4.06e-10 s                  ; No                         ; Yes                        ; 2.62 V                      ; 4.66e-08 V                  ; 2.72 V             ; -0.0215 V          ; 0.161 V                             ; 0.061 V                             ; 4.44e-10 s                 ; 4.06e-10 s                 ; No                        ; Yes                       ;
; temp_in[0]    ; 2.5 V        ; 0 s                 ; 0 s                 ; 2.62 V                       ; 3.16e-08 V                   ; 2.72 V              ; -0.0199 V           ; 0.186 V                              ; 0.027 V                              ; 2.63e-10 s                  ; 2.76e-10 s                  ; Yes                        ; Yes                        ; 2.62 V                      ; 3.16e-08 V                  ; 2.72 V             ; -0.0199 V          ; 0.186 V                             ; 0.027 V                             ; 2.63e-10 s                 ; 2.76e-10 s                 ; Yes                       ; Yes                       ;
; cg_RDM        ; 2.5 V        ; 0 s                 ; 0 s                 ; 2.62 V                       ; 4.66e-08 V                   ; 2.73 V              ; -0.0205 V           ; 0.17 V                               ; 0.027 V                              ; 2.58e-10 s                  ; 2.57e-10 s                  ; Yes                        ; Yes                        ; 2.62 V                      ; 4.66e-08 V                  ; 2.73 V             ; -0.0205 V          ; 0.17 V                              ; 0.027 V                             ; 2.58e-10 s                 ; 2.57e-10 s                 ; Yes                       ; Yes                       ;
; cg_RI         ; 2.5 V        ; 0 s                 ; 0 s                 ; 2.62 V                       ; 3.16e-08 V                   ; 2.71 V              ; -0.0171 V           ; 0.273 V                              ; 0.065 V                              ; 4.95e-10 s                  ; 5.37e-10 s                  ; No                         ; Yes                        ; 2.62 V                      ; 3.16e-08 V                  ; 2.71 V             ; -0.0171 V          ; 0.273 V                             ; 0.065 V                             ; 4.95e-10 s                 ; 5.37e-10 s                 ; No                        ; Yes                       ;
; cg_AC         ; 2.5 V        ; 0 s                 ; 0 s                 ; 2.62 V                       ; 4.66e-08 V                   ; 2.65 V              ; -0.0115 V           ; 0.219 V                              ; 0.115 V                              ; 1.64e-09 s                  ; 1.57e-09 s                  ; No                         ; Yes                        ; 2.62 V                      ; 4.66e-08 V                  ; 2.65 V             ; -0.0115 V          ; 0.219 V                             ; 0.115 V                             ; 1.64e-09 s                 ; 1.57e-09 s                 ; No                        ; Yes                       ;
; iNOT          ; 2.5 V        ; 0 s                 ; 0 s                 ; 2.62 V                       ; 4.66e-08 V                   ; 2.73 V              ; -0.0205 V           ; 0.17 V                               ; 0.027 V                              ; 2.58e-10 s                  ; 2.57e-10 s                  ; Yes                        ; Yes                        ; 2.62 V                      ; 4.66e-08 V                  ; 2.73 V             ; -0.0205 V          ; 0.17 V                              ; 0.027 V                             ; 2.58e-10 s                 ; 2.57e-10 s                 ; Yes                       ; Yes                       ;
; cg_PC         ; 2.5 V        ; 0 s                 ; 0 s                 ; 2.62 V                       ; 3.16e-08 V                   ; 2.65 V              ; -0.0109 V           ; 0.234 V                              ; 0.125 V                              ; 1.64e-09 s                  ; 1.59e-09 s                  ; No                         ; Yes                        ; 2.62 V                      ; 3.16e-08 V                  ; 2.65 V             ; -0.0109 V          ; 0.234 V                             ; 0.125 V                             ; 1.64e-09 s                 ; 1.59e-09 s                 ; No                        ; Yes                       ;
; inc_PC        ; 2.5 V        ; 0 s                 ; 0 s                 ; 2.62 V                       ; 3.16e-08 V                   ; 2.72 V              ; -0.0199 V           ; 0.186 V                              ; 0.027 V                              ; 2.63e-10 s                  ; 2.76e-10 s                  ; Yes                        ; Yes                        ; 2.62 V                      ; 3.16e-08 V                  ; 2.72 V             ; -0.0199 V          ; 0.186 V                             ; 0.027 V                             ; 2.63e-10 s                 ; 2.76e-10 s                 ; Yes                       ; Yes                       ;
; mux_REM       ; 2.5 V        ; 0 s                 ; 0 s                 ; 2.62 V                       ; 3.16e-08 V                   ; 2.71 V              ; -0.0171 V           ; 0.273 V                              ; 0.065 V                              ; 4.95e-10 s                  ; 5.37e-10 s                  ; No                         ; Yes                        ; 2.62 V                      ; 3.16e-08 V                  ; 2.71 V             ; -0.0171 V          ; 0.273 V                             ; 0.065 V                             ; 4.95e-10 s                 ; 5.37e-10 s                 ; No                        ; Yes                       ;
; ~ALTERA_NCEO~ ; 2.5 V        ; 0 s                 ; 0 s                 ; 2.62 V                       ; 3.06e-08 V                   ; 2.86 V              ; -0.0341 V           ; 0.364 V                              ; 0.046 V                              ; 1.17e-10 s                  ; 2.6e-10 s                   ; No                         ; Yes                        ; 2.62 V                      ; 3.06e-08 V                  ; 2.86 V             ; -0.0341 V          ; 0.364 V                             ; 0.046 V                             ; 1.17e-10 s                 ; 2.6e-10 s                  ; No                        ; Yes                       ;
; ~ALTERA_DCLK~ ; 2.5 V        ; 0 s                 ; 0 s                 ; 2.62 V                       ; 3.81e-08 V                   ; 2.72 V              ; -0.0542 V           ; 0.144 V                              ; 0.087 V                              ; 2.55e-10 s                  ; 2.14e-10 s                  ; Yes                        ; Yes                        ; 2.62 V                      ; 3.81e-08 V                  ; 2.72 V             ; -0.0542 V          ; 0.144 V                             ; 0.087 V                             ; 2.55e-10 s                 ; 2.14e-10 s                 ; Yes                       ; Yes                       ;
+---------------+--------------+---------------------+---------------------+------------------------------+------------------------------+---------------------+---------------------+--------------------------------------+--------------------------------------+-----------------------------+-----------------------------+----------------------------+----------------------------+-----------------------------+-----------------------------+--------------------+--------------------+-------------------------------------+-------------------------------------+----------------------------+----------------------------+---------------------------+---------------------------+


+-------------------------------------------------------------------+
; Setup Transfers                                                   ;
+------------+----------+----------+----------+----------+----------+
; From Clock ; To Clock ; RR Paths ; FR Paths ; RF Paths ; FF Paths ;
+------------+----------+----------+----------+----------+----------+
; ck         ; ck       ; 6        ; 0        ; 0        ; 0        ;
+------------+----------+----------+----------+----------+----------+
Entries labeled "false path" only account for clock-to-clock false paths and not path-based false paths. As a result, actual path counts may be lower than reported.


+-------------------------------------------------------------------+
; Hold Transfers                                                    ;
+------------+----------+----------+----------+----------+----------+
; From Clock ; To Clock ; RR Paths ; FR Paths ; RF Paths ; FF Paths ;
+------------+----------+----------+----------+----------+----------+
; ck         ; ck       ; 6        ; 0        ; 0        ; 0        ;
+------------+----------+----------+----------+----------+----------+
Entries labeled "false path" only account for clock-to-clock false paths and not path-based false paths. As a result, actual path counts may be lower than reported.


---------------
; Report TCCS ;
---------------
No dedicated SERDES Transmitter circuitry present in device or used in design


---------------
; Report RSKM ;
---------------
No non-DPA dedicated SERDES Receiver circuitry present in device or used in design


+------------------------------------------------+
; Unconstrained Paths                            ;
+---------------------------------+-------+------+
; Property                        ; Setup ; Hold ;
+---------------------------------+-------+------+
; Illegal Clocks                  ; 0     ; 0    ;
; Unconstrained Clocks            ; 0     ; 0    ;
; Unconstrained Input Ports       ; 7     ; 7    ;
; Unconstrained Input Port Paths  ; 54    ; 54   ;
; Unconstrained Output Ports      ; 23    ; 23   ;
; Unconstrained Output Port Paths ; 99    ; 99   ;
+---------------------------------+-------+------+


+------------------------------------+
; TimeQuest Timing Analyzer Messages ;
+------------------------------------+
Info: *******************************************************************
Info: Running Quartus II 64-Bit TimeQuest Timing Analyzer
    Info: Version 13.1.0 Build 162 10/23/2013 SJ Web Edition
    Info: Processing started: Wed Jun 10 13:23:42 2026
Info: Command: quartus_sta pfs_neander_control -c pfs_neander_control
Info: qsta_default_script.tcl version: #1
Warning (20028): Parallel compilation is not licensed and has been disabled
Info (21076): High junction temperature operating condition is not set. Assuming a default value of '85'.
Info (21076): Low junction temperature operating condition is not set. Assuming a default value of '0'.
Critical Warning (332012): Synopsys Design Constraints File file not found: 'pfs_neander_control.sdc'. A Synopsys Design Constraints File is required by the TimeQuest Timing Analyzer to get proper timing constraints. Without it, the Compiler will not properly optimize the design.
Info (332142): No user constrained base clocks found in the design. Calling "derive_clocks -period 1.0"
Info (332105): Deriving Clocks
    Info (332105): create_clock -period 1.000 -name ck ck
Info (332143): No user constrained clock uncertainty found in the design. Calling "derive_clock_uncertainty"
Info (332123): Deriving Clock Uncertainty. Please refer to report_sdc in TimeQuest to see clock uncertainties.
Info: Found TIMEQUEST_REPORT_SCRIPT_INCLUDE_DEFAULT_ANALYSIS = ON
Info: Analyzing Slow 1200mV 85C Model
Critical Warning (332148): Timing requirements not met
    Info (11105): For recommendations on closing timing, run Report Timing Closure Recommendations in the TimeQuest Timing Analyzer.
Info (332146): Worst-case setup slack is -0.101
    Info (332119):     Slack       End Point TNS Clock 
    Info (332119): ========= =================== =====================
    Info (332119):    -0.101              -0.101 ck 
Info (332146): Worst-case hold slack is 0.355
    Info (332119):     Slack       End Point TNS Clock 
    Info (332119): ========= =================== =====================
    Info (332119):     0.355               0.000 ck 
Info (332140): No Recovery paths to report
Info (332140): No Removal paths to report
Info (332146): Worst-case minimum pulse width slack is -3.000
    Info (332119):     Slack       End Point TNS Clock 
    Info (332119): ========= =================== =====================
    Info (332119):    -3.000              -6.000 ck 
Info: Analyzing Slow 1200mV 0C Model
Info (334003): Started post-fitting delay annotation
Info (334004): Delay annotation completed successfully
Info (332123): Deriving Clock Uncertainty. Please refer to report_sdc in TimeQuest to see clock uncertainties.
Info (332146): Worst-case setup slack is 0.017
    Info (332119):     Slack       End Point TNS Clock 
    Info (332119): ========= =================== =====================
    Info (332119):     0.017               0.000 ck 
Info (332146): Worst-case hold slack is 0.310
    Info (332119):     Slack       End Point TNS Clock 
    Info (332119): ========= =================== =====================
    Info (332119):     0.310               0.000 ck 
Info (332140): No Recovery paths to report
Info (332140): No Removal paths to report
Critical Warning (332148): Timing requirements not met
    Info (11105): For recommendations on closing timing, run Report Timing Closure Recommendations in the TimeQuest Timing Analyzer.
Info (332146): Worst-case minimum pulse width slack is -3.000
    Info (332119):     Slack       End Point TNS Clock 
    Info (332119): ========= =================== =====================
    Info (332119):    -3.000              -6.000 ck 
Info: Analyzing Fast 1200mV 0C Model
Info (332123): Deriving Clock Uncertainty. Please refer to report_sdc in TimeQuest to see clock uncertainties.
Info (332146): Worst-case setup slack is 0.377
    Info (332119):     Slack       End Point TNS Clock 
    Info (332119): ========= =================== =====================
    Info (332119):     0.377               0.000 ck 
Info (332146): Worst-case hold slack is 0.185
    Info (332119):     Slack       End Point TNS Clock 
    Info (332119): ========= =================== =====================
    Info (332119):     0.185               0.000 ck 
Info (332140): No Recovery paths to report
Info (332140): No Removal paths to report
Critical Warning (332148): Timing requirements not met
    Info (11105): For recommendations on closing timing, run Report Timing Closure Recommendations in the TimeQuest Timing Analyzer.
Info (332146): Worst-case minimum pulse width slack is -3.000
    Info (332119):     Slack       End Point TNS Clock 
    Info (332119): ========= =================== =====================
    Info (332119):    -3.000              -6.078 ck 
Info (332102): Design is not fully constrained for setup requirements
Info (332102): Design is not fully constrained for hold requirements
Info: Quartus II 64-Bit TimeQuest Timing Analyzer was successful. 0 errors, 5 warnings
    Info: Peak virtual memory: 4636 megabytes
    Info: Processing ended: Wed Jun 10 13:23:45 2026
    Info: Elapsed time: 00:00:03
    Info: Total CPU time (on all processors): 00:00:02


